flow_id,window_id,ts,is_attack,duration_scaled,orig_bytes_scaled,resp_bytes_scaled,orig_pkts_scaled,resp_pkts_scaled,bytes_per_sec_scaled,pkts_per_sec_scaled,byte_ratio_scaled,proto_tcp,proto_udp,service_dns,service_http,service_none,service_ssh,conn_state_REJ,conn_state_RSTO,conn_state_S1,conn_state_SF
window_10_0pct::CxwEAqwrQrlEpVNCh,window_10_0pct,1784126132.36432,0,0.6376624946041543,0.7434258736472896,0.6046473310719346,0.5954639964124121,0.5634328701128016,-0.2490332887112295,-0.2368785314715521,0.006639908577922654,1.0,0.0,0.0,1.0,0.0,0.0,0.0,0.0,0.0,1.0
window_10_0pct::CXNdrp4r34zTgjPDug,window_10_0pct,1784125471.16041,0,-0.38600998245848356,-0.19584796526054812,1.1531235417489236,0.29682473893814104,0.9453317034191091,-0.21661169574535838,-0.18035122478590002,-0.5362672954086435,1.0,0.0,0.0,1.0,0.0,0.0,0.0,0.0,0.0,1.0
window_10_0pct::CFM4e92whLU8IrUtHi,window_10_0pct,1784124318.79676,0,0.43053289393509436,0.17865148850212817,-0.11711575118659437,-0.054515563972766135,-0.07306518539771098,-0.24932632160889504,-0.23702251599600757,0.046638574027758006,1.0,0.0,0.0,1.0,0.0,0.0,0.0,0.0,0.0,1.0
window_10_0pct::CfvUN03e2onpRFrV83,window_10_0pct,1784124632.059477,0,0.04546173673581921,-0.28034505649948066,1.1454757210097604,0.3495257843747771,0.9198717811986885,-0.2496533401888719,-0.23664603391863673,-0.5690322141344901,1.0,0.0,0.0,1.0,0.0,0.0,0.0,0.0,0.0,1.0
window_10_0pct::CB3zv04GTQES0q4MVb,window_10_0pct,1784124161.390481,0,0.366223032395059,0.49661091331233354,0.27081995580746004,0.13872160262823283,0.25791380346775555,-0.24898907850004,-0.23694104196062513,0.02854012055868538,1.0,0.0,0.0,1.0,0.0,0.0,0.0,0.0,0.0,1.0
window_10_0pct::Cjw6G8goOXXDvX63c,window_10_0pct,1784124776.304654,0,-0.3805999457167278,-0.004321225118967703,0.33542279710689155,0.03331951175496066,0.25791380346775555,-0.2214700982816303,-0.2219475492174856,-0.3532334346099163,1.0,0.0,0.0,1.0,0.0,0.0,0.0,0.0,0.0,1.0
window_10_0pct::Cp31nz2eUQtUvlot1l,window_10_0pct,1784125713.906666,0,-0.36886639443890107,-0.2818055000517585,-0.5573540544579261,-0.3355878063014919,-0.5058838631448596,-0.24681576366625615,-0.23532761551994216,-0.24495311638333006,1.0,0.0,0.0,1.0,0.0,0.0,0.0,0.0,0.0,1.0
window_10_0pct::CN12Wf2EMCjYDD2iY9,window_10_0pct,1784125007.43567,0,-0.3891537253081726,-0.010371634121261637,-0.35007686848010516,-0.14235063970049294,-0.3022044853814955,0.204190035416197,-0.07472210805143646,0.0785442688259715,1.0,0.0,0.0,1.0,0.0,0.0,0.0,0.0,0.0,1.0
window_10_0pct::C22LNU3Vmx3a6vFjuf,window_10_0pct,1784125587.472042,0,-0.3897119107342466,-0.3631730693929528,-0.7368866463097827,-0.4585569123203094,-0.7095632409082235,4.257318535219705,4.332975966836784,4.119297628905474,0.0,1.0,1.0,0.0,0.0,0.0,0.0,0.0,0.0,1.0
window_10_0pct::CO972T1FU15iNaugui,window_10_0pct,1784124333.531476,0,0.08973411004183085,-0.18833711270597633,-0.4034204181357686,-0.21261870028267438,-0.35312432982233655,-0.24953121920247576,-0.23701282691249037,-0.20441392017738658,1.0,0.0,0.0,1.0,0.0,0.0,0.0,0.0,0.0,1.0
window_10_0pct::CPWwW92RFtBY2rwbzg,window_10_0pct,1784125721.725355,0,-0.318053661038376,-0.09445145577382907,-0.22286811685202357,-0.1599176548460383,-0.2003647964998135,-0.247084331405192,-0.23596144083085377,-0.21025722270331118,1.0,0.0,0.0,1.0,0.0,0.0,0.0,0.0,0.0,1.0
window_10_0pct::CiUUIe4zkKdBXYt2hg,window_10_0pct,1784124126.760469,0,-0.10739927654276261,-0.188963017085524,-0.46275476070377664,-0.2477527305737651,-0.4040441742631775,-0.24934607902888234,-0.23694224751170426,-0.11992148212936067,1.0,0.0,0.0,1.0,0.0,0.0,0.0,0.0,0.0,1.0
window_10_0pct::C91CFj4tZOgE1wZmi5,window_10_0pct,1784124203.16194,0,-0.3163669456949707,0.45571849384855384,0.5875034662483104,0.3319587692292318,0.5125130256719606,-0.241849078975579,-0.2341638467081361,-0.14532013015799192,1.0,0.0,0.0,1.0,0.0,0.0,0.0,0.0,0.0,1.0
window_04_7pct::CNU9m32OQYGcKSFdNf,window_04_7pct,1783703131.372696,1,-0.38941590848718843,-0.3531585993201904,-0.6852426123739334,-0.38828885173812794,-0.6077235520265416,-0.21011471795037492,-0.15668487802407047,-0.37072068314587064,1.0,0.0,0.0,1.0,0.0,0.0,0.0,0.0,0.0,1.0
window_06_15pct::CifeUb3QNETEG2KdP4,window_06_15pct,1783711630.145187,1,-0.3892283450321678,-0.3531585993201904,-0.6852426123739334,-0.38828885173812794,-0.6077235520265416,-0.2254739083019776,-0.18783278173243623,-0.37072068314587064,1.0,0.0,0.0,1.0,0.0,0.0,0.0,0.0,0.0,1.0
window_10_0pct::C6IzSA2O2e1BDFvumf,window_10_0pct,1784124161.382493,0,0.3663084554324566,0.5761007695148849,2.1228459675283227,0.8062681781589565,1.8109690589134062,-0.24891491213277345,-0.23670075169110635,-0.36051426782148605,1.0,0.0,0.0,1.0,0.0,0.0,0.0,0.0,0.0,1.0
window_10_0pct::CA4Xkb2n2BeHOAusqg,window_10_0pct,1784125171.767802,0,-0.3894352412940775,-0.00536439908488045,-0.3967498189354985,-0.195051685137129,-0.35312432982233655,0.6771251655477006,0.03829317235557994,0.1827284817749646,1.0,0.0,0.0,1.0,0.0,0.0,0.0,0.0,0.0,1.0
window_10_0pct::CtAcQp8AvNtOMQjoe,window_10_0pct,1784124903.532708,0,0.3056662654164961,0.009240036437898013,-0.16892973669442518,-0.036948548827220776,-0.14944495205897249,-0.2494135786813327,-0.23699052016393674,-0.11337809900018998,1.0,0.0,0.0,1.0,0.0,0.0,0.0,0.0,0.0,1.0
window_10_0pct::CyUDj32VI6DzbcvU39,window_10_0pct,1784124280.708574,0,0.1768335932299512,0.6416120945742054,1.1080651312273537,0.5076289206846853,0.9707916256395296,-0.24853770633110278,-0.2366898202263119,-0.20051305622619478,1.0,0.0,0.0,1.0,0.0,0.0,0.0,0.0,0.0,1.0
window_10_0pct::CjcNgu16JyjxjwBzw2,window_10_0pct,1784124676.733917,0,-0.3527285500612004,-0.27700689980855986,-0.5815509095187786,-0.3355878063014919,-0.5058838631448596,-0.2480256650893859,-0.2361282131297167,-0.16679274024897772,1.0,0.0,0.0,1.0,0.0,0.0,0.0,0.0,0.0,1.0
window_10_0pct::Ct2Qj3h4D8gQJEO7l,window_10_0pct,1784125145.620202,0,1.052615403170368,0.9514347624502913,0.7844348502817633,0.5603299661213215,0.7161924034353246,-0.24915161108162354,-0.23696683210564842,0.03514630192270566,1.0,0.0,0.0,1.0,0.0,0.0,0.0,0.0,0.0,1.0
window_10_0pct::CqZMKP2fQuzmJqioD7,window_10_0pct,1784124287.296825,0,-0.1742457176389323,-0.36984938277479434,-0.7379063557416712,-0.4058558668836733,-0.684103318687803,-0.24979859986280267,-0.23707365135726113,-0.6040302242810942,1.0,0.0,0.0,0.0,1.0,0.0,0.0,0.0,0.0,1.0
window_10_0pct::CUOMdap6xcBS8Du75,window_10_0pct,1784125818.892578,0,-0.3890770559436901,-0.18332987766959513,1.1531235417489236,0.4022268298114132,0.9453317034191091,-0.04264168127876394,0.13877228726572335,-0.5313922645545104,1.0,0.0,0.0,1.0,0.0,0.0,0.0,0.0,0.0,1.0
window_10_0pct::CDoEcN2raIx0k1RuIh,window_10_0pct,1784124921.729667,0,-0.3890320706050755,-0.018717025848563617,-0.35855320313267774,-0.1599176548460383,-0.327664407601916,0.11441899755775595,-0.11076743811146379,0.07759474434070113,1.0,0.0,0.0,1.0,0.0,0.0,0.0,0.0,0.0,1.0
window_10_0pct::CgKHpF4Rf1kTwL97V7,window_10_0pct,1784125818.342111,0,-0.3890908696665584,-0.36984938277479434,-0.7379063557416712,-0.4058558668836733,-0.684103318687803,-0.24979859986280267,-0.2064198104880809,-0.6040302242810942,1.0,0.0,0.0,0.0,1.0,0.0,0.0,0.0,0.0,1.0
window_10_0pct::CnaAvL262tCaDWqygd,window_10_0pct,1784124070.240359,0,-0.3891986038946784,-0.279719152119933,-0.6106338722740966,-0.3180207911559465,-0.53134378536528,-0.12604043354106104,-0.15350332468672598,-0.08258807226458642,1.0,0.0,0.0,1.0,0.0,0.0,0.0,0.0,0.0,1.0
window_10_0pct::CtCi5XfaIRLd711gc,window_10_0pct,1784125960.576208,0,-0.3893660018763619,-0.18124352973776964,1.1531235417489236,0.27925772379259567,0.9453317034191091,0.13412662669871606,0.3553905305281776,-0.5305797594121548,1.0,0.0,0.0,1.0,0.0,0.0,0.0,0.0,0.0,1.0
window_10_0pct::CK1CQ51JaBZMdcpSr9,window_10_0pct,1784125459.254045,0,0.6927083440982212,-0.27909324774038535,-0.5955506702607468,-0.3180207911559465,-0.480423940924439,-0.24973938314504535,-0.23712265624906706,-0.13459137584652386,1.0,0.0,0.0,1.0,0.0,0.0,0.0,0.0,0.0,1.0
window_10_0pct::C5yk8Z2P3jVvrPuy1,window_10_0pct,1784125714.565789,0,0.2752457148064271,0.6491229471287773,1.651952649460845,0.8062681781589565,1.403610303386678,-0.24871633787189,-0.23663752991168552,-0.2900307597083732,1.0,0.0,0.0,1.0,0.0,0.0,0.0,0.0,0.0,1.0
window_10_0pct::C6kOq71I1dJBIYZuQd,window_10_0pct,1784125543.721805,0,0.8505793405911314,0.3605810281573113,-0.13602286356952567,-0.0018145185361300583,-0.09852510761813149,-0.24938267060688332,-0.23705832896004075,0.28967385961213815,1.0,0.0,0.0,1.0,0.0,0.0,0.0,0.0,0.0,1.0
window_10_0pct::Cy8Rhq25IWvqegxeTl,window_10_0pct,1784124038.801099,0,-0.3292437907067647,-0.1895889214650716,-0.4767545214457448,-0.2828867608648558,-0.42950409648359805,-0.2476932165942456,-0.23629266769444515,-0.0957365241211927,1.0,0.0,0.0,1.0,0.0,0.0,0.0,0.0,0.0,1.0
window_10_0pct::CA3odl2h7huUZBRcR9,window_10_0pct,1784125042.469256,0,0.9858885244359645,0.3766459072323676,1.772384582156168,0.736000117576775,1.5309099144887806,-0.2494153349109869,-0.2369225883693191,-0.38503129325493834,1.0,0.0,0.0,1.0,0.0,0.0,0.0,0.0,0.0,1.0
window_10_0pct::Cp8OEP1bXVrAYZm7nf,window_10_0pct,1784124508.836832,0,-0.389711793306927,-0.3631730693929528,-0.7368866463097827,-0.4585569123203094,-0.7095632409082235,3.802471851862754,3.871769341651834,4.119297628905474,0.0,1.0,1.0,0.0,0.0,0.0,0.0,0.0,0.0,1.0
window_08_22pct::CIa8og14dKf7zI8Ysg,window_08_22pct,1783718127.983174,1,-0.38971274340069467,-0.36984938277479434,-0.7379063557416712,-0.4585569123203094,-0.7095632409082235,-0.24979859986280267,22.156515636484233,-0.6040302242810942,1.0,0.0,0.0,0.0,1.0,0.0,1.0,0.0,0.0,0.0
window_10_0pct::CWQPFY3JBBXjMt1E6h,window_10_0pct,1784125551.401329,0,-0.38938799281075814,-0.36984938277479434,-0.7379063557416712,-0.4058558668836733,-0.684103318687803,-0.24979859986280267,-0.17831105019436466,-0.6040302242810942,1.0,0.0,0.0,0.0,1.0,0.0,0.0,0.0,0.0,1.0
window_10_0pct::C4F1gA3iUrwSV70sG7,window_10_0pct,1784125344.747836,0,-0.3878054354998309,-0.36984938277479434,-0.7379063557416712,-0.4058558668836733,-0.684103318687803,-0.24979859986280267,-0.22713653097997186,-0.6040302242810942,1.0,0.0,0.0,0.0,1.0,0.0,0.0,0.0,0.0,1.0
window_10_0pct::C0WdxG4xIChNPaBJGb,window_10_0pct,1784124573.155814,0,-0.23747150083970736,0.2767098412979264,1.3895899102145508,0.6130310115579575,1.1999309256233142,-0.2467991607369048,-0.23521529927132878,-0.38022108064903537,1.0,0.0,0.0,1.0,0.0,0.0,0.0,0.0,0.0,1.0
window_10_0pct::CUmEHs4JPxN4elOEw1,window_10_0pct,1784125548.231571,0,0.9087509772302007,0.2522995704955681,0.4851501320225093,0.20898966321041426,0.4615931812311196,-0.2494602007989974,-0.2370188059737375,-0.22941711394078987,1.0,0.0,0.0,1.0,0.0,0.0,0.0,0.0,0.0,1.0
window_10_0pct::CHpzVWrRJ7ziuoFC6,window_10_0pct,1784125987.638233,0,0.2475831903268208,1.0188238006482548,2.132426987398774,1.1049074356332276,1.8618889033542472,-0.24825965370626665,-0.23648720895240796,-0.24773733472355394,1.0,0.0,0.0,1.0,0.0,0.0,0.0,0.0,0.0,1.0
window_10_0pct::C0KsDnUooYbXIk2v5,window_10_0pct,1784124689.059337,0,-0.17415773255092545,0.5577409077148205,0.28515961969339104,0.20898966321041426,0.25791380346775555,-0.246759378661271,-0.23629736650586577,0.06367717862393561,1.0,0.0,0.0,1.0,0.0,0.0,0.0,0.0,0.0,1.0
window_10_0pct::CtZDtn49KwvQ3un3Vb,window_10_0pct,1784125567.696841,0,-0.2770176273611569,-0.2772155346017424,-0.5955506702607468,-0.3180207911559465,-0.53134378536528,-0.24921806479712486,-0.23678058137410313,-0.12487884794787756,1.0,0.0,0.0,1.0,0.0,0.0,0.0,0.0,0.0,1.0
window_10_0pct::Cm8txg47IjP7yVfuHk,window_10_0pct,1784124813.139804,0,-0.38894333825230765,-0.27909324774038535,-0.5940211061129143,-0.3180207911559465,-0.53134378536528,-0.16651392834516282,-0.18125121005739303,-0.13958098273865396,1.0,0.0,0.0,1.0,0.0,0.0,0.0,0.0,0.0,1.0
window_10_0pct::CxRPFn1vaBAObNxNY8,window_10_0pct,1784125022.49474,0,-0.38810634834389013,-0.36984938277479434,-0.7379063557416712,-0.4058558668836733,-0.684103318687803,-0.24979859986280267,-0.22525871466424308,-0.6040302242810942,1.0,0.0,0.0,0.0,1.0,0.0,0.0,0.0,0.0,1.0
window_10_0pct::CAb6YN1K7TeQKYU9h5,window_10_0pct,1784126008.118118,0,0.2619006550457882,-0.0014003380144120097,-0.38674392013509323,-0.1599176548460383,-0.327664407601916,-0.24939925145587993,-0.2370303369342747,0.16862503789233463,1.0,0.0,0.0,1.0,0.0,0.0,0.0,0.0,0.0,1.0
window_10_0pct::CQFl9P2iAZwDbg9Vie,window_10_0pct,1784126080.224847,0,0.6035852786124195,-0.36984938277479434,-0.7379063557416712,-0.38828885173812794,-0.6331834742469621,-0.24979859986280267,-0.237138342980895,-0.6040302242810942,1.0,0.0,0.0,0.0,1.0,0.0,0.0,0.0,0.0,1.0
window_10_0pct::C3dnyF12SzUlEy3bW,window_10_0pct,1784125967.098743,0,-0.25341564351613605,0.458430746159927,0.38237191886675465,0.20898966321041426,0.33429357012901706,-0.24550665023340548,-0.2357943372222417,-0.05954543756426534,1.0,0.0,0.0,1.0,0.0,0.0,0.0,0.0,0.0,1.0
window_06_15pct::Ci2LOi4ZKnyuwg9Zah,window_06_15pct,1783711630.216014,1,-0.3893549423578985,-0.3531585993201904,-0.6852426123739334,-0.38828885173812794,-0.6077235520265416,-0.2168724675881444,-0.17038935919683768,-0.37072068314587064,1.0,0.0,0.0,1.0,0.0,0.0,0.0,0.0,0.0,1.0
window_04_7pct::CKvLf81dE42aXeNbV9,window_04_7pct,1783704130.898017,1,-0.389712882178436,-0.36984938277479434,-0.7379063557416712,-0.4585569123203094,-0.7095632409082235,-0.24979859986280267,63.744774865661626,-0.6040302242810942,1.0,0.0,0.0,0.0,1.0,0.0,1.0,0.0,0.0,0.0
window_10_0pct::CtgTWb3rkGI4PKzKB,window_10_0pct,1784124030.052897,0,-0.38931055483109284,-0.36984938277479434,-0.7379063557416712,-0.4058558668836733,-0.684103318687803,-0.24979859986280267,-0.18963636559429325,-0.6040302242810942,1.0,0.0,0.0,0.0,1.0,0.0,0.0,0.0,0.0,1.0
window_06_15pct::Chr7z11Wqz6LU3Z7t,window_06_15pct,1783711630.221504,1,-0.389407101438219,-0.3531585993201904,-0.6852426123739334,-0.4058558668836733,-0.6077235520265416,-0.21125740764978343,-0.17463425238469868,-0.37072068314587064,1.0,0.0,0.0,1.0,0.0,0.0,0.0,0.0,0.0,1.0
window_07_17pct::CSnMbb4ej9EoL6Q0U9,window_07_17pct,1783715379.271803,1,-0.3892429807462732,-0.3531585993201904,-0.6852426123739334,-0.38828885173812794,-0.6077235520265416,-0.22471640342679555,-0.18629658819809886,-0.37072068314587064,1.0,0.0,0.0,1.0,0.0,0.0,0.0,0.0,0.0,1.0
window_10_0pct::CYYmc92COZn2Vu0Rr4,window_10_0pct,1784124707.497758,0,-0.095349514843697,-0.27909324774038535,-0.5573540544579261,-0.3180207911559465,-0.5058838631448596,-0.2495808505518584,-0.23701622913165243,-0.23389149931538947,1.0,0.0,0.0,1.0,0.0,0.0,0.0,0.0,0.0,1.0
window_10_0pct::Ci8pggJjnhHqDwZGf,window_10_0pct,1784125430.543447,0,-0.38807657518076816,-0.10676090857159949,-0.5306291697638502,-0.23018571542821972,-0.45496401870401854,-0.13624997706632927,-0.1962575129849463,0.3306186046302633,1.0,0.0,0.0,1.0,0.0,0.0,0.0,0.0,0.0,1.0
window_10_0pct::CbsLII1yiJQXEK4rZ8,window_10_0pct,1784124697.662186,0,-0.17887740340559036,-0.36984938277479434,-0.7379063557416712,-0.4058558668836733,-0.684103318687803,-0.24979859986280267,-0.2370717014863005,-0.6040302242810942,1.0,0.0,0.0,0.0,1.0,0.0,0.0,0.0,0.0,1.0
window_10_0pct::ChpsoT1dvvQtCR1Uw1,window_10_0pct,1784124104.574143,0,-0.1055022808956011,-0.36984938277479434,-0.7379063557416712,-0.4058558668836733,-0.684103318687803,-0.24979859986280267,-0.23709511984657364,-0.6040302242810942,1.0,0.0,0.0,0.0,1.0,0.0,0.0,0.0,0.0,1.0
window_07_17pct::C9cXqr4IXKpYbzTJ7j,window_07_17pct,1783715381.491684,1,-0.08604660232931112,-0.32603607620645897,-0.7379063557416712,-0.35315482144703725,-0.6077235520265416,-0.24969669990038273,-0.23705219688718604,1518.2410825660247,1.0,0.0,0.0,1.0,0.0,0.0,0.0,1.0,0.0,0.0
window_10_0pct::CSFQQz4NH08N7VvUwd,window_10_0pct,1784124419.798667,0,-0.3896471762555189,-0.18708530394688103,-0.4767545214457448,-0.2477527305737651,-0.42950409648359805,1.7124650311243115,0.7077185202353335,-0.08867688939674961,1.0,0.0,0.0,1.0,0.0,0.0,0.0,0.0,0.0,1.0
window_07_17pct::C4Rx5a2rWAnZgIpyUd,window_07_17pct,1783715378.750714,1,-0.38971289285364685,-0.36984938277479434,-0.7379063557416712,-0.4585569123203094,-0.7095632409082235,-0.24979859986280267,74.4084310782712,-0.6040302242810942,1.0,0.0,0.0,0.0,1.0,0.0,1.0,0.0,0.0,0.0
window_10_0pct::C7s8BUmXRpG5nTVH7,window_10_0pct,1784125781.074089,0,-0.2574937768982385,-0.36984938277479434,-0.7379063557416712,-0.4058558668836733,-0.684103318687803,-0.24979859986280267,-0.23701776699609306,-0.6040302242810942,1.0,0.0,0.0,0.0,1.0,0.0,0.0,0.0,0.0,1.0
window_10_0pct::CavpMPA9TWWcybwg,window_10_0pct,1784125069.061433,0,-0.3835542142486501,-0.279719152119933,-0.6106338722740966,-0.3355878063014919,-0.53134378536528,-0.23946282372449207,-0.23095186349475733,-0.08258807226458642,1.0,0.0,0.0,1.0,0.0,0.0,0.0,0.0,0.0,1.0
window_02_3pct::CwHY1R33Lom4m2UOw6,window_02_3pct,1783695632.119694,1,-0.07129959915048786,-0.32603607620645897,-0.7379063557416712,-0.35315482144703725,-0.6077235520265416,-0.24970141929745934,-0.23705730129950076,1518.2410825660247,1.0,0.0,0.0,1.0,0.0,0.0,0.0,1.0,0.0,0.0
window_10_0pct::CxJ6KI24gAypIfP5z9,window_10_0pct,1784124876.020196,0,0.12799034015840835,-0.08944422073744789,-0.2822024594200316,-0.14235063970049294,-0.2512846409406545,-0.2494160661260313,-0.23698693931617149,-0.1508972426543016,1.0,0.0,0.0,1.0,0.0,0.0,0.0,0.0,0.0,1.0
window_10_0pct::Cbm46b9t6RhdAIp77,window_10_0pct,1784124104.275149,0,-0.3896413796160155,-0.2788846129472028,-0.5573540544579261,-0.3180207911559465,-0.5058838631448596,0.6477596633167526,0.36401015501028217,-0.23304060569477866,1.0,0.0,0.0,1.0,0.0,0.0,0.0,0.0,0.0,1.0
window_10_0pct::C6TAiG3NMaF3Dhmqmk,window_10_0pct,1784125867.744313,0,0.5690966933697329,0.09644937998820369,-0.03356330961123618,0.03331951175496066,0.003314581263550526,-0.24945512375257148,-0.23701780027439318,-0.11649096871486282,1.0,0.0,0.0,1.0,0.0,0.0,0.0,0.0,0.0,1.0
window_10_0pct::CfRPmi37l8ohTxFTaf,window_10_0pct,1784124167.542127,0,0.38438521701041317,0.4736610860622531,0.5684901341328907,0.24412369350150498,0.5125130256719606,-0.24902901041654313,-0.23690917734454917,-0.12852962718370606,1.0,0.0,0.0,1.0,0.0,0.0,0.0,0.0,0.0,1.0
window_10_0pct::CxiDRG3UVreyyd0Tj3,window_10_0pct,1784124875.450157,0,0.5139978948297408,-0.27825870856765517,-0.5955506702607468,-0.3180207911559465,-0.480423940924439,-0.24972702073075134,-0.237114794874002,-0.13027469678045886,1.0,0.0,0.0,1.0,0.0,0.0,0.0,0.0,0.0,1.0
window_10_0pct::CQQayF2ftLAub8M668,window_10_0pct,1784124533.136213,0,-0.38829781892609,-0.27846734336083767,-0.5573540544579261,-0.3355878063014919,-0.5058838631448596,-0.20419210146527622,-0.21013383876986128,-0.23133881845355705,1.0,0.0,0.0,1.0,0.0,0.0,0.0,0.0,0.0,1.0
window_10_0pct::CpQ5zVl56QIpqGwc6,window_10_0pct,1784126016.487766,0,-0.3625930427187175,-0.36984938277479434,-0.7379063557416712,-0.4058558668836733,-0.684103318687803,-0.24979859986280267,-0.23645722417943904,-0.6040302242810942,1.0,0.0,0.0,0.0,1.0,0.0,0.0,0.0,0.0,1.0
window_10_0pct::CKKhqI3FlfK9QPEfn9,window_10_0pct,1784124860.865507,0,-0.38526521569678907,0.4567616678144666,-0.6461112629252148,0.05088652690050602,-0.174904874279393,-0.11854042342316029,-0.2049136044796779,6.0261281425191,1.0,0.0,0.0,0.0,0.0,1.0,0.0,0.0,0.0,1.0
window_10_0pct::CEAxoB15SnMjkEVtH7,window_10_0pct,1784124927.677668,0,0.8218875122792488,0.6718641395856751,0.43628905507785537,0.29682473893814104,0.41067333679027856,-0.24919136941728076,-0.23698877984928032,0.049315002240594784,1.0,0.0,0.0,1.0,0.0,0.0,0.0,0.0,0.0,1.0
window_10_0pct::CAod8lUEjpeHeHym6,window_10_0pct,1784124265.729175,0,-0.3890373975353007,-0.09799824725793241,-0.5306291697638502,-0.26531974571931044,-0.45496401870401854,0.0344067828264788,-0.1522346611351397,0.36174885904285414,1.0,0.0,0.0,1.0,0.0,0.0,0.0,0.0,0.0,1.0
window_10_0pct::CoD66v3EWBRl6vDnLc,window_10_0pct,1784123974.083782,0,0.41744568321785724,0.2677385451910768,1.5756019057481987,0.5954639964124121,1.3272305367254167,-0.2492407133593712,-0.23680108099237182,-0.4010715115827614,1.0,0.0,0.0,1.0,0.0,0.0,0.0,0.0,0.0,1.0
window_10_0pct::CSB09Q4bDAWokdl9c,window_10_0pct,1784124279.534925,0,-0.37931858948055336,0.1851191670907872,1.4469060778652798,0.41979384495695854,1.1999309256233142,-0.212090471459092,-0.2137037068254788,-0.41696517724905047,1.0,0.0,0.0,1.0,0.0,0.0,0.0,0.0,0.0,1.0
window_10_0pct::C12NVk1gDBFgUsiPH1,window_10_0pct,1784125790.851735,0,0.5223346367089474,0.24458008314781382,1.6124389089751683,0.5427629509757761,1.352690458945837,-0.24932280559849399,-0.23685836183553416,-0.41150878427512666,1.0,0.0,0.0,1.0,0.0,0.0,0.0,0.0,0.0,1.0
window_10_0pct::CnIz0rc1Vc8XJLpOj,window_10_0pct,1784124784.210723,0,0.31728510087829265,-0.0041125903257851525,-0.14384063588067028,-0.0720825791183115,-0.12398502983855199,-0.2494332448247807,-0.23700687020756364,-0.15065134375502745,1.0,0.0,0.0,1.0,0.0,0.0,0.0,0.0,0.0,1.0
window_10_0pct::C75rYZBa40AF3RBd8,window_10_0pct,1784125212.719342,0,-0.3893130528304369,-0.18917165187870652,1.1531235417489236,0.2265566783559596,0.9453317034191091,0.06929160146339507,0.24106674665192732,-0.5336672789531058,1.0,0.0,0.0,1.0,0.0,0.0,0.0,0.0,0.0,1.0
window_10_0pct::C2JWhF38LdJw8Fl1Mg,window_10_0pct,1784125560.657295,0,-0.2330265565368328,-0.36984938277479434,-0.7379063557416712,-0.4058558668836733,-0.684103318687803,-0.24979859986280267,-0.23704035359034498,-0.6040302242810942,1.0,0.0,0.0,0.0,1.0,0.0,0.0,0.0,0.0,1.0
window_10_0pct::C3RJWJ2uVp98HsVFpk,window_10_0pct,1784125096.102888,0,-0.06143783934695389,-0.2761723606358297,-0.5815509095187786,-0.3180207911559465,-0.5058838631448596,-0.24959706054670666,-0.23703132999604004,-0.1628625156734081,1.0,0.0,0.0,1.0,0.0,0.0,0.0,0.0,0.0,1.0
window_10_0pct::CaBGZr3QSK8a5VHHfi,window_10_0pct,1784123939.36263,0,0.341186150755892,0.9205568130592741,2.064595066231696,0.8589692235955926,1.7600492144725652,-0.2485516939702107,-0.23666525930311708,-0.26493633574506054,1.0,0.0,0.0,1.0,0.0,0.0,0.0,0.0,0.0,1.0
window_10_0pct::CLPC3T2ANPQzpCuSta,window_10_0pct,1784124167.940788,0,0.11522025793054513,0.09582347560865605,0.5340961847531539,0.12115458748268745,0.4361332590106991,-0.24914725400521595,-0.23684046856827987,-0.3344249706740599,1.0,0.0,0.0,1.0,0.0,0.0,0.0,0.0,0.0,1.0
window_10_0pct::C7tIVq2FQX0lsKYDli,window_10_0pct,1784124440.691137,0,-0.08704618637451972,0.28192571112749015,-0.17198886499009047,0.03331951175496066,-0.12398502983855199,-0.248277710272487,-0.23670430487831937,0.24411651752444619,1.0,0.0,0.0,1.0,0.0,0.0,0.0,0.0,0.0,1.0
window_10_0pct::C0wt4TM6mMn9KzIH2,window_10_0pct,1784124998.302326,0,-0.30599386464109074,-0.2818055000517585,-0.5573540544579261,-0.3355878063014919,-0.5058838631448596,-0.24905585553273712,-0.23670553502722413,-0.24495311638333006,1.0,0.0,0.0,1.0,0.0,0.0,0.0,0.0,0.0,1.0
window_10_0pct::CTIKao3CEZAS8eGyR8,window_10_0pct,1784125121.236847,0,-0.1844135784390094,0.18052920164077113,-0.05172688386674883,-0.019381533681675417,-0.04760526317729048,-0.24790521647812505,-0.236556905179912,-0.0133492034162196,1.0,0.0,0.0,1.0,0.0,0.0,0.0,0.0,0.0,1.0
window_10_0pct::Cr9SC44nKQecX2UODj,window_10_0pct,1784124936.642149,0,0.1156287341993505,-0.1038400214670438,-0.34075077596762554,-0.14235063970049294,-0.276744563161075,-0.24942682804887759,-0.23698264697410218,-0.11079318890616303,1.0,0.0,0.0,1.0,0.0,0.0,0.0,0.0,0.0,1.0
window_07_17pct::CJZWAP2F0mArjBLBPj,window_07_17pct,1783715381.459896,1,-0.08570920161449136,-0.3258274414132764,-0.7379063557416712,-0.35315482144703725,-0.6077235520265416,-0.2496963282954041,-0.23705231920798311,1525.4736783412168,1.0,0.0,0.0,1.0,0.0,0.0,0.0,1.0,0.0,0.0
window_10_0pct::C6QP1q45YTMYWIeya,window_10_0pct,1784124475.256912,0,0.9127176934364323,0.806224946395237,0.7744289514813582,0.47249489039359466,0.7161924034353246,-0.24916085813824643,-0.2369641792385766,-0.03133543028254215,1.0,0.0,0.0,1.0,0.0,0.0,0.0,0.0,0.0,1.0
window_10_0pct::CXoe6W2YeD05s1Fk19,window_10_0pct,1784125107.018963,0,-0.24467420439277274,0.003815531815151727,-0.3652662902259432,-0.17748466999158366,-0.3022044853814955,-0.24797905429984635,-0.23660201176708026,0.13440205444246922,1.0,0.0,0.0,1.0,0.0,0.0,0.0,0.0,0.0,1.0
window_10_0pct::CFsbsR1ytR4kaaSfR4,window_10_0pct,1784125158.346641,0,0.006978455559205556,-0.09445145577382907,-0.23134445150459615,-0.14235063970049294,-0.225824718720234,-0.2493082878460717,-0.236933411468131,-0.2036684687139823,1.0,0.0,0.0,1.0,0.0,0.0,0.0,0.0,0.0,1.0
window_10_0pct::CyjD222Yt0f37NggB7,window_10_0pct,1784124346.415677,0,-0.21796559540626467,0.08288811843133798,-0.45166542063198994,-0.195051685137129,-0.37858425204275703,-0.24793685113813968,-0.2367169981150786,0.5606994849705935,1.0,0.0,0.0,1.0,0.0,0.0,0.0,0.0,0.0,1.0
window_10_0pct::Cq07Tb3TmkJ2rVeGGf,window_10_0pct,1784124864.164195,0,-0.1762368152699303,-0.36984938277479434,-0.7379063557416712,-0.4058558668836733,-0.684103318687803,-0.24979859986280267,-0.23707282350308612,-0.6040302242810942,1.0,0.0,0.0,0.0,1.0,0.0,0.0,0.0,0.0,1.0
window_07_17pct::CS34QQlbNYuiEuwy9,window_07_17pct,1783714380.343461,1,-0.07388760119739254,-0.32603607620645897,-0.7379063557416712,-0.35315482144703725,-0.6077235520265416,-0.24970062296018786,-0.2370564399958831,1518.2410825660247,1.0,0.0,0.0,1.0,0.0,0.0,0.0,1.0,0.0,0.0
window_10_0pct::CUw6Kq4vt6B3TjSgUd,window_10_0pct,1784124335.688611,0,-0.30128230694668856,0.794124128390649,1.2905931195353826,0.5603299661213215,1.1235511589620526,-0.24050241076364057,-0.2339724805105782,-0.18145278620265648,1.0,0.0,0.0,1.0,0.0,0.0,0.0,0.0,0.0,1.0
window_10_0pct::CWX9f22IlOaeVQwAQi,window_10_0pct,1784125059.789759,0,1.9222399116079907,0.5327047325329146,2.0017554724915714,0.8589692235955926,1.8109690589134062,-0.24952288578353135,-0.23700524113546026,-0.3614163790426902,1.0,0.0,0.0,1.0,0.0,0.0,0.0,0.0,0.0,1.0
window_10_0pct::CT1AlA9vjQYmGTz7,window_10_0pct,1784125068.73397,0,-0.3886309709069827,-0.36984938277479434,-0.7379063557416712,-0.4058558668836733,-0.684103318687803,-0.24979859986280267,-0.2194869697737222,-0.6040302242810942,1.0,0.0,0.0,0.0,1.0,0.0,0.0,0.0,0.0,1.0
window_10_0pct::CANyPw3NCppjjCggb1,window_10_0pct,1784125080.609461,0,0.2965631181231575,0.1711406359475564,-0.0749252734422106,0.03331951175496066,-0.04760526317729048,-0.2492418564811468,-0.23696037294179242,-0.003109949838700078,1.0,0.0,0.0,1.0,0.0,0.0,0.0,0.0,0.0,1.0
window_10_0pct::C5Mj7S2D3fAhoUwaSd,window_10_0pct,1784125629.529688,0,-0.3886596124977522,-0.09820688205111495,-0.3243929371644153,-0.195051685137129,-0.276744563161075,-0.06766419307567348,-0.16453819061376473,-0.1202718918399201,1.0,0.0,0.0,1.0,0.0,0.0,0.0,0.0,0.0,1.0
window_10_0pct::CHmVQo1z3FCuWGeqb8,window_10_0pct,1784125865.662961,0,-0.10671740812352583,-0.36984938277479434,-0.7379063557416712,-0.4058558668836733,-0.684103318687803,-0.24979859986280267,-0.23709483091590686,-0.6040302242810942,1.0,0.0,0.0,0.0,1.0,0.0,0.0,0.0,0.0,1.0
window_10_0pct::CGLQlZ1Ny2zdPuOMX5,window_10_0pct,1784124139.616808,0,-0.38793896103741754,-0.18374714725596025,-0.4300815709903515,-0.23018571542821972,-0.37858425204275703,-0.17570790709318895,-0.199430627682761,-0.15882454962294756,1.0,0.0,0.0,1.0,0.0,0.0,0.0,0.0,0.0,1.0
window_10_0pct::CUbhsv4WpRB03Ra2nl,window_10_0pct,1784124952.036388,0,0.12628401445263124,-0.18833711270597633,-0.3501406003195982,-0.195051685137129,-0.3022044853814955,-0.24955015872754804,-0.23701415657667663,-0.2593190199194759,1.0,0.0,0.0,1.0,0.0,0.0,0.0,0.0,0.0,1.0
window_10_0pct::CsxksL3l44XcvvkfP4,window_10_0pct,1784124973.369771,0,-0.38921501169378864,-0.27450328229036924,-0.5573540544579261,-0.3180207911559465,-0.5058838631448596,-0.11456455279733133,-0.1507466730816194,-0.21517183966195153,1.0,0.0,0.0,1.0,0.0,0.0,0.0,0.0,0.0,1.0
window_10_0pct::CW02FF3YpVFXsaGUb,window_10_0pct,1784125578.320366,0,0.1909064034661547,0.46990565978496723,1.9118935788064038,0.7008660872856843,1.6072896811500421,-0.24877712948518646,-0.23661069450511704,-0.3706421233362959,1.0,0.0,0.0,1.0,0.0,0.0,0.0,0.0,0.0,1.0
window_10_0pct::CaZxhZ1lVRox9kPMS5,window_10_0pct,1784124475.255615,0,0.9127230844179227,0.6393171118491974,2.381044893261072,0.9643713144688647,2.0401083588971907,-0.24925136836494924,-0.2368613941659222,-0.3657467437263671,1.0,0.0,0.0,1.0,0.0,0.0,0.0,0.0,0.0,1.0
window_10_0pct::CU5ri948RzNq3zn6f8,window_10_0pct,1784125106.030098,0,-0.3891273575373188,-0.36984938277479434,-0.7379063557416712,-0.4058558668836733,-0.684103318687803,-0.24979859986280267,-0.20450428246712216,-0.6040302242810942,1.0,0.0,0.0,0.0,1.0,0.0,0.0,0.0,0.0,1.0
window_10_0pct::C3tSmb1sJreXXYxvF5,window_10_0pct,1784125587.478704,0,0.2626282347179788,0.27378895419337074,0.634155172757206,0.20898966321041426,0.5888927923332221,-0.2491017619507788,-0.23687657085839556,-0.25856506927362977,1.0,0.0,0.0,1.0,0.0,0.0,0.0,0.0,0.0,1.0
window_10_0pct::CGGcok4xNy554k0He,window_10_0pct,1784124728.05801,0,-0.23290979108031515,-0.19397025212190516,-0.6587726550378294,-0.3355878063014919,-0.582263629806121,-0.24900641935348705,-0.23691847896648002,1.0323300114909935,1.0,0.0,0.0,1.0,0.0,0.0,0.0,0.0,0.0,1.0
window_10_0pct::CSLwuE3ZbCbl6w9W9c,window_10_0pct,1784125488.371088,0,0.07426681835984257,-0.0041125903257851525,-0.3318920502780948,-0.14235063970049294,-0.3022044853814955,-0.24924188313493353,-0.23696662182952716,0.05932667384643454,1.0,0.0,0.0,1.0,0.0,0.0,0.0,0.0,0.0,1.0
window_04_7pct::C9U8y03uHOOjKyBQs1,window_04_7pct,1783704132.203302,1,-0.07178240691259481,-0.3258274414132764,-0.7379063557416712,-0.35315482144703725,-0.6077235520265416,-0.24970080825218413,-0.23705714168195385,1525.4736783412168,1.0,0.0,0.0,1.0,0.0,0.0,0.0,1.0,0.0,0.0
window_10_0pct::CHTIfs10Vj2lRaYHL4,window_10_0pct,1784124230.402318,0,-0.38745261978051193,-0.36984938277479434,-0.7379063557416712,-0.4058558668836733,-0.684103318687803,-0.24979859986280267,-0.22870146909412428,-0.6040302242810942,1.0,0.0,0.0,0.0,1.0,0.0,0.0,0.0,0.0,1.0
window_06_15pct::CEAILU1SNz9DGJaoXa,window_06_15pct,1783710629.645504,1,-0.3897129142040686,-0.36984938277479434,-0.7379063557416712,-0.4585569123203094,-0.7095632409082235,-0.24979859986280267,111.73122782240476,-0.6040302242810942,1.0,0.0,0.0,0.0,1.0,0.0,1.0,0.0,0.0,0.0
window_10_0pct::CcLu562gWkWwcnhNRk,window_10_0pct,1784125780.195206,0,-0.21010379365875245,0.0019378186765087817,1.5629830015285795,0.4373608601025039,1.301770614504996,-0.24833665627383306,-0.23577818482460852,-0.4850328586753549,1.0,0.0,0.0,1.0,0.0,0.0,0.0,0.0,0.0,1.0
window_10_0pct::ClXJ8Y3fNB9ig5l2s1,window_10_0pct,1784125109.634718,0,0.0009112314857490163,-0.08881831635790023,-0.34075077596762554,-0.195051685137129,-0.3022044853814955,-0.24929048737527432,-0.23696657390180836,-0.08293980337910813,1.0,0.0,0.0,1.0,0.0,0.0,0.0,0.0,0.0,1.0
window_10_0pct::CYXnay3GPkz4DoaYt5,window_10_0pct,1784124196.987045,0,-0.32250250179321877,0.4828410169622853,0.6490046913590813,0.29682473893814104,0.5888927923332221,-0.24083836885565646,-0.23403238555618142,-0.15125904924801786,1.0,0.0,0.0,1.0,0.0,0.0,0.0,0.0,0.0,1.0
window_10_0pct::CSOgPn27jPGlq4CDF3,window_10_0pct,1784126014.600275,0,0.15072980966581687,0.17719104494985033,-0.3176161182316568,-0.10721660940940221,-0.276744563161075,-0.24908371782699107,-0.2369766289196088,0.3544669262143945,1.0,0.0,0.0,1.0,0.0,0.0,0.0,0.0,0.0,1.0
window_08_22pct::CfMcrj2KTkLPlJGF9d,window_08_22pct,1783719130.613863,1,-0.07764547825333562,-0.3258274414132764,-0.7379063557416712,-0.35315482144703725,-0.6077235520265416,-0.24969897095983934,-0.2370551639185636,1525.4736783412168,1.0,0.0,0.0,1.0,0.0,0.0,0.0,1.0,0.0,0.0
window_10_0pct::CyaqUj4oGFRXqxJAOc,window_10_0pct,1784124936.261019,0,-0.3890961218703074,-0.19584796526054812,1.1531235417489236,0.26169070864705035,0.9453317034191091,-0.05057149535547152,0.08838342709945066,-0.5362672954086435,1.0,0.0,0.0,1.0,0.0,0.0,0.0,0.0,0.0,1.0
window_10_0pct::CJrohr1G9Ei36Ol9Yb,window_10_0pct,1784124139.934041,0,-0.3884146911347164,-0.1916752693968971,1.1531235417489236,0.27925772379259567,0.9453317034191091,-0.1528713994585235,-0.0788056026943877,-0.5346422851239325,1.0,0.0,0.0,1.0,0.0,0.0,0.0,0.0,0.0,1.0
window_10_0pct::CVRVuF3rW0m9NOlyWd,window_10_0pct,1784124090.221572,0,0.08958636512336264,0.17635650577712014,-0.2711131193482449,-0.0720825791183115,-0.225824718720234,-0.24899375118941688,-0.2369329785671312,0.2576670424638079,1.0,0.0,0.0,1.0,0.0,0.0,0.0,0.0,0.0,1.0
window_10_0pct::CiPzgpr8mPX2TFC0i,window_10_0pct,1784125477.507867,0,0.25723248140836974,0.33971754883905636,0.7433703017017563,0.3670927995203225,0.6398126367740631,-0.24902397687324646,-0.23680767382752607,-0.25125862275189853,1.0,0.0,0.0,1.0,0.0,0.0,0.0,0.0,0.0,1.0
window_10_0pct::C6EzSM1XkpTIyFMNn7,window_10_0pct,1784124104.393526,0,0.38762000873362923,-0.07942975066468551,0.8125193475516905,0.26169070864705035,0.6907324812149042,-0.24953473378940805,-0.23690408044270989,-0.46608339667648535,1.0,0.0,0.0,1.0,0.0,0.0,0.0,0.0,0.0,1.0
window_08_22pct::CGfDSo40SNmEgIi8H,window_08_22pct,1783718128.630749,1,-0.38965358138204215,-0.3531585993201904,-0.6852426123739334,-0.38828885173812794,-0.6077235520265416,-0.05126503314305901,0.1654567566074866,-0.37072068314587064,1.0,0.0,0.0,1.0,0.0,0.0,0.0,0.0,0.0,1.0
window_10_0pct::CL45nF4iO00YOihbra,window_10_0pct,1784124514.08753,0,-0.38910176905685867,-0.09173920346245593,-0.5306291697638502,-0.2477527305737651,-0.45496401870401854,0.07157251814868157,-0.13546719241629593,0.38398475505184754,1.0,0.0,0.0,1.0,0.0,0.0,0.0,0.0,0.0,1.0
window_10_0pct::CcwntC1N0E4ti2HWXk,window_10_0pct,1784125333.659262,0,-0.38880069608463624,-0.18917165187870652,1.1531235417489236,0.29682473893814104,0.9453317034191091,-0.1099203229497633,-0.006559097403421179,-0.5336672789531058,1.0,0.0,0.0,1.0,0.0,0.0,0.0,0.0,0.0,1.0
window_10_0pct::CntopY9IlxRGubu5k,window_10_0pct,1784124455.689401,0,-0.3897121242384641,-0.3631730693929528,-0.7368866463097827,-0.4585569123203094,-0.7095632409082235,5.412989595497271,5.504806319870804,4.119297628905474,0.0,1.0,1.0,0.0,0.0,0.0,0.0,0.0,0.0,1.0
window_10_0pct::Co07QM16RasWXlL3ke,window_10_0pct,1784125183.206543,0,0.6513735753199608,0.7813974060065135,3.331817718764544,1.4738147536896802,2.854825869950647,-0.2490176084246959,-0.2366526473142746,-0.39570404150120425,1.0,0.0,0.0,1.0,0.0,0.0,0.0,0.0,0.0,1.0
window_10_0pct::C1SD1A1Wbz7yPYiiZj,window_10_0pct,1784125333.653642,0,-0.38874080815164447,-0.00536439908488045,-0.35007686848010516,-0.17748466999158366,-0.3022044853814955,0.014997501395122804,-0.1535543615936025,0.0880519808599643,1.0,0.0,0.0,1.0,0.0,0.0,0.0,0.0,0.0,1.0
window_10_0pct::CHaQLh2blxnTh3nV7h,window_10_0pct,1784125322.35607,0,0.4013976280388008,0.0712045700131152,1.525997290676126,0.5251959358302307,1.301770614504996,-0.24940485110867036,-0.2368179256046105,-0.4605565035698513,1.0,0.0,0.0,1.0,0.0,0.0,0.0,0.0,0.0,1.0
window_10_0pct::CF3id3RKYQaEqdWY5,window_10_0pct,1784124014.385376,0,0.5586520350269563,-0.08944422073744789,-0.2822024594200316,-0.1599176548460383,-0.225824718720234,-0.24958977838747481,-0.23707166370574753,-0.1508972426543016,1.0,0.0,0.0,1.0,0.0,0.0,0.0,0.0,0.0,1.0
window_10_0pct::Cxd0xJ2wG4A3X5hcq2,window_10_0pct,1784124279.370348,0,-0.3884778777078676,0.07954996174041719,1.3772896651923967,0.4022268298114132,1.1490110811824732,0.007183158981181959,-0.043606210589865094,-0.44756417796336745,1.0,0.0,0.0,1.0,0.0,0.0,0.0,0.0,0.0,1.0
window_10_0pct::CoFLh52RD6aBmQWkd5,window_10_0pct,1784125625.475621,0,-0.3096663613604797,-0.36984938277479434,-0.7379063557416712,-0.4058558668836733,-0.684103318687803,-0.24979859986280267,-0.236923491917025,-0.6040302242810942,1.0,0.0,0.0,0.0,1.0,0.0,0.0,0.0,0.0,1.0
window_10_0pct::CODX3Q16cf2tT10RLa,window_10_0pct,1784125724.999839,0,-0.1409899164229527,0.3399261836322389,0.4973441573121751,0.20898966321041426,0.4361332590106991,-0.2477831606861033,-0.23641272213743258,-0.18087355536949168,1.0,0.0,0.0,1.0,0.0,0.0,0.0,0.0,0.0,1.0
window_10_0pct::CLymS9ussZ58gH1O5,window_10_0pct,1784124014.386087,0,0.5586443915759719,-0.2761723606358297,-0.5940211061129143,-0.2828867608648558,-0.5058838631448596,-0.2497288367689753,-0.2371069534827363,-0.12463319105682827,1.0,0.0,0.0,1.0,0.0,0.0,0.0,0.0,0.0,1.0
window_10_0pct::CMuqBy6QHY69e3LGh,window_10_0pct,1784124199.487318,0,-0.3882893214582359,-0.36984938277479434,-0.7379063557416712,-0.4058558668836733,-0.684103318687803,-0.24979859986280267,-0.22372878914002253,-0.6040302242810942,1.0,0.0,0.0,0.0,1.0,0.0,0.0,0.0,0.0,1.0
window_10_0pct::CVx0sW13YIsKcGVB34,window_10_0pct,1784125567.693372,0,-0.2769812142168726,0.5471005332625105,1.571777995378617,0.683299072140139,1.3272305367254167,-0.24405394338336275,-0.23436323788046842,-0.31166100680210135,1.0,0.0,0.0,1.0,0.0,0.0,0.0,0.0,0.0,1.0
window_05_12pct::Ctoa0M32bJI3VxTtn6,window_05_12pct,1783707882.509443,1,-0.07707904088925756,-0.3258274414132764,-0.7379063557416712,-0.35315482144703725,-0.6077235520265416,-0.24969915146979138,-0.2370553582294884,1525.4736783412168,1.0,0.0,0.0,1.0,0.0,0.0,0.0,1.0,0.0,0.0
window_10_0pct::CYfuMf3w4L24zAlKY6,window_10_0pct,1784125352.995219,0,-0.38658242996628256,-0.007033477430340845,-0.35855320313267774,-0.1599176548460383,-0.327664407601916,-0.1679457995840502,-0.20967163722458365,0.1002750760357817,1.0,0.0,0.0,1.0,0.0,0.0,0.0,0.0,0.0,1.0
window_05_12pct::CwUk7E39CXfVuaDmi5,window_05_12pct,1783707881.196424,1,-0.38922443790498856,-0.3531585993201904,-0.6852426123739334,-0.38828885173812794,-0.6077235520265416,-0.22566845480587303,-0.18822731527433617,-0.37072068314587064,1.0,0.0,0.0,1.0,0.0,0.0,0.0,0.0,0.0,1.0
window_10_0pct::C7y91b27scJyFtf0e9,window_10_0pct,1784125278.889909,0,-0.31777103483054037,-0.36984938277479434,-0.7379063557416712,-0.4058558668836733,-0.684103318687803,-0.24979859986280267,-0.23689657641408163,-0.6040302242810942,1.0,0.0,0.0,0.0,1.0,0.0,0.0,0.0,0.0,1.0
window_10_0pct::CS5d7v3dFM0mJv6VRb,window_10_0pct,1784125431.158618,0,-0.3462298232890876,-0.18583349518778575,-0.4767545214457448,-0.26531974571931044,-0.42950409648359805,-0.2468097840233112,-0.23584296193150864,-0.08514707203452808,1.0,0.0,0.0,1.0,0.0,0.0,0.0,0.0,0.0,1.0
window_10_0pct::CgThjt3EmN7IzO38Lf,window_10_0pct,1784125059.790785,0,1.432220777676714,-0.09758097767156731,-0.3171912393017033,-0.12478362455494757,-0.2003647964998135,-0.24969305688592147,-0.23710992570828257,-0.12745675866001518,1.0,0.0,0.0,1.0,0.0,0.0,0.0,0.0,0.0,1.0
window_10_0pct::C4Y9D83SyOYeWp0sT9,window_10_0pct,1784124197.987896,0,-0.3892982142873248,-0.27846734336083767,-0.5573540544579261,-0.3355878063014919,-0.5058838631448596,-0.09418525021745766,-0.14493856794712437,-0.23133881845355705,1.0,0.0,0.0,1.0,0.0,0.0,0.0,0.0,0.0,1.0
window_10_0pct::Cf2NU83KHSYh93OKM5,window_10_0pct,1784126002.896715,0,-0.05751982345272025,0.19409046319763684,0.6089173643179674,0.26169070864705035,0.5125130256719606,-0.24859963405087562,-0.23655791803784937,-0.2956703703347577,1.0,0.0,0.0,1.0,0.0,0.0,0.0,0.0,0.0,1.0
window_05_12pct::CVYWjf1zztkquJaCQg,window_05_12pct,1783706881.178541,1,-0.3894617371674618,-0.3531585993201904,-0.6852426123739334,-0.38828885173812794,-0.6077235520265416,-0.20287539848196665,-0.1420037899879065,-0.37072068314587064,1.0,0.0,0.0,1.0,0.0,0.0,0.0,0.0,0.0,1.0
window_10_0pct::CLOjEL2XJ6q9xdg7fc,window_10_0pct,1784124232.457098,0,0.48240593198026793,6.010553786583652e-05,0.38447506957002453,0.13872160262823283,0.3088336479085966,-0.24949903943108265,-0.2369705324126048,-0.3613192368598258,1.0,0.0,0.0,1.0,0.0,0.0,0.0,0.0,0.0,1.0
window_10_0pct::CxmbSG3sTH1iykB08b,window_10_0pct,1784124387.5813,0,-0.25581764068880736,-0.36984938277479434,-0.7379063557416712,-0.4058558668836733,-0.684103318687803,-0.24979859986280267,-0.23701957767458626,-0.6040302242810942,1.0,0.0,0.0,0.0,1.0,0.0,0.0,0.0,0.0,1.0
window_10_0pct::CwA8U02PGye5R9XrU9,window_10_0pct,1784124072.177934,0,-0.2638252444664091,0.45738757219401427,1.888822652909928,0.736000117576775,1.6072896811500421,-0.2451576032140908,-0.2345418286985927,-0.37210189404553645,1.0,0.0,0.0,1.0,0.0,0.0,0.0,0.0,0.0,1.0
window_10_0pct::CJfh1Y3M2zvED5RHu2,window_10_0pct,1784123997.780903,0,-0.05663245722419787,-0.0030694163598724055,-0.2055967883494133,-0.12478362455494757,-0.174904874279393,-0.2490208838011393,-0.23687532355814336,-0.09661130127098098,1.0,0.0,0.0,1.0,0.0,0.0,0.0,0.0,0.0,1.0
window_10_0pct::Crs4Vn4pQGIkP0Htx2,window_10_0pct,1784125974.707742,0,-0.3890520225741953,-0.1895889214650716,-0.4300815709903515,-0.23018571542821972,-0.37858425204275703,-0.05717617905572962,-0.13588755894660998,-0.17279961564360685,1.0,0.0,0.0,1.0,0.0,0.0,0.0,0.0,0.0,1.0
window_10_0pct::CMP91E49HYpPkmSXAb,window_10_0pct,1784125079.178786,0,-0.3893142591292654,-0.36984938277479434,-0.7379063557416712,-0.4058558668836733,-0.684103318687803,-0.24979859986280267,-0.1891948014567931,-0.6040302242810942,1.0,0.0,0.0,0.0,1.0,0.0,0.0,0.0,0.0,1.0
window_10_0pct::Ctr2Wd1LyOG3BP9R8c,window_10_0pct,1784125975.74862,0,0.3124025796817756,0.08288811843133798,-0.24258249920186653,-0.054515563972766135,-0.174904874279393,-0.24934318987032653,-0.236998978955011,0.06907235461698413,1.0,0.0,0.0,1.0,0.0,0.0,0.0,0.0,0.0,1.0
window_10_0pct::Co680f4LappXssb05,window_10_0pct,1784124440.687597,0,0.04836312027308166,0.3899985339960508,0.436182835345367,0.20898966321041426,0.3852134145698581,-0.24857358372773822,-0.23673676556269474,-0.1274232579850637,1.0,0.0,0.0,1.0,0.0,0.0,0.0,0.0,0.0,1.0
window_06_15pct::CO3xVw4T6ESkx9ORMa,window_06_15pct,1783710630.187187,1,-0.38924040802045307,-0.3531585993201904,-0.6852426123739334,-0.4058558668836733,-0.6077235520265416,-0.2248529599112549,-0.1966912979975583,-0.37072068314587064,1.0,0.0,0.0,1.0,0.0,0.0,0.0,0.0,0.0,1.0
window_10_0pct::CEGWRc1WrMDFB4sTtl,window_10_0pct,1784125551.462208,0,-0.2460075595811046,-0.17790537304684886,-0.45427842605120405,-0.26531974571931044,-0.37858425204275703,-0.24885526441866784,-0.23676316447310167,-0.10567880777595816,1.0,0.0,0.0,1.0,0.0,0.0,0.0,0.0,0.0,1.0
window_07_17pct::CdNI0C3AI0shLAl3b9,window_07_17pct,1783715378.752901,1,-0.389712882178436,-0.36984938277479434,-0.7379063557416712,-0.4585569123203094,-0.7095632409082235,-0.24979859986280267,63.744774865661626,-0.6040302242810942,1.0,0.0,0.0,0.0,1.0,0.0,1.0,0.0,0.0,0.0
window_10_0pct::Cqvn8h2bu2MzuRjFu,window_10_0pct,1784124737.628035,0,-0.10432401517081731,-0.09507736015337671,0.3504635112272459,0.12115458748268745,0.28337372568817604,-0.249118613756829,-0.23659280516451345,-0.4181084817337561,1.0,0.0,0.0,1.0,0.0,0.0,0.0,0.0,0.0,1.0
window_06_15pct::CUF84E3OkxWaDkkz6l,window_06_15pct,1783711629.65621,1,-0.3897127861015381,-0.36984938277479434,-0.7379063557416712,-0.4585569123203094,-0.7095632409082235,-0.24979859986280267,27.75493514810427,-0.6040302242810942,1.0,0.0,0.0,0.0,1.0,0.0,1.0,0.0,0.0,0.0
window_10_0pct::CsgG5J1KrzZEl22Wp5,window_10_0pct,1784125161.73292,0,-0.3492570035112655,-0.2767982650153773,-0.5573540544579261,-0.3355878063014919,-0.5058838631448596,-0.2481741593074882,-0.23621695810447493,-0.2245316694886705,1.0,0.0,0.0,1.0,0.0,0.0,0.0,0.0,0.0,1.0
window_10_0pct::CexTl62yTkQyZnRcc4,window_10_0pct,1784125654.640594,0,-0.13871182642287241,-0.01683931270992067,-0.3713845468172738,-0.14235063970049294,-0.327664407601916,-0.24880530981017823,-0.23680049230549827,0.10522861724114695,1.0,0.0,0.0,1.0,0.0,0.0,0.0,0.0,0.0,1.0
window_10_0pct::CnObNV2Jtev3cbnD08,window_10_0pct,1784125015.200882,0,-0.31897783539398494,-0.18541622560142063,-0.4385579056429241,-0.21261870028267438,-0.4040441742631775,-0.2479571132493972,-0.23614852652370116,-0.15032495425060405,1.0,0.0,0.0,1.0,0.0,0.0,0.0,0.0,0.0,1.0
window_10_0pct::C5dDuI236D0RjUJZ5f,window_10_0pct,1784124864.16288,0,-0.17622249981215096,-0.09820688205111495,-0.28462426932076657,-0.14235063970049294,-0.2512846409406545,-0.24889996363637293,-0.2367369026890668,-0.16271240165011214,1.0,0.0,0.0,1.0,0.0,0.0,0.0,0.0,0.0,1.0
window_10_0pct::CluVv93WbuhqCB2vr,window_10_0pct,1784124591.239973,0,-0.38920893749880253,-0.1895889214650716,-0.4767545214457448,-0.2477527305737651,-0.42950409648359805,0.0027924099950427843,-0.11384398130769247,-0.0957365241211927,1.0,0.0,0.0,1.0,0.0,0.0,0.0,0.0,0.0,1.0
window_10_0pct::CFTA0G2qyTqEZAw6q2,window_10_0pct,1784124061.056168,0,0.3540090966279933,-0.07609159397376472,-0.4804722120828381,-0.23018571542821972,-0.42950409648359805,-0.2495196389213543,-0.2370724085960735,0.2362614541965228,1.0,0.0,0.0,1.0,0.0,0.0,0.0,0.0,0.0,1.0
window_10_0pct::CTJ3D247m6hRDCQDXg,window_10_0pct,1784125660.233441,0,-0.3832712037332231,-0.36984938277479434,-0.7379063557416712,-0.4058558668836733,-0.684103318687803,-0.24979859986280267,-0.23419356311246026,-0.6040302242810942,1.0,0.0,0.0,0.0,1.0,0.0,0.0,0.0,0.0,1.0
window_10_0pct::CvNVowuoZaWGUFynh,window_10_0pct,1784125738.564096,0,-0.24025057848600956,-0.279719152119933,-0.6106338722740966,-0.3180207911559465,-0.53134378536528,-0.24937270415538806,-0.236874509436455,-0.08258807226458642,1.0,0.0,0.0,1.0,0.0,0.0,0.0,0.0,0.0,1.0
window_10_0pct::CMamWfoCLZQPWpYD1,window_10_0pct,1784125148.100978,0,-0.38717758364760624,-0.36984938277479434,-0.7379063557416712,-0.4058558668836733,-0.684103318687803,-0.24979859986280267,-0.22961930809856315,-0.6040302242810942,1.0,0.0,0.0,0.0,1.0,0.0,0.0,0.0,0.0,1.0
window_10_0pct::CH6iEl3TXuccISblhf,window_10_0pct,1784125431.160496,0,-0.3462497859334182,-0.18583349518778575,-0.4595469247826276,-0.2477527305737651,-0.4040441742631775,-0.24680841125951508,-0.23573235140144672,-0.11722089325856036,1.0,0.0,0.0,1.0,0.0,0.0,0.0,0.0,0.0,1.0
window_10_0pct::C9KL8gL2s50HWLY5l,window_10_0pct,1784124197.986357,0,-0.38928166771047323,-0.18917165187870652,1.1531235417489236,0.27925772379259567,0.9453317034191091,0.04607125563287057,0.2395228977928449,-0.5336672789531058,1.0,0.0,0.0,1.0,0.0,0.0,0.0,0.0,0.0,1.0
window_10_0pct::CR6KDa1a22aTDgYXB6,window_10_0pct,1784125182.893843,0,-0.3893658737738314,-0.18708530394688103,-0.4767545214457448,-0.2477527305737651,-0.42950409648359805,0.12209782600200819,-0.05808461674135662,-0.08867688939674961,1.0,0.0,0.0,1.0,0.0,0.0,0.0,0.0,0.0,1.0
window_10_0pct::C4xdYY14QGIWQ1VFga,window_10_0pct,1784124675.031121,0,-0.11232191518173643,0.01049184519699331,-0.35855320313267774,-0.17748466999158366,-0.327664407601916,-0.24883022024010834,-0.2368693959911446,0.13429557357840252,1.0,0.0,0.0,1.0,0.0,0.0,0.0,0.0,0.0,1.0
window_10_0pct::Cv1ftEdRolqlHKUx,window_10_0pct,1784125895.353116,0,0.6287009753334544,0.3870776468914951,1.9197113511175483,0.7535671327223203,1.6072896811500421,-0.24927367837459616,-0.2368337812145241,-0.39428084200280444,1.0,0.0,0.0,1.0,0.0,0.0,0.0,0.0,0.0,1.0
window_10_0pct::C2ZC2w3l7ArlClPPV7,window_10_0pct,1784124647.718088,0,-0.11626852996589611,0.2631485797410607,1.7792676208214149,0.683299072140139,1.5054499922683602,-0.24816367459840435,-0.23600840750190363,-0.4188357303834461,1.0,0.0,0.0,1.0,0.0,0.0,0.0,0.0,0.0,1.0
window_10_0pct::CCYPy32k4ZecLfYJ1d,window_10_0pct,1784125721.658143,0,-0.3803152698684048,0.3557824279141127,0.6785337769908504,0.26169070864705035,0.5888927923332221,-0.19526552267488018,-0.21579459077505622,-0.2267585207278286,1.0,0.0,0.0,1.0,0.0,0.0,0.0,0.0,0.0,1.0
window_10_0pct::CjLnCmQdInFFuiOA8,window_10_0pct,1784125825.278674,0,-0.38274583390536954,-0.2776328041881075,-0.5573540544579261,-0.3004537760104012,-0.5058838631448596,-0.24045056772898407,-0.23029997236242583,-0.22793524397111378,1.0,0.0,0.0,1.0,0.0,0.0,0.0,0.0,0.0,1.0
window_08_22pct::CgcBxC2fO7x0WlGqc6,window_08_22pct,1783719129.169254,1,-0.3892296367326833,-0.3531585993201904,-0.6852426123739334,-0.38828885173812794,-0.6077235520265416,-0.22540889918703869,-0.187700945508916,-0.37072068314587064,1.0,0.0,0.0,1.0,0.0,0.0,0.0,0.0,0.0,1.0
window_10_0pct::CJmJG13htJZ4Z3T479,window_10_0pct,1784124196.969987,0,-0.3895543552969871,-0.08798377718517003,-0.5306291697638502,-0.26531974571931044,-0.45496401870401854,1.0053616243805124,0.12458509832713244,0.3973262926572436,1.0,0.0,0.0,1.0,0.0,0.0,0.0,0.0,0.0,1.0
window_10_0pct::CeOcoK2bk5SgwYIkJ7,window_10_0pct,1784125633.498819,0,0.273733517810357,-0.09382555139428142,-0.31192274057027974,-0.195051685137129,-0.2512846409406545,-0.24950476362252993,-0.23704710556935063,-0.12685851877174767,1.0,0.0,0.0,1.0,0.0,0.0,0.0,0.0,0.0,1.0
window_10_0pct::Cf7mrK2JXZ64zQVoPc,window_10_0pct,1784125960.577863,0,-0.3893837761024637,-0.27450328229036924,-0.5573540544579261,-0.3180207911559465,-0.5058838631448596,-0.045232763652888565,-0.10644305442557468,-0.21517183966195153,1.0,0.0,0.0,1.0,0.0,0.0,0.0,0.0,0.0,1.0
window_10_0pct::Cvb0jS1tXbxjaz2HO2,window_10_0pct,1784125468.882422,0,-0.3893439255402787,-0.18708530394688103,-0.4767545214457448,-0.21261870028267438,-0.42950409648359805,0.09997919220936015,-0.0428234527236566,-0.08867688939674961,1.0,0.0,0.0,1.0,0.0,0.0,0.0,0.0,0.0,1.0
window_10_0pct::CPutLB2y869nnljxO4,window_10_0pct,1784125372.095153,0,-0.3886786890995804,-0.18124352973776964,-0.4767545214457448,-0.26531974571931044,-0.42950409648359805,-0.12100721018972717,-0.18168960480257149,-0.07220440837304908,1.0,0.0,0.0,1.0,0.0,0.0,0.0,0.0,0.0,1.0
window_10_0pct::CHWEr52rnLwYsZPup2,window_10_0pct,1784125037.317408,0,-0.38545032385330924,-0.28117959567221085,-0.5815509095187786,-0.3355878063014919,-0.5058838631448596,-0.2351072268014836,-0.22818928066662422,-0.18644386312682565,1.0,0.0,0.0,1.0,0.0,0.0,0.0,0.0,0.0,1.0
window_10_0pct::CSKSf9gTTufjljYE8,window_10_0pct,1784125290.696771,0,-0.38879148337765373,-0.0032780511530549547,1.2322572424527654,0.3670927995203225,1.0217114700803707,0.03115868902395622,0.011889721338120142,-0.4670070007120986,1.0,0.0,0.0,1.0,0.0,0.0,0.0,0.0,0.0,1.0
window_10_0pct::CMYI9U1t5ppU3Vvut7,window_10_0pct,1784125997.909529,0,-0.3340594744080121,-0.27909324774038535,-0.5306929016033433,-0.3180207911559465,-0.480423940924439,-0.2486468761287205,-0.23638922743064372,-0.28151057669437046,1.0,0.0,0.0,1.0,0.0,0.0,0.0,0.0,0.0,1.0
window_10_0pct::CjmVQN3JqW9Kb06e8j,window_10_0pct,1784125823.005968,0,0.33906335304836643,-0.0074507470167059445,-0.15325170417914058,-0.054515563972766135,-0.12398502983855199,-0.24944739786580988,-0.2370049577414817,-0.14755835226930786,1.0,0.0,0.0,1.0,0.0,0.0,0.0,0.0,0.0,1.0
window_10_0pct::CEEfH52xJHpW1AGYFf,window_10_0pct,1784125138.962848,0,-0.2126237946124026,-0.09820688205111495,-0.3479524738303376,-0.17748466999158366,-0.3022044853814955,-0.24871524582658158,-0.23670343521186488,-0.09104663767653487,1.0,0.0,0.0,1.0,0.0,0.0,0.0,0.0,0.0,1.0
window_10_0pct::CVg1Z44g4ms8x3New6,window_10_0pct,1784125167.375884,0,-0.12615629458311423,-0.36984938277479434,-0.7379063557416712,-0.4058558668836733,-0.684103318687803,-0.24979859986280267,-0.2370898465529567,-0.6040302242810942,1.0,0.0,0.0,0.0,1.0,0.0,0.0,0.0,0.0,1.0
window_10_0pct::CQs50C2VaZNB3C48hk,window_10_0pct,1784125673.764789,0,-0.3889248701374991,-0.279719152119933,-0.5573540544579261,-0.3180207911559465,-0.5058838631448596,-0.16902654782397847,-0.1825614394664417,-0.23644418017722194,1.0,0.0,0.0,1.0,0.0,0.0,0.0,0.0,0.0,1.0
window_10_0pct::Cnl4n1CjZiBIWQPHc,window_10_0pct,1784125079.176426,0,-0.3892892471101924,-0.17915718180594414,-0.4767545214457448,-0.26531974571931044,-0.42950409648359805,0.06805643656202474,-0.10175431417681265,-0.06632137943601324,1.0,0.0,0.0,1.0,0.0,0.0,0.0,0.0,0.0,1.0
window_10_0pct::CW3v8Q26Q2r5f3HgFc,window_10_0pct,1784125506.51543,0,-0.2202771521924286,0.3605810281573113,0.1530435164243464,0.1035875723371421,0.15607411458607354,-0.24675394319595825,-0.23623121498905722,-0.0002792035622827618,1.0,0.0,0.0,1.0,0.0,0.0,0.0,0.0,0.0,1.0
window_10_0pct::CfubRJ3mIFRDL5bqQ9,window_10_0pct,1784124570.815758,0,-0.28325098974141405,0.15862254835660344,-0.02406726552677518,-0.0018145185361300583,-0.02214534095686998,-0.246292759730814,-0.2359498557802833,-0.058835893460597165,1.0,0.0,0.0,1.0,0.0,0.0,0.0,0.0,0.0,1.0
window_08_22pct::CfI7Vi2teugdz1ydQ2,window_08_22pct,1783719131.281513,1,-0.0846908825742024,-0.3258274414132764,-0.7379063557416712,-0.3355878063014919,-0.582263629806121,-0.24969666972998583,-0.23703701199727825,1525.4736783412168,1.0,0.0,0.0,1.0,0.0,0.0,0.0,1.0,0.0,0.0
window_10_0pct::C2gYNq4tAWhhqeVfqf,window_10_0pct,1784124335.645055,0,-0.3896552253645164,-0.17915718180594414,-0.4767545214457448,-0.26531974571931044,-0.42950409648359805,2.083038724607949,0.756639870173341,-0.06632137943601324,1.0,0.0,0.0,1.0,0.0,0.0,0.0,0.0,0.0,1.0
window_10_0pct::CR5wmt3Lx8QabT0gLj,window_10_0pct,1784124833.433291,0,-0.021601058859092904,-0.36984938277479434,-0.7379063557416712,-0.4058558668836733,-0.684103318687803,-0.24979859986280267,-0.2371104568291301,-0.6040302242810942,1.0,0.0,0.0,0.0,1.0,0.0,0.0,0.0,0.0,1.0
window_10_0pct::CvmsJQ3CPNbBRdM5V3,window_10_0pct,1784125104.924791,0,-0.02709125575928634,-0.09445145577382907,-0.3243929371644153,-0.195051685137129,-0.276744563161075,-0.24926222113574184,-0.23695145098525516,-0.11358398862644761,1.0,0.0,0.0,1.0,0.0,0.0,0.0,0.0,0.0,1.0
window_10_0pct::CJCGBB4FyF5w3uNUZ1,window_10_0pct,1784125236.58169,0,0.1807914810367917,0.08101040529269503,-0.1428634143417772,-0.019381533681675417,-0.12398502983855199,-0.24924045472633202,-0.2369445155254723,-0.04604802192524238,1.0,0.0,0.0,1.0,0.0,0.0,0.0,0.0,0.0,1.0
window_07_17pct::Cb3V22tVBxHurW80k,window_07_17pct,1783714381.293104,1,-0.08391418625678985,-0.3258274414132764,-0.7379063557416712,-0.35315482144703725,-0.6077235520265416,-0.24969692862167017,-0.23705296543247456,1525.4736783412168,1.0,0.0,0.0,1.0,0.0,0.0,0.0,1.0,0.0,0.0
window_10_0pct::CdQ6Vq1uUL9xCLq2oj,window_10_0pct,1784124440.695379,0,0.048253806113752636,0.3201058782798967,-0.050622198648869694,0.03331951175496066,-0.04760526317729048,-0.248685986052092,-0.23684582616303912,0.13525807135021412,1.0,0.0,0.0,1.0,0.0,0.0,0.0,0.0,0.0,1.0
window_10_0pct::CTJFyN1IWzTgMzT3Mk,window_10_0pct,1784125068.712143,0,-0.388397632147743,-0.00536439908488045,-0.35007686848010516,-0.195051685137129,-0.3022044853814955,-0.05408936660694297,-0.17900314940753553,0.0880519808599643,1.0,0.0,0.0,1.0,0.0,0.0,0.0,0.0,0.0,1.0
window_08_22pct::C0hbffG8oRbxoF59b,window_08_22pct,1783719130.564305,1,-0.07714251569310236,-0.32624471099964153,-0.7379063557416712,-0.35315482144703725,-0.6077235520265416,-0.24970007410466982,-0.23705533649010113,1511.0084867908329,1.0,0.0,0.0,1.0,0.0,0.0,0.0,1.0,0.0,0.0
window_10_0pct::CRn12UkHKlJJNFeAi,window_10_0pct,1784124721.730215,0,-0.3885669623425943,-0.36984938277479434,-0.7379063557416712,-0.4058558668836733,-0.684103318687803,-0.24979859986280267,-0.22047421665146114,-0.6040302242810942,1.0,0.0,0.0,0.0,1.0,0.0,0.0,0.0,0.0,1.0
window_10_0pct::Cv4I461jexxlCjwgEk,window_10_0pct,1784124840.684544,0,-0.3888172960375422,-0.36984938277479434,-0.7379063557416712,-0.4058558668836733,-0.684103318687803,-0.24979859986280267,-0.21580993215035874,-0.6040302242810942,1.0,0.0,0.0,0.0,1.0,0.0,0.0,0.0,0.0,1.0
window_10_0pct::CucgHn4QD4ykeGk7Xl,window_10_0pct,1784125703.489178,0,0.1801557295285219,0.08622627512225876,-0.15408021809254993,-0.08964959426385685,-0.14944495205897249,-0.2492333678264251,-0.23697783206407394,-0.02874898262008328,1.0,0.0,0.0,1.0,0.0,0.0,0.0,0.0,0.0,1.0
window_10_0pct::C0Mp5j44maKsCiqvs3,window_10_0pct,1784125691.871414,0,-0.21761001480732994,-0.16976861611272942,-0.6604934147041412,-0.3355878063014919,-0.582263629806121,-0.24897752696408734,-0.23694016418656175,1.2988667162975238,1.0,0.0,0.0,1.0,0.0,0.0,0.0,0.0,0.0,1.0
window_10_0pct::CDMeCb30SdMpmaey9,window_10_0pct,1784126000.729722,0,-0.37604273022111273,-0.2767982650153773,-0.5573540544579261,-0.3180207911559465,-0.5058838631448596,-0.2449911966706936,-0.23401467123797437,-0.2245316694886705,1.0,0.0,0.0,1.0,0.0,0.0,0.0,0.0,0.0,1.0
window_10_0pct::CPfACe463FKI2m4cI1,window_10_0pct,1784125146.788712,0,0.6124485859430973,0.4580134765735619,0.8369923739170128,0.3670927995203225,0.7161924034353246,-0.2492151744589831,-0.2369334100431743,-0.2169129377637733,1.0,0.0,0.0,1.0,0.0,0.0,0.0,0.0,0.0,1.0
window_10_0pct::CgM67T2OFpohJg7Qwb,window_10_0pct,1784126018.047019,0,-0.3872413893829881,-0.36984938277479434,-0.7379063557416712,-0.4058558668836733,-0.684103318687803,-0.24979859986280267,-0.22942457614835343,-0.6040302242810942,1.0,0.0,0.0,0.0,1.0,0.0,0.0,0.0,0.0,1.0
window_10_0pct::CcQ9Va3n6A3kpFQyic,window_10_0pct,1784124236.714861,0,-0.36982794270777286,-0.36984938277479434,-0.7379063557416712,-0.4058558668836733,-0.684103318687803,-0.24979859986280267,-0.23620065162660175,-0.6040302242810942,1.0,0.0,0.0,0.0,1.0,0.0,0.0,0.0,0.0,1.0
window_10_0pct::CsTbli1GZN4kdvDRo4,window_10_0pct,1784125261.994576,0,-0.3629884738798374,-0.36984938277479434,-0.7379063557416712,-0.4058558668836733,-0.684103318687803,-0.24979859986280267,-0.23644678983554754,-0.6040302242810942,1.0,0.0,0.0,0.0,1.0,0.0,0.0,0.0,0.0,1.0
window_10_0pct::CEzepA1I3RlLmRzoO7,window_10_0pct,1784125431.969823,0,1.430282725168539,1.411057211831448,2.7313788149542404,1.280577587088681,2.371087347762657,-0.24910750851817473,-0.23689970911402009,-0.22598727759729226,1.0,0.0,0.0,1.0,0.0,0.0,0.0,0.0,0.0,1.0
window_10_0pct::Cu1hS62jlYftN329de,window_10_0pct,1784124054.825044,0,-0.2530447760152326,-0.36984938277479434,-0.7379063557416712,-0.4058558668836733,-0.684103318687803,-0.24979859986280267,-0.23702247560368303,-0.6040302242810942,1.0,0.0,0.0,0.0,1.0,0.0,0.0,0.0,0.0,1.0
window_10_0pct::CRaMH41oSS9t3tzJra,window_10_0pct,1784125714.567273,0,0.2752300969729214,0.1880400541953429,3.4335762224884103,1.1927425113609544,2.854825869950647,-0.24920604528956034,-0.2364793308291802,-0.5055388608662623,1.0,0.0,0.0,1.0,0.0,0.0,0.0,0.0,0.0,1.0
window_10_0pct::CU1Sf54dchhuUniZkh,window_10_0pct,1784124247.316977,0,0.00011725200193471498,-0.36984938277479434,-0.7379063557416712,-0.4058558668836733,-0.684103318687803,-0.24979859986280267,-0.23711335125598634,-0.6040302242810942,1.0,0.0,0.0,0.0,1.0,0.0,0.0,0.0,0.0,1.0
window_10_0pct::CCA7GM39mipsJY8hrf,window_10_0pct,1784125506.472381,0,-0.38926044539125976,-0.36984938277479434,-0.7379063557416712,-0.4058558668836733,-0.684103318687803,-0.24979859986280267,-0.19489922276056568,-0.6040302242810942,1.0,0.0,0.0,0.0,1.0,0.0,0.0,0.0,0.0,1.0
window_05_12pct::Ce6bIq4FGS6F8wuQa7,window_05_12pct,1783707880.685742,1,-0.38971280745195985,-0.36984938277479434,-0.7379063557416712,-0.4585569123203094,-0.7095632409082235,-0.24979859986280267,31.753806227832868,-0.6040302242810942,1.0,0.0,0.0,0.0,1.0,0.0,1.0,0.0,0.0,0.0
window_10_0pct::C0eTA63qQBh9uQPZ01,window_10_0pct,1784124900.350076,0,-0.32319474651742314,0.009240036437898013,-0.2016029264078503,-0.0720825791183115,-0.174904874279393,-0.24577360087097483,-0.2355092337060004,-0.08348730565938231,1.0,0.0,0.0,1.0,0.0,0.0,0.0,0.0,0.0,1.0
window_10_0pct::CTZhRj21WIgVXodQ2,window_10_0pct,1784125691.416052,0,1.096081413747954,0.7311164208495191,2.5354246524596804,1.034639375051046,2.2183278144401344,-0.2492752648509521,-0.23688567019063372,-0.3563315150985196,1.0,0.0,0.0,1.0,0.0,0.0,0.0,0.0,0.0,1.0
window_10_0pct::CnvGId17K2M2s1X3nj,window_10_0pct,1784124184.857359,0,0.6688167311070327,0.7334114035745272,1.0622419386318673,0.5251959358302307,0.9453317034191091,-0.24906249479355605,-0.2369049535906763,-0.15268647697510476,1.0,0.0,0.0,1.0,0.0,0.0,0.0,0.0,0.0,1.0
window_10_0pct::CEAlHo47otoCdNdKJ8,window_10_0pct,1784124638.493497,0,0.2559913813923935,0.3605810281573113,1.7463182598035198,0.7184331024312297,1.4545301478275192,-0.2489996678720709,-0.23665890115944135,-0.38749581053591975,1.0,0.0,0.0,1.0,0.0,0.0,0.0,0.0,0.0,1.0
window_10_0pct::CylhrZ3xDJO4l1iAla,window_10_0pct,1784124549.158065,0,0.33904510911298613,0.36037239336412874,-0.04509877255947404,0.05088652690050602,-0.02214534095686998,-0.2490909212434648,-0.23696558975074786,0.17216593103033867,1.0,0.0,0.0,1.0,0.0,0.0,0.0,0.0,0.0,1.0
window_10_0pct::CfLuAoFE59I327LYi,window_10_0pct,1784124279.370448,0,-0.38847911603232876,-0.008076651396253593,-0.19312659175527772,-0.054515563972766135,-0.14944495205897249,-0.042717079217243166,-0.14416218969558037,-0.11499450292477491,1.0,0.0,0.0,1.0,0.0,0.0,0.0,0.0,0.0,1.0
window_10_0pct::Cd52kp3magG6Y3rJQ4,window_10_0pct,1784124998.261158,0,0.4652557680307882,-0.0032780511530549547,0.24745161466001683,0.03331951175496066,0.20699395902691456,-0.24949578796284821,-0.237000236582464,-0.33006353798814353,1.0,0.0,0.0,1.0,0.0,0.0,0.0,0.0,0.0,1.0
window_10_0pct::CkV7be4efUiUAYVZJ4,window_10_0pct,1784126117.222621,0,-0.267482988044373,-0.188963017085524,-0.4667486226453396,-0.23018571542821972,-0.4040441742631775,-0.2487534157458832,-0.23661478631145333,-0.11279163931506173,1.0,0.0,0.0,1.0,0.0,0.0,0.0,0.0,0.0,1.0
window_10_0pct::CDYfjZ1rxyoHwc6nE1,window_10_0pct,1784125620.280778,0,0.1396109370299987,-0.28117959567221085,-0.5815509095187786,-0.3355878063014919,-0.5058838631448596,-0.24968029057598953,-0.2370901495933455,-0.18644386312682565,1.0,0.0,0.0,1.0,0.0,0.0,0.0,0.0,0.0,1.0
window_10_0pct::CUCKec4y1EuDKrs576,window_10_0pct,1784125944.895408,0,-0.07698422366629265,-0.27700689980855986,-0.5940211061129143,-0.3180207911559465,-0.53134378536528,-0.2495889263214931,-0.23702481374141504,-0.12890398868020705,1.0,0.0,0.0,1.0,0.0,0.0,0.0,0.0,0.0,1.0
window_08_22pct::CsgV7F48ANK1nLpPdk,window_08_22pct,1783718129.588585,1,-0.07398722226524986,-0.32603607620645897,-0.7379063557416712,-0.35315482144703725,-0.6077235520265416,-0.24970059204549638,-0.2370564065591264,1518.2410825660247,1.0,0.0,0.0,1.0,0.0,0.0,0.0,1.0,0.0,0.0
window_10_0pct::C3cEdI1L5gFzLwqq57,window_10_0pct,1784125974.811777,0,0.22756628389935823,-0.09507736015337671,1.416633454106092,0.4373608601025039,1.1744710034028936,-0.24948421942952445,-0.23675964329271748,-0.5101105966343995,1.0,0.0,0.0,1.0,0.0,0.0,0.0,0.0,0.0,1.0
window_10_0pct::CQIRtQcevtfrTbmn2,window_10_0pct,1784124035.674102,0,0.7108076090206958,-0.27784143898129005,-0.5815509095187786,-0.3004537760104012,-0.45496401870401854,-0.24973955367933023,-0.2371189656037151,-0.1707229648245473,1.0,0.0,0.0,1.0,0.0,0.0,0.0,0.0,0.0,1.0
window_10_0pct::CNaVoV3YpXFZOvEIrf,window_10_0pct,1784125057.633459,0,-0.128070776225684,-0.19250980856962732,-0.45166542063198994,-0.23018571542821972,-0.4040441742631775,-0.2493199008073061,-0.23690657958765304,-0.14779969300739162,1.0,0.0,0.0,1.0,0.0,0.0,0.0,0.0,0.0,1.0
window_10_0pct::Ciyj5r1CqAxVr6Zco5,window_10_0pct,1784125716.669251,0,-0.389618235758845,-0.27846734336083767,-0.5573540544579261,-0.3004537760104012,-0.5058838631448596,0.4315644393653386,0.2675976045759543,-0.23133881845355705,1.0,0.0,0.0,1.0,0.0,0.0,0.0,0.0,0.0,1.0
window_10_0pct::CP5LwG3o6P8Kv3e56b,window_10_0pct,1784125705.422894,0,-0.3891794845920067,-0.36984938277479434,-0.7379063557416712,-0.4058558668836733,-0.684103318687803,-0.24979859986280267,-0.20131316653005607,-0.6040302242810942,1.0,0.0,0.0,0.0,1.0,0.0,0.0,0.0,0.0,1.0
window_10_0pct::CP3gIA1MNdoaVtR2k8,window_10_0pct,1784125777.541336,0,-0.3873359290504703,0.0939457624700131,-0.2973493932728743,-0.12478362455494757,-0.2512846409406545,-0.11199625843601138,-0.1969344867263104,0.17122704020859497,1.0,0.0,0.0,1.0,0.0,0.0,0.0,0.0,0.0,1.0
window_02_3pct::CHlDDh1qln3NcrWHil,window_02_3pct,1783696630.971143,1,-0.38971290352885773,-0.36984938277479434,-0.7379063557416712,-0.4585569123203094,-0.7095632409082235,-0.24979859986280267,89.33754977592461,-0.6040302242810942,1.0,0.0,0.0,0.0,1.0,0.0,1.0,0.0,0.0,0.0
window_10_0pct::CsTOt34YDsf5feYpuj,window_10_0pct,1784126096.640224,0,-0.18729938684360967,-0.10446592584659145,-0.2962022201619998,-0.14235063970049294,-0.276744563161075,-0.2488726256516387,-0.23671361721286394,-0.16158027352631435,1.0,0.0,0.0,1.0,0.0,0.0,0.0,0.0,0.0,1.0
window_10_0pct::CExZ6r48vPHnvAC41b,window_10_0pct,1784125383.041125,0,-0.38866390393252276,-0.36984938277479434,-0.7379063557416712,-0.4058558668836733,-0.684103318687803,-0.24979859986280267,-0.21893208289995192,-0.6040302242810942,1.0,0.0,0.0,0.0,1.0,0.0,0.0,0.0,0.0,1.0
window_10_0pct::C9RQge3efC4Wkw2ruh,window_10_0pct,1784125384.251227,0,-0.07132310596482797,-0.27825870856765517,-0.5940211061129143,-0.3180207911559465,-0.53134378536528,-0.24959543120588232,-0.23702726026598103,-0.1353101851152752,1.0,0.0,0.0,1.0,0.0,0.0,0.0,0.0,0.0,1.0
window_10_0pct::CAFcSbgU7WsdOsqF6,window_10_0pct,1784124769.707681,0,-0.3120056203188564,0.09165077974500505,0.5989539534105576,0.12115458748268745,0.48705310345154007,-0.24560415486471324,-0.2350704721277792,-0.3498032760096092,1.0,0.0,0.0,1.0,0.0,0.0,0.0,0.0,0.0,1.0
window_10_0pct::CPkrcD1jW52kKXjuC,window_10_0pct,1784124799.842592,0,-0.38971218828972926,-0.3631730693929528,-0.7368866463097827,-0.4585569123203094,-0.7095632409082235,5.884888611777276,5.983303714026363,4.119297628905474,0.0,1.0,1.0,0.0,0.0,0.0,0.0,0.0,0.0,1.0
window_05_12pct::CZ6QP31Fqx3EvV0nLa,window_05_12pct,1783707882.627963,1,-0.07831033038644247,-0.32624471099964153,-0.7379063557416712,-0.35315482144703725,-0.6077235520265416,-0.2496997046157246,-0.23705493494559673,1511.0084867908329,1.0,0.0,0.0,1.0,0.0,0.0,0.0,1.0,0.0,0.0
window_10_0pct::Cw74Z4WLjSqz4xeMk,window_10_0pct,1784126000.679081,0,-0.37549201744264904,0.0720391091858454,-0.15408021809254993,-0.0018145185361300583,-0.12398502983855199,-0.22785291830307067,-0.22808488685271242,-0.04664428199471672,1.0,0.0,0.0,1.0,0.0,0.0,0.0,0.0,0.0,1.0
window_10_0pct::ChcE4n1k9bitYdxVzd,window_10_0pct,1784125926.484384,0,1.1912827521504648,0.7273609945722332,3.956134818438235,1.5792168445629522,3.3640243143590567,-0.24930845564393472,-0.23680858618252043,-0.4318894694759966,1.0,0.0,0.0,1.0,0.0,0.0,0.0,0.0,0.0,1.0
window_10_0pct::Cxnbg73IMGXXiEIW41,window_10_0pct,1784125161.764344,0,-0.38529423091993914,0.4567616678144666,-0.6461112629252148,0.05088652690050602,-0.174904874279393,-0.11767852673786795,-0.2047018451871675,6.0261281425191,1.0,0.0,0.0,0.0,0.0,1.0,0.0,0.0,0.0,1.0
window_10_0pct::Cgmzz33B6KzvNcuazf,window_10_0pct,1784125658.001187,0,0.3260740126644036,0.10041344105867213,0.5308033730460142,0.1914226480648689,0.4361332590106991,-0.24933459607200725,-0.23690858657274552,-0.33106095203162816,1.0,0.0,0.0,1.0,0.0,0.0,0.0,0.0,0.0,1.0
window_10_0pct::CGnd3h4ApNWmsF5HTi,window_10_0pct,1784125768.363922,0,0.35280749489224333,0.1690542880157309,1.4318866076914232,0.4549278752480493,1.1999309256233142,-0.2492860130949257,-0.2368211390331193,-0.42112283538253775,1.0,0.0,0.0,1.0,0.0,0.0,0.0,0.0,0.0,1.0
window_10_0pct::COzIhD4xxmzF9JDSFc,window_10_0pct,1784124383.160161,0,-0.3889323748107421,-0.10050186477612301,-0.5306291697638502,-0.23018571542821972,-0.45496401870401854,-0.006096617149060785,-0.1514109862870511,0.3528545006392568,1.0,0.0,0.0,1.0,0.0,0.0,0.0,0.0,0.0,1.0
window_10_0pct::CZx25u4YjcxBHNOru7,window_10_0pct,1784125228.091514,0,-0.3897119854607228,-0.3631730693929528,-0.7368866463097827,-0.4585569123203094,-0.7095632409082235,4.604019853302974,4.68452507274699,4.119297628905474,0.0,1.0,1.0,0.0,0.0,0.0,0.0,0.0,0.0,1.0
window_10_0pct::CRx0g60itbvwV3cYl,window_10_0pct,1784125477.509358,0,0.25721665007064665,-0.28117959567221085,-0.5955506702607468,-0.3180207911559465,-0.53134378536528,-0.24970179809069434,-0.2370958953366529,-0.14538307351168647,1.0,0.0,0.0,1.0,0.0,0.0,0.0,0.0,0.0,1.0
window_10_0pct::CiI8BS3V6L5ibbSPZ9,window_10_0pct,1784124990.664274,0,-0.3895365597204635,-0.18791984311961124,-0.4385579056429241,-0.23018571542821972,-0.4040441742631775,0.47861197319685816,0.14229957578323976,-0.1564838493188912,1.0,0.0,0.0,1.0,0.0,0.0,0.0,0.0,0.0,1.0
window_10_0pct::Cxs1I41CqouS9pmkM8,window_10_0pct,1784124306.751632,0,-0.38842635914019946,-0.10050186477612301,-0.5306291697638502,-0.2477527305737651,-0.45496401870401854,-0.10194399507685888,-0.18885292050779548,0.3528545006392568,1.0,0.0,0.0,1.0,0.0,0.0,0.0,0.0,0.0,1.0
window_10_0pct::CM2FaXQIEViXJgdhk,window_10_0pct,1784124023.964727,0,-0.22315020372003685,-0.36984938277479434,-0.7379063557416712,-0.4058558668836733,-0.684103318687803,-0.24979859986280267,-0.23704759093543998,-0.6040302242810942,1.0,0.0,0.0,0.0,1.0,0.0,0.0,0.0,0.0,1.0
window_08_22pct::CO5uHk3RMjyukos0J8,window_08_22pct,1783718127.973593,1,-0.3897128715032251,-0.36984938277479434,-0.7379063557416712,-0.4585569123203094,-0.7095632409082235,-0.24979859986280267,55.747032706204436,-0.6040302242810942,1.0,0.0,0.0,0.0,1.0,0.0,1.0,0.0,0.0,0.0
window_10_0pct::CjWiayCBZVKWIrGPk,window_10_0pct,1784124333.526821,0,0.08978461446446617,0.17009746198164366,1.4407240894344562,0.41979384495695854,1.1999309256233142,-0.24900330300754248,-0.23665388108018953,-0.4215121570560545,1.0,0.0,0.0,1.0,0.0,0.0,0.0,0.0,0.0,1.0
window_10_0pct::CBEBCL1GDOAaO9oMY5,window_10_0pct,1784124306.772124,0,-0.38864474192900755,-0.1916752693968971,1.1531235417489236,0.29682473893814104,0.9453317034191091,-0.1319971560296301,-0.04022605181968522,-0.5346422851239325,1.0,0.0,0.0,1.0,0.0,0.0,0.0,0.0,0.0,1.0
window_06_15pct::CCeZpW1ZnSq1q6tOSg,window_06_15pct,1783710630.14054,1,-0.3892387747131897,-0.3531585993201904,-0.6852426123739334,-0.38828885173812794,-0.6077235520265416,-0.22493888446859717,-0.18674777201106926,-0.37072068314587064,1.0,0.0,0.0,1.0,0.0,0.0,0.0,0.0,0.0,1.0
window_10_0pct::CH2ahD1gAE1uyYywyc,window_10_0pct,1784125449.793546,0,0.9187544397828494,0.7434258736472896,2.405093040696441,1.034639375051046,2.0401083588971907,-0.2491976969347796,-0.236848165677822,-0.3431759362735771,1.0,0.0,0.0,1.0,0.0,0.0,0.0,0.0,0.0,1.0
window_10_0pct::CO95eT2l8HgomCCW23,window_10_0pct,1784124845.359167,0,0.27450057441235215,0.3511924624640966,0.13456128297136863,0.13872160262823283,0.10515427014523254,-0.24903191406208014,-0.23691047284488678,0.004585577984874089,1.0,0.0,0.0,1.0,0.0,0.0,0.0,0.0,0.0,1.0
window_10_0pct::CsOMoP2J2jYgnUgki4,window_10_0pct,1784124572.371063,0,-0.3891682435949585,-0.18708530394688103,-0.4767545214457448,-0.2477527305737651,-0.42950409648359805,-0.012831788940084918,-0.12305673265326986,-0.08867688939674961,1.0,0.0,0.0,1.0,0.0,0.0,0.0,0.0,0.0,1.0
window_10_0pct::CgFHoBO7ieU0YQxF1,window_10_0pct,1784125007.005688,0,-0.38971188938382484,-0.3631730693929528,-0.7368866463097827,-0.4585569123203094,-0.7095632409082235,4.167176192518054,4.24157319930013,4.119297628905474,0.0,1.0,1.0,0.0,0.0,0.0,0.0,0.0,0.0,1.0
window_10_0pct::CGBaEs43aqzpTArEz7,window_10_0pct,1784124504.561998,0,0.07277413564924635,-0.09382555139428142,-0.3243929371644153,-0.14235063970049294,-0.276744563161075,-0.24937708622298205,-0.2369659899208413,-0.11246933809086888,1.0,0.0,0.0,1.0,0.0,0.0,0.0,0.0,0.0,1.0
window_10_0pct::CDppJt4jYpdEb1ZhV1,window_10_0pct,1784124113.610286,0,0.17874006846436705,-0.18666803436051593,-0.4595469247826276,-0.2477527305737651,-0.4040441742631775,-0.2495710108255184,-0.23705306959586997,-0.11942864532668976,1.0,0.0,0.0,1.0,0.0,0.0,0.0,0.0,0.0,1.0
window_10_0pct::Ct2pdq1PG3QEZ97iCg,window_10_0pct,1784125394.183572,0,-0.3859023016064179,-0.18917165187870652,1.1531235417489236,0.3143917540836864,0.9453317034191091,-0.21631210957702882,-0.18070190780986503,-0.5336672789531058,1.0,0.0,0.0,1.0,0.0,0.0,0.0,0.0,0.0,1.0
window_10_0pct::C7g0PB1rwdYWKjn6oi,window_10_0pct,1784125416.099385,0,-0.20656464099836533,0.6146982062536566,2.242980484972678,0.9819383296144101,1.8873488255746678,-0.2460019683094574,-0.23499566874736688,-0.36079258218862764,1.0,0.0,0.0,1.0,0.0,0.0,0.0,0.0,0.0,1.0
window_10_0pct::CodjT32BkktmVwFyS7,window_10_0pct,1784124486.155637,0,-0.28090619034859476,-0.2761723606358297,1.1454757210097604,0.29682473893814104,0.9198717811986885,-0.2491905462942801,-0.23522897907278278,-0.5674006052698465,1.0,0.0,0.0,1.0,0.0,0.0,0.0,0.0,0.0,1.0
window_10_0pct::C0kAGRnYZWB61pda7,window_10_0pct,1784124197.502093,0,-0.32800092928099456,-0.17999172097867436,-0.45166542063198994,-0.2477527305737651,-0.4040441742631775,-0.24762578370879804,-0.2361552338653597,-0.11559518491748327,1.0,0.0,0.0,1.0,0.0,0.0,0.0,0.0,0.0,1.0
window_10_0pct::ClmsJbTb2hH28YKE7,window_10_0pct,1784124590.049965,0,0.3103456266749084,-0.08255927256242375,-0.31886951107501965,-0.14235063970049294,-0.276744563161075,-0.24950876477516107,-0.2370326469281156,-0.09914913422536624,1.0,0.0,0.0,1.0,0.0,0.0,0.0,0.0,0.0,1.0
window_10_0pct::CanTbF3R5eXHmj5cYl,window_10_0pct,1784124414.942338,0,-0.13847614979245176,0.18115510602031878,0.4505649871242934,0.13872160262823283,0.41067333679027856,-0.24824965292372933,-0.23649634491305607,-0.2626005086267571,1.0,0.0,0.0,1.0,0.0,0.0,0.0,0.0,0.0,1.0
window_10_0pct::Ch2n4Ho9zA8kK1Prb,window_10_0pct,1784125059.791727,0,1.4322107323032833,0.17218380991346915,-0.25405423031061136,-0.08964959426385685,-0.174904874279393,-0.24958848326067828,-0.23710467696120563,0.2209372351713639,1.0,0.0,0.0,1.0,0.0,0.0,0.0,0.0,0.0,1.0
window_10_0pct::CcXSFF2MXomlPDQdIg,window_10_0pct,1784124800.808685,0,-0.3070867180036878,-0.36984938277479434,-0.7379063557416712,-0.4058558668836733,-0.684103318687803,-0.24979859986280267,-0.23693095109032358,-0.6040302242810942,1.0,0.0,0.0,0.0,1.0,0.0,0.0,0.0,0.0,1.0
window_10_0pct::CCOItA49hHirJutM27,window_10_0pct,1784124090.611457,0,-0.3855445859653088,-0.1916752693968971,1.1531235417489236,0.3143917540836864,0.9453317034191091,-0.21961000381195545,-0.18554715911534073,-0.5346422851239325,1.0,0.0,0.0,1.0,0.0,0.0,0.0,0.0,0.0,1.0
window_10_0pct::C6K2aB4hb2dahyC1g8,window_10_0pct,1784124676.673976,0,-0.03346979033219152,-0.002860781566689856,-0.3410694351650907,-0.12478362455494757,-0.3022044853814955,-0.24907103670039518,-0.23689398970573813,0.0769898479079004,1.0,0.0,0.0,1.0,0.0,0.0,0.0,0.0,0.0,1.0
window_10_0pct::CgIQgx2BKZnVAK4F27,window_10_0pct,1784124658.368779,0,0.5550166453405583,0.10416886733595802,0.019610288472445885,0.05088652690050602,0.02877450348397103,-0.24944423373072538,-0.23701058418153975,-0.14320805873421774,1.0,0.0,0.0,1.0,0.0,0.0,0.0,0.0,0.0,1.0
window_10_0pct::C7gyyT1ZvvcQh0mlt2,window_10_0pct,1784126089.5605,0,-0.32479912395937277,-0.18666803436051593,-0.4595469247826276,-0.23018571542821972,-0.4040441742631775,-0.24780559358178889,-0.23613125803861024,-0.11942864532668976,1.0,0.0,0.0,1.0,0.0,0.0,0.0,0.0,0.0,1.0
window_10_0pct::CK0RltEbzMQSCJpW7,window_10_0pct,1784125212.71953,0,-0.3893152305734548,-0.18708530394688103,-0.4767545214457448,-0.26531974571931044,-0.42950409648359805,0.07474359339329945,-0.09290810258640954,-0.08867688939674961,1.0,0.0,0.0,1.0,0.0,0.0,0.0,0.0,0.0,1.0
window_10_0pct::Cx8RTt4Ilo42YW3p1h,window_10_0pct,1784124105.37162,0,0.19653180191204173,0.08539173594952856,0.306318590405076,0.06845354204605138,0.23245388124733507,-0.2492501623176503,-0.2369095881434443,-0.2829738926471039,1.0,0.0,0.0,1.0,0.0,0.0,0.0,0.0,0.0,1.0
window_10_0pct::CDx67a2JcBBeNVHuDf,window_10_0pct,1784125229.72618,0,-0.20806574645033946,-0.27846734336083767,-0.5573540544579261,-0.3355878063014919,-0.5058838631448596,-0.2494432985741018,-0.2369518416224012,-0.23133881845355705,1.0,0.0,0.0,1.0,0.0,0.0,0.0,0.0,0.0,1.0
window_10_0pct::CZFlf12uz5N6ijz5ri,window_10_0pct,1784125411.867247,0,-0.3349295254445001,0.003815531815151727,-0.38493818468279084,-0.17748466999158366,-0.327664407601916,-0.24498136568168183,-0.23567875959557064,0.17555445514649068,1.0,0.0,0.0,1.0,0.0,0.0,0.0,0.0,0.0,1.0
window_10_0pct::CwuQJT2dEHctGuQrh,window_10_0pct,1784125138.964791,0,-0.21264484612824214,-0.36984938277479434,-0.7379063557416712,-0.4058558668836733,-0.684103318687803,-0.24979859986280267,-0.23705440308971865,-0.6040302242810942,1.0,0.0,0.0,0.0,1.0,0.0,0.0,0.0,0.0,1.0
window_05_12pct::C1XYfDDZAokRfocDi,window_05_12pct,1783706881.195475,1,-0.38962758724356883,-0.3531585993201904,-0.6852426123739334,-0.38828885173812794,-0.6077235520265416,-0.11171635675973725,0.042863575329602846,-0.37072068314587064,1.0,0.0,0.0,1.0,0.0,0.0,0.0,0.0,0.0,1.0
window_10_0pct::CyGytv3ex3TlK3tYe5,window_10_0pct,1784124276.489019,0,-0.26743712733846703,0.08914716222681446,-0.1652545339503273,-0.054515563972766135,-0.12398502983855199,-0.24714745494513607,-0.2362239786364633,-0.013767557611129109,1.0,0.0,0.0,1.0,0.0,0.0,0.0,0.0,0.0,1.0
window_10_0pct::Cw5h0q1b4wRl1RLp8g,window_10_0pct,1784125836.124173,0,0.09461912923769177,-0.0074507470167059445,-0.20653152199531102,-0.10721660940940221,-0.14944495205897249,-0.24927014489824503,-0.2369551058718914,-0.10179072394094929,1.0,0.0,0.0,1.0,0.0,0.0,0.0,0.0,0.0,1.0
window_10_0pct::CMkW2MBF4MFI5iNB5,window_10_0pct,1784124232.456935,0,0.4824070955782529,-0.18645939956733337,-0.47615969094380994,-0.2477527305737651,-0.37858425204275703,-0.24965008702119848,-0.23709114127433298,-0.08808705869160326,1.0,0.0,0.0,1.0,0.0,0.0,0.0,0.0,0.0,1.0
window_10_0pct::CYVnSH18b9suowDU51,window_10_0pct,1784124684.849535,0,-0.06421936161654578,0.1740615230521121,0.07014963719041617,0.08602055719159674,0.10515427014523254,-0.24861841513926516,-0.2366923650154854,-0.10833178624740773,1.0,0.0,0.0,1.0,0.0,0.0,0.0,0.0,0.0,1.0
window_10_0pct::CuHrWP2rijMtAXYk6k,window_10_0pct,1784124936.634974,0,0.11570598002522013,-0.016213408330373023,-0.2683301623570494,-0.08964959426385685,-0.225824718720234,-0.24930443757654222,-0.2369542951512269,-0.04943851023674566,1.0,0.0,0.0,1.0,0.0,0.0,0.0,0.0,0.0,1.0
window_10_0pct::CHx6c72MJCM5kjxXD9,window_10_0pct,1784124063.621874,0,-0.31432157529189964,0.5091290009032865,0.025558593491795057,0.1035875723371421,0.054234425704391534,-0.2415644045915924,-0.2350696273468415,0.24382102369140385,1.0,0.0,0.0,1.0,0.0,0.0,0.0,0.0,0.0,1.0
window_10_0pct::CWGv9jkoZqaSDxvv5,window_10_0pct,1784124931.922466,0,0.5101527052240759,0.36830051550506565,0.16831791395617518,0.15628861777377817,0.18153403680649405,-0.24921926247919277,-0.23697113565718905,-0.004182036263816343,1.0,0.0,0.0,1.0,0.0,0.0,0.0,0.0,0.0,1.0
window_10_0pct::CbmLoP7wFReOc5ti4,window_10_0pct,1784125265.401654,0,-0.2260771437121269,-0.36984938277479434,-0.7379063557416712,-0.4058558668836733,-0.684103318687803,-0.24979859986280267,-0.23704553717658766,-0.6040302242810942,1.0,0.0,0.0,0.0,1.0,0.0,0.0,0.0,0.0,1.0
window_10_0pct::CJaUtFttKrwOHwes7,window_10_0pct,1784125213.864105,0,-0.32275078584767924,-0.10050186477612301,-0.5306291697638502,-0.26531974571931044,-0.45496401870401854,-0.24695775105194986,-0.2363056018073762,0.3528545006392568,1.0,0.0,0.0,1.0,0.0,0.0,0.0,0.0,0.0,1.0
window_10_0pct::CP7gC2OjAHCoXZgH,window_10_0pct,1784124244.765312,0,0.1178816734026164,0.3664228023664227,0.6857992066930555,0.29682473893814104,0.5888927923332221,-0.24877416100276015,-0.23674796438409637,-0.22317984840219113,1.0,0.0,0.0,1.0,0.0,0.0,0.0,0.0,0.0,1.0
window_10_0pct::C8HTIi33Ookh8yQPd4,window_10_0pct,1784125832.981295,0,-0.38854550516874165,-0.18666803436051593,1.1531235417489236,0.3143917540836864,0.9453317034191091,-0.13898144761844702,-0.052870841321211844,-0.5326922727822792,1.0,0.0,0.0,1.0,0.0,0.0,0.0,0.0,0.0,1.0
window_06_15pct::ChzKPZ1spdfVw7nK8,window_06_15pct,1783711629.652088,1,-0.3897127861015381,-0.36984938277479434,-0.7379063557416712,-0.4585569123203094,-0.7095632409082235,-0.24979859986280267,27.75493514810427,-0.6040302242810942,1.0,0.0,0.0,0.0,1.0,0.0,1.0,0.0,0.0,0.0
window_10_0pct::CHC8z61VpkEkzZ8BPi,window_10_0pct,1784124857.241,0,0.17699151162438043,-0.18249533849686495,-0.4610764889304602,-0.2477527305737651,-0.4040441742631775,-0.24956510834700196,-0.23705273222795606,-0.10565154057004793,1.0,0.0,0.0,1.0,0.0,0.0,0.0,0.0,0.0,1.0
window_10_0pct::C371X6mde04ZcqYxf,window_10_0pct,1784125942.6885,0,0.8172872116325545,0.2522995704955681,0.5407880278999218,0.1914226480648689,0.48705310345154007,-0.2494345576769357,-0.23701188516284413,-0.24571681715685278,1.0,0.0,0.0,1.0,0.0,0.0,0.0,0.0,0.0,1.0
window_10_0pct::Cy2HmF2ddoIQxMUeab,window_10_0pct,1784124784.209509,0,0.31729754817416933,-0.09507736015337671,-0.33380400546288563,-0.1599176548460383,-0.276744563161075,-0.24952411947844685,-0.23704068534809208,-0.10330328132111033,1.0,0.0,0.0,1.0,0.0,0.0,0.0,0.0,0.0,1.0
window_05_12pct::COptuZ2Re3gzNt1wj3,window_05_12pct,1783706881.911785,1,-0.07108828335127702,-0.32603607620645897,-0.7379063557416712,-0.35315482144703725,-0.6077235520265416,-0.24970148374880452,-0.23705737100887994,1518.2410825660247,1.0,0.0,0.0,1.0,0.0,0.0,0.0,1.0,0.0,0.0
window_10_0pct::CZTI41mKNSYf1fkWg,window_10_0pct,1784125603.447017,0,-0.38906202524678235,-0.18124352973776964,-0.4767545214457448,-0.2828867608648558,-0.42950409648359805,-0.04516146740944528,-0.15636653669778464,-0.07220440837304908,1.0,0.0,0.0,1.0,0.0,0.0,0.0,0.0,0.0,1.0
window_10_0pct::Ca5IpH33AzgZmmFKHj,window_10_0pct,1784123976.019059,0,1.085002957460497,-0.006824842637158296,-0.03985151777454816,-0.019381533681675417,0.02877450348397103,-0.2496247428207741,-0.23707811595582434,-0.22105041147421772,1.0,0.0,0.0,1.0,0.0,0.0,0.0,0.0,0.0,1.0
window_10_0pct::C4mvBS2whDSbLKTMKi,window_10_0pct,1784124903.533506,0,0.3056578106494855,-0.08568879446016199,-0.3103931764224471,-0.12478362455494757,-0.2512846409406545,-0.24950998939216865,-0.23702489645837047,-0.11454970523456443,1.0,0.0,0.0,1.0,0.0,0.0,0.0,0.0,0.0,1.0
window_10_0pct::CSGBhW214X5ffGO0kl,window_10_0pct,1784124131.023348,0,-0.30483518792825703,-0.36984938277479434,-0.7379063557416712,-0.4058558668836733,-0.684103318687803,-0.24979859986280267,-0.23693709093934892,-0.6040302242810942,1.0,0.0,0.0,0.0,1.0,0.0,0.0,0.0,0.0,1.0
window_10_0pct::C1hlwo4mFpcC5EgF3g,window_10_0pct,1784124151.620729,0,0.04256581890652314,0.28526386781841095,0.3751914649505403,0.17385563291932354,0.33429357012901706,-0.24872827123833602,-0.23675317788908354,-0.17060176971112523,1.0,0.0,0.0,1.0,0.0,0.0,0.0,0.0,0.0,1.0
window_10_0pct::C1c6Uw3qsQZ2AKHZX2,window_10_0pct,1784124858.00467,0,-0.11048213866484874,0.1703060967748262,-0.30361635748968857,-0.08964959426385685,-0.2512846409406545,-0.2484323815368723,-0.2367857138123767,0.31189574235811107,1.0,0.0,0.0,1.0,0.0,0.0,0.0,0.0,0.0,1.0
window_10_0pct::CkiaNc3LUHH2Q4tnP7,window_10_0pct,1784124219.441591,0,-0.36964489486695107,-0.27700689980855986,-0.5815509095187786,-0.3180207911559465,-0.5058838631448596,-0.24653117220370052,-0.23501819187055967,-0.16679274024897772,1.0,0.0,0.0,1.0,0.0,0.0,0.0,0.0,0.0,1.0
window_10_0pct::COtg9c3GdwJid8XPdk,window_10_0pct,1784124151.450531,0,-0.3892014541759812,-0.002026242393959658,-0.3967498189354985,-0.17748466999158366,-0.35312432982233655,0.25807514524360003,-0.07825913261296263,0.18993405664439625,1.0,0.0,0.0,1.0,0.0,0.0,0.0,0.0,0.0,1.0
window_10_0pct::C0pGhv3aMxhtXryuya,window_10_0pct,1784124292.910936,0,0.2473968331706287,0.46615023350768137,1.9422936662445776,0.7711341478678657,1.658209525590883,-0.24887186293494135,-0.23662959559015553,-0.3743211846882304,1.0,0.0,0.0,1.0,0.0,0.0,0.0,0.0,0.0,1.0
window_10_0pct::CoipY34d27J7GJlsM8,window_10_0pct,1784125669.570027,0,0.36525087296658054,0.18616234105669996,1.6324082186829834,0.5251959358302307,1.3781503811662577,-0.24927845720414626,-0.23680143210859744,-0.43128075314558695,1.0,0.0,0.0,1.0,0.0,0.0,0.0,0.0,0.0,1.0
window_10_0pct::CgekPQ2wkHHZTf8Yk1,window_10_0pct,1784125576.119721,0,-0.3893691830892017,-0.18583349518778575,1.1531235417489236,0.27925772379259567,0.9453317034191091,0.12824961836219925,0.3608738946953724,-0.5323672707253371,1.0,0.0,0.0,1.0,0.0,0.0,0.0,0.0,0.0,1.0
window_10_0pct::CWXLNO1nOvzajYik4h,window_10_0pct,1784124387.572736,0,-0.25572628223416494,-0.010371634121261637,-0.35007686848010516,-0.17748466999158366,-0.3022044853814955,-0.24790374882606686,-0.23655578653712908,0.0785442688259715,1.0,0.0,0.0,1.0,0.0,0.0,0.0,0.0,0.0,1.0
window_10_0pct::CqAJTh2W7bjzLRL6pi,window_10_0pct,1784125933.333415,0,-0.3399346514378817,-0.36984938277479434,-0.7379063557416712,-0.4058558668836733,-0.684103318687803,-0.24979859986280267,-0.23677821494047563,-0.6040302242810942,1.0,0.0,0.0,0.0,1.0,0.0,0.0,0.0,0.0,1.0
window_10_0pct::C86ktE1mdBIlvBlEo4,window_10_0pct,1784125109.634992,0,0.0009079755464330913,-0.18249533849686495,-0.4682781867931723,-0.26531974571931044,-0.4040441742631775,-0.24945985538094,-0.23701553170106707,-0.09234102502777702,1.0,0.0,0.0,1.0,0.0,0.0,0.0,0.0,0.0,1.0
window_10_0pct::Cp776rjFcKvZlEcPk,window_10_0pct,1784124234.296052,0,-0.38933749906333376,-0.36984938277479434,-0.7379063557416712,-0.4058558668836733,-0.684103318687803,-0.24979859986280267,-0.18622572227821907,-0.6040302242810942,1.0,0.0,0.0,0.0,1.0,0.0,0.0,0.0,0.0,1.0
window_06_15pct::CMbiV74fNVWlbmpgTj,window_06_15pct,1783711629.654854,1,-0.389712796776749,-0.36984938277479434,-0.7379063557416712,-0.4585569123203094,-0.7095632409082235,-0.24979859986280267,29.62107498531095,-0.6040302242810942,1.0,0.0,0.0,0.0,1.0,0.0,1.0,0.0,0.0,0.0
window_10_0pct::Cb6LTv4uFBkCB3hqre,window_10_0pct,1784125083.858459,0,-0.3884849767230975,-0.09173920346245593,-0.5306291697638502,-0.2477527305737651,-0.45496401870401854,-0.08984640767537921,-0.18654686903663412,0.38398475505184754,1.0,0.0,0.0,1.0,0.0,0.0,0.0,0.0,0.0,1.0
window_10_0pct::CXg2po2xW1cf0kMxMg,window_10_0pct,1784125121.143553,0,-0.38929823563774657,-0.18917165187870652,1.1531235417489236,0.26169070864705035,0.9453317034191091,0.057891122700987736,0.2470376867644663,-0.5336672789531058,1.0,0.0,0.0,1.0,0.0,0.0,0.0,0.0,0.0,1.0
window_10_0pct::CH5o6x1XtUu2VMVkQb,window_10_0pct,1784124302.681087,0,-0.27323269932086425,-0.17310677280365022,-0.6606421223296249,-0.3355878063014919,-0.582263629806121,-0.24860568135831712,-0.23683403539878733,1.2707190379525481,1.0,0.0,0.0,1.0,0.0,0.0,0.0,0.0,0.0,1.0
window_10_0pct::CIZG542lF4X0jKxFZj,window_10_0pct,1784125363.342444,0,0.4083701420198337,-0.184790321221873,-0.3501406003195982,-0.2477527305737651,-0.327664407601916,-0.2496348326676027,-0.23708452978358022,-0.25258328374229483,1.0,0.0,0.0,1.0,0.0,0.0,0.0,0.0,0.0,1.0
window_10_0pct::C7UXqu2qUFm0XF5sGd,window_10_0pct,1784124147.379426,0,0.14187479697398658,0.18136374081350132,-0.3177860698036382,-0.12478362455494757,-0.276744563161075,-0.2490662657731855,-0.236982528323603,0.36216879670576346,1.0,0.0,0.0,1.0,0.0,0.0,0.0,0.0,0.0,1.0
window_10_0pct::C8g11G4dVNeoziI594,window_10_0pct,1784124972.810854,0,-0.38873859838299396,-0.2818055000517585,-0.5573540544579261,-0.2828867608648558,-0.5058838631448596,-0.1859803238397482,-0.18318577758296292,-0.24495311638333006,1.0,0.0,0.0,1.0,0.0,0.0,0.0,0.0,0.0,1.0
window_10_0pct::C172H617EKprDEE5Ck,window_10_0pct,1784124899.977318,0,-0.38856033303664284,-0.18332987766959513,1.1531235417489236,0.38465981466586785,0.9453317034191091,-0.13551042027722476,-0.033907820976978635,-0.5313922645545104,1.0,0.0,0.0,1.0,0.0,0.0,0.0,0.0,0.0,1.0
window_10_0pct::Cpy2AE1TVwG2SjUUzd,window_10_0pct,1784125267.675337,0,-0.38924602318137175,-0.18541622560142063,-0.4767545214457448,-0.26531974571931044,-0.42950409648359805,0.029165571695316132,-0.11428900507693765,-0.08397046624712094,1.0,0.0,0.0,1.0,0.0,0.0,0.0,0.0,0.0,1.0
window_10_0pct::CUxzjs1SZQySSVKMw9,window_10_0pct,1784125357.392645,0,-0.38958670118592925,-0.18708530394688103,-0.4767545214457448,-0.26531974571931044,-0.42950409648359805,0.7725628184294604,0.2172624425580258,-0.08867688939674961,1.0,0.0,0.0,1.0,0.0,0.0,0.0,0.0,0.0,1.0
window_10_0pct::CRWGTv2GdjGXmquvlg,window_10_0pct,1784124644.445043,0,-0.38926137413460565,-0.279719152119933,-0.6191102069266692,-0.3355878063014919,-0.5568037075857005,-0.10883798405943268,-0.15246219517303117,-0.04538881986791441,1.0,0.0,0.0,1.0,0.0,0.0,0.0,0.0,0.0,1.0
window_10_0pct::CyDQwI1x8stslyTB24,window_10_0pct,1784126132.362747,0,-0.3897117292556618,-0.3631730693929528,-0.7368866463097827,-0.4585569123203094,-0.7095632409082235,3.5910490456857693,3.6573902937397795,4.119297628905474,0.0,1.0,1.0,0.0,0.0,0.0,0.0,0.0,0.0,1.0
window_10_0pct::CwC3pi1i6rlZFp7VTa,window_10_0pct,1784125313.166321,0,-0.2786159946593857,-0.0016089728075945591,0.3899347638199272,0.05088652690050602,0.3088336479085966,-0.24745764019859715,-0.2358713365200052,-0.36358398022440364,1.0,0.0,0.0,1.0,0.0,0.0,0.0,0.0,0.0,1.0
window_10_0pct::CPX5E24f0xML9MjSBk,window_10_0pct,1784124346.182156,0,-0.15210634443548118,0.002146453469691331,-0.37926605096791144,-0.1599176548460383,-0.327664407601916,-0.2486928822549189,-0.23680021214361427,0.1597983765106617,1.0,0.0,0.0,1.0,0.0,0.0,0.0,0.0,0.0,1.0
window_10_0pct::CXIafT1BNP2lTbtitc,window_10_0pct,1784126072.023507,0,-0.242767387551609,-0.3231151891019033,-0.7331477117261919,-0.4058558668836733,-0.6331834742469621,-0.2495739827050845,-0.23703226262968538,6.5964206807988734,0.0,0.0,0.0,0.0,1.0,0.0,0.0,0.0,0.0,0.0
window_10_0pct::CZRv9K2n3PZ75n969,window_10_0pct,1784125305.59854,0,-0.20715447842467477,-0.19313571294917498,-0.47615969094380994,-0.26531974571931044,-0.4040441742631775,-0.2491149514531491,-0.23684813406108027,-0.10686997256971896,1.0,0.0,0.0,1.0,0.0,0.0,0.0,0.0,0.0,1.0
window_10_0pct::CDfesY1fuqEcMF5Off,window_10_0pct,1784125737.503563,0,0.8288223641163255,0.8181171296066423,2.230850191522505,0.9643713144688647,1.9128087477950881,-0.2491100573732658,-0.2368406680987157,-0.30933767028034387,1.0,0.0,0.0,1.0,0.0,0.0,0.0,0.0,0.0,1.0
window_10_0pct::C46k0t3n9bTPI9FJge,window_10_0pct,1784125103.52,0,0.4752481710649736,0.5304097498079066,1.8366050324186414,0.736000117576775,1.5563698367092011,-0.249063518156608,-0.2367810067465372,-0.34650973339534397,1.0,0.0,0.0,1.0,0.0,0.0,0.0,0.0,0.0,1.0
window_10_0pct::CDSHCt1FOF4xep5fEf,window_10_0pct,1784125021.797035,0,-0.38834885710926886,-0.00536439908488045,-0.3967498189354985,-0.1599176548460383,-0.35312432982233655,-0.061087187010020264,-0.17407274089748725,0.1827284817749646,1.0,0.0,0.0,1.0,0.0,0.0,0.0,0.0,0.0,1.0
window_10_0pct::CfleAX1G8vXBfNJhHd,window_10_0pct,1784126037.637408,0,-0.3853954852950599,0.38394812499375686,1.7181275428011045,0.6481650418490482,1.4545301478275192,-0.12649099101394015,-0.1662891561813662,-0.37800378640467613,1.0,0.0,0.0,1.0,0.0,0.0,0.0,0.0,0.0,1.0
window_10_0pct::CLLz8k1U5m57LcjcEh,window_10_0pct,1784124151.456933,0,-0.3892699463289358,-0.36984938277479434,-0.7379063557416712,-0.4058558668836733,-0.684103318687803,-0.24979859986280267,-0.19399283377192877,-0.6040302242810942,1.0,0.0,0.0,0.0,1.0,0.0,0.0,0.0,0.0,1.0
window_10_0pct::CMJeUA43HytCEOF4Fj,window_10_0pct,1784124928.529978,0,0.7423443917051717,0.10625521526778352,0.9109425516754216,0.27925772379259567,0.7671122478761656,-0.24950157102436893,-0.23698080327548593,-0.39138355917353923,1.0,0.0,0.0,1.0,0.0,0.0,0.0,0.0,0.0,1.0
window_10_0pct::C8DeL2joTlGincUck,window_10_0pct,1784126061.813459,0,-0.32627206820506666,-0.36984938277479434,-0.7379063557416712,-0.4058558668836733,-0.684103318687803,-0.24979859986280267,-0.23686095490566042,-0.6040302242810942,1.0,0.0,0.0,0.0,1.0,0.0,0.0,0.0,0.0,1.0
window_07_17pct::CLfKNt3fMbbwLMxiZ,window_07_17pct,1783715379.375754,1,-0.38953616473766123,-0.3531585993201904,-0.6852426123739334,-0.38828885173812794,-0.6077235520265416,-0.1831212435379905,-0.10194305098085973,-0.37072068314587064,1.0,0.0,0.0,1.0,0.0,0.0,0.0,0.0,0.0,1.0
window_10_0pct::C95i1lHm8godXU7fk,window_10_0pct,1784124387.579554,0,-0.25579916189878793,-0.1895889214650716,-0.4767545214457448,-0.2477527305737651,-0.42950409648359805,-0.24884790788389674,-0.23669826900738192,-0.0957365241211927,1.0,0.0,0.0,1.0,0.0,0.0,0.0,0.0,0.0,1.0
window_10_0pct::CFRYfB38licNtw21h4,window_10_0pct,1784126169.279212,0,0.24358633800029758,-0.36984938277479434,-0.7379063557416712,-0.38828885173812794,-0.6586433964673826,-0.24979859986280267,-0.23712466208787378,-0.6040302242810942,1.0,0.0,0.0,0.0,1.0,0.0,0.0,0.0,0.0,1.0
window_10_0pct::CiCq1Z2OiZXIKszOvk,window_10_0pct,1784125633.560626,0,-0.3890833222924719,-0.10676090857159949,-0.5306291697638502,-0.26531974571931044,-0.45496401870401854,0.04530730358450774,-0.14604013788868792,0.3306186046302633,1.0,0.0,0.0,1.0,0.0,0.0,0.0,0.0,0.0,1.0
window_10_0pct::CJAJBQPD1cjnGnd05,window_10_0pct,1784125665.556044,0,-0.38889693311064716,-0.36984938277479434,-0.7379063557416712,-0.4058558668836733,-0.684103318687803,-0.24979859986280267,-0.21372610953255275,-0.6040302242810942,1.0,0.0,0.0,0.0,1.0,0.0,0.0,0.0,0.0,1.0
window_10_0pct::C1XDZo4IufAHPcIcs2,window_10_0pct,1784125278.303047,0,-0.3895401999673709,-0.09319964701473378,-0.6512947858706477,-0.3004537760104012,-0.5568037075857005,0.8811931381294222,0.03959317359775347,1.74771621954051,1.0,0.0,0.0,1.0,0.0,0.0,0.0,0.0,0.0,1.0
window_10_0pct::CusMMK2qVSfJ4Mkyeg,window_10_0pct,1784125623.058062,0,0.098027937573332,0.009865940817445662,-0.13226268503943708,-0.054515563972766135,-0.09852510761813149,-0.249248763291641,-0.23692714681771077,-0.14232119899700735,1.0,0.0,0.0,1.0,0.0,0.0,0.0,0.0,0.0,1.0
window_10_0pct::CzLP6432HZew9bBNOa,window_10_0pct,1784124933.09656,0,1.6786893096994093,1.700433669975644,3.6146596224345973,1.6319178899995883,3.1858048588161134,-0.24909169756823155,-0.23688502808905293,-0.2537425136652906,1.0,0.0,0.0,1.0,0.0,0.0,0.0,0.0,0.0,1.0
window_08_22pct::CJrwXG2xkg4YpLygi5,window_08_22pct,1783718130.575452,1,-0.08440907835760394,-0.3258274414132764,-0.7379063557416712,-0.35315482144703725,-0.6077235520265416,-0.2496967638144153,-0.23705278802480398,1525.4736783412168,1.0,0.0,0.0,1.0,0.0,0.0,0.0,1.0,0.0,0.0
window_10_0pct::CdD6XGBYgqXY3A2V9,window_10_0pct,1784125950.768733,0,0.31124605936153815,-0.18645939956733337,-0.4682781867931723,-0.23018571542821972,-0.37858425204275703,-0.24961382297255857,-0.23706691792810958,-0.10316741120351543,1.0,0.0,0.0,1.0,0.0,0.0,0.0,0.0,0.0,1.0
window_08_22pct::ClZeMr3Kohe9kJmmG6,window_08_22pct,1783719129.277406,1,-0.38958283675959354,-0.3531585993201904,-0.6852426123739334,-0.38828885173812794,-0.6077235520265416,-0.1592051387014921,-0.05344202238017569,-0.37072068314587064,1.0,0.0,0.0,1.0,0.0,0.0,0.0,0.0,0.0,1.0
window_10_0pct::CTdoeh3dcZwgpRnn8d,window_10_0pct,1784126048.005837,0,-0.3886881153107804,-0.10050186477612301,-0.5306291697638502,-0.2477527305737651,-0.45496401870401854,-0.06418025151577324,-0.17651412879253725,0.3528545006392568,1.0,0.0,0.0,1.0,0.0,0.0,0.0,0.0,0.0,1.0
window_10_0pct::C91AMS1vOf9OqnO7g2,window_10_0pct,1784124524.381643,0,0.7465544173175974,0.08205357925860778,-0.021942870877007616,0.03331951175496066,-0.02214534095686998,-0.24951771436282416,-0.23704038484614165,-0.13921099605020307,1.0,0.0,0.0,1.0,0.0,0.0,0.0,0.0,0.0,1.0
window_10_0pct::CH0XxB1UxfTFBKaIb7,window_10_0pct,1784125978.257871,0,-0.3893803707101956,-0.2788846129472028,-0.5573540544579261,-0.3180207911559465,-0.5058838631448596,-0.05663127023292247,-0.10778150650154747,-0.23304060569477866,1.0,0.0,0.0,1.0,0.0,0.0,0.0,0.0,0.0,1.0
window_10_0pct::C7TK1vwOVNPU0Wyye,window_10_0pct,1784125579.12381,0,-0.38934382946338075,-0.36984938277479434,-0.7379063557416712,-0.4058558668836733,-0.684103318687803,-0.24979859986280267,-0.18535217679217064,-0.6040302242810942,1.0,0.0,0.0,0.0,1.0,0.0,0.0,0.0,0.0,1.0
window_10_0pct::CyvkM43F0UHMYAwGr6,window_10_0pct,1784125482.828305,0,-0.23049436449236682,-0.36984938277479434,-0.7379063557416712,-0.4058558668836733,-0.684103318687803,-0.24979859986280267,-0.23704229475974256,-0.6040302242810942,1.0,0.0,0.0,0.0,1.0,0.0,0.0,0.0,0.0,1.0
window_10_0pct::CTa6Me1ItUhdOLeoT,window_10_0pct,1784124511.216923,0,0.887091454755445,0.26377448412060833,0.46830368244985254,0.2265566783559596,0.41067333679027856,-0.2494481129368396,-0.23701262527826034,-0.21717933718602733,1.0,0.0,0.0,1.0,0.0,0.0,0.0,0.0,0.0,1.0
window_06_15pct::CoBazl2vmzyuT0Y136,window_06_15pct,1783710631.812192,1,-0.0802746652637844,-0.32603607620645897,-0.7379063557416712,-0.35315482144703725,-0.6077235520265416,-0.24969860063531427,-0.23705425268682187,1518.2410825660247,1.0,0.0,0.0,1.0,0.0,0.0,0.0,1.0,0.0,0.0
window_10_0pct::CTA4behnXyMzQU8T3,window_10_0pct,1784125569.451999,0,-0.3892574883578483,-0.36984938277479434,-0.7379063557416712,-0.4058558668836733,-0.684103318687803,-0.24979859986280267,-0.19517360758370791,-0.6040302242810942,1.0,0.0,0.0,0.0,1.0,0.0,0.0,0.0,0.0,1.0
window_10_0pct::CCIps31KlZbMTQEvDh,window_10_0pct,1784125763.612161,0,-0.38425102796310767,0.4567616678144666,-0.6461112629252148,0.05088652690050602,-0.174904874279393,-0.14291284457855247,-0.21090166168966837,6.0261281425191,1.0,0.0,0.0,0.0,0.0,1.0,0.0,0.0,0.0,1.0
window_10_0pct::CiSkXW38t3hgxfJpW2,window_10_0pct,1784124996.35072,0,-0.3884202529195807,-0.10446592584659145,-0.2956073896600649,-0.1599176548460383,-0.2512846409406545,-0.10480813956159943,-0.1705883097371477,-0.16217527850307503,1.0,0.0,0.0,1.0,0.0,0.0,0.0,0.0,0.0,1.0
window_10_0pct::CTRtyn2hdWbuM2yBO2,window_10_0pct,1784124573.156542,0,-0.23747960332475918,0.6676914437220242,0.5178658096289297,0.4022268298114132,0.4615931812311196,-0.24498511013219218,-0.23559207583637468,0.004426439904947372,1.0,0.0,0.0,1.0,0.0,0.0,0.0,0.0,0.0,1.0
window_04_7pct::CV9z8P2M3DyKcxB8Ee,window_04_7pct,1783704130.897643,1,-0.3897127861015381,-0.36984938277479434,-0.7379063557416712,-0.4585569123203094,-0.7095632409082235,-0.24979859986280267,27.75493514810427,-0.6040302242810942,1.0,0.0,0.0,0.0,1.0,0.0,1.0,0.0,0.0,0.0
window_10_0pct::CLXt4h2mufIRLc0BUe,window_10_0pct,1784125589.091557,0,0.23631426692698607,-0.0030694163598724055,-0.14537020002850293,-0.0720825791183115,-0.12398502983855199,-0.24938481265904022,-0.23698675257386592,-0.14818455071470063,1.0,0.0,0.0,1.0,0.0,0.0,0.0,0.0,0.0,1.0
window_10_0pct::CzMzyu2Qg0dEDt2bT4,window_10_0pct,1784125378.041366,0,-0.3866682052856389,-0.36984938277479434,-0.7379063557416712,-0.4058558668836733,-0.684103318687803,-0.24979859986280267,-0.23088124778004473,-0.6040302242810942,1.0,0.0,0.0,0.0,1.0,0.0,0.0,0.0,0.0,1.0
window_10_0pct::CUMEyu4xCDThapbIJd,window_10_0pct,1784125363.325804,0,0.4085473611955193,0.6493315819219597,0.964031173973113,0.47249489039359466,0.8180320923170066,-0.2488968804236315,-0.2368389793952274,-0.16302379150555174,1.0,0.0,0.0,1.0,0.0,0.0,0.0,0.0,0.0,1.0
window_10_0pct::CLKaRjFYPoCtTlQ6b,window_10_0pct,1784125014.739185,0,-0.10080587132542626,-0.180617625358222,-0.4682781867931723,-0.26531974571931044,-0.4040441742631775,-0.24933600532670072,-0.23696382110920308,-0.08721273683926944,1.0,0.0,0.0,1.0,0.0,0.0,0.0,0.0,0.0,1.0
window_10_0pct::C7Ckup2lIGEE5wgYZi,window_10_0pct,1784124910.06712,0,-0.38925533196525214,-0.36984938277479434,-0.7379063557416712,-0.4058558668836733,-0.684103318687803,-0.24979859986280267,-0.19537146468194583,-0.6040302242810942,1.0,0.0,0.0,0.0,1.0,0.0,0.0,0.0,0.0,1.0
window_10_0pct::Cum3AA2N5Ns6twDh9b,window_10_0pct,1784125357.392539,0,-0.3895852813828832,-0.27909324774038535,1.1454757210097604,0.3319587692292318,0.9198717811986885,0.25223527207638863,1.4854282089641144,-0.5685427314750969,1.0,0.0,0.0,1.0,0.0,0.0,0.0,0.0,0.0,1.0
window_10_0pct::CYfhV14hKFyjjyXiI1,window_10_0pct,1784124175.994147,0,-0.16543937323346738,0.09561484081547349,-0.20051948513646883,-0.10721660940940221,-0.174904874279393,-0.24833280615660547,-0.23671472446289013,0.03382885681362849,1.0,0.0,0.0,1.0,0.0,0.0,0.0,0.0,0.0,1.0
window_10_0pct::CEkBBk1cQYgzQL3ALg,window_10_0pct,1784124998.259673,0,0.465274214795175,-0.09570326453292437,-0.2695410673074169,-0.1599176548460383,-0.225824718720234,-0.2495721421213312,-0.23706175280760938,-0.17298746082852717,1.0,0.0,0.0,1.0,0.0,0.0,0.0,0.0,0.0,1.0
window_10_0pct::CQ0G1r3JXWm61w2Gf7,window_10_0pct,1784125721.657271,0,-0.38030655889633325,-0.0074507470167059445,-0.2150078566478836,-0.0720825791183115,-0.174904874279393,-0.22258864179137242,-0.2254718215093592,-0.09364960833519193,1.0,0.0,0.0,1.0,0.0,0.0,0.0,0.0,0.0,1.0
window_10_0pct::CEtPUc4vzrrCyCRWM9,window_10_0pct,1784125104.926208,0,-0.027106254430561454,-0.08109882901014591,-0.4800898210458799,-0.2477527305737651,-0.42950409648359805,-0.24923619163223631,-0.23699099870987805,0.22071333284716105,1.0,0.0,0.0,1.0,0.0,0.0,0.0,0.0,0.0,1.0
window_10_0pct::CjK9Jn3Nzf4S56R7fi,window_10_0pct,1784124072.961519,0,-0.38757257712508036,-0.1038400214670438,-0.34075077596762554,-0.1599176548460383,-0.3022044853814955,-0.16202361762643122,-0.19695430976281433,-0.11079318890616303,1.0,0.0,0.0,1.0,0.0,0.0,0.0,0.0,0.0,1.0
window_10_0pct::CPYfkC3aTmHvsRP5he,window_10_0pct,1784125966.376755,0,-0.38923012779238336,-0.19000619105143673,1.1531235417489236,0.29682473893814104,0.9453317034191091,0.013267703769290345,0.19854115808879577,-0.5339922810100481,1.0,0.0,0.0,1.0,0.0,0.0,0.0,0.0,0.0,1.0
window_10_0pct::CVKnHF1FGQtJKgtDTk,window_10_0pct,1784124953.595109,0,-0.389712049511988,-0.3631730693929528,-0.7368866463097827,-0.4585569123203094,-0.7095632409082235,4.94664233234997,5.031938306822958,4.119297628905474,0.0,1.0,1.0,0.0,0.0,0.0,0.0,0.0,0.0,1.0
window_10_0pct::CKSYNP3QJ1ZlbIsY2c,window_10_0pct,1784124230.401849,0,-0.38744729285028684,-0.27846734336083767,-0.5573540544579261,-0.3355878063014919,-0.5058838631448596,-0.22131269621275604,-0.22028031418068628,-0.23133881845355705,1.0,0.0,0.0,1.0,0.0,0.0,0.0,0.0,0.0,1.0
window_10_0pct::C5D1GK8Mvx2mbb2K4,window_10_0pct,1784125456.507775,0,-0.38954300754783017,-0.36984938277479434,-0.7379063557416712,-0.4058558668836733,-0.684103318687803,-0.24979859986280267,-0.12463136453619669,-0.6040302242810942,1.0,0.0,0.0,0.0,1.0,0.0,0.0,0.0,0.0,1.0
window_10_0pct::CvSSTx3ZCSENLEHqpb,window_10_0pct,1784124493.83285,0,0.3421013579343684,0.09415439726319565,1.3772896651923967,0.4022268298114132,1.1744710034028936,-0.2493507986272121,-0.236835746209061,-0.44247939465684893,1.0,0.0,0.0,1.0,0.0,0.0,0.0,0.0,0.0,1.0
window_10_0pct::C5Z2t9scFYDtEa8F6,window_10_0pct,1784124577.436448,0,-0.3895954868844768,-0.2751291866699169,1.1454757210097604,0.27925772379259567,0.9198717811986885,0.31968367809887865,1.5129796401652196,-0.5669927030536857,1.0,0.0,0.0,1.0,0.0,0.0,0.0,0.0,0.0,1.0
window_10_0pct::CeJcw92hBtVayM9uNd,window_10_0pct,1784125714.544124,0,-0.3451285258346908,0.1711406359475564,-0.06073431718176329,-0.0018145185361300583,-0.04760526317729048,-0.24122879974224293,-0.23426698430608087,-0.015702563426161838,1.0,0.0,0.0,1.0,0.0,0.0,0.0,0.0,0.0,1.0
window_10_0pct::C116Jd3dxPkEvTLrei,window_10_0pct,1784125182.19605,0,-0.38971173993087266,-0.3631730693929528,-0.7368866463097827,-0.4585569123203094,-0.7095632409082235,3.624740691699352,3.691553036755004,4.119297628905474,0.0,1.0,1.0,0.0,0.0,0.0,0.0,0.0,0.0,1.0
window_10_0pct::CpWVqS1f1KP1NCVrge,window_10_0pct,1784124309.934901,0,-0.3102750832348217,-0.27784143898129005,-0.5815509095187786,-0.3180207911559465,-0.5058838631448596,-0.2489805827602714,-0.23662072502405393,-0.1707229648245473,1.0,0.0,0.0,1.0,0.0,0.0,0.0,0.0,0.0,1.0
window_08_22pct::CAPRIg46uKgZvkYvni,window_08_22pct,1783718127.975745,1,-0.3897129142040686,-0.36984938277479434,-0.7379063557416712,-0.4585569123203094,-0.7095632409082235,-0.24979859986280267,111.73122782240476,-0.6040302242810942,1.0,0.0,0.0,0.0,1.0,0.0,1.0,0.0,0.0,0.0
window_10_0pct::C4dbf32gb4wDc4yE7b,window_10_0pct,1784124727.096439,0,-0.34143218069421377,-0.18645939956733337,-0.4752249572979122,-0.26531974571931044,-0.42950409648359805,-0.24711593737516893,-0.2359740749900022,-0.08992285840743186,1.0,0.0,0.0,1.0,0.0,0.0,0.0,0.0,0.0,1.0
window_08_22pct::CryQ3c6IroiANkh2d,window_08_22pct,1783718127.981235,1,-0.38971289285364685,-0.36984938277479434,-0.7379063557416712,-0.4585569123203094,-0.7095632409082235,-0.24979859986280267,74.4084310782712,-0.6040302242810942,1.0,0.0,0.0,0.0,1.0,0.0,1.0,0.0,0.0,0.0
window_10_0pct::Csr2Uk4Q1vlFu4ysQ2,window_10_0pct,1784125826.312002,0,-0.35630226905439094,-0.004738494705332801,-0.39615498843356356,-0.17748466999158366,-0.327664407601916,-0.24208061296743807,-0.23472967169427597,0.18270787906213556,1.0,0.0,0.0,1.0,0.0,0.0,0.0,0.0,0.0,1.0
window_07_17pct::CjFM16AOm978CxBv,window_07_17pct,1783715378.749935,1,-0.38971289285364685,-0.36984938277479434,-0.7379063557416712,-0.4585569123203094,-0.7095632409082235,-0.24979859986280267,74.4084310782712,-0.6040302242810942,1.0,0.0,0.0,0.0,1.0,0.0,1.0,0.0,0.0,0.0
window_10_0pct::CjTtarayw5mhFhxlb,window_10_0pct,1784124929.637206,0,-0.389499079055092,-0.36984938277479434,-0.7379063557416712,-0.4058558668836733,-0.684103318687803,-0.24979859986280267,-0.14774417971297044,-0.6040302242810942,1.0,0.0,0.0,0.0,1.0,0.0,0.0,0.0,0.0,1.0
window_10_0pct::CIUXlB25bTJd7yrlxl,window_10_0pct,1784124154.124676,0,-0.3883819609381829,-0.275546456256282,-0.5573540544579261,-0.3004537760104012,-0.5058838631448596,-0.19975908386407024,-0.20124085330886235,-0.2194263077650056,1.0,0.0,0.0,1.0,0.0,0.0,0.0,0.0,0.0,1.0
window_10_0pct::CT7A7v8NYsF2I4Zyi,window_10_0pct,1784124786.142391,0,-0.38933005844135593,-0.1895889214650716,-0.4767545214457448,-0.26531974571931044,-0.42950409648359805,0.08269364780721836,-0.08732180747679158,-0.0957365241211927,1.0,0.0,0.0,1.0,0.0,0.0,0.0,0.0,0.0,1.0
window_10_0pct::Cy34WlSKLQjjgfwRi,window_10_0pct,1784123932.275357,0,1.3555858407492247,0.6359789551582766,2.2880176515477504,0.929237284177774,1.963728592235929,-0.24939157705396334,-0.2369432546414851,-0.35923358130520083,1.0,0.0,0.0,1.0,0.0,0.0,0.0,0.0,0.0,1.0
window_10_0pct::CSkaMgpNLewHuWus,window_10_0pct,1784124769.701382,0,-0.3119381743365673,0.8517073313090328,0.6881572847542975,0.5251959358302307,0.6143527145536426,-0.2387058428774902,-0.23365837900674782,0.026797707965010426,1.0,0.0,0.0,1.0,0.0,0.0,0.0,0.0,0.0,1.0
window_10_0pct::CwnFvm2oMIBZcAj8b9,window_10_0pct,1784125779.521223,0,-0.38947120607950525,-0.36984938277479434,-0.7379063557416712,-0.4058558668836733,-0.684103318687803,-0.24979859986280267,-0.1580537707784442,-0.6040302242810942,1.0,0.0,0.0,0.0,1.0,0.0,0.0,0.0,0.0,1.0
window_10_0pct::CqPRms380MG7s0SIej,window_10_0pct,1784125537.97242,0,-0.002273301344681819,-0.36984938277479434,-0.7379063557416712,-0.4058558668836733,-0.684103318687803,-0.24979859986280267,-0.2371130485571449,-0.6040302242810942,1.0,0.0,0.0,0.0,1.0,0.0,0.0,0.0,0.0,1.0
window_10_0pct::CWpIcU3ZVYhUxgomkj,window_10_0pct,1784125548.224156,0,0.9088299737906533,0.5172657578374059,0.7512093179593987,0.3670927995203225,0.6907324812149042,-0.24931610982732208,-0.23698567733615344,-0.1653096337263473,1.0,0.0,0.0,1.0,0.0,0.0,0.0,0.0,0.0,1.0
window_10_0pct::CVhDR01kisxzRZagDd,window_10_0pct,1784123976.01922,0,1.0850012280763357,0.5406328546738515,1.4966381566163385,0.6481650418490482,1.3272305367254167,-0.24936255789662587,-0.2369549167308562,-0.3039613181249747,1.0,0.0,0.0,1.0,0.0,0.0,0.0,0.0,0.0,1.0
window_10_0pct::CGPbja1cVfoYNMTNu3,window_10_0pct,1784124820.615572,0,-0.17779214011792324,-0.09945869081021026,-0.3579583726307428,-0.195051685137129,-0.327664407601916,-0.2488974795337049,-0.23680143405936285,-0.07996424392501997,1.0,0.0,0.0,1.0,0.0,0.0,0.0,0.0,0.0,1.0
window_06_15pct::C7Wswl1ScohSs7INW8,window_06_15pct,1783710631.639868,1,-0.07846920954985011,-0.3258274414132764,-0.7379063557416712,-0.35315482144703725,-0.6077235520265416,-0.24969870728403507,-0.2370548800833024,1525.4736783412168,1.0,0.0,0.0,1.0,0.0,0.0,0.0,1.0,0.0,0.0
window_10_0pct::C3t2ey2Mx5RGsxNPUf,window_10_0pct,1784124335.688707,0,-0.30131674517696155,0.7922464152520061,2.317185590089059,0.9995053447599554,2.01464843667677,-0.24051379145000412,-0.2326190461171784,-0.3239017329430251,1.0,0.0,0.0,1.0,0.0,0.0,0.0,0.0,0.0,1.0
window_10_0pct::CzaIdC187TnYGw70H3,window_10_0pct,1784125230.481682,0,0.1000679063197019,-0.279719152119933,-0.6191102069266692,-0.3180207911559465,-0.53134378536528,-0.24966863278942727,-0.23707455376141812,-0.04538881986791441,1.0,0.0,0.0,1.0,0.0,0.0,0.0,0.0,0.0,1.0
window_10_0pct::C7XZqF1fbcL6IGZDhc,window_10_0pct,1784124081.590069,0,-0.3034651420401581,-0.19376161732872263,-0.4767545214457448,-0.2828867608648558,-0.42950409648359805,-0.24835666463940728,-0.23655262536705104,-0.10750258199526445,1.0,0.0,0.0,1.0,0.0,0.0,0.0,0.0,0.0,1.0
window_10_0pct::CuLz4p4q1KVgcGhEG2,window_10_0pct,1784124769.70185,0,-0.31194294615582707,0.36767461112551797,0.7586022113405898,0.3670927995203225,0.6907324812149042,-0.24310085400943832,-0.23421146600449025,-0.24109139164139687,1.0,0.0,0.0,1.0,0.0,0.0,0.0,0.0,0.0,1.0
window_06_15pct::CWu9wA1EGhZuruXswa,window_06_15pct,1783710630.208947,1,-0.38942946600499584,-0.3531585993201904,-0.6852426123739334,-0.38828885173812794,-0.6077235520265416,-0.20821689711784055,-0.15283616339821499,-0.37072068314587064,1.0,0.0,0.0,1.0,0.0,0.0,0.0,0.0,0.0,1.0
window_10_0pct::CI53ct1s5HcTcS7a4c,window_10_0pct,1784125598.732511,0,-0.3887471385516915,-0.279719152119933,-0.5955506702607468,-0.3355878063014919,-0.53134378536528,-0.18389036238074552,-0.19755956177115674,-0.1378288851460726,1.0,0.0,0.0,1.0,0.0,0.0,0.0,0.0,0.0,1.0
window_10_0pct::CtBl2NLbjWRpYIU71,window_10_0pct,1784125346.66248,0,-0.38843892386339574,-0.18708530394688103,-0.4767545214457448,-0.23018571542821972,-0.42950409648359805,-0.1484833500061468,-0.1846237208759961,-0.08867688939674961,1.0,0.0,0.0,1.0,0.0,0.0,0.0,0.0,0.0,1.0
window_08_22pct::C3HEAh2AaJF7fRYA98,window_08_22pct,1783718127.977184,1,-0.3897129142040686,-0.36984938277479434,-0.7379063557416712,-0.4585569123203094,-0.7095632409082235,-0.24979859986280267,111.73122782240476,-0.6040302242810942,1.0,0.0,0.0,0.0,1.0,0.0,1.0,0.0,0.0,0.0
window_10_0pct::CFmF1P94C5s9Ktqbg,window_10_0pct,1784124085.112881,0,-0.38110993256571485,-0.1895889214650716,-0.4767545214457448,-0.26531974571931044,-0.42950409648359805,-0.23500022597036563,-0.23049339056496349,-0.0957365241211927,1.0,0.0,0.0,1.0,0.0,0.0,0.0,0.0,0.0,1.0
window_10_0pct::CbfHhW3DNWADocT7W6,window_10_0pct,1784125335.034278,0,-0.17381561339290028,0.009240036437898013,-0.1271853818264926,-0.08964959426385685,-0.12398502983855199,-0.24855849322048568,-0.23667521000611869,-0.14691427160365364,1.0,0.0,0.0,1.0,0.0,0.0,0.0,0.0,0.0,1.0
window_10_0pct::CS68Bw1AcgOm0YktLc,window_10_0pct,1784124685.238463,0,-0.3351732084830748,0.10229115419731508,-0.4346065315943564,-0.1599176548460383,-0.37858425204275703,-0.24368463654626352,-0.23558446717044126,0.5423042931064491,1.0,0.0,0.0,1.0,0.0,0.0,0.0,0.0,0.0,1.0
window_10_0pct::CsDfWF5NC5XpAZq61,window_10_0pct,1784124335.689578,0,-0.3012923843457517,0.1100106415450694,-0.009366454550383653,-0.0018145185361300583,0.003314581263550526,-0.24596571372314527,-0.2357024453818901,-0.11897496016266752,1.0,0.0,0.0,1.0,0.0,0.0,0.0,0.0,0.0,1.0
window_10_0pct::CTF2Zx1ieSH4Is0ARh,window_10_0pct,1784125732.968509,0,-0.3353868087774122,-0.08798377718517003,-0.47734935194767975,-0.2477527305737651,-0.42950409648359805,-0.2461342423364551,-0.23601830382728023,0.19258129473768132,1.0,0.0,0.0,1.0,0.0,0.0,0.0,0.0,0.0,1.0
window_10_0pct::CbAUEu2QUNixrtNQwe,window_10_0pct,1784125038.574542,0,-0.3869675702241218,-0.36984938277479434,-0.7379063557416712,-0.4058558668836733,-0.684103318687803,-0.24979859986280267,-0.23019633160648478,-0.6040302242810942,1.0,0.0,0.0,0.0,1.0,0.0,0.0,0.0,0.0,1.0
window_10_0pct::CWMpH32nvogQkdGPp8,window_10_0pct,1784124689.066109,0,-0.17423021723274618,0.18115510602031878,0.36960430702165165,0.17385563291932354,0.33429357012901706,-0.24799264322817172,-0.23634145164709855,-0.23764196628665887,1.0,0.0,0.0,1.0,0.0,0.0,0.0,0.0,0.0,1.0
window_10_0pct::Cz1ZxOwSRuJOuZgjf,window_10_0pct,1784125954.695011,0,-0.3890715368596692,-0.010371634121261637,-0.35007686848010516,-0.1599176548460383,-0.3022044853814955,0.14601813722175552,-0.10299041870467764,0.0785442688259715,1.0,0.0,0.0,1.0,0.0,0.0,0.0,0.0,0.0,1.0
window_10_0pct::CFRqHc2bTptroPp5L4,window_10_0pct,1784125650.023624,0,-0.3890605093668385,-0.08798377718517003,-0.5306291697638502,-0.26531974571931044,-0.45496401870401854,0.05531471293511174,-0.14922624174504942,0.3973262926572436,1.0,0.0,0.0,1.0,0.0,0.0,0.0,0.0,0.0,1.0
window_10_0pct::CSTFpV3THFy6pImsk7,window_10_0pct,1784125430.566111,0,-0.388318165878012,-0.19376161732872263,-0.4767545214457448,-0.26531974571931044,-0.42950409648359805,-0.16063559279158177,-0.1960281215065288,-0.10750258199526445,1.0,0.0,0.0,1.0,0.0,0.0,0.0,0.0,0.0,1.0
window_10_0pct::C5R8kB4nbPz2yS4DWk,window_10_0pct,1784124679.420963,0,-0.38807756797537935,-0.36984938277479434,-0.7379063557416712,-0.4058558668836733,-0.684103318687803,-0.24979859986280267,-0.22546820167500803,-0.6040302242810942,1.0,0.0,0.0,0.0,1.0,0.0,0.0,0.0,0.0,1.0
window_10_0pct::CSvBbY1jTKJAiFK1fb,window_10_0pct,1784125578.63071,0,-0.38928649290578743,-0.1895889214650716,-0.4767545214457448,-0.26531974571931044,-0.42950409648359805,0.04872781980798546,-0.10262881137877825,-0.0957365241211927,1.0,0.0,0.0,1.0,0.0,0.0,0.0,0.0,0.0,1.0
window_10_0pct::C34cFr4FKyGqGUKcXb,window_10_0pct,1784125310.146911,0,-0.38964353600861157,-0.36984938277479434,-0.7379063557416712,-0.4058558668836733,-0.684103318687803,-0.24979859986280267,0.0383249410295402,-0.6040302242810942,1.0,0.0,0.0,0.0,1.0,0.0,0.0,0.0,0.0,1.0
window_10_0pct::CuqrvY3DndStTtkoE7,window_10_0pct,1784125891.660644,0,1.0425442811312127,0.7288214381245112,2.6939257372788386,1.0697734053421368,2.2947075811013957,-0.249256834501633,-0.23686864940384972,-0.3682640331135514,1.0,0.0,0.0,1.0,0.0,0.0,0.0,0.0,0.0,1.0
window_10_0pct::CuGute168E5HUCXdYi,window_10_0pct,1784125107.022877,0,-0.24471651025345836,-0.18249533849686495,-0.4767545214457448,-0.2477527305737651,-0.42950409648359805,-0.24888602104846785,-0.2367337451380652,-0.07573422573527061,1.0,0.0,0.0,1.0,0.0,0.0,0.0,0.0,0.0,1.0
window_10_0pct::CrW2qJ7nyjVR7kdQj,window_10_0pct,1784124998.694055,0,0.6936331589664826,0.44048815394622776,0.8394141838177478,0.4022268298114132,0.7161924034353246,-0.2492703208036948,-0.23694174438234622,-0.22568974843838305,1.0,0.0,0.0,1.0,0.0,0.0,0.0,0.0,0.0,1.0
window_05_12pct::CHzwR52Bl8sOJYzMqh,window_05_12pct,1783706880.635057,1,-0.38971290352885773,-0.36984938277479434,-0.7379063557416712,-0.4585569123203094,-0.7095632409082235,-0.24979859986280267,89.33754977592461,-0.6040302242810942,1.0,0.0,0.0,0.0,1.0,0.0,1.0,0.0,0.0,0.0
window_10_0pct::CHPLBR1iiUjM1eh0Ub,window_10_0pct,1784125805.398507,0,-0.3893405414984322,-0.18708530394688103,-0.4767545214457448,-0.2828867608648558,-0.42950409648359805,0.09680085247173256,-0.09594217350487858,-0.08867688939674961,1.0,0.0,0.0,1.0,0.0,0.0,0.0,0.0,0.0,1.0
window_10_0pct::CQdZek1mwlO4cAZs62,window_10_0pct,1784124503.102976,0,0.5632342945672771,-0.27492055187673436,-0.5940211061129143,-0.3004537760104012,-0.480423940924439,-0.24972824502925314,-0.23711223780956003,-0.11822699462176012,1.0,0.0,0.0,1.0,0.0,0.0,0.0,0.0,0.0,1.0
window_10_0pct::CRdtKg3g2Vw9ZYNmYd,window_10_0pct,1784125975.756134,0,0.3123226437027663,-0.27909324774038535,-0.5815509095187786,-0.3004537760104012,-0.480423940924439,-0.24970729760317292,-0.2370943059752056,-0.17661830168790169,1.0,0.0,0.0,1.0,0.0,0.0,0.0,0.0,0.0,1.0
window_10_0pct::CV6IAw4g8MSVY3Cvv7,window_10_0pct,1784124104.572712,0,-0.10548646023308883,-0.09382555139428142,1.4066275553056868,0.4022268298114132,1.1490110811824732,-0.2491127221559904,-0.23632132994831181,-0.5092425175125386,1.0,0.0,0.0,1.0,0.0,0.0,0.0,0.0,0.0,1.0
window_10_0pct::CzpEjr48heEYmtp4Th,window_10_0pct,1784124573.153251,0,-0.23744574155587322,0.3789408899573757,0.24254426301905377,0.20898966321041426,0.20699395902691456,-0.24632549050717345,-0.23593782174068959,-0.04160121127730587,1.0,0.0,0.0,1.0,0.0,0.0,0.0,0.0,0.0,1.0
window_10_0pct::CggQYF25mHNnFjADCf,window_10_0pct,1784126034.778188,0,0.18630749059687357,-0.09382555139428142,-0.25554130656544866,-0.10721660940940221,-0.2003647964998135,-0.24946016635996782,-0.23698810361618225,-0.18263047043519093,1.0,0.0,0.0,1.0,0.0,0.0,0.0,0.0,0.0,1.0
window_10_0pct::CUSXgm4CF3PiqPrcBg,window_10_0pct,1784125721.660828,0,-0.3803439968608613,-0.27909324774038535,-0.5940211061129143,-0.3355878063014919,-0.53134378536528,-0.24295713225330953,-0.23307986962050511,-0.13958098273865396,1.0,0.0,0.0,1.0,0.0,0.0,0.0,0.0,0.0,1.0
window_10_0pct::CDSHz02ZyRrvr9wqt4,window_10_0pct,1784124605.357692,0,-0.005255058544599452,-0.16976861611272942,-0.660174755506676,-0.3355878063014919,-0.582263629806121,-0.24943104580253192,-0.23706292144898763,1.2910679583443325,1.0,0.0,0.0,1.0,0.0,0.0,0.0,0.0,0.0,1.0
window_02_3pct::C3k22hwYyASCwcK01,window_02_3pct,1783695632.101634,1,-0.07111760815554234,-0.32603607620645897,-0.7379063557416712,-0.35315482144703725,-0.6077235520265416,-0.24970147480984473,-0.2370573613406668,1518.2410825660247,1.0,0.0,0.0,1.0,0.0,0.0,0.0,1.0,0.0,0.0
window_10_0pct::ClIzVv4gKwTdkzaQn6,window_10_0pct,1784125975.042821,0,-0.3895030075326929,-0.18917165187870652,1.1531235417489236,0.4022268298114132,0.9453317034191091,0.35799303240855007,0.9014798865658641,-0.5336672789531058,1.0,0.0,0.0,1.0,0.0,0.0,0.0,0.0,0.0,1.0
window_10_0pct::CpKKxu40nw419PqZT6,window_10_0pct,1784125633.498688,0,0.27374691520000133,0.010909114783358409,-0.3110729827103727,-0.1599176548460383,-0.276744563161075,-0.24939327838898423,-0.23703269513544578,0.052889463656260835,1.0,0.0,0.0,1.0,0.0,0.0,0.0,0.0,0.0,1.0
window_10_0pct::CIxbIL1giGH5FR6nbi,window_10_0pct,1784124622.573887,0,-0.3848745350045073,-0.1916752693968971,1.1531235417489236,0.3495257843747771,0.9453317034191091,-0.2237906846631698,-0.19071879555916088,-0.5346422851239325,1.0,0.0,0.0,1.0,0.0,0.0,0.0,0.0,0.0,1.0
window_10_0pct::CLXSPm1rO55IsS19y2,window_10_0pct,1784125615.139382,0,-0.30448987688218115,-0.36984938277479434,-0.7379063557416712,-0.4058558668836733,-0.684103318687803,-0.24979859986280267,-0.23693800389812833,-0.6040302242810942,1.0,0.0,0.0,0.0,1.0,0.0,0.0,0.0,0.0,1.0
window_10_0pct::CEG3Gq3XagKuZrQcvf,window_10_0pct,1784125238.448535,0,0.5416101497413511,-0.2767982650153773,-0.5955506702607468,-0.3180207911559465,-0.53134378536528,-0.24972803542503927,-0.23711620658694457,-0.12272050841484512,1.0,0.0,0.0,1.0,0.0,0.0,0.0,0.0,0.0,1.0
window_10_0pct::CnGafd2HkEi3D3cwQg,window_10_0pct,1784125167.375534,0,-0.12615278243873732,-0.36984938277479434,-0.7379063557416712,-0.4058558668836733,-0.684103318687803,-0.24979859986280267,-0.23708984751992102,-0.6040302242810942,1.0,0.0,0.0,0.0,1.0,0.0,0.0,0.0,0.0,1.0
window_10_0pct::COu4tR1VuMBKiQ4OO8,window_10_0pct,1784125272.333057,0,-0.328029239940227,-0.08881831635790023,-0.23134445150459615,-0.10721660940940221,-0.225824718720234,-0.24658087826918418,-0.2355346864444351,-0.19547925098647323,1.0,0.0,0.0,1.0,0.0,0.0,0.0,0.0,0.0,1.0
window_10_0pct::C0wFV32fNv7kwJp8il,window_10_0pct,1784124108.94476,0,0.0037311631640582796,0.09665801478138623,-0.2173659347091256,-0.08964959426385685,-0.2003647964998135,-0.24896118600210032,-0.23689506533832788,0.05594709180318428,1.0,0.0,0.0,1.0,0.0,0.0,0.0,0.0,0.0,1.0
window_10_0pct::CHk9hh3sIMHgulPjW8,window_10_0pct,1784125598.730918,0,-0.38872991943655505,-0.1916752693968971,1.1531235417489236,0.3495257843747771,0.9453317034191091,-0.12178998316573242,-0.008571121812118483,-0.5346422851239325,1.0,0.0,0.0,1.0,0.0,0.0,0.0,0.0,0.0,1.0
window_04_7pct::CKM4T71ufqCtjd6r16,window_04_7pct,1783704132.283274,1,-0.07258733916276376,-0.32624471099964153,-0.7379063557416712,-0.35315482144703725,-0.6077235520265416,-0.2497014893237375,-0.2370568744885892,1511.0084867908329,1.0,0.0,0.0,1.0,0.0,0.0,0.0,1.0,0.0,0.0
window_10_0pct::C1t57M2Sqoynui9Me2,window_10_0pct,1784125703.489481,0,0.18015237751230806,-0.28117959567221085,-0.5573540544579261,-0.3180207911559465,-0.5058838631448596,-0.2496887073520595,-0.23708690039781483,-0.24240043552149762,1.0,0.0,0.0,1.0,0.0,0.0,0.0,0.0,0.0,1.0
window_10_0pct::CdwvbA2fYcQ44332Qj,window_10_0pct,1784124713.287792,0,-0.3186095726445343,-0.08255927256242375,-0.23134445150459615,-0.14235063970049294,-0.225824718720234,-0.24694498687325625,-0.2358848090718866,-0.18638012017812977,1.0,0.0,0.0,1.0,0.0,0.0,0.0,0.0,0.0,1.0
window_08_22pct::CzOJn5eT96ws0MJP4,window_08_22pct,1783718128.470401,1,-0.38924204132771645,-0.3531585993201904,-0.6852426123739334,-0.38828885173812794,-0.6077235520265416,-0.22476643931840048,-0.1863980592455952,-0.37072068314587064,1.0,0.0,0.0,1.0,0.0,0.0,0.0,0.0,0.0,1.0
window_10_0pct::CpVXa4KWVKSf7gt5c,window_10_0pct,1784124841.023959,0,-0.3889313286400767,-0.36984938277479434,-0.7379063557416712,-0.4058558668836733,-0.684103318687803,-0.24979859986280267,-0.21269479580124132,-0.6040302242810942,1.0,0.0,0.0,0.0,1.0,0.0,0.0,0.0,0.0,1.0
window_10_0pct::Cj1RcB3xLGxRt2jeXi,window_10_0pct,1784124503.103462,0,0.5632284232012974,-0.36984938277479434,-0.7379063557416712,-0.38828885173812794,-0.6331834742469621,-0.24979859986280267,-0.2371373237481648,-0.6040302242810942,1.0,0.0,0.0,0.0,1.0,0.0,0.0,0.0,0.0,1.0
window_10_0pct::CcCeKWLZFRyrDU9ga,window_10_0pct,1784125944.894911,0,-0.07697905686423061,-0.27700689980855986,-0.5955506702607468,-0.3180207911559465,-0.53134378536528,-0.24958892978559366,-0.23702481601469785,-0.12379967818136134,1.0,0.0,0.0,1.0,0.0,0.0,0.0,0.0,0.0,1.0
window_10_0pct::C7HavO38QgKQ6OOjgg,window_10_0pct,1784124898.773,0,-0.3892550864354021,-0.18332987766959513,1.1531235417489236,0.41979384495695854,0.9453317034191091,0.03790565805177193,0.2953864139394224,-0.5313922645545104,1.0,0.0,0.0,1.0,0.0,0.0,0.0,0.0,0.0,1.0
window_10_0pct::CTtPL31DOofZaxNFw5,window_10_0pct,1784124361.85021,0,-0.08838070516083663,-0.18583349518778575,-0.4767545214457448,-0.23018571542821972,-0.42950409648359805,-0.24936730491262893,-0.23694027636927842,-0.08514707203452808,1.0,0.0,0.0,1.0,0.0,0.0,0.0,0.0,0.0,1.0
window_10_0pct::Cmw3G826G14k1iQU85,window_10_0pct,1784124280.720142,0,0.1767097928094689,0.08539173594952856,0.3689457446802237,0.12115458748268745,0.33429357012901706,-0.24923096970220948,-0.23687541778006974,-0.30113933543652105,1.0,0.0,0.0,1.0,0.0,0.0,0.0,0.0,0.0,1.0
window_10_0pct::CubBIF4ApV7tYDtqec,window_10_0pct,1784124276.503384,0,-0.26759070092207127,-0.18583349518778575,-0.4595469247826276,-0.23018571542821972,-0.4040441742631775,-0.24873439516517606,-0.2366143033026645,-0.11722089325856036,1.0,0.0,0.0,1.0,0.0,0.0,0.0,0.0,0.0,1.0
window_10_0pct::CgJc6N1uXunHp3Mfmh,window_10_0pct,1784123997.775088,0,-0.05656405047293023,-0.004738494705332801,-0.32341571562552224,-0.17748466999158366,-0.276744563161075,-0.24902458186059115,-0.23691843663008796,0.044649696105636086,1.0,0.0,0.0,1.0,0.0,0.0,0.0,0.0,0.0,1.0
window_10_0pct::CJPUEks5gUCdRbU2g,window_10_0pct,1784123939.484475,0,1.109198301551415,0.7181810636722011,1.2618713038705252,0.5954639964124121,1.1744710034028936,-0.24928593943435426,-0.23696783555029344,-0.20335048807643152,1.0,0.0,0.0,1.0,0.0,0.0,0.0,0.0,0.0,1.0
window_07_17pct::C40QcB8xs9M2CHBS3,window_07_17pct,1783715378.759652,1,-0.389712882178436,-0.36984938277479434,-0.7379063557416712,-0.4585569123203094,-0.7095632409082235,-0.24979859986280267,63.744774865661626,-0.6040302242810942,1.0,0.0,0.0,0.0,1.0,0.0,1.0,0.0,0.0,0.0
window_10_0pct::CRSmNW2UUJ0mIclFj,window_10_0pct,1784125167.578707,0,0.09909982482177658,-0.0030694163598724055,-0.14226858383984228,-0.054515563972766135,-0.12398502983855199,-0.24926865861717173,-0.2369276627117507,-0.15055815420771726,1.0,0.0,0.0,1.0,0.0,0.0,0.0,0.0,0.0,1.0
window_04_7pct::CIsWwm4J2M1s9IuXl9,window_04_7pct,1783703130.879974,1,-0.38971282880238167,-0.36984938277479434,-0.7379063557416712,-0.4585569123203094,-0.7095632409082235,-0.24979859986280267,37.08563433413766,-0.6040302242810942,1.0,0.0,0.0,0.0,1.0,0.0,1.0,0.0,0.0,0.0
window_07_17pct::CCS62G4GuMYi0YOZPd,window_07_17pct,1783714378.739823,1,-0.3897128501528033,-0.36984938277479434,-0.7379063557416712,-0.4585569123203094,-0.7095632409082235,-0.24979859986280267,44.55019368296436,-0.6040302242810942,1.0,0.0,0.0,0.0,1.0,0.0,1.0,0.0,0.0,0.0
window_10_0pct::ChWUylxHctyJb4Unk,window_10_0pct,1784124776.307649,0,-0.38063232363130256,-0.27909324774038535,-0.5815509095187786,-0.3180207911559465,-0.5058838631448596,-0.2427399031018299,-0.23242372040612638,-0.17661830168790169,1.0,0.0,0.0,1.0,0.0,0.0,0.0,0.0,0.0,1.0
window_10_0pct::Cz6qGn4qfsZIFwoZzd,window_10_0pct,1784124939.526214,0,-0.23602698468056552,-0.00911982536216634,1.3617603403025957,0.5076289206846853,1.1235511589620526,-0.2481408760751587,-0.2354202594293108,-0.47750718032683775,1.0,0.0,0.0,1.0,0.0,0.0,0.0,0.0,0.0,1.0
window_10_0pct::CQQrho1cm6AKsT8zN,window_10_0pct,1784125630.698004,0,-0.14979388025639317,-0.36984938277479434,-0.7379063557416712,-0.4058558668836733,-0.684103318687803,-0.24979859986280267,-0.23708269737322832,-0.6040302242810942,1.0,0.0,0.0,0.0,1.0,0.0,0.0,0.0,0.0,1.0
window_10_0pct::CqNj0O2goWYbCGdCdk,window_10_0pct,1784124459.030656,0,-0.38902913492208574,-0.1916752693968971,1.1531235417489236,0.3319587692292318,0.9453317034191091,-0.06577809504418158,0.08446026672580079,-0.5346422851239325,1.0,0.0,0.0,1.0,0.0,0.0,0.0,0.0,0.0,1.0
window_10_0pct::ClU5tI26YGw8oLFOi4,window_10_0pct,1784125764.650426,0,-0.24293697395152128,-0.36984938277479434,-0.7379063557416712,-0.4058558668836733,-0.684103318687803,-0.24979859986280267,-0.2370321122561512,-0.6040302242810942,1.0,0.0,0.0,0.0,1.0,0.0,0.0,0.0,0.0,1.0
window_10_0pct::CGYE5A4KAB7Im6SJAa,window_10_0pct,1784124744.356197,0,-0.07516949119411062,-0.27492055187673436,-0.5940211061129143,-0.3355878063014919,-0.53134378536528,-0.24958545143478714,-0.23704080785875142,-0.11822699462176012,1.0,0.0,0.0,1.0,0.0,0.0,0.0,0.0,0.0,1.0
window_10_0pct::CtJmCXTdFPtbVAkud,window_10_0pct,1784125038.573026,0,-0.3869512691771203,-0.18374714725596025,-0.4767545214457448,-0.26531974571931044,-0.42950409648359805,-0.20220575239115923,-0.2163875280620988,-0.07926404309749215,1.0,0.0,0.0,1.0,0.0,0.0,0.0,0.0,0.0,1.0
window_10_0pct::CbaJd2359DjURgqcLl,window_10_0pct,1784124729.428782,0,0.3485506478049331,-0.09820688205111495,-0.22286811685202357,-0.14235063970049294,-0.2003647964998135,-0.24953873298393087,-0.23703936214570834,-0.2156268545430082,1.0,0.0,0.0,1.0,0.0,0.0,0.0,0.0,0.0,1.0
window_10_0pct::CTVINi2ZjdqbyOhSgj,window_10_0pct,1784125007.006558,0,-0.388992177342047,-0.0009830684280469108,-0.5139739157096725,-0.17748466999158366,-0.42950409648359805,0.1116372289839551,-0.12439636583346386,0.6089492227440751,1.0,0.0,0.0,1.0,0.0,0.0,0.0,0.0,0.0,1.0
window_10_0pct::CJSBkD4Qc1JCNhtjK6,window_10_0pct,1784125554.8442,0,0.20020205683714765,0.16050026149524638,-0.05892858172946086,-0.019381533681675417,-0.04760526317729048,-0.24916365282441744,-0.23695168512962902,-0.028807820785133723,1.0,0.0,0.0,1.0,0.0,0.0,0.0,0.0,0.0,1.0
window_10_0pct::CjxjYw4IZiY52XDlih,window_10_0pct,1784124071.448476,0,-0.389099911570167,-0.10050186477612301,-0.5306291697638502,-0.2477527305737651,-0.45496401870401854,0.06050374359953249,-0.13577532217858285,0.3528545006392568,1.0,0.0,0.0,1.0,0.0,0.0,0.0,0.0,0.0,1.0
window_02_3pct::CfrCIF21z49v3zE1T8,window_02_3pct,1783695630.901564,1,-0.3897128394775925,-0.36984938277479434,-0.7379063557416712,-0.4585569123203094,-0.7095632409082235,-0.24979859986280267,40.47861585633162,-0.6040302242810942,1.0,0.0,0.0,0.0,1.0,0.0,1.0,0.0,0.0,0.0
window_10_0pct::Ckl4DA1QgDWp8S9Pe7,window_10_0pct,1784125768.306494,0,0.4123405945498705,-0.19376161732872263,-0.4767545214457448,-0.21261870028267438,-0.37858425204275703,-0.24964354318115242,-0.23707299306048857,-0.10750258199526445,1.0,0.0,0.0,1.0,0.0,0.0,0.0,0.0,0.0,1.0
window_10_0pct::C6stTL1UoHu0sw2jH9,window_10_0pct,1784125052.558114,0,0.25589551799876314,-0.19313571294917498,-0.4682781867931723,-0.23018571542821972,-0.4040441742631775,-0.2496052848455232,-0.23705873101939745,-0.12140132476265364,1.0,0.0,0.0,1.0,0.0,0.0,0.0,0.0,0.0,1.0
window_10_0pct::CGRY77Qh1GD5zyXYf,window_10_0pct,1784124646.042181,0,-0.3892215128972097,-0.36984938277479434,-0.7379063557416712,-0.4058558668836733,-0.684103318687803,-0.24979859986280267,-0.19824733823209337,-0.6040302242810942,1.0,0.0,0.0,0.0,1.0,0.0,0.0,0.0,0.0,1.0
window_10_0pct::CnvFkp1XSu2PlQK359,window_10_0pct,1784124287.296676,0,-0.17424387082745144,-0.27846734336083767,-0.5573540544579261,-0.3355878063014919,-0.5058838631448596,-0.24949906971145547,-0.23698489424014837,-0.23133881845355705,1.0,0.0,0.0,1.0,0.0,0.0,0.0,0.0,0.0,1.0
window_08_22pct::CazkA02CSZUxoQbICe,window_08_22pct,1783718131.023473,1,-0.08915891735819303,-0.3258274414132764,-0.7379063557416712,-0.35315482144703725,-0.6077235520265416,-0.24969515443716314,-0.23705105560186132,1525.4736783412168,1.0,0.0,0.0,1.0,0.0,0.0,0.0,1.0,0.0,0.0
window_10_0pct::CmN3Qk4nf7EaUkwkq,window_10_0pct,1784125899.136935,0,0.1708079811284737,0.6359789551582766,0.031315702992665145,0.15628861777377817,0.054234425704391534,-0.24853124949159702,-0.23685533634749198,0.35891769707213156,1.0,0.0,0.0,1.0,0.0,0.0,0.0,0.0,0.0,1.0
window_10_0pct::CwZ4tA21lPy88KjUh,window_10_0pct,1784124776.290653,0,-0.38045083437126803,0.18637097584988252,-0.19144831998196135,-0.08964959426385685,-0.174904874279393,-0.20738540108887626,-0.22580592198033708,0.14554605999280135,1.0,0.0,0.0,1.0,0.0,0.0,0.0,0.0,0.0,1.0
window_10_0pct::Cg53aU1c8xpZDt3fJi,window_10_0pct,1784125037.313485,0,-0.3854088613342825,0.2635658493274258,0.04395585115878214,0.06845354204605138,0.054234425704391534,-0.14586133928650938,-0.20272649111771635,-0.007422133709630923,1.0,0.0,0.0,1.0,0.0,0.0,0.0,0.0,0.0,1.0
window_10_0pct::CE7JEo3kzYrrexRIZ,window_10_0pct,1784124936.644496,0,0.11560409581265799,-0.28117959567221085,-0.5815509095187786,-0.3004537760104012,-0.480423940924439,-0.24967466988251047,-0.2370677932660389,-0.18644386312682565,1.0,0.0,0.0,1.0,0.0,0.0,0.0,0.0,0.0,1.0
window_10_0pct::CzbBYV3p4ly4Ojx68c,window_10_0pct,1784124694.70973,0,-0.14883473390996763,0.10917610237233921,-0.2630191757326305,-0.14235063970049294,-0.225824718720234,-0.24839408690559311,-0.23678528271431032,0.13880314184910822,1.0,0.0,0.0,1.0,0.0,0.0,0.0,0.0,0.0,1.0
window_10_0pct::CroINu1IABjHEBnc0g,window_10_0pct,1784125410.460823,0,-0.38368447317171,-0.36984938277479434,-0.7379063557416712,-0.4058558668836733,-0.684103318687803,-0.24979859986280267,-0.23399004034640988,-0.6040302242810942,1.0,0.0,0.0,0.0,1.0,0.0,0.0,0.0,0.0,1.0
window_10_0pct::CMvFekzuWB1BTiiL1,window_10_0pct,1784125942.691594,0,0.8172539903763208,-0.28117959567221085,-0.5955506702607468,-0.2828867608648558,-0.480423940924439,-0.24974671448804103,-0.23711883581857937,-0.14538307351168647,1.0,0.0,0.0,1.0,0.0,0.0,0.0,0.0,0.0,1.0
window_10_0pct::Cl7x371atE2MJGX6m1,window_10_0pct,1784125650.392943,0,0.23380171727052454,-0.1038400214670438,-0.33380400546288563,-0.17748466999158366,-0.276744563161075,-0.2494972889154665,-0.23703205306383981,-0.1192717943084446,1.0,0.0,0.0,1.0,0.0,0.0,0.0,0.0,0.0,1.0
window_10_0pct::CoGVXw3Q9GFHFnj3A7,window_10_0pct,1784126666.513933,0,-0.3848674253140666,0.4567616678144666,-0.6461112629252148,0.05088652690050602,-0.174904874279393,-0.12931596770813267,-0.2075610466535928,6.0261281425191,1.0,0.0,0.0,0.0,0.0,1.0,0.0,0.0,0.0,1.0
window_10_0pct::CppRpy31ocFadkdgIc,window_10_0pct,1784125721.722562,0,-0.3180230338583843,0.45780484178037933,0.9994448327847383,0.4373608601025039,0.8689519367578475,-0.24164488553924285,-0.23369442573543245,-0.2531986544957332,1.0,0.0,0.0,1.0,0.0,0.0,0.0,0.0,0.0,1.0
window_10_0pct::CBWExM3oSLew3p2fN7,window_10_0pct,1784125327.332083,0,-0.38971217761451843,-0.3631730693929528,-0.7368866463097827,-0.4585569123203094,-0.7095632409082235,5.800851800658919,5.898091849313729,4.119297628905474,0.0,1.0,1.0,0.0,0.0,0.0,0.0,0.0,0.0,1.0
window_02_3pct::C7c33aBepS9Jo9u5k,window_02_3pct,1783696632.144225,1,-0.07084148315112777,-0.32603607620645897,-0.7379063557416712,-0.35315482144703725,-0.6077235520265416,-0.2497015589147518,-0.23705745230697384,1518.2410825660247,1.0,0.0,0.0,1.0,0.0,0.0,0.0,1.0,0.0,0.0
window_10_0pct::CtDT1k301YX9JaCpz5,window_10_0pct,1784124151.398532,0,0.03020264369146714,-0.006824842637158296,-0.19559088954900808,-0.10721660940940221,-0.14944495205897249,-0.2491880253894087,-0.2369233047121139,-0.11107254286646921,1.0,0.0,0.0,1.0,0.0,0.0,0.0,0.0,0.0,1.0
window_10_0pct::CWb3o13fxvWk02xJf7,window_10_0pct,1784124970.961025,0,0.09350276906075462,0.07308228315175815,0.5322904493008515,0.1914226480648689,0.4361332590106991,-0.24915121828092307,-0.2367864216141034,-0.34722662462340637,1.0,0.0,0.0,1.0,0.0,0.0,0.0,0.0,0.0,1.0
window_10_0pct::C7MLJjQwrI2ahe2Nj,window_10_0pct,1784125545.792264,0,5.948141056169849,9.094033470778832,3.1740389281263073,7.780373190940464,5.8336367697398455,-0.2487439900844073,-0.23680785181143615,1.1775971723817595,1.0,0.0,0.0,1.0,0.0,0.0,0.0,0.0,0.0,1.0
window_10_0pct::CVrlqR3UGBY9H8Wrld,window_10_0pct,1784125737.505951,0,0.828796807661498,0.6265903894650618,0.8890187988898204,0.47249489039359466,0.8434920145374271,-0.24922105369120984,-0.23695052674171047,-0.15298460871757358,1.0,0.0,0.0,1.0,0.0,0.0,0.0,0.0,0.0,1.0
window_10_0pct::CUROr34FhEmw0bpmNh,window_10_0pct,1784125974.995564,0,-0.10193041938910224,-0.27909324774038535,-0.5573540544579261,-0.3180207911559465,-0.5058838631448596,-0.24957587114121552,-0.2370128863217577,-0.23389149931538947,1.0,0.0,0.0,1.0,0.0,0.0,0.0,0.0,0.0,1.0
window_10_0pct::CrOni53DJJWRhGJ5k3,window_10_0pct,1784125013.801772,0,0.5323557240347457,0.5231075320465174,1.8972140117765097,0.8062681781589565,1.6072896811500421,-0.24911463797389263,-0.23678388768967398,-0.35447354252957886,1.0,0.0,0.0,1.0,0.0,0.0,0.0,0.0,0.0,1.0
window_10_0pct::Cz06uL1HKJu9738S57,window_10_0pct,1784125303.407662,0,-0.38560908558939727,-0.27658963022219474,-0.5955506702607468,-0.3355878063014919,-0.53134378536528,-0.23374896361405254,-0.22784214756206703,-0.1216413386483288,1.0,0.0,0.0,1.0,0.0,0.0,0.0,0.0,0.0,1.0
window_10_0pct::C0qZfi1Vky5LD0U7Th,window_10_0pct,1784125714.56766,0,0.2752264033499597,0.0042328014015168254,-0.0507921502208511,-0.054515563972766135,-0.07306518539771098,-0.24940127142168408,-0.2369898416688806,-0.2031013566069828,1.0,0.0,0.0,1.0,0.0,0.0,0.0,0.0,0.0,1.0
window_10_0pct::C5RoyC1Ct77Dq4Snq2,window_10_0pct,1784124550.410485,0,-0.3885482486979357,-0.0030694163598724055,-0.20712635249724595,-0.0720825791183115,-0.174904874279393,-0.027389199055844797,-0.1427470640747485,-0.09514911594893151,1.0,0.0,0.0,1.0,0.0,0.0,0.0,0.0,0.0,1.0
window_05_12pct::CG31RW3BuKzEPdS1n7,window_05_12pct,1783707880.685991,1,-0.3897128715032251,-0.36984938277479434,-0.7379063557416712,-0.4585569123203094,-0.7095632409082235,-0.24979859986280267,55.747032706204436,-0.6040302242810942,1.0,0.0,0.0,0.0,1.0,0.0,1.0,0.0,0.0,0.0
window_10_0pct::CK76giMSTFNq8ptUk,window_10_0pct,1784124283.702523,0,0.4961922409070892,0.08101040529269503,-0.268882504965989,-0.0720825791183115,-0.2003647964998135,-0.24943916605638805,-0.23703828121944162,0.1038659426734674,1.0,0.0,0.0,1.0,0.0,0.0,0.0,0.0,0.0,1.0
window_10_0pct::Cj5cLmDi5QSVWamJ7,window_10_0pct,1784124151.400629,0,0.03018033250074468,-0.09987596039657536,-0.47839030532606586,-0.2477527305737651,-0.42950409648359805,-0.24934450483409346,-0.2370143845742994,0.16203173308146282,1.0,0.0,0.0,1.0,0.0,0.0,0.0,0.0,0.0,1.0
window_10_0pct::CpIW5J3fTY7hLWmp61,window_10_0pct,1784124998.254738,0,0.465328007182759,-0.0051557642916979,-0.3410694351650907,-0.17748466999158366,-0.276744563161075,-0.2494973645291108,-0.2370673508543679,0.07273105268670714,1.0,0.0,0.0,1.0,0.0,0.0,0.0,0.0,0.0,1.0
window_10_0pct::CtGLgw40PB8BE6vtV3,window_10_0pct,1784125650.394712,0,0.2337831317283964,0.08622627512225876,-0.2194690854123955,-0.10721660940940221,-0.2003647964998135,-0.24928198389042883,-0.2370013760444798,0.04380646347016835,1.0,0.0,0.0,1.0,0.0,0.0,0.0,0.0,0.0,1.0
window_10_0pct::C8R7VT2PAvPWenMn4b,window_10_0pct,1784124451.003935,0,0.07721112692002126,0.0712045700131152,1.525997290676126,0.5076289206846853,1.2763106922845755,-0.24913147041286993,-0.23658898893482416,-0.4605565035698513,1.0,0.0,0.0,1.0,0.0,0.0,0.0,0.0,0.0,1.0
window_10_0pct::CBQ8tk2NvVEtqYX1u1,window_10_0pct,1784124412.076218,0,0.9761341038777482,0.5360428892238354,0.9184841526820965,0.47249489039359466,0.8434920145374271,-0.24933017584835968,-0.23697338311171087,-0.201265980448344,1.0,0.0,0.0,1.0,0.0,0.0,0.0,0.0,0.0,1.0
window_06_15pct::C8v2v31aToiwyuKjEc,window_06_15pct,1783710631.939386,1,-0.08161846080834907,-0.32624471099964153,-0.7379063557416712,-0.35315482144703725,-0.6077235520265416,-0.24969864273899656,-0.23705378094418483,1511.0084867908329,1.0,0.0,0.0,1.0,0.0,0.0,0.0,1.0,0.0,0.0
window_10_0pct::CI8axR19xNr8enESbe,window_10_0pct,1784124570.828584,0,-0.283377490990247,0.07057866563356756,1.5501941457369788,0.49006190553914,1.2763106922845755,-0.24687335988534592,-0.23468945370969366,-0.46227518810489243,1.0,0.0,0.0,1.0,0.0,0.0,0.0,0.0,0.0,1.0
window_10_0pct::CGjRxZ1q5YYKtoqzf9,window_10_0pct,1784124638.480844,0,0.256127340878059,0.08664354470862387,-0.19614323215794766,-0.08964959426385685,-0.14944495205897249,-0.24929940100502684,-0.23699954437120035,0.01648185492997688,1.0,0.0,0.0,1.0,0.0,0.0,0.0,0.0,0.0,1.0
window_10_0pct::CZbMKmCyC2i6YQltk,window_10_0pct,1784125598.493441,0,0.5949525985374199,0.18219827998623153,0.10091087171905046,0.05088652690050602,0.13061419236565305,-0.24940263878408905,-0.23701674191558733,-0.11936607949160297,1.0,0.0,0.0,1.0,0.0,0.0,0.0,0.0,0.0,1.0
window_10_0pct::CXD609V8z6jwfOILl,window_10_0pct,1784124204.270408,0,0.7334853437836317,-0.27909324774038535,-0.5815509095187786,-0.2828867608648558,-0.45496401870401854,-0.24974153297030763,-0.2371155860363655,-0.17661830168790169,1.0,0.0,0.0,1.0,0.0,0.0,0.0,0.0,0.0,1.0
window_10_0pct::C30EXx4WxIzUqdsPj4,window_10_0pct,1784124286.807756,0,-0.3893091990793121,-0.18458168642869044,-0.4767545214457448,-0.2828867608648558,-0.42950409648359805,0.07427482430453057,-0.10690464546134905,-0.08161725467230654,1.0,0.0,0.0,1.0,0.0,0.0,0.0,0.0,0.0,1.0
window_10_0pct::CB1wij1u2GEcKzF5Oe,window_10_0pct,1784125548.230241,0,0.9087655061921974,0.719641507224479,0.6901329717785812,0.4373608601025039,0.5888927923332221,-0.24920601094982597,-0.23697094010877415,-0.04218119958602013,1.0,0.0,0.0,1.0,0.0,0.0,0.0,0.0,0.0,1.0
window_10_0pct::CKa5wD1JvR105TP11b,window_10_0pct,1784125171.776358,0,-0.3895261620650742,-0.36984938277479434,-0.7379063557416712,-0.4058558668836733,-0.684103318687803,-0.24979859986280267,-0.1347796094633544,-0.6040302242810942,1.0,0.0,0.0,0.0,1.0,0.0,0.0,0.0,0.0,1.0
window_10_0pct::CcDZPhblTC14dGzb8,window_10_0pct,1784124610.056957,0,-0.38802136299013834,-0.36984938277479434,-0.7379063557416712,-0.4058558668836733,-0.684103318687803,-0.24979859986280267,-0.22585675403402278,-0.6040302242810942,1.0,0.0,0.0,0.0,1.0,0.0,0.0,0.0,0.0,1.0
window_10_0pct::Calw603xYwqeF2dgj1,window_10_0pct,1784125291.083331,0,-0.3735609571975951,-0.36984938277479434,-0.7379063557416712,-0.4058558668836733,-0.684103318687803,-0.24979859986280267,-0.23597837215697948,-0.6040302242810942,1.0,0.0,0.0,0.0,1.0,0.0,0.0,0.0,0.0,1.0
window_08_22pct::CiJVmQ3VS2kSAiWFO7,window_08_22pct,1783719129.160485,1,-0.389226242015626,-0.3531585993201904,-0.6852426123739334,-0.38828885173812794,-0.6077235520265416,-0.22557901137125322,-0.18804592710053883,-0.37072068314587064,1.0,0.0,0.0,1.0,0.0,0.0,0.0,0.0,0.0,1.0
window_10_0pct::CjvLGbYvoqjUsDLN1,window_10_0pct,1784124504.563438,0,0.07275833633715582,0.10291705857686272,-0.22681949090059123,-0.12478362455494757,-0.2003647964998135,-0.24907661759642008,-0.23695564495872393,0.07717273621539018,1.0,0.0,0.0,1.0,0.0,0.0,0.0,0.0,0.0,1.0
window_03_5pct::CL6ptg1jw2LpHwA5pl,window_03_5pct,1783699382.868312,1,-0.07074830991063713,-0.32603607620645897,-0.7379063557416712,-0.35315482144703725,-0.6077235520265416,-0.24970158726152838,-0.23705748296632145,1518.2410825660247,1.0,0.0,0.0,1.0,0.0,0.0,0.0,1.0,0.0,0.0
window_10_0pct::ClhAl22iaNBNuRql1,window_10_0pct,1784125022.046374,0,-0.3888950756239555,-0.2818055000517585,-0.6106338722740966,-0.3180207911559465,-0.53134378536528,-0.17377059611089699,-0.18455049263811443,-0.09465849245015377,1.0,0.0,0.0,1.0,0.0,0.0,0.0,0.0,0.0,1.0
window_10_0pct::CpzHxKj254ES4R995,window_10_0pct,1784124089.45259,0,0.05683821288518913,-0.18437305163550788,1.3260280222935055,0.29682473893814104,1.0726313145212116,-0.24950525267133242,-0.2366913097472887,-0.5378496093446975,1.0,0.0,0.0,1.0,0.0,0.0,0.0,0.0,0.0,1.0
window_07_17pct::CQYlZO1VrVlS4HYDRh,window_07_17pct,1783715379.345022,1,-0.38924463540395837,-0.3531585993201904,-0.6852426123739334,-0.38828885173812794,-0.6077235520265416,-0.22462778385880872,-0.18611687079717207,-0.37072068314587064,1.0,0.0,0.0,1.0,0.0,0.0,0.0,0.0,0.0,1.0
window_10_0pct::CHFRnU30PO8KtlOdE7,window_10_0pct,1784124645.671656,0,-0.38908738954781413,-0.10050186477612301,-0.5306291697638502,-0.23018571542821972,-0.45496401870401854,0.054292401468451955,-0.1301619005587894,0.3528545006392568,1.0,0.0,0.0,1.0,0.0,0.0,0.0,0.0,0.0,1.0
window_10_0pct::CuLFrC1A5UaKqhaRD4,window_10_0pct,1784125186.190384,0,0.0392525216825545,0.1112624503041647,-0.22735058956303314,-0.12478362455494757,-0.2003647964998135,-0.24900648463078842,-0.23693949486889537,0.08991859229511426,1.0,0.0,0.0,1.0,0.0,0.0,0.0,0.0,0.0,1.0
window_10_0pct::C6yNsk2jbpeQz6Blp2,window_10_0pct,1784125182.895488,0,-0.3893837654272529,-0.36984938277479434,-0.7379063557416712,-0.4058558668836733,-0.684103318687803,-0.24979859986280267,-0.17906680265022634,-0.6040302242810942,1.0,0.0,0.0,0.0,1.0,0.0,0.0,0.0,0.0,1.0
window_10_0pct::CIolUw3ySKg3CvdMxe,window_10_0pct,1784124440.695247,0,0.04828196732003289,-0.08255927256242375,0.14282517815896445,-0.036948548827220776,0.10515427014523254,-0.24933534896717832,-0.23688951044601136,-0.36381014221352653,1.0,0.0,0.0,1.0,0.0,0.0,0.0,0.0,0.0,1.0
window_10_0pct::CUW8U62DJPjUD6aiW3,window_10_0pct,1784125523.282813,0,-0.3891417370463634,-0.10050186477612301,-0.5306291697638502,-0.23018571542821972,-0.45496401870401854,0.08322449303767238,-0.11998156466119633,0.3528545006392568,1.0,0.0,0.0,1.0,0.0,0.0,0.0,0.0,0.0,1.0
window_08_22pct::CKD1Cz1bI0ebgBaEe6,window_08_22pct,1783719130.629575,1,-0.07780697284340692,-0.32624471099964153,-0.7379063557416712,-0.35315482144703725,-0.6077235520265416,-0.24969986421403667,-0.23705510839009608,1511.0084867908329,1.0,0.0,0.0,1.0,0.0,0.0,0.0,1.0,0.0,0.0
window_10_0pct::CTxvLH1xoIeVB6hTn7,window_10_0pct,1784124864.163774,0,-0.1762324384334728,-0.09820688205111495,-0.28772588550942724,-0.17748466999158366,-0.2512846409406545,-0.24889992180021275,-0.23678167520754417,-0.15967199007479488,1.0,0.0,0.0,1.0,0.0,0.0,0.0,0.0,0.0,1.0
window_10_0pct::CluVCw1pw39Jn6N9i5,window_10_0pct,1784125333.659398,0,-0.388802638973015,-0.27846734336083767,-0.6191102069266692,-0.35315482144703725,-0.5568037075857005,-0.1789008555671053,-0.20039721865378432,-0.037629911473286974,1.0,0.0,0.0,1.0,0.0,0.0,0.0,0.0,0.0,1.0
window_10_0pct::CAHPUB3sBmeHfttfhe,window_10_0pct,1784125261.99313,0,-0.3629728880719643,-0.27846734336083767,-0.6106338722740966,-0.3180207911559465,-0.53134378536528,-0.24738501265902155,-0.2355532031299379,-0.07534582015324605,1.0,0.0,0.0,1.0,0.0,0.0,0.0,0.0,0.0,1.0
window_10_0pct::CJ8zKq34kdUyHANwG6,window_10_0pct,1784126036.879671,0,-0.3866420296685808,-0.18332987766959513,1.1531235417489236,0.3670927995203225,0.9453317034191091,-0.2069023429626361,-0.1624309271992757,-0.5313922645545104,1.0,0.0,0.0,1.0,0.0,0.0,0.0,0.0,0.0,1.0
window_07_17pct::CPNYqz2HnI4NZ7d64b,window_07_17pct,1783714378.738961,1,-0.3897129142040686,-0.36984938277479434,-0.7379063557416712,-0.4585569123203094,-0.7095632409082235,-0.24979859986280267,111.73122782240476,-0.6040302242810942,1.0,0.0,0.0,0.0,1.0,0.0,1.0,0.0,0.0,0.0
window_10_0pct::CGcejD44glWQlVn0e1,window_10_0pct,1784124208.012607,0,0.2334843432513006,-0.27909324774038535,-0.5815509095187786,-0.3004537760104012,-0.5058838631448596,-0.24969574730445568,-0.23708569039673025,-0.17661830168790169,1.0,0.0,0.0,1.0,0.0,0.0,0.0,0.0,0.0,1.0
window_10_0pct::C3Un5F3T6cQWLXLJR7,window_10_0pct,1784125343.590178,0,-0.3892155881551757,-0.18374714725596025,-0.4767545214457448,-0.26531974571931044,-0.42950409648359805,0.014465254395780308,-0.12180788377505423,-0.07926404309749215,1.0,0.0,0.0,1.0,0.0,0.0,0.0,0.0,0.0,1.0
window_10_0pct::CJxFJ32FPZR4Sdkz6,window_10_0pct,1784124236.711365,0,-0.3697903339398709,-0.08193336818287611,-0.34075077596762554,-0.1599176548460383,-0.3022044853814955,-0.23959193216797364,-0.23284266731565997,-0.07017366834587456,1.0,0.0,0.0,1.0,0.0,0.0,0.0,0.0,0.0,1.0
window_10_0pct::CpMWNh2dqPePNwqce6,window_10_0pct,1784125301.168018,0,1.0482027513803813,0.09561484081547349,-0.2156026871498185,-0.054515563972766135,-0.12398502983855199,-0.24956997811152914,-0.2370826087444702,0.052248344655872435,1.0,0.0,0.0,1.0,0.0,0.0,0.0,0.0,0.0,1.0
window_10_0pct::CxypF22qQ6t3WAQQed,window_10_0pct,1784125578.759463,0,-0.3118036880300021,0.3511924624640966,0.05506643517706648,0.05088652690050602,0.054234425704391534,-0.24326223916448397,-0.23532136664792755,0.06559715996299373,1.0,0.0,0.0,1.0,0.0,0.0,0.0,0.0,0.0,1.0
window_06_15pct::CHuW2r3wcMjMuaOyC7,window_06_15pct,1783710631.860752,1,-0.08078498304430846,-0.3258274414132764,-0.7379063557416712,-0.35315482144703725,-0.6077235520265416,-0.2496979584732902,-0.2370540740218819,1525.4736783412168,1.0,0.0,0.0,1.0,0.0,0.0,0.0,1.0,0.0,0.0
window_10_0pct::CyLWJB28yT4QVmKPS1,window_10_0pct,1784125660.2312,0,-0.3832470884318632,-0.27909324774038535,1.1454757210097604,0.29682473893814104,0.9198717811986885,-0.23988540151316387,-0.2046268940043779,-0.5685427314750969,1.0,0.0,0.0,1.0,0.0,0.0,0.0,0.0,0.0,1.0
window_07_17pct::ChPH6A1f0CqW6wqEch,window_07_17pct,1783715379.382711,1,-0.38960574576212476,-0.3531585993201904,-0.6852426123739334,-0.38828885173812794,-0.6077235520265416,-0.13984702183878453,-0.014184434824332251,-0.37072068314587064,1.0,0.0,0.0,1.0,0.0,0.0,0.0,0.0,0.0,1.0
window_10_0pct::CYt4492Hi7nO8z4fD2,window_10_0pct,1784124638.497551,0,0.2559484456942664,-0.27784143898129005,-0.5815509095187786,-0.3180207911559465,-0.5058838631448596,-0.24969795649309023,-0.23709576468894558,-0.1707229648245473,1.0,0.0,0.0,1.0,0.0,0.0,0.0,0.0,0.0,1.0
window_10_0pct::CjDQ5uL9bNJgnlobg,window_10_0pct,1784125115.472661,0,0.28188948566865746,0.18866595857489055,1.63079367874916,0.6130310115579575,1.352690458945837,-0.2492112626617989,-0.2367210313572293,-0.4303846167063747,1.0,0.0,0.0,1.0,0.0,0.0,0.0,0.0,0.0,1.0
window_10_0pct::CpheM11Q3RZsAVdp93,window_10_0pct,1784125107.204172,0,-0.38835527291100297,-0.279719152119933,-0.5955506702607468,-0.3355878063014919,-0.53134378536528,-0.2029133263572149,-0.20899005337472742,-0.1378288851460726,1.0,0.0,0.0,1.0,0.0,0.0,0.0,0.0,0.0,1.0
window_10_0pct::CqewYUfoEtN4Z7EHl,window_10_0pct,1784126129.963064,0,1.5098081569182011,0.16362978339298462,0.6904516309760464,0.4022268298114132,0.6398126367740631,-0.24960024721245846,-0.2370365586781054,-0.32897709286289045,1.0,0.0,0.0,1.0,0.0,0.0,0.0,0.0,0.0,1.0
window_10_0pct::CPhPQZ1RQpXJ6G3SDe,window_10_0pct,1784124887.291596,0,0.3041132143884189,0.18741414981579527,2.1614887062075945,0.7535671327223203,1.8109690589134062,-0.2492313497178565,-0.23668004115002245,-0.46248582050962506,1.0,0.0,0.0,1.0,0.0,0.0,0.0,0.0,0.0,1.0
window_10_0pct::C0rocztM7EIyYKyod,window_10_0pct,1784124014.384722,0,0.558658899187547,0.18950049774762076,-0.08979603599058353,-0.019381533681675417,-0.04760526317729048,-0.24938204753895715,-0.23703133296995818,0.03153925598012603,1.0,0.0,0.0,1.0,0.0,0.0,0.0,0.0,0.0,1.0
window_10_0pct::Ca2Y392SF8JFAJxjG6,window_10_0pct,1784125598.493962,0,0.5949407063525085,-0.09382555139428142,-0.3047210427075677,-0.17748466999158366,-0.2512846409406545,-0.24960061693232982,-0.23707986375344492,-0.13479110057675303,1.0,0.0,0.0,1.0,0.0,0.0,0.0,0.0,0.0,1.0
window_10_0pct::CNiVJD4rQ74vimnkT,window_10_0pct,1784125596.770429,0,-0.01994557918269907,-0.18374714725596025,1.301831167232653,0.47249489039359466,1.0726313145212116,-0.24944314237598283,-0.23646418232702085,-0.5368385538150136,1.0,0.0,0.0,1.0,0.0,0.0,0.0,0.0,0.0,1.0
window_10_0pct::CLxs2S3CNBS14Kpnj1,window_10_0pct,1784124431.496456,0,0.054813360237413934,-0.00911982536216634,1.3836416051952016,0.47249489039359466,1.1490110811824732,-0.24922547543313722,-0.23658160790563323,-0.47881210322702383,1.0,0.0,0.0,1.0,0.0,0.0,0.0,0.0,0.0,1.0
window_10_0pct::CTTwH7w8q7prbuHB4,window_10_0pct,1784124707.492048,0,-0.09528868749214844,-0.007868016603071043,-0.3652662902259432,-0.17748466999158366,-0.3022044853814955,-0.24893028491353494,-0.23688634763126967,0.11131316130538403,1.0,0.0,0.0,1.0,0.0,0.0,0.0,0.0,0.0,1.0
window_10_0pct::CczE1t1ZUnIYnaRGae,window_10_0pct,1784124925.393253,0,0.21909975280637017,-0.27825870856765517,-0.5573540544579261,-0.3180207911559465,-0.5058838631448596,-0.24969234906126594,-0.23709173094850447,-0.2304879248329462,1.0,0.0,0.0,1.0,0.0,0.0,0.0,0.0,0.0,1.0
window_10_0pct::C2yXw31MihQvrr6Lf2,window_10_0pct,1784124205.362193,0,0.11642434699042818,-0.002443511980324757,-0.11505508837631984,-0.10721660940940221,-0.09852510761813149,-0.24928592453988355,-0.236964036870516,-0.16963045756509856,1.0,0.0,0.0,1.0,0.0,0.0,0.0,0.0,0.0,1.0
window_10_0pct::CddzKYYTiJ7MFGBZh,window_10_0pct,1784124960.112073,0,0.10849349797899599,-0.004738494705332801,-0.1538465346810755,-0.14235063970049294,-0.14944495205897249,-0.24928101674346007,-0.23698007243575242,-0.14367368807007067,1.0,0.0,0.0,1.0,0.0,0.0,0.0,0.0,0.0,1.0
window_10_0pct::C9yfKm29jw2lfylpqc,window_10_0pct,1784124869.692847,0,-0.38856990870079494,-0.2818055000517585,-0.5955506702607468,-0.3355878063014919,-0.53134378536528,-0.19539854842733917,-0.20369999124794516,-0.14862058281123522,1.0,0.0,0.0,1.0,0.0,0.0,0.0,0.0,0.0,1.0
window_10_0pct::Cd3xc71cRZ40udEZc1,window_10_0pct,1784125567.698312,0,-0.277034045835478,-0.36984938277479434,-0.7379063557416712,-0.4058558668836733,-0.684103318687803,-0.24979859986280267,-0.23699268365894322,-0.6040302242810942,1.0,0.0,0.0,0.0,1.0,0.0,0.0,0.0,0.0,1.0
window_10_0pct::C8Y9Gr2Z5rUJ9yjYnb,window_10_0pct,1784126046.156865,0,-0.3891825056766835,-0.2767982650153773,-0.5573540544579261,-0.3180207911559465,-0.5058838631448596,-0.12590730147518303,-0.15604222387461544,-0.2245316694886705,1.0,0.0,0.0,1.0,0.0,0.0,0.0,0.0,0.0,1.0
window_06_15pct::CgjVRq1n8CbTMrxBXc,window_06_15pct,1783710629.64348,1,-0.38971290352885773,-0.36984938277479434,-0.7379063557416712,-0.4585569123203094,-0.7095632409082235,-0.24979859986280267,89.33754977592461,-0.6040302242810942,1.0,0.0,0.0,0.0,1.0,0.0,1.0,0.0,0.0,0.0
window_10_0pct::CiHeh44wl96vWfDFxk,window_10_0pct,1784125728.719902,0,-0.36507342796482184,0.0036068970219691773,-0.21254355885415321,-0.10721660940940221,-0.2003647964998135,-0.2390939606303579,-0.2330874928540469,-0.08054365125155402,1.0,0.0,0.0,1.0,0.0,0.0,0.0,0.0,0.0,1.0
window_10_0pct::C52PD04obj9yUugbU5,window_10_0pct,1784124973.344497,0,-0.3889455480209582,-0.08485425528743179,-0.5306291697638502,-0.2477527305737651,-0.45496401870401854,0.01248750395257121,-0.15616923609679265,0.40844424066174023,1.0,0.0,0.0,1.0,0.0,0.0,0.0,0.0,0.0,1.0
window_10_0pct::C05y9fgTCHmoKVqKi,window_10_0pct,1784124929.671674,0,-0.3771616310982374,-0.2818055000517585,-0.5955506702607468,-0.3355878063014919,-0.53134378536528,-0.24484439167356756,-0.23411499028546817,-0.14862058281123522,1.0,0.0,0.0,1.0,0.0,0.0,0.0,0.0,0.0,1.0
window_10_0pct::CuPFM6kaUNJSyy6Z1,window_10_0pct,1784125285.717903,0,-0.0770082855915981,-0.004529859912150252,1.3809648679364945,0.5251959358302307,1.1490110811824732,-0.24897350633176918,-0.2362908999952644,-0.4770586157914954,1.0,0.0,0.0,1.0,0.0,0.0,0.0,0.0,0.0,1.0
window_10_0pct::ChO178VHVxS4WEICh,window_10_0pct,1784125316.230254,0,0.277729548145643,-0.36984938277479434,-0.7379063557416712,-0.38828885173812794,-0.6331834742469621,-0.24979859986280267,-0.23712659309278636,-0.6040302242810942,1.0,0.0,0.0,0.0,1.0,0.0,0.0,0.0,0.0,1.0
window_10_0pct::CS51ub2uTx4e442B8g,window_10_0pct,1784124491.789432,0,-0.38941216148817237,-0.3623385302202226,-0.7331477117261919,-0.4585569123203094,-0.7095632409082235,-0.23216330639143073,-0.22126740481686322,0.5531850997496149,0.0,1.0,1.0,0.0,0.0,0.0,0.0,0.0,0.0,1.0
window_10_0pct::CitgIv235xzWW6fpl,window_10_0pct,1784124070.240054,0,-0.38919517715198854,-0.1916752693968971,1.1531235417489236,0.3495257843747771,0.9453317034191091,-0.006766179658559393,0.19683254626848626,-0.5346422851239325,1.0,0.0,0.0,1.0,0.0,0.0,0.0,0.0,0.0,1.0
window_10_0pct::CU68t42XDzmtLBXKhk,window_10_0pct,1784125167.316012,0,0.1169902719443844,0.09331985809046545,-0.45166542063198994,-0.17748466999158366,-0.37858425204275703,-0.24915301891113945,-0.23700200158444362,0.5875365750455173,1.0,0.0,0.0,1.0,0.0,0.0,0.0,0.0,0.0,1.0
window_10_0pct::CODy8qyttNsNzOqO1,window_10_0pct,1784125589.0919,0,0.23631011426995682,-0.09445145577382907,-0.30408372431263747,-0.195051685137129,-0.276744563161075,-0.24948790433827495,-0.2370402127178196,-0.13654288595706382,1.0,0.0,0.0,1.0,0.0,0.0,0.0,0.0,0.0,1.0
window_10_0pct::CFzdje27OIlucQBON7,window_10_0pct,1784126016.123367,0,0.41494678715610106,0.08622627512225876,-0.15408021809254993,-0.054515563972766135,-0.12398502983855199,-0.24939829645446396,-0.23701980627573627,-0.02874898262008328,1.0,0.0,0.0,1.0,0.0,0.0,0.0,0.0,0.0,1.0
window_10_0pct::CKbQoH2Q6hN40UKKQj,window_10_0pct,1784125826.33092,0,-0.35650393446297346,-0.08109882901014591,-0.4806209197083218,-0.26531974571931044,-0.42950409648359805,-0.24365770865509984,-0.23543475491110075,0.22241566020252812,1.0,0.0,0.0,1.0,0.0,0.0,0.0,0.0,0.0,1.0
window_10_0pct::CZ3VWe4PLRaOoMras2,window_10_0pct,1784124089.451441,0,0.05685006236925699,-0.09069602949654318,-0.3579583726307428,-0.21261870028267438,-0.327664407601916,-0.24935710590633914,-0.2370018118999761,-0.06298062419125834,1.0,0.0,0.0,1.0,0.0,0.0,0.0,0.0,0.0,1.0
window_10_0pct::Crt5PbEb6vJsPmiNi,window_10_0pct,1784125857.700093,0,-0.35050180782541435,-0.17060315528545963,-0.6606421223296249,-0.3355878063014919,-0.582263629806121,-0.24620983332235674,-0.23618694361571624,1.2945758684369637,1.0,0.0,0.0,1.0,0.0,0.0,0.0,0.0,0.0,1.0
window_07_17pct::CmWw934jxatWMV33Ya,window_07_17pct,1783714378.74718,1,-0.3897129142040686,-0.36984938277479434,-0.7379063557416712,-0.4585569123203094,-0.7095632409082235,-0.24979859986280267,111.73122782240476,-0.6040302242810942,1.0,0.0,0.0,0.0,1.0,0.0,1.0,0.0,0.0,0.0
window_10_0pct::CkaHXw1AZ9aUQA9KMd,window_10_0pct,1784125571.086315,0,0.3370176623889691,0.2604363274296876,1.6539708243781241,0.7008660872856843,1.403610303386678,-0.2491860680186577,-0.2367216184744459,-0.4099696175163612,1.0,0.0,0.0,1.0,0.0,0.0,0.0,0.0,0.0,1.0
window_10_0pct::CMVLOC4jN2nGbXRSM9,window_10_0pct,1784124676.680575,0,-0.03354015064704873,-0.09382555139428142,-0.3103931764224471,-0.17748466999158366,-0.2512846409406545,-0.2492512683025953,-0.2369342076778374,-0.1285656672336942,1.0,0.0,0.0,1.0,0.0,0.0,0.0,0.0,0.0,1.0
window_10_0pct::CAxDjh78Ay0fDhyr,window_10_0pct,1784124684.753255,0,-0.3893698129266432,-0.36984938277479434,-0.7379063557416712,-0.4058558668836733,-0.684103318687803,-0.24979859986280267,-0.18142901515647294,-0.6040302242810942,1.0,0.0,0.0,0.0,1.0,0.0,0.0,0.0,0.0,1.0
window_10_0pct::CIIcR81T0QXVSxC1Dc,window_10_0pct,1784124323.216194,0,0.1951256738111955,-0.279719152119933,-0.5573540544579261,-0.3180207911559465,-0.5058838631448596,-0.24968975721451414,-0.23708883362781383,-0.23644418017722194,1.0,0.0,0.0,1.0,0.0,0.0,0.0,0.0,0.0,1.0
window_10_0pct::CK9gLW2mnv5peIv4v,window_10_0pct,1784125138.189885,0,-0.3868304257900495,-0.1895889214650716,-0.4300815709903515,-0.21261870028267438,-0.37858425204275703,-0.2056322870966537,-0.21228248060542607,-0.17279961564360685,1.0,0.0,0.0,1.0,0.0,0.0,0.0,0.0,0.0,1.0
window_10_0pct::C5yPI42tdIX0OL1hS9,window_10_0pct,1784125148.797438,0,-0.2560501254311773,-0.08506289008061435,-0.34075077596762554,-0.1599176548460383,-0.3022044853814955,-0.2482938185143994,-0.2365185465989032,-0.07597645699734439,1.0,0.0,0.0,1.0,0.0,0.0,0.0,0.0,0.0,1.0
window_10_0pct::CWK6GC2UMA8j46UOvj,window_10_0pct,1784125251.838208,0,0.28466429323061093,-0.0018176076007771086,-0.13379224918726973,-0.054515563972766135,-0.09852510761813149,-0.24941316847858683,-0.23699225675756713,-0.15539463290903682,1.0,0.0,0.0,1.0,0.0,0.0,0.0,0.0,0.0,1.0
window_10_0pct::CHnidNbjCbyfMzVX7,window_10_0pct,1784124001.158582,0,-0.3120450652230284,-0.18583349518778575,-0.4034204181357686,-0.23018571542821972,-0.35312432982233655,-0.248125281897201,-0.23630058634590076,-0.19890197115526645,1.0,0.0,0.0,1.0,0.0,0.0,0.0,0.0,0.0,1.0
window_10_0pct::CSljb84gtCZUXXJ9I8,window_10_0pct,1784124104.573423,0,-0.10549446664124282,-0.18541622560142063,-0.4385579056429241,-0.26531974571931044,-0.4040441742631775,-0.2493402982961483,-0.23696054509812067,-0.15032495425060405,1.0,0.0,0.0,1.0,0.0,0.0,0.0,0.0,0.0,1.0
window_10_0pct::CmHvrk3LXCFQfKMXxl,window_10_0pct,1784125165.314173,0,0.27787015134803783,-0.18583349518778575,-0.021263064589081997,-0.12478362455494757,-0.02214534095686998,-0.24960392286020175,-0.23701917255780608,-0.4149343454099134,1.0,0.0,0.0,1.0,0.0,0.0,0.0,0.0,0.0,1.0
window_10_0pct::CRGfNj2ey5fxbfhT9f,window_10_0pct,1784124508.852714,0,-0.3797853096998763,-0.2774241693949249,1.1454757210097604,0.27925772379259567,0.9198717811986885,-0.243223402460943,-0.21645365411940398,-0.5678900879292397,1.0,0.0,0.0,1.0,0.0,0.0,0.0,0.0,0.0,1.0
window_10_0pct::C6uXxI1qmixM0SmKJc,window_10_0pct,1784125167.580051,0,0.09908570151779289,-0.18332987766959513,-0.010917262644713974,-0.08964959426385685,-0.02214534095686998,-0.24952909977031787,-0.23694721876789332,-0.41508917399117584,1.0,0.0,0.0,1.0,0.0,0.0,0.0,0.0,0.0,1.0
window_10_0pct::CImk0b1N2wSmMfZqx1,window_10_0pct,1784125212.912817,0,-0.2661267452039316,-0.36984938277479434,-0.7379063557416712,-0.4058558668836733,-0.684103318687803,-0.24979859986280267,-0.23700766313081756,-0.6040302242810942,1.0,0.0,0.0,0.0,1.0,0.0,0.0,0.0,0.0,1.0
window_10_0pct::Clmq1d25Kv4qhfJVJ2,window_10_0pct,1784125377.923205,0,-0.3059974194863111,0.08539173594952856,0.23251712027215088,0.08602055719159674,0.18153403680649405,-0.2459579909830395,-0.23533483251937537,-0.2585578401067374,1.0,0.0,0.0,1.0,0.0,0.0,0.0,0.0,0.0,1.0
window_10_0pct::Cusn5F4Yf3GstduJch,window_10_0pct,1784125967.101232,0,-0.25344236356894856,-0.09945869081021026,1.46838370777443,0.4373608601025039,1.1999309256233142,-0.2483972252045523,-0.23533795529387336,-0.5137759864455456,1.0,0.0,0.0,1.0,0.0,0.0,0.0,0.0,0.0,1.0
window_10_0pct::CrR7cf35VCxT93EEoc,window_10_0pct,1784124200.994578,0,-0.18291056212428916,-0.27784143898129005,-0.5940211061129143,-0.3355878063014919,-0.53134378536528,-0.24948437942391571,-0.23697745489566194,-0.1331747863035858,1.0,0.0,0.0,1.0,0.0,0.0,0.0,0.0,0.0,1.0
window_10_0pct::C62XdVQHgC69PKGBh,window_10_0pct,1784124676.734167,0,-0.3527309199580139,-0.18166079932413476,0.118819518616591,-0.08964959426385685,0.054234425704391534,-0.246204690547441,-0.2343181863609728,-0.4422657027401901,1.0,0.0,0.0,1.0,0.0,0.0,0.0,0.0,0.0,1.0
window_08_22pct::C87pJBc5Kc2XIBrA5,window_08_22pct,1783719129.126239,1,-0.3892076351230761,-0.3531585993201904,-0.6852426123739334,-0.38828885173812794,-0.6077235520265416,-0.22647082189053605,-0.18985448780880754,-0.37072068314587064,1.0,0.0,0.0,1.0,0.0,0.0,0.0,0.0,0.0,1.0
window_08_22pct::C3XoG91zFbqbqfCSMd,window_08_22pct,1783719128.520213,1,-0.38971289285364685,-0.36984938277479434,-0.7379063557416712,-0.4585569123203094,-0.7095632409082235,-0.24979859986280267,74.4084310782712,-0.6040302242810942,1.0,0.0,0.0,0.0,1.0,0.0,1.0,0.0,0.0,0.0
window_10_0pct::CSErYQ1QibMMSz1Hbc,window_10_0pct,1784125824.518324,0,0.26016432132225004,-0.27909324774038535,-0.5815509095187786,-0.3004537760104012,-0.480423940924439,-0.24969996980013784,-0.2370888400332723,-0.17661830168790169,1.0,0.0,0.0,1.0,0.0,0.0,0.0,0.0,0.0,1.0
window_10_0pct::CnrCqb4sydEq8GIalh,window_10_0pct,1784124380.59763,0,0.7575479629777786,0.45738757219401427,1.952936883439913,0.7887011630134111,1.6836694478113037,-0.24928934826936322,-0.23686235408626674,-0.37762796439370616,1.0,0.0,0.0,1.0,0.0,0.0,0.0,0.0,0.0,1.0
window_10_0pct::CSwyad3F7jfKOPC2Yk,window_10_0pct,1784125350.061699,0,0.6616543157997982,0.7077493240130737,1.1910652301937723,0.6130310115579575,1.047171392300791,-0.24907471869751632,-0.236880461927391,-0.1926256607377105,1.0,0.0,0.0,1.0,0.0,0.0,0.0,0.0,0.0,1.0
window_10_0pct::Chfevp4l6xlI4TWU7e,window_10_0pct,1784125721.725229,0,-0.31805234798743875,-0.18645939956733337,-0.47615969094380994,-0.26531974571931044,-0.4040441742631775,-0.247991176940072,-0.23636177855625845,-0.08808705869160326,1.0,0.0,0.0,1.0,0.0,0.0,0.0,0.0,0.0,1.0
window_10_0pct::C0mbxM2VZCfzDdJLRl,window_10_0pct,1784125960.655223,0,-0.32108952020699283,-0.08193336818287611,-0.2979229798283115,-0.1599176548460383,-0.225824718720234,-0.2468354199056597,-0.2359083106842689,-0.1221365312642506,1.0,0.0,0.0,1.0,0.0,0.0,0.0,0.0,0.0,1.0
window_10_0pct::ClOltF3jBHyI0Btyx3,window_10_0pct,1784123961.497349,0,0.01058975129466549,-0.2761723606358297,-0.5940211061129143,-0.3355878063014919,-0.53134378536528,-0.2496333240819279,-0.23706685941162106,-0.12463319105682827,1.0,0.0,0.0,1.0,0.0,0.0,0.0,0.0,0.0,1.0
window_10_0pct::C2hrFj4x1yGQfnn61a,window_10_0pct,1784124525.049465,0,0.18006624991099293,0.2835947894729506,0.08342710375146342,0.12115458748268745,0.07969434792481203,-0.24898863428570436,-0.2368771083946962,-0.01813440740446464,1.0,0.0,0.0,1.0,0.0,0.0,0.0,0.0,0.0,1.0
window_10_0pct::CjapWKAqMtPzcGxGe,window_10_0pct,1784125384.490066,0,-0.3875517924895126,-0.36984938277479434,-0.7379063557416712,-0.4058558668836733,-0.684103318687803,-0.24979859986280267,-0.22831320875449237,-0.6040302242810942,1.0,0.0,0.0,0.0,1.0,0.0,0.0,0.0,0.0,1.0
window_10_0pct::CebZAW1uTeJqXqPIF4,window_10_0pct,1784125053.085618,0,-0.38971218828972926,-0.3631730693929528,-0.7368866463097827,-0.4585569123203094,-0.7095632409082235,5.884888611777276,5.983303714026363,4.119297628905474,0.0,1.0,1.0,0.0,0.0,0.0,0.0,0.0,0.0,1.0
window_10_0pct::Cz8UG53FCa3mQMAY5,window_10_0pct,1784125551.399542,0,-0.3893693218669431,-0.17790537304684886,-0.4118967527883412,-0.26531974571931044,-0.37858425204275703,0.14469666351386598,-0.07020115708644474,-0.1704609199755897,1.0,0.0,0.0,1.0,0.0,0.0,0.0,0.0,0.0,1.0
window_10_0pct::C2qtR720RErPNZJmKf,window_10_0pct,1784125583.231119,0,0.1926768658388506,0.0042328014015168254,-0.19144831998196135,-0.12478362455494757,-0.14944495205897249,-0.24934495299410608,-0.23699821946507982,-0.09990783954624996,1.0,0.0,0.0,1.0,0.0,0.0,0.0,0.0,0.0,1.0
window_10_0pct::Cz1xz42byil26kXrHc,window_10_0pct,1784125267.676495,0,-0.3892582889986636,-0.2776328041881075,-0.5573540544579261,-0.3180207911559465,-0.5058838631448596,-0.10655363186543096,-0.14252124053834794,-0.22793524397111378,1.0,0.0,0.0,1.0,0.0,0.0,0.0,0.0,0.0,1.0
window_10_0pct::CP9I8A4GfS0dSzdahh,window_10_0pct,1784125716.669098,0,-0.38961698675917306,-0.27846734336083767,-0.5955506702607468,-0.3355878063014919,-0.53134378536528,0.42269686699718606,0.16139025823956812,-0.1313538665469751,1.0,0.0,0.0,1.0,0.0,0.0,0.0,0.0,0.0,1.0
window_06_15pct::Ck5q663MEBXakxr3Ld,window_06_15pct,1783710630.159392,1,-0.3892316543475381,-0.3531585993201904,-0.6852426123739334,-0.38828885173812794,-0.6077235520265416,-0.22530665783877715,-0.18749360361147466,-0.37072068314587064,1.0,0.0,0.0,1.0,0.0,0.0,0.0,0.0,0.0,1.0
window_02_3pct::CF5Csv3NhwPTP1B6Wj,window_02_3pct,1783695630.901689,1,-0.38971290352885773,-0.36984938277479434,-0.7379063557416712,-0.4585569123203094,-0.7095632409082235,-0.24979859986280267,89.33754977592461,-0.6040302242810942,1.0,0.0,0.0,0.0,1.0,0.0,1.0,0.0,0.0,0.0
window_10_0pct::CLvMVGWY6coRV7pp8,window_10_0pct,1784124288.751743,0,0.24414474760579993,0.6386912074696498,0.349018922865404,0.24412369350150498,0.33429357012901706,-0.24867485873069195,-0.2368531498392578,0.07929564256690344,1.0,0.0,0.0,1.0,0.0,0.0,0.0,0.0,0.0,1.0
window_10_0pct::C09hYS2W8crQkHp955,window_10_0pct,1784124657.76748,0,0.048718327239635865,0.7546921524791472,1.471060445033137,0.6481650418490482,1.2763106922845755,-0.24798709862694626,-0.23646448247040203,-0.22912215145806225,1.0,0.0,0.0,1.0,0.0,0.0,0.0,0.0,0.0,1.0
window_08_22pct::Cdkskq3PwbRysYIg58,window_08_22pct,1783718128.477216,1,-0.38923872133713533,-0.3531585993201904,-0.6852426123739334,-0.4058558668836733,-0.6077235520265416,-0.22494168247366136,-0.19683523901357977,-0.37072068314587064,1.0,0.0,0.0,1.0,0.0,0.0,0.0,0.0,0.0,1.0
window_10_0pct::CBeZls1VqOdOzkfjH,window_10_0pct,1784124983.668068,0,0.01040164340389037,-0.27909324774038535,-0.5306929016033433,-0.3004537760104012,-0.480423940924439,-0.24963840216787592,-0.237042915613456,-0.28151057669437046,1.0,0.0,0.0,1.0,0.0,0.0,0.0,0.0,0.0,1.0
window_10_0pct::CaOIgA3xdjtHf5o469,window_10_0pct,1784125865.663185,0,-0.10671961789217632,-0.36984938277479434,-0.7379063557416712,-0.4058558668836733,-0.684103318687803,-0.24979859986280267,-0.23709483038821197,-0.6040302242810942,1.0,0.0,0.0,0.0,1.0,0.0,0.0,0.0,0.0,1.0
window_10_0pct::CrzSQ41FWRHGq28vB6,window_10_0pct,1784124578.668687,0,0.16008768884098254,0.0013119142969611334,-0.35855320313267774,-0.1599176548460383,-0.3022044853814955,-0.249321815385613,-0.23700587943269946,0.11647531296083921,1.0,0.0,0.0,1.0,0.0,0.0,0.0,0.0,0.0,1.0
window_10_0pct::CYqb443SuHdm9N5Jni,window_10_0pct,1784124599.376852,0,-0.38932025859777547,-0.09424282098064653,-0.5306291697638502,-0.2477527305737651,-0.45496401870401854,0.24587432094395065,-0.07888599255217175,0.37509039664825017,1.0,0.0,0.0,1.0,0.0,0.0,0.0,0.0,0.0,1.0
window_10_0pct::CKHhAw47wkb2xN0y7c,window_10_0pct,1784124953.617182,0,-0.38919024520456563,-0.19376161732872263,-0.4767545214457448,-0.26531974571931044,-0.42950409648359805,-0.011878227864344382,-0.1274006877217157,-0.10750258199526445,1.0,0.0,0.0,1.0,0.0,0.0,0.0,0.0,0.0,1.0
window_10_0pct::Cf1FWI7cVqMX5TFC9,window_10_0pct,1784126054.14396,0,1.2699108576998612,0.45404941550309347,0.8638022343970795,0.6481650418490482,0.8180320923170066,-0.2494479861637498,-0.23697803492333466,-0.22521514256387817,1.0,0.0,0.0,1.0,0.0,0.0,0.0,0.0,0.0,1.0
window_10_0pct::CAgtAk2uPl0ZkvfS1l,window_10_0pct,1784124833.33325,0,-0.3887621692485993,-0.1895889214650716,-0.4300815709903515,-0.23018571542821972,-0.37858425204275703,-0.11589828055186893,-0.1667618053474432,-0.17279961564360685,1.0,0.0,0.0,1.0,0.0,0.0,0.0,0.0,0.0,1.0
window_10_0pct::CfzQE02HfieC0YdFVb,window_10_0pct,1784124806.042877,0,0.5212620235461637,0.2911056420275223,0.026769498442162566,0.08602055719159674,0.054234425704391534,-0.24928617507668488,-0.23699446177129666,0.03250893050855016,1.0,0.0,0.0,1.0,0.0,0.0,0.0,0.0,0.0,1.0
window_10_0pct::CGH8Rx2GOMtLzC43pl,window_10_0pct,1784124357.079506,0,-0.37292291051898785,-0.002443511980324757,-0.15325170417914058,-0.08964959426385685,-0.12398502983855199,-0.23434396086111914,-0.2308976754541172,-0.14125131431405002,1.0,0.0,0.0,1.0,0.0,0.0,0.0,0.0,0.0,1.0
window_10_0pct::CJGdDgtxsmY7uwvqd,window_10_0pct,1784124676.733516,0,-0.3527241411991103,0.10646385006096606,-0.1841828902797563,-0.054515563972766135,-0.14944495205897249,-0.24070393102012258,-0.23406018920898425,0.029439282154998036,1.0,0.0,0.0,1.0,0.0,0.0,0.0,0.0,0.0,1.0
window_10_0pct::CZ6qxb2r90eBLOBGyi,window_10_0pct,1784124657.401186,0,0.19966707931950928,-0.36984938277479434,-0.7379063557416712,-0.38828885173812794,-0.6586433964673826,-0.24979859986280267,-0.23712184919969434,-0.6040302242810942,1.0,0.0,0.0,0.0,1.0,0.0,0.0,0.0,0.0,1.0
window_10_0pct::CzDnvS30r2xCVlEYJd,window_10_0pct,1784125975.756452,0,0.312318587122635,-0.27909324774038535,-0.5573540544579261,-0.3004537760104012,-0.480423940924439,-0.24970729707559702,-0.2370943055816771,-0.23389149931538947,1.0,0.0,0.0,1.0,0.0,0.0,0.0,0.0,0.0,1.0
window_10_0pct::CeET4J1gmVfh9IliJ5,window_10_0pct,1784124526.69562,0,-0.3897119961359336,-0.3631730693929528,-0.7368866463097827,-0.4585569123203094,-0.7095632409082235,4.657951169449261,4.739210489221911,4.119297628905474,0.0,1.0,1.0,0.0,0.0,0.0,0.0,0.0,0.0,1.0
window_10_0pct::CTEo8PtT4mZeYKPj6,window_10_0pct,1784124675.034898,0,-0.1123626090855804,-0.27450328229036924,-0.6106338722740966,-0.3355878063014919,-0.53134378536528,-0.24955580533722682,-0.23702450082089033,-0.05241202180066818,1.0,0.0,0.0,1.0,0.0,0.0,0.0,0.0,0.0,1.0
window_10_0pct::CHa1r234V1AQHZZrw,window_10_0pct,1784125480.980383,0,0.35345174386836725,0.29340062475253037,0.2827802976856514,0.15628861777377817,0.25791380346775555,-0.24916828599866264,-0.23693080425726273,-0.12549000388574902,1.0,0.0,0.0,1.0,0.0,0.0,0.0,0.0,0.0,1.0
window_07_17pct::CmyFAA3UhXd1pS6oR,window_07_17pct,1783714379.292833,1,-0.3892071760890086,-0.3531585993201904,-0.6852426123739334,-0.38828885173812794,-0.6077235520265416,-0.2264919936006356,-0.18989742330035536,-0.37072068314587064,1.0,0.0,0.0,1.0,0.0,0.0,0.0,0.0,0.0,1.0
window_10_0pct::CvSVnw2SRjPcTOmN39,window_10_0pct,1784124572.37301,0,-0.38918956199106985,-0.36984938277479434,-0.7379063557416712,-0.4058558668836733,-0.684103318687803,-0.24979859986280267,-0.20062292838871623,-0.6040302242810942,1.0,0.0,0.0,0.0,1.0,0.0,0.0,0.0,0.0,1.0
window_10_0pct::CvVKBvk6hCDnphbP4,window_10_0pct,1784125688.309847,0,-0.3897120815376206,-0.3631730693929528,-0.7368866463097827,-0.4585569123203094,-0.7095632409082235,5.1367560249919,5.22471028426755,4.119297628905474,0.0,1.0,1.0,0.0,0.0,0.0,0.0,0.0,0.0,1.0
window_08_22pct::CNTTS02eiwuSASt7ia,window_08_22pct,1783719128.502173,1,-0.389712882178436,-0.36984938277479434,-0.7379063557416712,-0.4585569123203094,-0.7095632409082235,-0.24979859986280267,63.744774865661626,-0.6040302242810942,1.0,0.0,0.0,0.0,1.0,0.0,1.0,0.0,0.0,0.0
window_10_0pct::CUE0xz2sWWSdqi7k8k,window_10_0pct,1784124192.013801,0,0.8643243257766672,0.2618967709819654,3.579033524157995,1.280577587088681,3.0075854032731697,-0.24944280733127397,-0.23678114982341647,-0.49625793069527285,1.0,0.0,0.0,1.0,0.0,0.0,0.0,0.0,0.0,1.0
window_10_0pct::CzdLia4tAKdwUI37Ni,window_10_0pct,1784125376.528315,0,-0.389113586515294,0.0042328014015168254,1.23312824425917,0.4549278752480493,1.0217114700803707,0.1909961474666418,0.18561568157374295,-0.4642612580492913,1.0,0.0,0.0,1.0,0.0,0.0,0.0,0.0,0.0,1.0
window_10_0pct::CCZAolUPOahbDKqVc,window_10_0pct,1784125580.713401,0,-0.33266166229643523,0.08267948363815543,-0.03445555536413855,0.0157524966094153,-0.02214534095686998,-0.2441965695671095,-0.23481588915509585,-0.13028799330956256,1.0,0.0,0.0,1.0,0.0,0.0,0.0,0.0,0.0,1.0
window_04_7pct::C2Xau01cRohRlwnIVf,window_04_7pct,1783703130.882101,1,-0.38971264732379685,-0.36984938277479434,-0.7379063557416712,-0.4585569123203094,-0.7095632409082235,-0.24979859986280267,15.206753484128333,-0.6040302242810942,1.0,0.0,0.0,0.0,1.0,0.0,1.0,0.0,0.0,0.0
window_10_0pct::Cwx1YHrxbQDR646u2,window_10_0pct,1784124604.371386,0,-0.3887680726402115,-0.010371634121261637,-0.35007686848010516,-0.1599176548460383,-0.3022044853814955,0.01889546023894264,-0.1460818322580428,0.0785442688259715,1.0,0.0,0.0,1.0,0.0,0.0,0.0,0.0,0.0,1.0
window_10_0pct::C9R6uy3u7QcR4Ki6Mh,window_10_0pct,1784125284.97839,0,-0.30671885023703943,-0.36984938277479434,-0.7379063557416712,-0.4058558668836733,-0.684103318687803,-0.24979859986280267,-0.23693197702185154,-0.6040302242810942,1.0,0.0,0.0,0.0,1.0,0.0,0.0,0.0,0.0,1.0
window_10_0pct::CTkeRD280wO0sPw1bd,window_10_0pct,1784125282.725532,0,0.9639537950249293,1.0063057130573019,1.4220294165165017,0.7711341478678657,1.2508507700641551,-0.24908060673101937,-0.23691163832428133,-0.1348227402324094,1.0,0.0,0.0,1.0,0.0,0.0,0.0,0.0,0.0,1.0
window_10_0pct::CbaGbv8Y9tmMbOwUc,window_10_0pct,1784124675.036101,0,-0.11237583567185076,-0.36984938277479434,-0.7379063557416712,-0.4058558668836733,-0.684103318687803,-0.24979859986280267,-0.23709345211985458,-0.6040302242810942,1.0,0.0,0.0,0.0,1.0,0.0,0.0,0.0,0.0,1.0
window_10_0pct::CvYPrD4XlUtHVBo2y,window_10_0pct,1784124486.150232,0,-0.2808494516028102,-0.08798377718517003,-0.5306291697638502,-0.2477527305737651,-0.45496401870401854,-0.24796997575947208,-0.23659146676733347,0.3973262926572436,1.0,0.0,0.0,1.0,0.0,0.0,0.0,0.0,0.0,1.0
window_10_0pct::CgFa8n3fEwKup4JB3k,window_10_0pct,1784125806.170207,0,0.027872896345977324,0.007153688506072518,1.4051617229973472,0.49006190553914,1.1490110811824732,-0.24916097714789606,-0.23653268809120787,-0.47447728449350673,1.0,0.0,0.0,1.0,0.0,0.0,0.0,0.0,0.0,1.0
window_10_0pct::CjJpkQ3pADstK7l8s6,window_10_0pct,1784124525.067726,0,0.17987084017598137,0.09728391916093389,-0.03445555536413855,0.0157524966094153,-0.02214534095686998,-0.24921937409736508,-0.236927375129245,-0.11499894021227938,1.0,0.0,0.0,1.0,0.0,0.0,0.0,0.0,0.0,1.0
window_07_17pct::CNFUgy4xGrfxsQowAc,window_07_17pct,1783715379.324275,1,-0.3892321240568164,-0.3531585993201904,-0.6852426123739334,-0.38828885173812794,-0.6077235520265416,-0.22528273249245467,-0.1874450838414619,-0.37072068314587064,1.0,0.0,0.0,1.0,0.0,0.0,0.0,0.0,0.0,1.0
window_10_0pct::CYcz390wd6LBnCCB,window_10_0pct,1784125022.04794,0,-0.3889113232949026,-0.2818055000517585,-0.5573540544579261,-0.3180207911559465,-0.5058838631448596,-0.1722296452671379,-0.18348414373450767,-0.24495311638333006,1.0,0.0,0.0,1.0,0.0,0.0,0.0,0.0,0.0,1.0
window_10_0pct::Cu11GW1fUpKBsBnbaa,window_10_0pct,1784123974.085084,0,0.41743152788824095,0.08726944908817151,1.5501941457369788,0.5076289206846853,1.2763106922845755,-0.249398615973513,-0.23683069230639764,-0.45690313557334516,1.0,0.0,0.0,1.0,0.0,0.0,0.0,0.0,0.0,1.0
window_10_0pct::C0ZCXm4mhCza9Ue5ji,window_10_0pct,1784124756.271231,0,0.9195957424764591,0.8973983510160111,1.506622811470246,0.7535671327223203,1.2763106922845755,-0.24911502806111774,-0.236906794089852,-0.18823948131793272,1.0,0.0,0.0,1.0,0.0,0.0,0.0,0.0,0.0,1.0
window_03_5pct::CzC9bC1FtO4x6ZrTee,window_03_5pct,1783699382.167547,1,-0.3894681102683524,-0.3531585993201904,-0.6852426123739334,-0.4058558668836733,-0.6077235520265416,-0.20165403681365662,-0.15905401081040535,-0.37072068314587064,1.0,0.0,0.0,1.0,0.0,0.0,0.0,0.0,0.0,1.0
window_06_15pct::C0bmSZTtzJOoaVpBl,window_06_15pct,1783711629.659956,1,-0.38971280745195985,-0.36984938277479434,-0.7379063557416712,-0.4585569123203094,-0.7095632409082235,-0.24979859986280267,31.753806227832868,-0.6040302242810942,1.0,0.0,0.0,0.0,1.0,0.0,1.0,0.0,0.0,0.0
window_10_0pct::C2CG0826jgOnyiEFnb,window_10_0pct,1784125161.732224,0,-0.34924974436787254,-0.2767982650153773,-0.5955506702607468,-0.3355878063014919,-0.53134378536528,-0.2481744507338527,-0.23621712771955047,-0.12272050841484512,1.0,0.0,0.0,1.0,0.0,0.0,0.0,0.0,0.0,1.0
window_10_0pct::CGSzgx2RWmWUNTxmwl,window_10_0pct,1784124380.591881,0,0.7576119288413234,0.5362515240170179,0.9461012831290747,0.49006190553914,0.8689519367578475,-0.24924083028793645,-0.23693321339940707,-0.20777984959604467,1.0,0.0,0.0,1.0,0.0,0.0,0.0,0.0,0.0,1.0
window_10_0pct::CXcAgk3powCJcsxJ7i,window_10_0pct,1784125459.253337,0,0.6927158914723078,-0.0074507470167059445,-0.08839393552173694,-0.036948548827220776,-0.02214534095686998,-0.2495621430316675,-0.23705198369133842,-0.19313835636585677,1.0,0.0,0.0,1.0,0.0,0.0,0.0,0.0,0.0,1.0
window_10_0pct::CgmaMh1dxIt3qF3E,window_10_0pct,1784124870.522576,0,-0.38898528115582365,-0.010371634121261637,-0.35007686848010516,-0.1599176548460383,-0.3022044853814955,0.09909964187013469,-0.11889461718825486,0.0785442688259715,1.0,0.0,0.0,1.0,0.0,0.0,0.0,0.0,0.0,1.0
window_10_0pct::C6Bihy2iW6vaCNcwp7,window_10_0pct,1784124132.90729,0,19.001908782368353,16.180522856017305,9.613652698127224,16.634148824295327,11.714878802656981,-0.24919582059815068,-0.23692226324555488,0.5734232822997279,1.0,0.0,0.0,1.0,0.0,0.0,0.0,0.0,0.0,1.0
window_10_0pct::CUGTMF1tqFwX7owht2,window_10_0pct,1784125598.733217,0,-0.38875457917366935,-0.279719152119933,-0.5573540544579261,-0.3180207911559465,-0.5058838631448596,-0.1833786661420515,-0.1922633050194386,-0.23644418017722194,1.0,0.0,0.0,1.0,0.0,0.0,0.0,0.0,0.0,1.0
window_10_0pct::CujQuiIVkcKq2DHKc,window_10_0pct,1784124910.065733,0,-0.38923999168722906,-0.19000619105143673,1.1531235417489236,0.29682473893814104,0.9453317034191091,0.018754065682303606,0.20762794506340937,-0.5339922810100481,1.0,0.0,0.0,1.0,0.0,0.0,0.0,0.0,0.0,1.0
window_10_0pct::CtusOz4HVjQhFssZ9h,window_10_0pct,1784124857.218837,0,-0.38443848466601954,-0.18583349518778575,1.1531235417489236,0.3670927995203225,0.9453317034191091,-0.22515858421471766,-0.1936519059042581,-0.5323672707253371,1.0,0.0,0.0,1.0,0.0,0.0,0.0,0.0,0.0,1.0
window_10_0pct::CMAVQh4HTROI7dcRf9,window_10_0pct,1784124099.784186,0,-0.05287294686099137,0.16884565322254835,-0.30930973515106563,-0.08964959426385685,-0.2512846409406545,-0.2486691057507745,-0.23685013953984685,0.32155276003420946,1.0,0.0,0.0,1.0,0.0,0.0,0.0,0.0,0.0,1.0
window_10_0pct::ClstYk3qd63yXpo2b6,window_10_0pct,1784124690.305103,0,-0.38926075497237506,-0.36984938277479434,-0.7379063557416712,-0.4058558668836733,-0.684103318687803,-0.24979859986280267,-0.1948702890393706,-0.6040302242810942,1.0,0.0,0.0,0.0,1.0,0.0,0.0,0.0,0.0,1.0
window_10_0pct::CxyfvC0J8NMlXxaWb,window_10_0pct,1784124876.019467,0,0.1279977380795426,0.0025637230560564303,1.3711714086010662,0.3670927995203225,1.1235511589620526,-0.24929055450356352,-0.23671912198165374,-0.47399211530932145,1.0,0.0,0.0,1.0,0.0,0.0,0.0,0.0,0.0,1.0
window_10_0pct::CI5PCP1HlhsOuqbUuf,window_10_0pct,1784124124.711984,0,-0.38924753906131554,-0.1895889214650716,-0.4767545214457448,-0.26531974571931044,-0.42950409648359805,0.023742203371940097,-0.11388880269383539,-0.0957365241211927,1.0,0.0,0.0,1.0,0.0,0.0,0.0,0.0,0.0,1.0
window_10_0pct::CkDEQuc45G9W9JE0j,window_10_0pct,1784124058.920389,0,-0.38895333024968387,-0.18708530394688103,-0.4767545214457448,-0.26531974571931044,-0.42950409648359805,-0.07987436795433704,-0.161633548432119,-0.08867688939674961,1.0,0.0,0.0,1.0,0.0,0.0,0.0,0.0,0.0,1.0
window_10_0pct::CNxyto9wUKch0e1y,window_10_0pct,1784125183.205234,0,0.6513873783676182,0.2479182398387346,1.795625459624625,0.7535671327223203,1.5563698367092011,-0.24937951958215895,-0.23684094229663138,-0.4244585649624349,1.0,0.0,0.0,1.0,0.0,0.0,0.0,0.0,0.0,1.0
window_06_15pct::CU02rR2ggYkxdFEp95,window_06_15pct,1783710631.194142,1,-0.07377187123632939,-0.32603607620645897,-0.7379063557416712,-0.35315482144703725,-0.6077235520265416,-0.2497006588493572,-0.23705647881294276,1518.2410825660247,1.0,0.0,0.0,1.0,0.0,0.0,0.0,1.0,0.0,0.0
window_10_0pct::CSOzMf4lO85TD0mHE2,window_10_0pct,1784125376.450454,0,-0.38883709855370974,-0.1916752693968971,1.1531235417489236,0.4022268298114132,0.9453317034191091,-0.10612552040534694,0.035778111741667645,-0.5346422851239325,1.0,0.0,0.0,1.0,0.0,0.0,0.0,0.0,0.0,1.0
window_10_0pct::CoRQRu3xsvCTE9kvh3,window_10_0pct,1784124595.780998,0,-0.3892337146632363,-0.09758097767156731,-0.25554130656544866,-0.12478362455494757,-0.225824718720234,0.1514438059728105,-0.03763305756696366,-0.18836380041948894,1.0,0.0,0.0,1.0,0.0,0.0,0.0,0.0,0.0,1.0
window_06_15pct::CYKs6L3lRpuOcvBBX,window_06_15pct,1783711631.810374,1,-0.08035139867953218,-0.3264533457928241,-0.7379063557416712,-0.35315482144703725,-0.6077235520265416,-0.24969952844152787,-0.23705422585970148,1503.7758910156408,1.0,0.0,0.0,1.0,0.0,0.0,0.0,1.0,0.0,0.0
window_10_0pct::CVJyuR2weH8Ky1IR4d,window_10_0pct,1784125153.556361,0,0.09924359856180034,-0.0074507470167059445,-0.16892973669442518,-0.054515563972766135,-0.14944495205897249,-0.2492751429369163,-0.23692773173730033,-0.13498083429048843,1.0,0.0,0.0,1.0,0.0,0.0,0.0,0.0,0.0,1.0
window_10_0pct::CW0VFE2C1VnOgUjfac,window_10_0pct,1784126023.527382,0,-0.3883803703317629,-0.36984938277479434,-0.7379063557416712,-0.4058558668836733,-0.684103318687803,-0.24979859986280267,-0.2228109380442944,-0.6040302242810942,1.0,0.0,0.0,0.0,1.0,0.0,0.0,0.0,0.0,1.0
window_10_0pct::CCXsKqqoez8j2uYM2,window_10_0pct,1784124928.523167,0,0.7424176663525969,0.19930633302720058,0.3446851577798781,0.17385563291932354,0.3088336479085966,-0.24944354191945511,-0.23700615386208812,-0.21686118767028226,1.0,0.0,0.0,1.0,0.0,0.0,0.0,0.0,0.0,1.0
window_10_0pct::CyJLT71C9noRK152Pg,window_10_0pct,1784124495.847071,0,0.3379454769914853,0.2589758838774097,1.5740723416003661,0.5778969812668668,1.3272305367254167,-0.24918826653504803,-0.2367681746389601,-0.4037284383338138,1.0,0.0,0.0,1.0,0.0,0.0,0.0,0.0,0.0,1.0
window_10_0pct::CWoO1v18RfLw7Yihwg,window_10_0pct,1784125411.883483,0,-0.335103147074122,-0.18249533849686495,-0.4118967527883412,-0.2477527305737651,-0.37858425204275703,-0.24737557942420485,-0.2360242466991844,-0.18082888160028657,1.0,0.0,0.0,1.0,0.0,0.0,0.0,0.0,0.0,1.0
window_10_0pct::C7c0HIg6eCZ07P8ce,window_10_0pct,1784125238.447437,0,0.5416232695755127,0.09457166684956074,1.4857612560095286,0.5251959358302307,1.2253908478437345,-0.2494464155002275,-0.236869792528063,-0.45022165486006094,1.0,0.0,0.0,1.0,0.0,0.0,0.0,0.0,0.0,1.0
window_10_0pct::C4gCew3yw0qGwUsBB8,window_10_0pct,1784124495.849339,0,0.3379213723653364,-0.09820688205111495,-0.3243929371644153,-0.17748466999158366,-0.276744563161075,-0.249534936851008,-0.23705070627776734,-0.1202718918399201,1.0,0.0,0.0,1.0,0.0,0.0,0.0,0.0,0.0,1.0
window_10_0pct::CjvPVs10WoW2IplkTj,window_10_0pct,1784126143.513157,0,-0.08253747903710687,-0.36984938277479434,-0.7379063557416712,-0.4058558668836733,-0.684103318687803,-0.24979859986280267,-0.23710015053768524,-0.6040302242810942,1.0,0.0,0.0,0.0,1.0,0.0,0.0,0.0,0.0,1.0
window_05_12pct::COVunJQLQ7TlXTxD4,window_05_12pct,1783706882.623423,1,-0.07860375990768056,-0.32603607620645897,-0.7379063557416712,-0.35315482144703725,-0.6077235520265416,-0.24969913771119123,-0.23705483357812557,1518.2410825660247,1.0,0.0,0.0,1.0,0.0,0.0,0.0,1.0,0.0,0.0
window_10_0pct::Cqts9B2pRaMAeyg9T5,window_10_0pct,1784124097.38463,0,-0.3893443738991353,-0.18124352973776964,1.1531235417489236,0.29682473893814104,0.9453317034191091,0.11159838766799703,0.33359197587320705,-0.5305797594121548,1.0,0.0,0.0,1.0,0.0,0.0,0.0,0.0,0.0,1.0
window_10_0pct::CBpCmy1yh6IFRbMVik,window_10_0pct,1784125573.206471,0,-0.38919099246932665,-0.18374714725596025,-0.4767545214457448,-0.23018571542821972,-0.42950409648359805,0.0020127762239473017,-0.10892373829092733,-0.07926404309749215,1.0,0.0,0.0,1.0,0.0,0.0,0.0,0.0,0.0,1.0
window_10_0pct::CQLoGZ2xwuk7uGBS8c,window_10_0pct,1784125960.554112,0,-0.3891304960493152,-0.08485425528743179,-0.5306291697638502,-0.26531974571931044,-0.45496401870401854,0.09577086505739427,-0.1386601056237095,0.40844424066174023,1.0,0.0,0.0,1.0,0.0,0.0,0.0,0.0,0.0,1.0
window_10_0pct::CmYIbd1l8EwS8R2ae3,window_10_0pct,1784124098.02223,0,0.1716275811183807,-0.36984938277479434,-0.7379063557416712,-0.38828885173812794,-0.6586433964673826,-0.24979859986280267,-0.23711982314902616,-0.6040302242810942,1.0,0.0,0.0,0.0,1.0,0.0,0.0,0.0,0.0,1.0
window_10_0pct::CyJlMQxmORaoHrAkc,window_10_0pct,1784124283.707787,0,0.49613653765675925,0.08267948363815543,1.7074630816592713,0.5954639964124121,1.4545301478275192,-0.2494378127508076,-0.2368331781919474,-0.46774753610116804,1.0,0.0,0.0,1.0,0.0,0.0,0.0,0.0,0.0,1.0
window_10_0pct::CdCZylJ0HSfrlUHm6,window_10_0pct,1784124658.370852,0,0.5549942807737814,0.40168208241427356,0.1852068514218273,0.15628861777377817,0.18153403680649405,-0.2492218054176796,-0.23698021470556274,0.0114744283782643,1.0,0.0,0.0,1.0,0.0,0.0,0.0,0.0,0.0,1.0
window_10_0pct::CzY7n729NdyorXaiBh,window_10_0pct,1784125867.745463,0,0.5690814384933969,0.2956956074775384,0.059039053172131824,0.0157524966094153,0.054234425704391534,-0.24930835099274945,-0.23702278459504253,0.010976586937412065,1.0,0.0,0.0,1.0,0.0,0.0,0.0,0.0,0.0,1.0
window_10_0pct::Cyln732sUhhmofqP07,window_10_0pct,1784124054.467059,0,-0.30073409216756897,-0.18979755625825417,-0.6587726550378294,-0.3355878063014919,-0.582263629806121,-0.24836945800171678,-0.23673254209672487,1.071152318389501,1.0,0.0,0.0,1.0,0.0,0.0,0.0,0.0,0.0,1.0
window_10_0pct::C6rgJn1MoJcLIL5uth,window_10_0pct,1784125282.014316,0,-0.38277184939426456,-0.007033477430340845,-0.4033566862962756,-0.17748466999158366,-0.327664407601916,-0.21288195566995252,-0.22545254094506406,0.1945908978891242,1.0,0.0,0.0,1.0,0.0,0.0,0.0,0.0,0.0,1.0
window_10_0pct::C9UYMc3vHOgtMYqrK4,window_10_0pct,1784125103.486908,0,-0.3723577114793709,-0.09758097767156731,-0.32828057937349,-0.14235063970049294,-0.276744563161075,-0.23871881935188946,-0.23192815676559847,-0.11455568781760456,1.0,0.0,0.0,1.0,0.0,0.0,0.0,0.0,0.0,1.0
window_10_0pct::CxFK9W3r1aTjcUqVml,window_10_0pct,1784124472.607513,0,-0.102439594922063,-0.36984938277479434,-0.7379063557416712,-0.4058558668836733,-0.684103318687803,-0.24979859986280267,-0.2370958372420017,-0.6040302242810942,1.0,0.0,0.0,0.0,1.0,0.0,0.0,0.0,0.0,1.0
window_10_0pct::CormwveChE8Lt4hel,window_10_0pct,1784124071.461872,0,-0.38924274589163405,-0.1895889214650716,-0.4767545214457448,-0.26531974571931044,-0.42950409648359805,0.020953822309611212,-0.11514541153617712,-0.0957365241211927,1.0,0.0,0.0,1.0,0.0,0.0,0.0,0.0,0.0,1.0
window_10_0pct::C9y7JT1QRYgpN9qOdc,window_10_0pct,1784125975.044932,0,-0.38952562830453064,-0.27846734336083767,-0.5573540544579261,-0.3180207911559465,-0.5058838631448596,0.0947269441918644,-0.007457483601638756,-0.23133881845355705,1.0,0.0,0.0,1.0,0.0,0.0,0.0,0.0,0.0,1.0
window_10_0pct::CB6kj52u6q7dEiSF3g,window_10_0pct,1784125193.119892,0,-0.3087437776112907,0.15111169580203165,1.4128095437365105,0.5251959358302307,1.1744710034028936,-0.24525447548395782,-0.2337966200660577,-0.425644293318488,1.0,0.0,0.0,1.0,0.0,0.0,0.0,0.0,0.0,1.0
window_04_7pct::CfPEPN1XIbMqqq8BDl,window_04_7pct,1783703132.193667,1,-0.07190078432595422,-0.32603607620645897,-0.7379063557416712,-0.35315482144703725,-0.6077235520265416,-0.24970123546713352,-0.23705710247203116,1518.2410825660247,1.0,0.0,0.0,1.0,0.0,0.0,0.0,1.0,0.0,0.0
window_10_0pct::CbudF72jiyLTlLkqLf,window_10_0pct,1784126307.927786,0,-0.0514191646188127,-0.003695320739420054,1.4037596225285007,0.5778969812668668,1.1490110811824732,-0.2490341755398094,-0.2363144231603235,-0.47812305280231315,1.0,0.0,0.0,1.0,0.0,0.0,0.0,0.0,0.0,1.0
window_10_0pct::CR6YHmCqEM5OTq7R2,window_10_0pct,1784124292.929141,0,0.24720209597390203,0.09582347560865605,-0.06559918092973101,-0.036948548827220776,-0.04760526317729048,-0.24928222620142587,-0.23697474192755233,-0.09394573963029822,1.0,0.0,0.0,1.0,0.0,0.0,0.0,0.0,0.0,1.0
window_10_0pct::CQSKef2i2UrCGAnVN1,window_10_0pct,1784125935.750131,0,-0.389375588215725,-0.36984938277479434,-0.7379063557416712,-0.4058558668836733,-0.684103318687803,-0.24979859986280267,-0.180474935904246,-0.6040302242810942,1.0,0.0,0.0,0.0,1.0,0.0,0.0,0.0,0.0,1.0
window_10_0pct::CPLgNCKSz6cmn4W02,window_10_0pct,1784124289.873409,0,-0.3891306561774783,-0.09445145577382907,-0.23134445150459615,-0.1599176548460383,-0.225824718720234,0.08422565479045112,-0.08936832238827587,-0.2036684687139823,1.0,0.0,0.0,1.0,0.0,0.0,0.0,0.0,0.0,1.0
window_10_0pct::CuopfF4aFhkDDdi51,window_10_0pct,1784124555.656633,0,0.26964344954249964,0.08893852743363191,0.014086862383050224,0.03331951175496066,0.02877450348397103,-0.24930717581579107,-0.23695212433681295,-0.15473848977879023,1.0,0.0,0.0,1.0,0.0,0.0,0.0,0.0,0.0,1.0
window_10_0pct::CF8wmz4jcZ8YGqKbH5,window_10_0pct,1784124928.528506,0,0.7423600202138882,0.1984717938544704,0.14919836210826712,0.1035875723371421,0.15607411458607354,-0.24944404447892665,-0.23702303932057994,-0.13223753548052852,1.0,0.0,0.0,1.0,0.0,0.0,0.0,0.0,0.0,1.0
window_06_15pct::C5KkZ13V1PI9zQYJ85,window_06_15pct,1783711630.211712,1,-0.38931292472790646,-0.3531585993201904,-0.6852426123739334,-0.38828885173812794,-0.6077235520265416,-0.22033088449186322,-0.17740290836410727,-0.37072068314587064,1.0,0.0,0.0,1.0,0.0,0.0,0.0,0.0,0.0,1.0
window_10_0pct::Cf0aDC2ErgKCfwt4E7,window_10_0pct,1784125255.867218,0,-0.29757791269721406,-0.0022348771871422077,0.07671401665819794,-0.036948548827220776,0.054234425704391534,-0.24698065519931678,-0.23586509018994625,-0.27170086981038766,1.0,0.0,0.0,1.0,0.0,0.0,0.0,0.0,0.0,1.0
window_10_0pct::CYej9x4uRPlV5elcod,window_10_0pct,1784125134.398975,0,-0.3884101007940414,-0.27846734336083767,-0.5573540544579261,-0.3180207911559465,-0.5058838631448596,-0.20026167293362657,-0.20413473947791952,-0.23133881845355705,1.0,0.0,0.0,1.0,0.0,0.0,0.0,0.0,0.0,1.0
window_10_0pct::C492QY1wl17HLw5iE6,window_10_0pct,1784124292.933965,0,0.2471514741239471,0.005067340574247023,0.6304162381736151,0.1914226480648689,0.5125130256719606,-0.2493828304960989,-0.23687713185817827,-0.4022483142343646,1.0,0.0,0.0,1.0,0.0,0.0,0.0,0.0,0.0,1.0
window_10_0pct::CpnQxO1D0HkkGvDFz3,window_10_0pct,1784124910.046475,0,-0.38903472873258266,-0.09799824725793241,-0.5306291697638502,-0.2477527305737651,-0.45496401870401854,0.033288445180337134,-0.14551938523577382,0.36174885904285414,1.0,0.0,0.0,1.0,0.0,0.0,0.0,0.0,0.0,1.0
window_10_0pct::CGoVwS2BxYEzT6F7a,window_10_0pct,1784124431.928375,0,-0.38859581743758126,-0.36984938277479434,-0.7379063557416712,-0.4058558668836733,-0.684103318687803,-0.24979859986280267,-0.22004316984110636,-0.6040302242810942,1.0,0.0,0.0,0.0,1.0,0.0,0.0,0.0,0.0,1.0
window_10_0pct::Cgom8r3n8MuelVLjgi,window_10_0pct,1784125836.125113,0,0.09460975640254617,0.08267948363815543,-0.025044487065668256,-0.036948548827220776,-0.02214534095686998,-0.24913870291388074,-0.2369156145960757,-0.13654206275320735,1.0,0.0,0.0,1.0,0.0,0.0,0.0,0.0,0.0,1.0
window_10_0pct::CYrDOQxrGL1h1sGJk,window_10_0pct,1784125341.463006,0,0.23695846252705563,0.37789771599146293,-0.0012087790952762178,0.0157524966094153,0.003314581263550526,-0.2489558872040423,-0.23694878600149896,0.14344298020253807,1.0,0.0,0.0,1.0,0.0,0.0,0.0,0.0,0.0,1.0
window_10_0pct::Cdc0wG4ncXtFfBEtHh,window_10_0pct,1784125960.576613,0,-0.38937057086661514,-0.17915718180594414,-0.4767545214457448,-0.2477527305737651,-0.42950409648359805,0.1435535733276636,-0.05562790146582897,-0.06632137943601324,1.0,0.0,0.0,1.0,0.0,0.0,0.0,0.0,0.0,1.0
window_10_0pct::CWZEpa4RHFHA1xLz09,window_10_0pct,1784125975.045342,0,-0.38953021864520554,-0.36984938277479434,-0.7379063557416712,-0.4058558668836733,-0.684103318687803,-0.24979859986280267,-0.13250682851918066,-0.6040302242810942,1.0,0.0,0.0,0.0,1.0,0.0,0.0,0.0,0.0,1.0
window_10_0pct::Ca6uAu1IfEz1oxHQQl,window_10_0pct,1784125899.99032,0,-0.32917329161416614,0.0013119142969611334,-0.2016029264078503,-0.10721660940940221,-0.174904874279393,-0.2454686054338349,-0.23550392644857426,-0.09437372883363929,1.0,0.0,0.0,1.0,0.0,0.0,0.0,0.0,0.0,1.0
window_10_0pct::CZlgY02AVMPkmTXWta,window_10_0pct,1784124684.84925,0,-0.06421578542090367,0.4440349454303311,0.4333149025681808,0.26169070864705035,0.3852134145698581,-0.24803264281483384,-0.2365454827372822,-0.09227943765559361,1.0,0.0,0.0,1.0,0.0,0.0,0.0,0.0,0.0,1.0
window_10_0pct::CVyijqEvXCmIy1WHc,window_10_0pct,1784125044.246428,0,0.9026111617228147,-0.27909324774038535,-0.5940211061129143,-0.2828867608648558,-0.45496401870401854,-0.2497490012862907,-0.2371217138647799,-0.13958098273865396,1.0,0.0,0.0,1.0,0.0,0.0,0.0,0.0,0.0,1.0
window_06_15pct::COaIA4ypWcjFCyeRb,window_06_15pct,1783710630.18527,1,-0.3892392550976789,-0.3531585993201904,-0.6852426123739334,-0.38828885173812794,-0.6077235520265416,-0.22491367404824428,-0.18669664615562873,-0.37072068314587064,1.0,0.0,0.0,1.0,0.0,0.0,0.0,0.0,0.0,1.0
window_06_15pct::CXTfBA14KbpdHmd47a,window_06_15pct,1783711632.526874,1,-0.08793229292815917,-0.32603607620645897,-0.7379063557416712,-0.3355878063014919,-0.582263629806121,-0.24969606317369977,-0.2370356651039229,1518.2410825660247,1.0,0.0,0.0,1.0,0.0,0.0,0.0,1.0,0.0,0.0
window_10_0pct::CLovD42zmKFmx9BFhh,window_10_0pct,1784124318.813342,0,0.4303561764943196,0.9161754824024405,2.2562791954802233,0.9468042993233193,1.9128087477950881,-0.2486910492817246,-0.2366901660039116,-0.28772218450442355,1.0,0.0,0.0,1.0,0.0,0.0,0.0,0.0,0.0,1.0
window_10_0pct::CqU0t4372YyKwb4KBd,window_10_0pct,1784124280.717368,0,0.1767398969041279,0.35870331501866837,1.1297127127084852,0.4373608601025039,0.9962515478599501,-0.2488902317698577,-0.23672350405149575,-0.31674691960868456,1.0,0.0,0.0,1.0,0.0,0.0,0.0,0.0,0.0,1.0
window_10_0pct::C4vmK93nvCdfcpY259,window_10_0pct,1784124308.633524,0,-0.38951175053039705,-0.1895889214650716,-0.4767545214457448,-0.2477527305737651,-0.42950409648359805,0.38293866347698474,0.07174868359943706,-0.0957365241211927,1.0,0.0,0.0,1.0,0.0,0.0,0.0,0.0,0.0,1.0
window_10_0pct::C0d44M2ocHPb3GpYi4,window_10_0pct,1784125903.815323,0,-0.3059362932288581,-0.36984938277479434,-0.7379063557416712,-0.4058558668836733,-0.684103318687803,-0.24979859986280267,-0.23693412949404175,-0.6040302242810942,1.0,0.0,0.0,0.0,1.0,0.0,0.0,0.0,0.0,1.0
window_10_0pct::CNMBLR35XhTGBvWE9,window_10_0pct,1784125420.484233,0,-0.31326311745873203,-0.27533782146309943,0.5428911786031916,-0.0018145185361300583,0.41067333679027856,-0.24892548168643916,-0.23547383997375232,-0.5496876874818714,1.0,0.0,0.0,1.0,0.0,0.0,0.0,0.0,0.0,1.0
window_10_0pct::C27rP243NQGaT8SP26,window_10_0pct,1784124200.507964,0,-0.38912780589617546,0.08768671867453662,-0.32554011027528984,-0.1599176548460383,-0.276744563161075,0.30243404825693065,-0.09008823010147386,0.21304594175001573,1.0,0.0,0.0,1.0,0.0,0.0,0.0,0.0,0.0,1.0
window_10_0pct::CYB1rS3dAlI4s7OUF2,window_10_0pct,1784125598.492223,0,0.5949567725448708,0.27566666733201367,0.7338530136707977,0.3495257843747771,0.5888927923332221,-0.24933559971755126,-0.23693419763747367,-0.2810271739282675,1.0,0.0,0.0,1.0,0.0,0.0,0.0,0.0,0.0,1.0
window_10_0pct::CsYuqy1UXEHnqObvOg,window_10_0pct,1784124973.524802,0,0.008374506260988577,0.20786035954768511,0.5688512812233512,0.24412369350150498,0.48705310345154007,-0.24877366595746309,-0.23666998822650817,-0.278455830226074,1.0,0.0,0.0,1.0,0.0,0.0,0.0,0.0,0.0,1.0
window_10_0pct::CbOncu1ravxjse674d,window_10_0pct,1784124333.532568,0,0.08972309322421095,-0.188963017085524,-0.4134688048291692,-0.2477527305737651,-0.37858425204275703,-0.24953213508187896,-0.23703276834468281,-0.19345859217925404,1.0,0.0,0.0,1.0,0.0,0.0,0.0,0.0,0.0,1.0
window_10_0pct::CoGmbl3UdggN8YKDze,window_10_0pct,1784124673.702859,0,-0.32037150552374355,0.36788324591870053,-0.02614917228354739,0.06845354204605138,-0.02214534095686998,-0.2422846077691583,-0.23502493691216422,0.1592725263853338,1.0,0.0,0.0,1.0,0.0,0.0,0.0,0.0,0.0,1.0
window_10_0pct::CK5ZZYXuPwmICfFm6,window_10_0pct,1784124279.372939,0,-0.38850529164938685,-0.27909324774038535,-0.5306929016033433,-0.3180207911559465,-0.480423940924439,-0.19672310035434565,-0.20153142519667352,-0.28151057669437046,1.0,0.0,0.0,1.0,0.0,0.0,0.0,0.0,0.0,1.0
window_10_0pct::CboWrp4BjmH4NwwIg6,window_10_0pct,1784124526.70234,0,-0.26538389998019407,-0.36984938277479434,-0.7379063557416712,-0.4058558668836733,-0.684103318687803,-0.24979859986280267,-0.23700858771733385,-0.6040302242810942,1.0,0.0,0.0,0.0,1.0,0.0,0.0,0.0,0.0,1.0
window_10_0pct::C9VIB12qf2S3P7UZik,window_10_0pct,1784125464.03006,0,0.7268869105419747,0.08810398826090171,-0.07112260701912666,-0.0018145185361300583,-0.02214534095686998,-0.24950893997532447,-0.23704679928264935,-0.09824623911012786,1.0,0.0,0.0,1.0,0.0,0.0,0.0,0.0,0.0,1.0
window_10_0pct::CZEWPe2ldr26N8SHq3,window_10_0pct,1784124799.848988,0,-0.3895793886664819,-0.27658963022219474,-0.17220130445506723,-0.1599176548460383,-0.174904874279393,0.24332493459268087,0.4071569711368445,-0.48262690803960745,1.0,0.0,0.0,1.0,0.0,0.0,0.0,0.0,0.0,1.0
window_10_0pct::CpRrUc10z75Pv2sNRd,window_10_0pct,1784125346.662366,0,-0.388437322581765,-0.18917165187870652,1.1531235417489236,0.27925772379259567,0.9453317034191091,-0.14976564424222696,-0.07599614262091856,-0.5336672789531058,1.0,0.0,0.0,1.0,0.0,0.0,0.0,0.0,0.0,1.0
window_10_0pct::CO3e4H2mtHVoLrYkH5,window_10_0pct,1784125625.476017,0,-0.30967027916286977,-0.36984938277479434,-0.7379063557416712,-0.4058558668836733,-0.684103318687803,-0.24979859986280267,-0.23692348022284074,-0.6040302242810942,1.0,0.0,0.0,0.0,1.0,0.0,0.0,0.0,0.0,1.0
window_10_0pct::ChoLqAZaDa6Q7FCS8,window_10_0pct,1784124085.115121,0,-0.38113395179017684,-0.36984938277479434,-0.7379063557416712,-0.4058558668836733,-0.684103318687803,-0.24979859986280267,-0.2349331796163986,-0.6040302242810942,1.0,0.0,0.0,0.0,1.0,0.0,0.0,0.0,0.0,1.0
window_10_0pct::C1f2cw4h7AfnGd2FEb,window_10_0pct,1784124105.372114,0,0.19652673118687752,-0.27909324774038535,-0.5815509095187786,-0.3004537760104012,-0.480423940924439,-0.24968926329283309,-0.23708085385420116,-0.17661830168790169,1.0,0.0,0.0,1.0,0.0,0.0,0.0,0.0,0.0,1.0
window_10_0pct::C31AA32eNYfr7ENYpc,window_10_0pct,1784125372.075379,0,-0.38846748005247833,0.00631914933334232,-0.35007686848010516,-0.1599176548460383,-0.3022044853814955,-0.03648847433078166,-0.16806389198155758,0.11023664227261415,1.0,0.0,0.0,1.0,0.0,0.0,0.0,0.0,0.0,1.0
window_10_0pct::CWnqP52vpr5GLchuo9,window_10_0pct,1784124618.026603,0,0.11118121717065585,0.4761647035804437,1.9887541772349941,0.8941032538866832,1.6836694478113037,-0.2486057211648892,-0.23641788289528212,-0.37553043956260135,1.0,0.0,0.0,1.0,0.0,0.0,0.0,0.0,0.0,1.0
window_07_17pct::CmPCz01ajGi8PSTclb,window_07_17pct,1783715379.363484,1,-0.3894165383246299,-0.3531585993201904,-0.6852426123739334,-0.38828885173812794,-0.6077235520265416,-0.2100303966685356,-0.15651387739791936,-0.37072068314587064,1.0,0.0,0.0,1.0,0.0,0.0,0.0,0.0,0.0,1.0
window_10_0pct::Ce1hV43JWxQKmMiEcg,window_10_0pct,1784125596.770337,0,-0.01998698832567145,0.1930472892317241,0.3452587443353154,0.13872160262823283,0.3088336479085966,-0.24872334009852895,-0.2367098043393746,-0.22132167714318268,1.0,0.0,0.0,1.0,0.0,0.0,0.0,0.0,0.0,1.0
window_10_0pct::C0ao2q2Gubhwh3ZCOg,window_10_0pct,1784124440.976824,0,-0.38607146099789535,-0.0041125903257851525,-0.2219546271526235,-0.10721660940940221,-0.2003647964998135,-0.17886475594851117,-0.20959021400589342,-0.08201357433414694,1.0,0.0,0.0,1.0,0.0,0.0,0.0,0.0,0.0,1.0
window_10_0pct::ClAFPm4XIsjfsPgsV5,window_10_0pct,1784124833.433403,0,-0.021601432491473466,-0.36984938277479434,-0.7379063557416712,-0.4058558668836733,-0.684103318687803,-0.24979859986280267,-0.23711045677639775,-0.6040302242810942,1.0,0.0,0.0,0.0,1.0,0.0,0.0,0.0,0.0,1.0
window_10_0pct::CHZeQp1w5mRFeuvP74,window_10_0pct,1784125810.680498,0,0.04764364308594291,-0.36984938277479434,-0.7379063557416712,-0.4058558668836733,-0.684103318687803,-0.24979859986280267,-0.23711868234018418,-0.6040302242810942,1.0,0.0,0.0,0.0,1.0,0.0,0.0,0.0,0.0,1.0
window_10_0pct::CA8mLD4QKjtFnXfHra,window_10_0pct,1784124841.021364,0,-0.3889033382371704,-0.18124352973776964,-0.4767545214457448,-0.23018571542821972,-0.42950409648359805,-0.08527078788147438,-0.15448641873767882,-0.07220440837304908,1.0,0.0,0.0,1.0,0.0,0.0,0.0,0.0,0.0,1.0
window_10_0pct::CMdtks4cZaKEvJDZ09,window_10_0pct,1784125974.812407,0,0.2275594517644002,-0.004738494705332801,-0.359190521527608,-0.1599176548460383,-0.3022044853814955,-0.2493808535851887,-0.23702298920935874,0.1059228050315534,1.0,0.0,0.0,1.0,0.0,0.0,0.0,0.0,0.0,1.0
window_10_0pct::Cxlmvk3JnBP3g5cdl4,window_10_0pct,1784126061.793447,0,-0.32605735768879857,-0.016213408330373023,-0.3777364868200788,-0.14235063970049294,-0.327664407601916,-0.24587500193161702,-0.23573532815942091,0.11901606524708772,1.0,0.0,0.0,1.0,0.0,0.0,0.0,0.0,0.0,1.0
window_10_0pct::CrUkgu33MvfkM8Dsu8,window_10_0pct,1784124286.785947,0,-0.3890765221831465,-0.09299101222155122,-0.5306291697638502,-0.2477527305737651,-0.45496401870401854,0.05743482531339187,-0.13950136312943215,0.3795375758500489,1.0,0.0,0.0,1.0,0.0,0.0,0.0,0.0,0.0,1.0
window_10_0pct::C6E1fQ3OcY3qFNHduk,window_10_0pct,1784125229.723924,0,-0.20804239976416244,-0.09653780370565457,1.224609421713602,0.3495257843747771,0.9962515478599501,-0.2487360773208358,-0.2359254797813286,-0.5014690865417167,1.0,0.0,0.0,1.0,0.0,0.0,0.0,0.0,0.0,1.0
window_08_22pct::CAY0gd2msK1jtUsXyg,window_08_22pct,1783719128.497036,1,-0.389712882178436,-0.36984938277479434,-0.7379063557416712,-0.4585569123203094,-0.7095632409082235,-0.24979859986280267,63.744774865661626,-0.6040302242810942,1.0,0.0,0.0,0.0,1.0,0.0,1.0,0.0,0.0,0.0
window_10_0pct::CYItYgL3i7g9gVkFk,window_10_0pct,1784124998.302716,0,-0.30599850835782,-0.36984938277479434,-0.7379063557416712,-0.4058558668836733,-0.684103318687803,-0.24979859986280267,-0.2369339598399246,-0.6040302242810942,1.0,0.0,0.0,0.0,1.0,0.0,0.0,0.0,0.0,1.0
window_10_0pct::CUcTrl40QfQqengJla,window_10_0pct,1784125523.311078,0,-0.3894432797278642,-0.36984938277479434,-0.7379063557416712,-0.4058558668836733,-0.684103318687803,-0.24979859986280267,-0.1662458458395183,-0.6040302242810942,1.0,0.0,0.0,0.0,1.0,0.0,0.0,0.0,0.0,1.0
window_10_0pct::CYWX6bs0605XKjD2k,window_10_0pct,1784124166.221157,0,0.2240583882564043,-0.004321225118967703,0.9400467583772372,0.26169070864705035,0.7925721700965861,-0.24937799053672563,-0.2368352391703544,-0.44360296124541365,1.0,0.0,0.0,1.0,0.0,0.0,0.0,0.0,0.0,1.0
window_10_0pct::ClDwewM5z4BxNrnbj,window_10_0pct,1784124577.436608,0,-0.3896472723324168,-0.17915718180594414,-0.4767545214457448,-0.26531974571931044,-0.42950409648359805,1.800580768045181,0.6363111364294628,-0.06632137943601324,1.0,0.0,0.0,1.0,0.0,0.0,0.0,0.0,0.0,1.0
window_10_0pct::CxL2P21YbW1D6H4Lc4,window_10_0pct,1784126365.582187,0,-0.3847575133429286,0.4567616678144666,-0.6461112629252148,0.05088652690050602,-0.12398502983855199,-0.13198827815266959,-0.20821760628395194,6.0261281425191,1.0,0.0,0.0,0.0,0.0,1.0,0.0,0.0,0.0,1.0
window_10_0pct::CkB4k51DhShIaehXp1,window_10_0pct,1784125480.973944,0,0.35352086585876324,0.6847994967629932,2.271744788530531,0.929237284177774,1.9128087477950881,-0.24879641670524097,-0.23664777844275914,-0.3459639045877517,1.0,0.0,0.0,1.0,0.0,0.0,0.0,0.0,0.0,1.0
window_10_0pct::Crt2IY2goCTrdm4Ral,window_10_0pct,1784125899.990111,0,-0.32917096441819604,0.5587840816807333,2.7805797950428572,1.1049074356332276,2.345627425542237,-0.23896551140362846,-0.2300548965833485,-0.40966054479394687,1.0,0.0,0.0,1.0,0.0,0.0,0.0,0.0,0.0,1.0
window_10_0pct::CXklt01W5w9vNuI5ik,window_10_0pct,1784125035.758664,0,-0.38932332238329576,-0.36984938277479434,-0.7379063557416712,-0.4058558668836733,-0.684103318687803,-0.24979859986280267,-0.18807903117131408,-0.6040302242810942,1.0,0.0,0.0,0.0,1.0,0.0,0.0,0.0,0.0,1.0
window_10_0pct::ChGKUv1QJpeI2lqGcc,window_10_0pct,1784124358.617181,0,-0.3482191168094483,-0.2795105173267504,1.1454757210097604,0.2265566783559596,0.9198717811986885,-0.2482609563072547,-0.23255339362536215,-0.5687058923615614,1.0,0.0,0.0,1.0,0.0,0.0,0.0,0.0,0.0,1.0
window_10_0pct::CJmber3Bfk5FVv0x2l,window_10_0pct,1784125598.733858,0,-0.3887616888641101,-0.36984938277479434,-0.7379063557416712,-0.4058558668836733,-0.684103318687803,-0.24979859986280267,-0.21705810920228785,-0.6040302242810942,1.0,0.0,0.0,0.0,1.0,0.0,0.0,0.0,0.0,1.0
window_10_0pct::C64cxN4C0OyEtvXNi,window_10_0pct,1784124833.335474,0,-0.3887863165755917,-0.36984938277479434,-0.7379063557416712,-0.4058558668836733,-0.684103318687803,-0.24979859986280267,-0.21652378870724903,-0.6040302242810942,1.0,0.0,0.0,0.0,1.0,0.0,0.0,0.0,0.0,1.0
window_10_0pct::CDuhLK2oZ4Wmmb8Oel,window_10_0pct,1784124555.654974,0,0.269689032692923,0.5583668120943682,3.618780948055146,1.526515799126316,3.0330453254935903,-0.24880442321549717,-0.23633582696280572,-0.4471264862089814,1.0,0.0,0.0,1.0,0.0,0.0,0.0,0.0,0.0,1.0
window_10_0pct::C1zXvX2XonIfjaCaIg,window_10_0pct,1784125376.450798,0,-0.3888416995695956,-0.1895889214650716,-0.4767545214457448,-0.2477527305737651,-0.42950409648359805,-0.10367555949732676,-0.16582311829602653,-0.0957365241211927,1.0,0.0,0.0,1.0,0.0,0.0,0.0,0.0,0.0,1.0
window_07_17pct::C5uh1J3rvw6GFFZUM8,window_07_17pct,1783715378.757933,1,-0.38971280745195985,-0.36984938277479434,-0.7379063557416712,-0.4585569123203094,-0.7095632409082235,-0.24979859986280267,31.753806227832868,-0.6040302242810942,1.0,0.0,0.0,0.0,1.0,0.0,1.0,0.0,0.0,0.0
window_10_0pct::CfvYt01cc0INDkWhXd,window_10_0pct,1784124925.377073,0,0.21927341713683549,0.5704676300989561,0.14658535668905304,0.13872160262823283,0.13061419236565305,-0.24870808550576126,-0.23688762541634747,0.17888141849895278,1.0,0.0,0.0,1.0,0.0,0.0,0.0,0.0,0.0,1.0
window_10_0pct::CVzxAa0TwzazrehH6,window_10_0pct,1784125043.179365,0,-0.3888954706067577,-0.18708530394688103,-0.4767545214457448,-0.26531974571931044,-0.42950409648359805,-0.09190118162071491,-0.16697929302816059,-0.08867688939674961,1.0,0.0,0.0,1.0,0.0,0.0,0.0,0.0,0.0,1.0
window_10_0pct::CYYM7P3u7ZK5hBVUNh,window_10_0pct,1784125738.553904,0,-0.24014162728385016,-0.010371634121261637,-0.3967498189354985,-0.17748466999158366,-0.35312432982233655,-0.24810118371993717,-0.23661899395337388,0.17192011947081726,1.0,0.0,0.0,1.0,0.0,0.0,0.0,0.0,0.0,1.0
window_06_15pct::CGfMIA3ryjCoN7gms,window_06_15pct,1783710629.652468,1,-0.38971280745195985,-0.36984938277479434,-0.7379063557416712,-0.4585569123203094,-0.7095632409082235,-0.24979859986280267,31.753806227832868,-0.6040302242810942,1.0,0.0,0.0,0.0,1.0,0.0,1.0,0.0,0.0,0.0
window_10_0pct::CdVPg91LBpGwJHLBEl,window_10_0pct,1784125573.206393,0,-0.3891895940167025,-0.18583349518778575,1.1531235417489236,0.3670927995203225,0.9453317034191091,-0.0014755310523809325,0.20133820038677713,-0.5323672707253371,1.0,0.0,0.0,1.0,0.0,0.0,0.0,0.0,0.0,1.0
window_10_0pct::CPkhxk3jlKvENGMtk8,window_10_0pct,1784126132.378848,0,0.6375074585166606,0.18365872353850937,0.5479684818161361,0.3495257843747771,0.4615931812311196,-0.24941803822029615,-0.23694365090792305,-0.287029124139277,1.0,0.0,0.0,1.0,0.0,0.0,0.0,0.0,0.0,1.0
window_10_0pct::CXXNXGrO9DqGW9b4l,window_10_0pct,1784125386.714635,0,0.17147313216748497,0.08539173594952856,0.20290305885439108,0.0157524966094153,0.18153403680649405,-0.2492256729092578,-0.23692385801750543,-0.24768357669898672,1.0,0.0,0.0,1.0,0.0,0.0,0.0,0.0,0.0,1.0
window_10_0pct::CLsTmz2d7XOuX0PAAg,window_10_0pct,1784124068.542098,0,-0.38966163049103963,-0.2776328041881075,-0.6106338722740966,-0.3355878063014919,-0.53134378536528,1.0191170473867937,0.5080515017006144,-0.07051765207901917,1.0,0.0,0.0,1.0,0.0,0.0,0.0,0.0,0.0,1.0
window_10_0pct::CghWw543793QPrG7Q1,window_10_0pct,1784125974.811617,0,0.2275683228646348,-0.09445145577382907,-0.23134445150459615,-0.1599176548460383,-0.225824718720234,-0.24948350434178226,-0.237022991213009,-0.2036684687139823,1.0,0.0,0.0,1.0,0.0,0.0,0.0,0.0,0.0,1.0
window_10_0pct::CBh6F84hklEQg8T8z4,window_10_0pct,1784125899.822501,0,-0.38831230518724325,-0.0016089728075945591,1.2322572424527654,0.47249489039359466,1.0217114700803707,-0.06411824538796414,-0.05283263627976592,-0.46638310441810205,1.0,0.0,0.0,1.0,0.0,0.0,0.0,0.0,0.0,1.0
window_10_0pct::CvpXIv1ckpQf7zV2M3,window_10_0pct,1784125022.048225,0,-0.3889145578837968,-0.36984938277479434,-0.7379063557416712,-0.4058558668836733,-0.684103318687803,-0.24979859986280267,-0.2132087498311892,-0.6040302242810942,1.0,0.0,0.0,0.0,1.0,0.0,0.0,0.0,0.0,1.0
window_10_0pct::C59fqor9nbZjpoMD,window_10_0pct,1784125278.875527,0,-0.3176169915376577,0.0013119142969611334,-0.3967498189354985,-0.195051685137129,-0.35312432982233655,-0.24616266251034208,-0.23610134763379503,0.1971396315138278,1.0,0.0,0.0,1.0,0.0,0.0,0.0,0.0,0.0,1.0
window_10_0pct::CIMcdv4V9k71hz7qp5,window_10_0pct,1784125150.145551,0,0.5515891553858919,0.1079242936132439,-0.2155389553103255,-0.08964959426385685,-0.2003647964998135,-0.24944012570416088,-0.2370506656556054,0.06952180195678798,1.0,0.0,0.0,1.0,0.0,0.0,0.0,0.0,0.0,1.0
window_10_0pct::Cty0gq2fWsSWGbVPUf,window_10_0pct,1784125350.354878,0,0.1982296515003864,-0.08881831635790023,-0.3243929371644153,-0.17748466999158366,-0.276744563161075,-0.24946101414403624,-0.23702416612845806,-0.10355213380623893,1.0,0.0,0.0,1.0,0.0,0.0,0.0,0.0,0.0,1.0
window_10_0pct::CZv5O72BavZhQFTOmc,window_10_0pct,1784125295.355523,0,-0.389335054440044,0.09206804933137015,1.369408161041759,0.47249489039359466,1.1490110811824732,0.6134766641141762,0.4460345473543455,-0.44260430367588505,1.0,0.0,0.0,1.0,0.0,0.0,0.0,0.0,0.0,1.0
window_10_0pct::CnERiqJCl7Gr2kFs6,window_10_0pct,1784125548.230433,0,0.9087632537227036,0.07349955273812325,-0.05170563992025115,0.03331951175496066,0.003314581263550526,-0.24955745592858172,-0.23705562852745962,-0.12823101611185223,1.0,0.0,0.0,1.0,0.0,0.0,0.0,0.0,0.0,1.0
window_10_0pct::CvvAnq2dLLOpF1RHfb,window_10_0pct,1784125030.178616,0,-0.3669477494640912,-0.016213408330373023,-0.3724679880886552,-0.17748466999158366,-0.3022044853814955,-0.23882751699250668,-0.23359207310225158,0.1085925647063106,1.0,0.0,0.0,1.0,0.0,0.0,0.0,0.0,0.0,1.0
window_10_0pct::CJBEAP2DnbXUhVb2,window_10_0pct,1784124646.020006,0,-0.38898466199359305,-0.09674643849883711,-0.5306291697638502,-0.2477527305737651,-0.45496401870401854,0.01504152018590439,-0.15181939822442828,0.3661960382446528,1.0,0.0,0.0,1.0,0.0,0.0,0.0,0.0,0.0,1.0
window_10_0pct::CyWoe014zHgKVCwpn1,window_10_0pct,1784124197.951982,0,-0.371898495933291,0.39208488192787627,1.6290941630293458,0.5778969812668668,1.3781503811662577,-0.21959146824779394,-0.22105927429779973,-0.3669704261191595,1.0,0.0,0.0,1.0,0.0,0.0,0.0,0.0,0.0,1.0
window_10_0pct::Cv4CHxsoHbZuT3cGh,window_10_0pct,1784126000.685284,0,-0.3755596342283122,-0.36984938277479434,-0.7379063557416712,-0.4058558668836733,-0.684103318687803,-0.24979859986280267,-0.23581116695109133,-0.6040302242810942,1.0,0.0,0.0,0.0,1.0,0.0,0.0,0.0,0.0,1.0
window_10_0pct::CnBfZq3Sc2ofdEl8Kd,window_10_0pct,1784124455.689504,0,-0.20433315896895213,-0.2738773779108216,-0.5815509095187786,-0.3355878063014919,-0.5058838631448596,-0.24943296564505513,-0.23695608137712976,-0.15205439809059174,1.0,0.0,0.0,1.0,0.0,0.0,0.0,0.0,0.0,1.0
window_10_0pct::CqUyaV3wIXwfAIzTle,window_10_0pct,1784124707.496571,0,-0.0953373984793573,-0.18833711270597633,-0.4682781867931723,-0.2477527305737651,-0.4040441742631775,-0.24936311916583975,-0.2369512685494992,-0.108295699392023,1.0,0.0,0.0,1.0,0.0,0.0,0.0,0.0,0.0,1.0
window_10_0pct::CsmcY721b6eQGEowl5,window_10_0pct,1784125404.641304,0,-0.2693030687972019,-0.27784143898129005,-0.5940211061129143,-0.3180207911559465,-0.53134378536528,-0.24925893040315897,-0.23680504480738512,-0.1331747863035858,1.0,0.0,0.0,1.0,0.0,0.0,0.0,0.0,0.0,1.0
window_10_0pct::CvdU4N2A8TVThVHnVi,window_10_0pct,1784125630.622755,0,-0.14899030375800495,0.4567616678144666,1.8885252376589605,0.736000117576775,1.5818297589296217,-0.24737339229458355,-0.2357919574004964,-0.37225113244226127,1.0,0.0,0.0,1.0,0.0,0.0,0.0,0.0,0.0,1.0
window_05_12pct::CJO8EX2ritGjpYnIX2,window_05_12pct,1783707880.686358,1,-0.389712882178436,-0.36984938277479434,-0.7379063557416712,-0.4585569123203094,-0.7095632409082235,-0.24979859986280267,63.744774865661626,-0.6040302242810942,1.0,0.0,0.0,0.0,1.0,0.0,1.0,0.0,0.0,0.0
window_08_22pct::CIPBmN23JqZIgHm5l2,window_08_22pct,1783719129.148973,1,-0.3892288040662353,-0.3531585993201904,-0.6852426123739334,-0.38828885173812794,-0.6077235520265416,-0.22545084562173343,-0.18778601141921927,-0.37072068314587064,1.0,0.0,0.0,1.0,0.0,0.0,0.0,0.0,0.0,1.0
window_10_0pct::CnKZen46g9sahxe8c2,window_10_0pct,1784124717.059991,0,-0.38928540403427847,-0.1916752693968971,1.1531235417489236,0.38465981466586785,0.9453317034191091,0.044521179347863996,0.31078407038038763,-0.5346422851239325,1.0,0.0,0.0,1.0,0.0,0.0,0.0,0.0,0.0,1.0
window_10_0pct::CjscmrFa9bjYrKZng,window_10_0pct,1784124491.814431,0,-0.3889554546166473,-0.008076651396253593,-0.19312659175527772,-0.10721660940940221,-0.14944495205897249,0.08750156158555161,-0.10461622445887227,-0.11499450292477491,1.0,0.0,0.0,1.0,0.0,0.0,0.0,0.0,0.0,1.0
window_10_0pct::CbcBAb3YVNy4HUuC2e,window_10_0pct,1784125650.392568,0,0.23380585925234282,-0.1038400214670438,-0.20468329865001325,-0.14235063970049294,-0.2003647964998135,-0.24949729091704917,-0.2370167179220125,-0.2366520475801774,1.0,0.0,0.0,1.0,0.0,0.0,0.0,0.0,0.0,1.0
window_07_17pct::CbPH3C36auRLQa9rRl,window_07_17pct,1783714380.420401,1,-0.07470305920548123,-0.32624471099964153,-0.7379063557416712,-0.35315482144703725,-0.6077235520265416,-0.24970083709434615,-0.2370561656740737,1511.0084867908329,1.0,0.0,0.0,1.0,0.0,0.0,0.0,1.0,0.0,0.0
window_10_0pct::CBG3uv1V4qhQuXsWHe,window_10_0pct,1784124572.373164,0,-0.389190800315531,-0.36984938277479434,-0.7379063557416712,-0.4058558668836733,-0.684103318687803,-0.24979859986280267,-0.2005362729010865,-0.6040302242810942,1.0,0.0,0.0,0.0,1.0,0.0,0.0,0.0,0.0,1.0
window_08_22pct::CB2KJt4AmLIXBWdpPb,window_08_22pct,1783719130.436728,1,-0.07580951278672925,-0.32603607620645897,-0.7379063557416712,-0.35315482144703725,-0.6077235520265416,-0.24970002308481806,-0.23705579118181316,1518.2410825660247,1.0,0.0,0.0,1.0,0.0,0.0,0.0,1.0,0.0,0.0
window_10_0pct::CoWUXy37mnUBFVj9L5,window_10_0pct,1784125042.015909,0,0.2935571708954042,0.02134085444248588,1.4032072799195612,0.49006190553914,1.1490110811824732,-0.24939424725993475,-0.2367775505557115,-0.469479314664028,1.0,0.0,0.0,1.0,0.0,0.0,0.0,0.0,0.0,1.0
window_10_0pct::CSbXAM3N62O2eBOpkg,window_10_0pct,1784124833.335647,0,-0.3887880032589095,-0.36984938277479434,-0.7379063557416712,-0.4058558668836733,-0.684103318687803,-0.24979859986280267,-0.21648615350425282,-0.6040302242810942,1.0,0.0,0.0,0.0,1.0,0.0,0.0,0.0,0.0,1.0
window_10_0pct::CmiKXK2NiBvSngjsv5,window_10_0pct,1784123915.491307,0,1.184996985160037,-0.006824842637158296,-0.13353732182929762,-0.054515563972766135,-0.04760526317729048,-0.24963578273702278,-0.23708954103768295,-0.16168517511294092,1.0,0.0,0.0,1.0,0.0,0.0,0.0,0.0,0.0,1.0
window_10_0pct::Ctlc2d4qizMGYbCnfc,window_10_0pct,1784124931.923386,0,0.5101427132266997,0.5475178028488756,0.330026834696482,0.27925772379259567,0.3088336479085966,-0.24907859569053922,-0.23693394088776995,0.028575525028028834,1.0,0.0,0.0,1.0,0.0,0.0,0.0,0.0,0.0,1.0
window_10_0pct::CvTo6v3QIFxyIhTyij,window_10_0pct,1784124895.7857,0,-0.38786365809992657,-0.2767982650153773,-0.5573540544579261,-0.3180207911559465,-0.5058838631448596,-0.21426172976945546,-0.2138939677916598,-0.2245316694886705,1.0,0.0,0.0,1.0,0.0,0.0,0.0,0.0,0.0,1.0
window_10_0pct::Cx1HT640T0HT85Tl74,window_10_0pct,1784124414.958578,0,-0.13864976074686272,-0.0823506377692412,-0.4800898210458799,-0.21261870028267438,-0.42950409648359805,-0.24898984376289449,-0.23687675613781917,0.2171378549983391,1.0,0.0,0.0,1.0,0.0,0.0,0.0,0.0,0.0,1.0
window_10_0pct::CMsRzd4lFOQXeM2Wni,window_10_0pct,1784125650.050053,0,-0.38934215345527395,-0.275546456256282,-0.5573540544579261,-0.3180207911559465,-0.5058838631448596,-0.07018216415708912,-0.12111628797584623,-0.2194263077650056,1.0,0.0,0.0,1.0,0.0,0.0,0.0,0.0,0.0,1.0
window_10_0pct::C5WBIg3I9xjVJjCeGk,window_10_0pct,1784124557.536277,0,0.5163683254038638,0.44257450187805325,0.18643900031869248,0.12115458748268745,0.18153403680649405,-0.2491653425797363,-0.23698300123510496,0.043233242086744145,1.0,0.0,0.0,1.0,0.0,0.0,0.0,0.0,0.0,1.0
window_10_0pct::Chi7UN3EHtJ2oza52f,window_10_0pct,1784125607.293605,0,0.1174341151868087,0.45905665053947464,0.35466981263378566,0.26169070864705035,0.3088336479085966,-0.2486442537427321,-0.2367664536969432,-0.045318493713196524,1.0,0.0,0.0,1.0,0.0,0.0,0.0,0.0,0.0,1.0
window_08_22pct::Cl7Vnj0gt677e0N8l,window_08_22pct,1783719128.507422,1,-0.38971289285364685,-0.36984938277479434,-0.7379063557416712,-0.4585569123203094,-0.7095632409082235,-0.24979859986280267,74.4084310782712,-0.6040302242810942,1.0,0.0,0.0,0.0,1.0,0.0,1.0,0.0,0.0,0.0
window_10_0pct::CH1JZ4sEhjyH8Nkxg,window_10_0pct,1784125229.727858,0,-0.20808448144541983,-0.36984938277479434,-0.7379063557416712,-0.4058558668836733,-0.684103318687803,-0.24979859986280267,-0.2370571149490743,-0.6040302242810942,1.0,0.0,0.0,0.0,1.0,0.0,0.0,0.0,0.0,1.0
window_10_0pct::C8SM9v1aPXRwODQB11,window_10_0pct,1784125506.471495,0,-0.3892506989237337,-0.18791984311961124,-0.4767545214457448,-0.26531974571931044,-0.42950409648359805,0.028162148121997924,-0.11304613982003259,-0.09103010097156401,1.0,0.0,0.0,1.0,0.0,0.0,0.0,0.0,0.0,1.0
window_10_0pct::CiyKNv4hFcZyo0jd05,window_10_0pct,1784125425.255455,0,0.1985100465891498,0.09582347560865605,0.09466515144873383,0.05088652690050602,0.054234425704391534,-0.24923948171222468,-0.23691856652096335,-0.1921310160184796,1.0,0.0,0.0,1.0,0.0,0.0,0.0,0.0,0.0,1.0
window_10_0pct::CCbvH9C3n1FnkccRf,window_10_0pct,1784124632.063846,0,0.045414861884880295,-0.36984938277479434,-0.7379063557416712,-0.4058558668836733,-0.684103318687803,-0.24979859986280267,-0.23711845836145243,-0.6040302242810942,1.0,0.0,0.0,0.0,1.0,0.0,0.0,0.0,0.0,1.0
window_10_0pct::ChMSQf29iaKisKoNU6,window_10_0pct,1784125007.024831,0,-0.3891875230257933,-0.27700689980855986,-0.5940211061129143,-0.3004537760104012,-0.53134378536528,-0.12500470366908814,-0.14616818794599692,-0.12890398868020705,1.0,0.0,0.0,1.0,0.0,0.0,0.0,0.0,0.0,1.0
window_10_0pct::ColHog2rQxREUmSmb5,window_10_0pct,1784124121.463785,0,-0.38864963117558693,-0.18708530394688103,-0.4767545214457448,-0.26531974571931044,-0.42950409648359805,-0.12840684532604726,-0.18320553215442656,-0.08867688939674961,1.0,0.0,0.0,1.0,0.0,0.0,0.0,0.0,0.0,1.0
window_10_0pct::C41eRD46gcZflE3eY2,window_10_0pct,1784125350.355253,0,0.19822618205685305,0.300076938134372,0.5091557915648828,0.2265566783559596,0.4361332590106991,-0.24899385291432624,-0.23683712838832333,-0.2084139008539901,1.0,0.0,0.0,1.0,0.0,0.0,0.0,0.0,0.0,1.0
window_10_0pct::CGpWe14EhLKyhQsQJ9,window_10_0pct,1784124503.442252,0,0.7075899510109294,0.17427015784529465,-0.04834909637361841,-0.019381533681675417,-0.04760526317729048,-0.2494483867024934,-0.2370491233532716,-0.02292702706296239,1.0,0.0,0.0,1.0,0.0,0.0,0.0,0.0,0.0,1.0
window_08_22pct::CE1xuc4ph2p6svXQLe,window_08_22pct,1783718130.353,1,-0.08206122585447526,-0.32603607620645897,-0.7379063557416712,-0.35315482144703725,-0.6077235520265416,-0.24969801993102786,-0.2370536246078401,1518.2410825660247,1.0,0.0,0.0,1.0,0.0,0.0,0.0,1.0,0.0,0.0
window_10_0pct::CzMPsj4uBlx7dTjj35,window_10_0pct,1784125523.611513,0,-0.38941180920621354,-0.18917165187870652,1.1531235417489236,0.3670927995203225,0.9453317034191091,0.1739319223591291,0.5249053292675188,-0.5336672789531058,1.0,0.0,0.0,1.0,0.0,0.0,0.0,0.0,0.0,1.0
window_10_0pct::CP8Pvn4kboaQn1WbY7,window_10_0pct,1784125395.528963,0,-0.1378991119439778,0.5462659940897804,0.2555243143291336,0.24412369350150498,0.28337372568817604,-0.24722917904936326,-0.23638395028485962,0.07508892824794035,1.0,0.0,0.0,1.0,0.0,0.0,0.0,0.0,0.0,1.0
window_10_0pct::CmoarW28ACtSzr2LXd,window_10_0pct,1784124899.97979,0,-0.38858706376466623,-0.36984938277479434,-0.7379063557416712,-0.4058558668836733,-0.684103318687803,-0.24979859986280267,-0.22017626970956816,-0.6040302242810942,1.0,0.0,0.0,0.0,1.0,0.0,0.0,0.0,0.0,1.0
window_10_0pct::CeiuBcOG0w1gLs8Og,window_10_0pct,1784125044.245395,0,0.9026221892156455,-0.18833711270597633,-0.4682781867931723,-0.195051685137129,-0.327664407601916,-0.24969940355622786,-0.237103216128469,-0.108295699392023,1.0,0.0,0.0,1.0,0.0,0.0,0.0,0.0,0.0,1.0
window_10_0pct::CKlkbfUqUc1DR6qDe,window_10_0pct,1784125688.33314,0,-0.3890771947214314,-0.19376161732872263,-0.4385579056429241,-0.2477527305737651,-0.4040441742631775,-0.054184948365791324,-0.13939805281203496,-0.17085460447822803,1.0,0.0,0.0,1.0,0.0,0.0,0.0,0.0,0.0,1.0
window_10_0pct::C6eylf3lU2AldeO698,window_10_0pct,1784124657.39912,0,0.19967975079481426,-0.09820688205111495,-0.34100570332559765,-0.14235063970049294,-0.2512846409406545,-0.24947309488753866,-0.23700828228402482,-0.10002467411518243,1.0,0.0,0.0,1.0,0.0,0.0,0.0,0.0,0.0,1.0
window_10_0pct::C5RVW4261JteTvkKh9,window_10_0pct,1784125629.530397,0,-0.3886670637949408,-0.27909324774038535,-0.5815509095187786,-0.3180207911559465,-0.5058838631448596,-0.18851371705315187,-0.19602024933728823,-0.17661830168790169,1.0,0.0,0.0,1.0,0.0,0.0,0.0,0.0,0.0,1.0
window_05_12pct::CHlyty1GYn1iQjvXAh,window_05_12pct,1783707880.68649,1,-0.389712882178436,-0.36984938277479434,-0.7379063557416712,-0.4585569123203094,-0.7095632409082235,-0.24979859986280267,63.744774865661626,-0.6040302242810942,1.0,0.0,0.0,0.0,1.0,0.0,1.0,0.0,0.0,0.0
window_10_0pct::CM3wFe34ZcGXGvmgzl,window_10_0pct,1784125966.376945,0,-0.3892329567232644,-0.18791984311961124,-0.4767545214457448,-0.2477527305737651,-0.42950409648359805,0.017887911774014262,-0.10767312318678558,-0.09103010097156401,1.0,0.0,0.0,1.0,0.0,0.0,0.0,0.0,0.0,1.0
window_10_0pct::CI4BDg2Y3ZQY5oIzC3,window_10_0pct,1784124557.538369,0,0.2860248915570881,-0.36984938277479434,-0.7379063557416712,-0.38828885173812794,-0.6331834742469621,-0.24979859986280267,-0.23712703278032485,-0.6040302242810942,1.0,0.0,0.0,0.0,1.0,0.0,0.0,0.0,0.0,1.0
window_10_0pct::Cub2cU2yVCGYcMgr0h,window_10_0pct,1784124451.002232,0,0.07722978718862547,0.16154343546115912,0.17275789877418937,0.08602055719159674,0.15607411458607354,-0.2489948577600128,-0.2368347539126687,-0.17430592085163985,1.0,0.0,0.0,1.0,0.0,0.0,0.0,0.0,0.0,1.0
window_10_0pct::C75TNT3B5NVbYwVVY,window_10_0pct,1784125344.746858,0,-0.38779520864781547,-0.36984938277479434,-0.7379063557416712,-0.4058558668836733,-0.684103318687803,-0.24979859986280267,-0.2271899963817212,-0.6040302242810942,1.0,0.0,0.0,0.0,1.0,0.0,0.0,0.0,0.0,1.0
window_10_0pct::CwveSF49ogU9IA6Gb1,window_10_0pct,1784125103.486229,0,-0.3723500680283865,-0.18833711270597633,-0.45166542063198994,-0.23018571542821972,-0.4040441742631775,-0.24241533119917977,-0.23330728966582207,-0.1370648569774222,1.0,0.0,0.0,1.0,0.0,0.0,0.0,0.0,0.0,1.0
window_10_0pct::CQIttK2TYvIRLD5fN6,window_10_0pct,1784124647.665991,0,-0.38930741631909643,-0.1916752693968971,1.1531235417489236,0.29682473893814104,0.9453317034191091,0.060496524440717056,0.28157819072806406,-0.5346422851239325,1.0,0.0,0.0,1.0,0.0,0.0,0.0,0.0,0.0,1.0
window_10_0pct::CBLO5l4vzb1rqHxmEi,window_10_0pct,1784125944.893332,0,-0.0769623715096377,-0.18416441684232535,-0.47615969094380994,-0.2477527305737651,-0.4040441742631775,-0.24937928208033053,-0.23696367373738098,-0.08163043204600098,1.0,0.0,0.0,1.0,0.0,0.0,0.0,0.0,0.0,1.0
window_10_0pct::Cofw1PF26NGKiqBnf,window_10_0pct,1784124208.006126,0,0.2335543726346208,0.17343561867256443,0.04920310594370801,0.03331951175496066,0.054234425704391534,-0.24918297234745596,-0.2369399481566033,-0.09572623533043596,1.0,0.0,0.0,1.0,0.0,0.0,0.0,0.0,0.0,1.0
window_10_0pct::CZdpG74xT0j1u3C5q,window_10_0pct,1784124973.525166,0,0.008368602869376334,0.7090011327721689,2.0055581389146555,0.7711341478678657,1.6836694478113037,-0.24788454720104097,-0.2363096669691078,-0.3144284467531213,1.0,0.0,0.0,1.0,0.0,0.0,0.0,0.0,0.0,1.0
window_06_15pct::CrcySaL28wWX2O1gl,window_06_15pct,1783711630.240023,1,-0.3895841498105308,-0.3531585993201904,-0.6852426123739334,-0.38828885173812794,-0.6077235520265416,-0.15828163499497455,-0.05156918899075636,-0.37072068314587064,1.0,0.0,0.0,1.0,0.0,0.0,0.0,0.0,0.0,1.0
window_10_0pct::C4aLVL12mGeDbwDRXj,window_10_0pct,1784125779.520119,0,-0.38945934592022646,-0.275546456256282,-0.6191102069266692,-0.3355878063014919,-0.5568037075857005,0.012817761388111205,-0.08634418852698895,-0.01952579188582273,1.0,0.0,0.0,1.0,0.0,0.0,0.0,0.0,0.0,1.0
window_10_0pct::Cv68jgqmvm7CwA8Ad,window_10_0pct,1784126008.125138,0,0.26182620612516705,-0.27700689980855986,-0.5815509095187786,-0.3180207911559465,-0.5058838631448596,-0.24969795980202342,-0.2370963659193402,-0.16679274024897772,1.0,0.0,0.0,1.0,0.0,0.0,0.0,0.0,0.0,1.0
window_04_7pct::C7EUcX28YA91jevbcf,window_04_7pct,1783703131.395141,1,-0.3896381557023321,-0.3531585993201904,-0.6852426123739334,-0.38828885173812794,-0.6077235520265416,-0.0922070916431346,0.08242768628610972,-0.37072068314587064,1.0,0.0,0.0,1.0,0.0,0.0,0.0,0.0,0.0,1.0
window_10_0pct::CpSNxv109ajy90oAMg,window_10_0pct,1784124311.891708,0,-0.38862473658383345,-0.36984938277479434,-0.7379063557416712,-0.4058558668836733,-0.684103318687803,-0.24979859986280267,-0.2195882308915451,-0.6040302242810942,1.0,0.0,0.0,0.0,1.0,0.0,0.0,0.0,0.0,1.0
window_10_0pct::CsDs071mQaMHdWp1ga,window_10_0pct,1784125112.402091,0,-0.042830669241612246,-0.36984938277479434,-0.7379063557416712,-0.4058558668836733,-0.684103318687803,-0.24979859986280267,-0.237107277233262,-0.6040302242810942,1.0,0.0,0.0,0.0,1.0,0.0,0.0,0.0,0.0,1.0
window_10_0pct::CmYOHiQYo8sP4EUy5,window_10_0pct,1784125721.658858,0,-0.3803228279177021,-0.0074507470167059445,-0.1047092864319518,-0.0018145185361300583,-0.07306518539771098,-0.2225414987340285,-0.22341489840555084,-0.1825514152258929,1.0,0.0,0.0,1.0,0.0,0.0,0.0,0.0,0.0,1.0
window_04_7pct::C9EeNG3FZjAxIVwW86,window_04_7pct,1783703132.656869,1,-0.07674158679838343,-0.3258274414132764,-0.7379063557416712,-0.35315482144703725,-0.6077235520265416,-0.24969925869770504,-0.23705547365556237,1525.4736783412168,1.0,0.0,0.0,1.0,0.0,0.0,0.0,1.0,0.0,0.0
window_10_0pct::CBezys3nqrF8AIJyi6,window_10_0pct,1784124990.665166,0,-0.3895461674102483,-0.2788846129472028,-0.5955506702607468,-0.3355878063014919,-0.53134378536528,0.13538625386344655,-0.007836469939775732,-0.13351220608000763,1.0,0.0,0.0,1.0,0.0,0.0,0.0,0.0,0.0,1.0
window_10_0pct::CNgYDt2yEzdMfmeik4,window_10_0pct,1784126046.447454,0,-0.37473291387275354,0.27378895419337074,0.8316388993995986,0.27925772379259567,0.6907324812149042,-0.21945315473144972,-0.22343820226460473,-0.3020316865055963,1.0,0.0,0.0,1.0,0.0,0.0,0.0,0.0,0.0,1.0
window_06_15pct::CGbvWk2qqvvk9QdZp9,window_06_15pct,1783711629.650256,1,-0.3897128715032251,-0.36984938277479434,-0.7379063557416712,-0.4585569123203094,-0.7095632409082235,-0.24979859986280267,55.747032706204436,-0.6040302242810942,1.0,0.0,0.0,0.0,1.0,0.0,1.0,0.0,0.0,0.0
window_10_0pct::CG7Qzs4iNBZiE7eRw8,window_10_0pct,1784125383.014578,0,-0.3883804343830283,-0.10676090857159949,-0.5306291697638502,-0.2477527305737651,-0.45496401870401854,-0.11035713595180947,-0.1905178841668499,0.3306186046302633,1.0,0.0,0.0,1.0,0.0,0.0,0.0,0.0,0.0,1.0
window_10_0pct::CNndJv2oZYyuXSD1p4,window_10_0pct,1784124763.88833,0,0.2659005071065665,0.0728736483585756,-0.07265217116695931,0.03331951175496066,-0.04760526317729048,-0.24932167614509493,-0.23695092380149718,-0.1139431047588922,1.0,0.0,0.0,1.0,0.0,0.0,0.0,0.0,0.0,1.0
window_10_0pct::CAF64o4Wayoi1w5nic,window_10_0pct,1784125204.269404,0,0.2936673390716029,-0.36984938277479434,-0.7379063557416712,-0.38828885173812794,-0.6331834742469621,-0.24979859986280267,-0.2371274284143734,-0.6040302242810942,1.0,0.0,0.0,0.0,1.0,0.0,0.0,0.0,0.0,1.0
window_10_0pct::C5IlPi3xvXhXYLpw5b,window_10_0pct,1784124514.65391,0,-0.32928408962780636,-0.28034505649948066,1.1454757210097604,0.26169070864705035,0.9198717811986885,-0.2487525214411885,-0.23383936114956752,-0.5690322141344901,1.0,0.0,0.0,1.0,0.0,0.0,0.0,0.0,0.0,1.0
window_10_0pct::Ce0TWljQbWG1Cwvx9,window_10_0pct,1784124309.936308,0,-0.31028999650440986,-0.27784143898129005,-0.5573540544579261,-0.3180207911559465,-0.5058838631448596,-0.24898042916099083,-0.23662062331172817,-0.2287861375917246,1.0,0.0,0.0,1.0,0.0,0.0,0.0,0.0,0.0,1.0
window_10_0pct::CEHvxN2Uq32afsYfH1,window_10_0pct,1784125587.479651,0,0.26261794381469816,0.08956443181317955,-0.017842789202956223,-0.019381533681675417,-0.02214534095686998,-0.24930120560383243,-0.23697184756470877,-0.1341760852389466,1.0,0.0,0.0,1.0,0.0,0.0,0.0,0.0,0.0,1.0
window_10_0pct::CCx4QZRKGWzAKyZsj,window_10_0pct,1784124604.391792,0,-0.38898613517269337,-0.36984938277479434,-0.7379063557416712,-0.4058558668836733,-0.684103318687803,-0.24979859986280267,-0.21084979717782418,-0.6040302242810942,1.0,0.0,0.0,0.0,1.0,0.0,0.0,0.0,0.0,1.0
window_10_0pct::C4qkCM2BJ2lIV8nDZf,window_10_0pct,1784124769.744024,0,0.16335858412736773,0.1905436717135335,-0.05172688386674883,0.0157524966094153,-0.04760526317729048,-0.2490829903560615,-0.23692035803360625,-0.0026014062208010932,1.0,0.0,0.0,1.0,0.0,0.0,0.0,0.0,0.0,1.0
window_10_0pct::Ckg2wD3NVkl2VrXyy5,window_10_0pct,1784124508.838906,0,-0.3796388351315018,0.0013119142969611334,-0.35007686848010516,-0.17748466999158366,-0.3022044853814955,-0.2237778290862977,-0.22909426650452394,0.10072893023862137,1.0,0.0,0.0,1.0,0.0,0.0,0.0,0.0,0.0,1.0
window_10_0pct::C4hWoQ3RIPeTzvdWw,window_10_0pct,1784125547.016147,0,0.42273996864812813,0.16050026149524638,-0.0714412662165918,-0.019381533681675417,-0.02214534095686998,-0.2493375703322369,-0.23700940450047595,-0.01800853491323365,1.0,0.0,0.0,1.0,0.0,0.0,0.0,0.0,0.0,1.0
window_10_0pct::CUp1Qf21pVmxgehH7b,window_10_0pct,1784124475.257236,0,0.912713893061362,0.17218380991346915,-0.25252466616277874,-0.019381533681675417,-0.2003647964998135,-0.24950467439979776,-0.23706696527868748,0.2183376615759953,1.0,0.0,0.0,1.0,0.0,0.0,0.0,0.0,0.0,1.0
window_10_0pct::C9RoEP1043CAxUwcU4,window_10_0pct,1784124421.072534,0,-0.3892189188209678,-0.275546456256282,-0.5955506702607468,-0.3180207911559465,-0.53134378536528,-0.11498633308439431,-0.15006324950482164,-0.11624548981574759,1.0,0.0,0.0,1.0,0.0,0.0,0.0,0.0,0.0,1.0
window_10_0pct::Cw88Fy15vqzLFZjzS2,window_10_0pct,1784124900.352338,0,-0.3232182319813415,0.10437750212914057,0.34117990660776165,0.08602055719159674,0.25791380346775555,-0.24476169617125787,-0.23486152626719564,-0.28038879194368066,1.0,0.0,0.0,1.0,0.0,0.0,0.0,0.0,0.0,1.0
window_10_0pct::C68K9I37Oxm4SpJW3a,window_10_0pct,1784124225.873412,0,-0.30848702811460876,0.4279700663552748,0.6301400668691454,0.3143917540836864,0.5634328701128016,-0.24286155341194593,-0.23451360665175333,-0.17455343549364818,1.0,0.0,0.0,1.0,0.0,0.0,0.0,0.0,0.0,1.0
window_10_0pct::CikUKl3jJuUMqlFl83,window_10_0pct,1784124477.632459,0,0.4886749815904701,0.1757306013975725,1.4467998581327914,0.5427629509757761,1.1999309256233142,-0.2493599310749983,-0.23684671076911043,-0.4201208704097708,1.0,0.0,0.0,1.0,0.0,0.0,0.0,0.0,0.0,1.0
window_10_0pct::C98H9I3PdXBTUtUNQ2,window_10_0pct,1784125457.223979,0,0.25181530295054066,0.38728628168467766,0.159161773015677,0.13872160262823283,0.18153403680649405,-0.24896506728004406,-0.2369015640204131,0.01752632748956792,1.0,0.0,0.0,1.0,0.0,0.0,0.0,0.0,0.0,1.0
window_10_0pct::CepC7o1Km1tt8mfdIj,window_10_0pct,1784125377.439103,0,-0.2631793728582326,0.009240036437898013,-0.20406722420158066,-0.10721660940940221,-0.174904874279393,-0.24768267363053012,-0.23636891284174888,-0.08108448120414477,1.0,0.0,0.0,1.0,0.0,0.0,0.0,0.0,0.0,1.0
window_10_0pct::CXCqGN3qWzjN94lPf4,window_10_0pct,1784124915.992457,0,-0.18153492242569336,-0.27909324774038535,-0.5940211061129143,-0.3180207911559465,-0.53134378536528,-0.24949070264955273,-0.23695571046359498,-0.13958098273865396,1.0,0.0,0.0,1.0,0.0,0.0,0.0,0.0,0.0,1.0
window_10_0pct::CWJY4l5Dc4i15qQek,window_10_0pct,1784124193.116447,0,-0.3568231446184674,1.1049899702326478,4.105309810744913,1.5967838597084976,3.51678384768158,-0.21812860507776924,-0.22000891971442016,-0.37977032861024407,1.0,0.0,0.0,1.0,0.0,0.0,0.0,0.0,0.0,1.0
window_10_0pct::CKzOKw15E9L0C7i0Z,window_10_0pct,1784125944.894531,0,-0.07697459462608612,0.0142472714742792,-0.27287636690755196,-0.10721660940940221,-0.2512846409406545,-0.2489311906390972,-0.23684136195396888,0.004220144460779023,1.0,0.0,0.0,1.0,0.0,0.0,0.0,0.0,0.0,1.0
window_10_0pct::CaCN1s1wSoHk4VydT,window_10_0pct,1784125764.649719,0,-0.24291669105086452,-0.09382555139428142,-0.33227444131505296,-0.17748466999158366,-0.276744563161075,-0.24847060547126704,-0.23660872111597409,-0.10291871809733275,1.0,0.0,0.0,1.0,0.0,0.0,0.0,0.0,0.0,1.0
window_10_0pct::CTLZ9L2N0PUk7FCAS,window_10_0pct,1784125069.061269,0,-0.3835521112321083,-0.28034505649948066,1.1454757210097604,0.2265566783559596,0.9198717811986885,-0.2395381035838236,-0.20612027740027988,-0.5690322141344901,1.0,0.0,0.0,1.0,0.0,0.0,0.0,0.0,0.0,1.0
window_10_0pct::CzYy0V246I6MDLCYs8,window_10_0pct,1784124726.846089,0,-0.38851059722919024,-0.18917165187870652,1.1531235417489236,0.3319587692292318,0.9453317034191091,-0.14366939891563274,-0.05424488460091824,-0.5336672789531058,1.0,0.0,0.0,1.0,0.0,0.0,0.0,0.0,0.0,1.0
window_10_0pct::CXjeBx2r5J2OC58gSh,window_10_0pct,1784124572.350878,0,-0.3889526256857663,-0.00536439908488045,-0.35007686848010516,-0.1599176548460383,-0.3022044853814955,0.08876595361852724,-0.12397410132560426,0.0880519808599643,1.0,0.0,0.0,1.0,0.0,0.0,0.0,0.0,0.0,1.0
window_10_0pct::CdeDGiZJGUieIOflj,window_10_0pct,1784125598.70432,0,-0.3884465886648019,-0.10050186477612301,-0.5391055044164228,-0.2477527305737651,-0.480423940924439,-0.09958210043171598,-0.18808120342332102,0.39364913737856866,1.0,0.0,0.0,1.0,0.0,0.0,0.0,0.0,0.0,1.0
window_08_22pct::CodCad3vn6PMJ1d0m,window_08_22pct,1783718128.61772,1,-0.38952438998006944,-0.3531585993201904,-0.6852426123739334,-0.38828885173812794,-0.6077235520265416,-0.18728480354853558,-0.11038660583783351,-0.37072068314587064,1.0,0.0,0.0,1.0,0.0,0.0,0.0,0.0,0.0,1.0
window_10_0pct::CZE4KW2k5Con92usT5,window_10_0pct,1784124657.548842,0,-0.38950155570401424,-0.36984938277479434,-0.7379063557416712,-0.4058558668836733,-0.684103318687803,-0.24979859986280267,-0.14669660967683257,-0.6040302242810942,1.0,0.0,0.0,0.0,1.0,0.0,0.0,0.0,0.0,1.0
window_07_17pct::C4PgZs3JXPctlHNp,window_07_17pct,1783714379.27227,1,-0.3892227725720926,-0.3531585993201904,-0.6852426123739334,-0.4058558668836733,-0.6077235520265416,-0.22575043360784353,-0.19814733434542306,-0.37072068314587064,1.0,0.0,0.0,1.0,0.0,0.0,0.0,0.0,0.0,1.0
window_10_0pct::C9Fx314g0hT2QvFAhe,window_10_0pct,1784124253.278133,0,-0.3245759373256723,-0.27450328229036924,0.1535746150867883,-0.0720825791183115,0.07969434792481203,-0.2487647922591991,-0.23547417911015353,-0.5252670580887264,1.0,0.0,0.0,1.0,0.0,0.0,0.0,0.0,0.0,1.0
window_06_15pct::CYFFxc2p1uSvJ2Fq5k,window_06_15pct,1783710631.575287,1,-0.07778784286552431,-0.32603607620645897,-0.7379063557416712,-0.35315482144703725,-0.6077235520265416,-0.24969939787897158,-0.23705511497076964,1518.2410825660247,1.0,0.0,0.0,1.0,0.0,0.0,0.0,1.0,0.0,0.0
window_10_0pct::CFv0en2liALaeVrbMk,window_10_0pct,1784125978.256473,0,-0.3893653400132878,-0.19000619105143673,1.1531235417489236,0.3495257843747771,0.9453317034191091,0.11559236064378252,0.40927856177240934,-0.5339922810100481,1.0,0.0,0.0,1.0,0.0,0.0,0.0,0.0,0.0,1.0
window_10_0pct::ClZXNX2OlvBrhCmfuf,window_10_0pct,1784125282.021367,0,-0.38284636236615094,-0.007659381809888494,1.404991771425366,0.5076289206846853,1.1490110811824732,-0.21254573113092823,-0.19817014067295322,-0.4795577614992202,1.0,0.0,0.0,1.0,0.0,0.0,0.0,0.0,0.0,1.0
window_10_0pct::ChaDxXc2eqL66M88,window_10_0pct,1784124610.055387,0,-0.388004965866239,-0.1895889214650716,-0.4767545214457448,-0.2477527305737651,-0.42950409648359805,-0.17526028678354874,-0.20077177340445085,-0.0957365241211927,1.0,0.0,0.0,1.0,0.0,0.0,0.0,0.0,0.0,1.0
window_10_0pct::CTU73G1uun32K3lRM1,window_10_0pct,1784125376.45366,0,-0.3888723801256416,-0.36984938277479434,-0.7379063557416712,-0.4058558668836733,-0.684103318687803,-0.24979859986280267,-0.21441067654421997,-0.6040302242810942,1.0,0.0,0.0,0.0,1.0,0.0,0.0,0.0,0.0,1.0
window_10_0pct::CzHo413raNBYOu1Pr4,window_10_0pct,1784124025.433819,0,1.1365947997760917,0.5992592315581479,0.4177218458388869,0.27925772379259567,0.41067333679027856,-0.24935016949850658,-0.23702771289991562,0.013543763765864828,1.0,0.0,0.0,1.0,0.0,0.0,0.0,0.0,0.0,1.0
window_08_22pct::C5YYBG4OxoMMOrfhh8,window_08_22pct,1783719130.60064,1,-0.07751566768913239,-0.3258274414132764,-0.7379063557416712,-0.35315482144703725,-0.6077235520265416,-0.24969901238519618,-0.23705520851111545,1525.4736783412168,1.0,0.0,0.0,1.0,0.0,0.0,0.0,1.0,0.0,0.0
window_08_22pct::CfJUFU3Fkvu4fFdrG5,window_08_22pct,1783719129.136409,1,-0.38922229218760335,-0.3531585993201904,-0.6852426123739334,-0.38828885173812794,-0.6077235520265416,-0.22577397792569642,-0.18844131249033674,-0.37072068314587064,1.0,0.0,0.0,1.0,0.0,0.0,0.0,0.0,0.0,1.0
window_10_0pct::CONPFSfNyHfFAIGH3,window_10_0pct,1784124610.055286,0,-0.38800317243081245,-0.1916752693968971,1.1531235417489236,0.27925772379259567,0.9453317034191091,-0.17620027890948975,-0.11691963933599156,-0.5346422851239325,1.0,0.0,0.0,1.0,0.0,0.0,0.0,0.0,0.0,1.0
window_06_15pct::CbJU6p2ta9yRNmEuK4,window_06_15pct,1783711632.463177,1,-0.08725637060137811,-0.32624471099964153,-0.7379063557416712,-0.35315482144703725,-0.6077235520265416,-0.24969677949887314,-0.23705175605591264,1511.0084867908329,1.0,0.0,0.0,1.0,0.0,0.0,0.0,1.0,0.0,0.0
window_08_22pct::Ccki5F3YKhlbtl7wfg,window_08_22pct,1783719130.414188,1,-0.0755702386102447,-0.32603607620645897,-0.7379063557416712,-0.35315482144703725,-0.6077235520265416,-0.24970009816813526,-0.237055872390536,1518.2410825660247,1.0,0.0,0.0,1.0,0.0,0.0,0.0,1.0,0.0,0.0
window_10_0pct::CaeduIDYPppYPbRSa,window_10_0pct,1784125774.418112,0,-0.3891757589434124,-0.09299101222155122,-0.5306291697638502,-0.2477527305737651,-0.45496401870401854,0.11419015937082012,-0.12146040506594803,0.3795375758500489,1.0,0.0,0.0,1.0,0.0,0.0,0.0,0.0,0.0,1.0
window_10_0pct::CLrUgx1wkQNFncBgR7,window_10_0pct,1784125035.758462,0,-0.3893207283070539,-0.2818055000517585,-0.5573540544579261,-0.3355878063014919,-0.5058838631448596,-0.09126380296954004,-0.1396448963211688,-0.24495311638333006,1.0,0.0,0.0,1.0,0.0,0.0,0.0,0.0,0.0,1.0
window_10_0pct::Cb70m24rsyGiok4FZ5,window_10_0pct,1784125548.232495,0,0.3792845158540947,-0.36984938277479434,-0.7379063557416712,-0.38828885173812794,-0.6331834742469621,-0.24979859986280267,-0.23713132312710714,-0.6040302242810942,1.0,0.0,0.0,0.0,1.0,0.0,0.0,0.0,0.0,1.0
window_10_0pct::Cty4wc2R9XW09gs243,window_10_0pct,1784125468.119985,0,0.3369688553248624,0.5648344906830273,0.9991474175337708,0.4022268298114132,0.8689519367578475,-0.24889018312326333,-0.2368334390056741,-0.20776238022400761,1.0,0.0,0.0,1.0,0.0,0.0,0.0,0.0,0.0,1.0
window_08_22pct::CgVEEj3GIaJBxKpvP5,window_08_22pct,1783719128.506078,1,-0.38971289285364685,-0.36984938277479434,-0.7379063557416712,-0.4585569123203094,-0.7095632409082235,-0.24979859986280267,74.4084310782712,-0.6040302242810942,1.0,0.0,0.0,0.0,1.0,0.0,1.0,0.0,0.0,0.0
window_10_0pct::CU7DNu4OUUO5ZzPEE5,window_10_0pct,1784124974.34307,0,0.5191252840132393,0.18303281915896172,-0.12159822389760393,-0.0018145185361300583,-0.07306518539771098,-0.24936895394822586,-0.23702037052036048,0.05660602293587184,1.0,0.0,0.0,1.0,0.0,0.0,0.0,0.0,0.0,1.0
window_10_0pct::CfU7hh3vQAGMapTBhj,window_10_0pct,1784125973.865933,0,0.16571501950003747,0.2591845186705923,1.5591590911589979,0.4549278752480493,1.3272305367254167,-0.24899874540330394,-0.23670618402199686,-0.4023611414059759,1.0,0.0,0.0,1.0,0.0,0.0,0.0,0.0,0.0,1.0
window_10_0pct::CIKSJj3oS1zF7an861,window_10_0pct,1784126008.122476,0,0.2618544100322908,0.08998170139954466,1.4421474338498006,0.47249489039359466,1.1999309256233142,-0.2493001704412193,-0.2367661626893639,-0.4486951458027807,1.0,0.0,0.0,1.0,0.0,0.0,0.0,0.0,0.0,1.0
window_10_0pct::CQmXyd1zcRviFVguw7,window_10_0pct,1784125459.252175,0,0.8494948459186471,0.9094991690205989,4.938030025560802,1.8251550566005872,4.1532819031920925,-0.24906946240141062,-0.2366569822902457,-0.4380362228832466,1.0,0.0,0.0,1.0,0.0,0.0,0.0,0.0,0.0,1.0
window_10_0pct::CFaAkS2EauwGJu2fn7,window_10_0pct,1784124131.004407,0,-0.30463271120364815,0.0013119142969611334,-0.35007686848010516,-0.17748466999158366,-0.3022044853814955,-0.24671755077461685,-0.2362070829473255,0.10072893023862137,1.0,0.0,0.0,1.0,0.0,0.0,0.0,0.0,0.0,1.0
window_10_0pct::CiYZ2D3zAnuhmMYuJj,window_10_0pct,1784125378.773183,0,-0.3629509184879897,-0.36984938277479434,-0.7379063557416712,-0.4058558668836733,-0.684103318687803,-0.24979859986280267,-0.2364477940712906,-0.6040302242810942,1.0,0.0,0.0,0.0,1.0,0.0,0.0,0.0,0.0,1.0
window_10_0pct::C5hJzb1wFeo9vjRGy7,window_10_0pct,1784125343.584312,0,-0.3897119000590358,-0.3631730693929528,-0.7368866463097827,-0.4585569123203094,-0.7095632409082235,4.2117920995118014,4.286812952929384,4.119297628905474,0.0,1.0,1.0,0.0,0.0,0.0,0.0,0.0,0.0,1.0
window_10_0pct::CxErZO1JridP0P1zB6,window_10_0pct,1784124692.084624,0,-0.22817453441777713,-0.19063209543098436,-0.6589426066098109,-0.3355878063014919,-0.582263629806121,-0.24901504622471043,-0.2369256294388844,1.0669756312567944,1.0,0.0,0.0,1.0,0.0,0.0,0.0,0.0,0.0,1.0
window_10_0pct::C1kjOzzhiURTSpbyg,window_10_0pct,1784124514.002824,0,-0.038683136313631065,-0.0074507470167059445,-0.21347829250005096,-0.10721660940940221,-0.174904874279393,-0.24906946609580394,-0.23687638290373617,-0.09513814093729442,1.0,0.0,0.0,1.0,0.0,0.0,0.0,0.0,0.0,1.0
window_10_0pct::CaaUnx3qjKDThpZd39,window_10_0pct,1784125523.309729,0,-0.3894278220225215,-0.1895889214650716,-0.4767545214457448,-0.2828867608648558,-0.42950409648359805,0.1966945465029148,-0.05271429430043989,-0.0957365241211927,1.0,0.0,0.0,1.0,0.0,0.0,0.0,0.0,0.0,1.0
window_10_0pct::CR1XoW3bDT9609P2rh,window_10_0pct,1784124323.21596,0,0.19512770210126124,-0.279719152119933,-0.6106338722740966,-0.3355878063014919,-0.53134378536528,-0.2496897575919921,-0.23709700900664135,-0.08258807226458642,1.0,0.0,0.0,1.0,0.0,0.0,0.0,0.0,0.0,1.0
window_08_22pct::CXETsl4oMLhhWIaVH5,window_08_22pct,1783718128.557133,1,-0.3892386572858701,-0.3531585993201904,-0.6852426123739334,-0.4058558668836733,-0.6077235520265416,-0.22494503924846068,-0.1968406849515922,-0.37072068314587064,1.0,0.0,0.0,1.0,0.0,0.0,0.0,0.0,0.0,1.0
window_07_17pct::C7Vxlx2kMTMPuopWe1,window_07_17pct,1783715379.316727,1,-0.3892255374517084,-0.3531585993201904,-0.6852426123739334,-0.38828885173812794,-0.6077235520265416,-0.22561402074159514,-0.1881169248856654,-0.37072068314587064,1.0,0.0,0.0,1.0,0.0,0.0,0.0,0.0,0.0,1.0
window_10_0pct::C4grG51URrFot8pG8g,window_10_0pct,1784124154.122678,0,-0.388360354311378,-0.18332987766959513,1.1531235417489236,0.26169070864705035,0.9453317034191091,-0.1524076261347413,-0.08870189494879187,-0.5313922645545104,1.0,0.0,0.0,1.0,0.0,0.0,0.0,0.0,0.0,1.0
window_10_0pct::CJYa6f2yrFfsepaprg,window_10_0pct,1784124409.453041,0,-0.3848545723601767,0.4567616678144666,-0.6461112629252148,0.05088652690050602,-0.12398502983855199,-0.12963470693129509,-0.20763935765483454,6.0261281425191,1.0,0.0,0.0,0.0,0.0,1.0,0.0,0.0,0.0,1.0
window_07_17pct::CmRq702hjcKkWjZsQ3,window_07_17pct,1783715378.760707,1,-0.38971289285364685,-0.36984938277479434,-0.7379063557416712,-0.4585569123203094,-0.7095632409082235,-0.24979859986280267,74.4084310782712,-0.6040302242810942,1.0,0.0,0.0,0.0,1.0,0.0,1.0,0.0,0.0,0.0
window_10_0pct::CIL3bHCwxoMC7DME,window_10_0pct,1784124813.139993,0,-0.3889452597902646,-0.27909324774038535,-0.5815509095187786,-0.3180207911559465,-0.5058838631448596,-0.1663054676716754,-0.181111264900832,-0.17661830168790169,1.0,0.0,0.0,1.0,0.0,0.0,0.0,0.0,0.0,1.0
window_10_0pct::Cq6N1J1i6dHDvtpiFf,window_10_0pct,1784124284.9918,0,-0.38971185735819225,-0.3631730693929528,-0.7368866463097827,-0.4585569123203094,-0.7095632409082235,4.03852644128366,4.111124589320634,4.119297628905474,0.0,1.0,1.0,0.0,0.0,0.0,0.0,0.0,0.0,1.0
window_10_0pct::CNlgJl228BEGQPL47k,window_10_0pct,1784125899.173597,0,-0.3891544832481445,-0.018717025848563617,-0.35007686848010516,-0.1599176548460383,-0.3022044853814955,0.1942523759314833,-0.08306274265893997,0.06269808210265013,1.0,0.0,0.0,1.0,0.0,0.0,0.0,0.0,0.0,1.0
window_10_0pct::CLs1xv1RZJhEb8MWha,window_10_0pct,1784125716.542526,0,-0.3891763567552212,-0.10050186477612301,-0.5306291697638502,-0.26531974571931044,-0.45496401870401854,0.10471006758659693,-0.13024157421912363,0.3528545006392568,1.0,0.0,0.0,1.0,0.0,0.0,0.0,0.0,0.0,1.0
window_10_0pct::CPmIROxmpRS0zzmh4,window_10_0pct,1784124072.180749,0,-0.2638550069543201,-0.188963017085524,-0.4034204181357686,-0.21261870028267438,-0.35312432982233655,-0.2487835442217824,-0.23659258369067027,-0.2057919074329166,1.0,0.0,0.0,1.0,0.0,0.0,0.0,0.0,0.0,1.0
window_10_0pct::C7Tk2A4pcAJFnduSMc,window_10_0pct,1784124684.851649,0,-0.06424163010642474,0.26627810163879895,0.5585267232254809,0.26169070864705035,0.4615931812311196,-0.248418228009872,-0.23654543374896997,-0.24267894503485565,1.0,0.0,0.0,1.0,0.0,0.0,0.0,0.0,0.0,1.0
window_05_12pct::CRo5Q8pPNpfCIPLtb,window_05_12pct,1783707880.691392,1,-0.38971289285364685,-0.36984938277479434,-0.7379063557416712,-0.4585569123203094,-0.7095632409082235,-0.24979859986280267,74.4084310782712,-0.6040302242810942,1.0,0.0,0.0,0.0,1.0,0.0,1.0,0.0,0.0,0.0
window_10_0pct::CGs7WG2xFXCUNQi0Sf,window_10_0pct,1784124717.06283,0,-0.38931519854782215,-0.279719152119933,-0.5573540544579261,-0.2828867608648558,-0.5058838631448596,-0.08976328129827887,-0.10493994165919084,-0.23644418017722194,1.0,0.0,0.0,1.0,0.0,0.0,0.0,0.0,0.0,1.0
window_10_0pct::C2BXoJ1gzo2A7RgFN6,window_10_0pct,1784125459.247052,0,0.849549065314666,0.625129945912784,0.8347192716417615,0.49006190553914,0.7416523256557451,-0.24923155739400238,-0.23695021680820424,-0.13809504770074188,1.0,0.0,0.0,1.0,0.0,0.0,0.0,0.0,0.0,1.0
window_10_0pct::CHBvJw1s5UbEYlw6Bj,window_10_0pct,1784124022.459636,0,0.7367817207983683,0.09665801478138623,-0.22681949090059123,-0.12478362455494757,-0.14944495205897249,-0.24950612128649077,-0.23707752464665202,0.0681541621576256,1.0,0.0,0.0,1.0,0.0,0.0,0.0,0.0,0.0,1.0
window_10_0pct::CisXJN1jPqdjym3Xkl,window_10_0pct,1784124701.334132,0,0.3148907578318164,0.26502629287970364,0.5801743047066124,0.2265566783559596,0.5125130256719606,-0.24916223172210772,-0.23689098680541812,-0.2493129347876692,1.0,0.0,0.0,1.0,0.0,0.0,0.0,0.0,0.0,1.0
window_10_0pct::CS3gbg3TXf66aJAKn,window_10_0pct,1784126046.447969,0,-0.37473709855541537,-0.09445145577382907,-0.31192274057027974,-0.1599176548460383,-0.2512846409406545,-0.23681085906518307,-0.23141578748412328,-0.12794054077970538,1.0,0.0,0.0,1.0,0.0,0.0,0.0,0.0,0.0,1.0
window_10_0pct::CwmDCj3bMd2Q1qczvb,window_10_0pct,1784125165.308372,0,-0.38699932897646594,-0.09173920346245593,-0.5391055044164228,-0.2477527305737651,-0.480423940924439,-0.17741648734657914,-0.2142576924632351,0.42610656045347634,1.0,0.0,0.0,1.0,0.0,0.0,0.0,0.0,0.0,1.0
window_10_0pct::C6CjkW1QT5Q2ropqz2,window_10_0pct,1784124884.595619,0,-0.38899073618857927,-0.18541622560142063,-0.4767545214457448,-0.26531974571931044,-0.42950409648359805,-0.06944129853616839,-0.1577216861487437,-0.08397046624712094,1.0,0.0,0.0,1.0,0.0,0.0,0.0,0.0,0.0,1.0
window_10_0pct::CEue7n1T55SoilhxS5,window_10_0pct,1784125543.728238,0,0.8505101331990483,0.6526697386128806,2.157452356373036,0.8941032538866832,1.8618889033542472,-0.2492163139345865,-0.23686171466929337,-0.3439492812014149,1.0,0.0,0.0,1.0,0.0,0.0,0.0,0.0,0.0,1.0
window_10_0pct::CMcNh04oidyjra3wH5,window_10_0pct,1784124722.052395,0,-0.36604464797474356,0.7413395257154641,2.1501019508848405,0.8414022084500472,1.8364289811338266,-0.2166408280964956,-0.22201194639175564,-0.32067650222474664,1.0,0.0,0.0,1.0,0.0,0.0,0.0,0.0,0.0,1.0
window_10_0pct::CnSuFE4koDMP1e5Gk7,window_10_0pct,1784124744.355739,0,-0.07516480477653782,-0.27492055187673436,-0.5955506702607468,-0.3355878063014919,-0.53134378536528,-0.2495854546104616,-0.237040809670488,-0.11300798051619883,1.0,0.0,0.0,1.0,0.0,0.0,0.0,0.0,0.0,1.0
window_10_0pct::CePWQn1PPFLVlaPS59,window_10_0pct,1784125547.028317,0,0.4226032618977016,-0.10446592584659145,-0.31192274057027974,-0.14235063970049294,-0.225824718720234,-0.2495678649082025,-0.2370505794706293,-0.14525289290702867,1.0,0.0,0.0,1.0,0.0,0.0,0.0,0.0,0.0,1.0
window_10_0pct::C9ojyK1gAfs9Twh9wg,window_10_0pct,1784124502.868625,0,-0.38144692762252147,0.0042328014015168254,-0.2219546271526235,-0.10721660940940221,-0.2003647964998135,-0.21783654039958464,-0.22501582359812536,-0.07010218471755943,1.0,0.0,0.0,1.0,0.0,0.0,0.0,0.0,0.0,1.0
window_10_0pct::C9qWOz485E0sRoN4Tc,window_10_0pct,1784126005.222018,0,-0.07991249805974164,-0.1831212428764126,-0.47615969094380994,-0.2477527305737651,-0.4040441742631775,-0.249372910906201,-0.23696178123820616,-0.0786956017525454,1.0,0.0,0.0,1.0,0.0,0.0,0.0,0.0,0.0,1.0
window_10_0pct::CQfAfb4a1G8AMK0sxe,window_10_0pct,1784125903.811022,0,-0.30589027239478905,-0.09132193387609083,-0.25554130656544866,-0.14235063970049294,-0.225824718720234,-0.2474518267422344,-0.23607867293877177,-0.17880825044565893,1.0,0.0,0.0,1.0,0.0,0.0,0.0,0.0,0.0,1.0
window_10_0pct::CUK55B1j0jWb2zl1r8,window_10_0pct,1784124393.295644,0,-0.03809148410147334,-0.18583349518778575,-0.45013585648415727,-0.2477527305737651,-0.4040441742631775,-0.2494289891064813,-0.2369856435410652,-0.13314002912945297,1.0,0.0,0.0,1.0,0.0,0.0,0.0,0.0,0.0,1.0
window_07_17pct::CUYwqN2umre2MHwPz6,window_07_17pct,1783714380.070363,1,-0.07100244398065546,-0.3258274414132764,-0.7379063557416712,-0.35315482144703725,-0.6077235520265416,-0.2497010475722826,-0.23705739929938235,1525.4736783412168,1.0,0.0,0.0,1.0,0.0,0.0,0.0,1.0,0.0,0.0
window_10_0pct::CZVPu53BY43k0aayFc,window_10_0pct,1784125576.092943,0,-0.3890837813265394,-0.09173920346245593,-0.5391055044164228,-0.2477527305737651,-0.480423940924439,0.062384721924694506,-0.13837459412014788,0.42610656045347634,1.0,0.0,0.0,1.0,0.0,0.0,0.0,0.0,0.0,1.0
window_10_0pct::CcOxNqMf0ll11Uvy,window_10_0pct,1784125551.46188,0,-0.24600496550486273,-0.17790537304684886,-0.4118967527883412,-0.21261870028267438,-0.37858425204275703,-0.2488552814468375,-0.23666336210089073,-0.1704609199755897,1.0,0.0,0.0,1.0,0.0,0.0,0.0,0.0,0.0,1.0
window_10_0pct::CBWE8n22C30N2pq9ue,window_10_0pct,1784124800.808836,0,-0.30708763607182277,-0.36984938277479434,-0.7379063557416712,-0.4058558668836733,-0.684103318687803,-0.24979859986280267,-0.23693094851853275,-0.6040302242810942,1.0,0.0,0.0,0.0,1.0,0.0,0.0,0.0,0.0,1.0
window_10_0pct::CDpMRc3aw2VzGjVPia,window_10_0pct,1784124437.02647,0,-0.3883602368840584,-0.010371634121261637,-0.3967498189354985,-0.17748466999158366,-0.35312432982233655,-0.0621139456145177,-0.1770764655547578,0.17192011947081726,1.0,0.0,0.0,1.0,0.0,0.0,0.0,0.0,0.0,1.0
window_10_0pct::C6LAPPl2wTfvGnIM9,window_10_0pct,1784124440.972332,0,-0.3860231770191213,0.35745150625957306,-0.06498310648129842,0.0157524966094153,-0.04760526317729048,-0.11058606906631223,-0.20088055689431944,0.19190464557145095,1.0,0.0,0.0,1.0,0.0,0.0,0.0,0.0,0.0,1.0
window_10_0pct::CE5R7r2zBokaJOtMv6,window_10_0pct,1784124550.450286,0,-0.3889727164326274,-0.36984938277479434,-0.7379063557416712,-0.4058558668836733,-0.684103318687803,-0.24979859986280267,-0.21132678016522455,-0.6040302242810942,1.0,0.0,0.0,0.0,1.0,0.0,0.0,0.0,0.0,1.0
window_10_0pct::CSh9QQ1OuDNrT2FV7i,window_10_0pct,1784124555.656333,0,0.2696750695171024,-0.002443511980324757,-0.11564991887825475,-0.08964959426385685,-0.12398502983855199,-0.24940507723982755,-0.23700289059406093,-0.16921521813221424,1.0,0.0,0.0,1.0,0.0,0.0,0.0,0.0,0.0,1.0
window_10_0pct::CUaIIs1XmrxRudBRG2,window_10_0pct,1784125688.309847,0,-0.388829070795134,-0.10676090857159949,-0.5306291697638502,-0.26531974571931044,-0.45496401870401854,-0.03958046305725404,-0.17225163037374036,0.3306186046302633,1.0,0.0,0.0,1.0,0.0,0.0,0.0,0.0,0.0,1.0
window_10_0pct::CRwobr2EQipNM4TDT8,window_10_0pct,1784124929.634269,0,-0.3894678540632915,-0.1895889214650716,-0.4767545214457448,-0.21261870028267438,-0.42950409648359805,0.26961916753390086,0.05543791291107448,-0.0957365241211927,1.0,0.0,0.0,1.0,0.0,0.0,0.0,0.0,0.0,1.0
window_10_0pct::CHHTusfOitE52ooUl,window_10_0pct,1784124590.048413,0,0.31036167151684896,0.29965966854800685,1.8386019633894228,0.7887011630134111,1.5563698367092011,-0.24912317540387457,-0.23667068753528706,-0.4126645766421761,1.0,0.0,0.0,1.0,0.0,0.0,0.0,0.0,0.0,1.0
window_10_0pct::CBr5Lo3AOVTAjHH6y3,window_10_0pct,1784126049.380317,0,0.0870355341607142,-0.27784143898129005,-0.5815509095187786,-0.2828867608648558,-0.5058838631448596,-0.24966229835274314,-0.2370520948239308,-0.1707229648245473,1.0,0.0,0.0,1.0,0.0,0.0,0.0,0.0,0.0,1.0
window_10_0pct::Cu8s4w1NMs1mK2Hlw6,window_10_0pct,1784126136.85741,0,-0.01148583752382558,0.08539173594952856,0.5050132219978359,0.24412369350150498,0.41067333679027856,-0.24894853221849905,-0.23664413163102352,-0.3342974701027119,1.0,0.0,0.0,1.0,0.0,0.0,0.0,0.0,0.0,1.0
window_10_0pct::CXPDPzbp9tLOUZIG3,window_10_0pct,1784124209.222238,0,-0.3810617553390496,-0.27784143898129005,-0.5815509095187786,-0.3180207911559465,-0.5058838631448596,-0.24228732657248114,-0.23218849948941028,-0.1707229648245473,1.0,0.0,0.0,1.0,0.0,0.0,0.0,0.0,0.0,1.0
window_10_0pct::C3KIbG31yzyeTXwTad,window_10_0pct,1784124550.390902,0,-0.38833866228288616,0.08726944908817151,-0.2156026871498185,-0.036948548827220776,-0.174904874279393,-0.014881875987128389,-0.1501878881160939,0.04048180823387399,1.0,0.0,0.0,1.0,0.0,0.0,0.0,0.0,0.0,1.0
window_10_0pct::CqOMD8JZpoBw8wSOc,window_10_0pct,1784124565.888838,0,-0.38928934318709024,-0.27846734336083767,-0.5573540544579261,-0.3355878063014919,-0.5058838631448596,-0.09744402481438531,-0.14686987213397304,-0.23133881845355705,1.0,0.0,0.0,1.0,0.0,0.0,0.0,0.0,0.0,1.0
window_10_0pct::CLkkYi3sIkfY1wCJL3,window_10_0pct,1784124041.302295,0,-0.09109054338942321,-0.10050186477612301,-0.5306291697638502,-0.26531974571931044,-0.45496401870401854,-0.24916157666758898,-0.2369702819643544,0.3528545006392568,1.0,0.0,0.0,1.0,0.0,0.0,0.0,0.0,0.0,1.0
window_10_0pct::CVU5xF4y8jhmajoLkh,window_10_0pct,1784125474.295229,0,-0.37761820986723194,-0.36984938277479434,-0.7379063557416712,-0.4058558668836733,-0.684103318687803,-0.24979859986280267,-0.2355811798330781,-0.6040302242810942,1.0,0.0,0.0,0.0,1.0,0.0,0.0,0.0,0.0,1.0
window_10_0pct::CyTg93kZL9mmiko4e,window_10_0pct,1784123932.277151,0,1.355564639780433,-0.09445145577382907,-0.30408372431263747,-0.1599176548460383,-0.225824718720234,-0.24968715480281076,-0.23711309944215483,-0.13654288595706382,1.0,0.0,0.0,1.0,0.0,0.0,0.0,0.0,0.0,1.0
window_10_0pct::CLa82ExapWXEvRvOd,window_10_0pct,1784124578.680357,0,0.15996251131829778,-0.2767982650153773,-0.6106338722740966,-0.3180207911559465,-0.5058838631448596,-0.24967904151393006,-0.23708412689095532,-0.06568948400479219,1.0,0.0,0.0,1.0,0.0,0.0,0.0,0.0,0.0,1.0
window_10_0pct::CTyAzk1ciz4xfBvnme,window_10_0pct,1784124593.525841,0,0.4551854573076594,-0.27909324774038535,-0.5306929016033433,-0.2828867608648558,-0.42950409648359805,-0.24972273578778756,-0.23710016275896026,-0.28151057669437046,1.0,0.0,0.0,1.0,0.0,0.0,0.0,0.0,0.0,1.0
window_10_0pct::C5zHeE4QEGRrhGtdw2,window_10_0pct,1784124939.526404,0,-0.23602911972273993,-0.008076651396253593,-0.20712635249724595,-0.054515563972766135,-0.174904874279393,-0.24813605909850403,-0.23641576366619912,-0.10209629831524092,1.0,0.0,0.0,1.0,0.0,0.0,0.0,0.0,0.0,1.0
window_10_0pct::CZkB8d4K074n7J31gi,window_10_0pct,1784125575.164395,0,-0.3893712007040566,-0.36984938277479434,-0.7379063557416712,-0.4058558668836733,-0.684103318687803,-0.24979859986280267,-0.18120269725402008,-0.6040302242810942,1.0,0.0,0.0,0.0,1.0,0.0,0.0,0.0,0.0,1.0
window_10_0pct::CHskRh4rwCTRKk4hTe,window_10_0pct,1784124636.844844,0,-0.3894517558452965,-0.275546456256282,-0.5573540544579261,-0.3180207911559465,-0.5058838631448596,0.00518656011095734,-0.07242225761865115,-0.2194263077650056,1.0,0.0,0.0,1.0,0.0,0.0,0.0,0.0,0.0,1.0
window_10_0pct::CGsAxE2my21Jotiu4,window_10_0pct,1784125103.486576,0,-0.37235353747191996,-0.09758097767156731,-0.2595351685070117,-0.12478362455494757,-0.225824718720234,-0.23872148344365737,-0.2316539945499037,-0.18489360690796616,1.0,0.0,0.0,1.0,0.0,0.0,0.0,0.0,0.0,1.0
window_10_0pct::CoZNxb3xSv7VSFkjlg,window_10_0pct,1784126067.703288,0,0.2165199066205717,-0.36984938277479434,-0.7379063557416712,-0.38828885173812794,-0.6586433964673826,-0.24979859986280267,-0.23712297675996813,-0.6040302242810942,1.0,0.0,0.0,0.0,1.0,0.0,0.0,0.0,0.0,1.0
window_10_0pct::CyeCHw4QlpdOCV2hVe,window_10_0pct,1784126080.219857,0,2.105152454807219,0.37038686343689114,0.42035609520459866,0.47249489039359466,0.48705310345154007,-0.24958904975234972,-0.2370589247285299,-0.13338022684183054,1.0,0.0,0.0,1.0,0.0,0.0,0.0,0.0,0.0,1.0
window_06_15pct::Cv4G5845lzjTTMD4of,window_06_15pct,1783710630.214344,1,-0.389482148170649,-0.3531585993201904,-0.6852426123739334,-0.38828885173812794,-0.6077235520265416,-0.19872586048464191,-0.13358867128593735,-0.37072068314587064,1.0,0.0,0.0,1.0,0.0,0.0,0.0,0.0,0.0,1.0
window_10_0pct::C4getM1vGvo7kJjfo6,window_10_0pct,1784125933.041089,0,0.04956361178690092,0.1095933719587043,0.2303289937828903,0.1035875723371421,0.20699395902691456,-0.24902776137448382,-0.23680323359867117,-0.23936953071421854,1.0,0.0,0.0,1.0,0.0,0.0,0.0,0.0,0.0,1.0
window_10_0pct::Cvpq2N1K6aDpnAbTr6,window_10_0pct,1784124475.255401,0,0.9127245789474449,0.4440349454303311,2.034747321402462,0.8414022084500472,1.7345892922521446,-0.24935726274815942,-0.23688709095513785,-0.387854765953964,1.0,0.0,0.0,1.0,0.0,0.0,0.0,0.0,0.0,1.0
window_10_0pct::CP5wlu4ufFwNh4PXlh,window_10_0pct,1784124167.938042,0,0.11524978556381696,0.0931112232972829,0.03133694693916282,-0.019381533681675417,0.003314581263550526,-0.2491510855518187,-0.23691623388838376,-0.16081876850381943,1.0,0.0,0.0,1.0,0.0,0.0,0.0,0.0,0.0,1.0
window_05_12pct::C5xR4p1z3gMOjZQoZd,window_05_12pct,1783706880.636187,1,-0.38971282880238167,-0.36984938277479434,-0.7379063557416712,-0.4585569123203094,-0.7095632409082235,-0.24979859986280267,37.08563433413766,-0.6040302242810942,1.0,0.0,0.0,0.0,1.0,0.0,1.0,0.0,0.0,0.0
window_10_0pct::CFFdBexZXQOBxb24a,window_10_0pct,1784125456.5051,0,-0.38950638089932843,-0.18332987766959513,1.1531235417489236,0.3143917540836864,0.9453317034191091,0.387890580345663,0.8043501858302693,-0.5313922645545104,1.0,0.0,0.0,1.0,0.0,0.0,0.0,0.0,0.0,1.0
window_10_0pct::CRm7Q24Oxej4HGvye6,window_10_0pct,1784125824.512095,0,0.26023076383471716,0.17218380991346915,-0.261935734461249,-0.08964959426385685,-0.225824718720234,-0.24920960053456742,-0.2370005726241427,0.23459709982622698,1.0,0.0,0.0,1.0,0.0,0.0,0.0,0.0,0.0,1.0
window_10_0pct::CvsAXF3qxkIht1jj7d,window_10_0pct,1784125885.191483,0,-0.3591110131117064,-0.27658963022219474,0.1535746150867883,-0.08964959426385685,0.07969434792481203,-0.24764626462976053,-0.23372520403725608,-0.5269905409375747,1.0,0.0,0.0,1.0,0.0,0.0,0.0,0.0,0.0,1.0
window_10_0pct::CqPltN3VxPWXJyC7wa,window_10_0pct,1784125768.364311,0,0.35280339561126856,-0.09945869081021026,-0.3579583726307428,-0.1599176548460383,-0.3022044853814955,-0.24954141205068428,-0.23704650601016855,-0.07996424392501997,1.0,0.0,0.0,1.0,0.0,0.0,0.0,0.0,0.0,1.0
window_10_0pct::CbJRNH3RDhn5izKGT7,window_10_0pct,1784124960.53772,0,0.27443212496024094,-0.0074507470167059445,1.2320872908807838,0.4022268298114132,1.0217114700803707,-0.24941322067020547,-0.23680246268638025,-0.4685550551233145,1.0,0.0,0.0,1.0,0.0,0.0,0.0,0.0,0.0,1.0
window_10_0pct::C0D0Ci1OVnQDuW8WV,window_10_0pct,1784125935.724835,0,-0.3891056334831943,-0.10676090857159949,-0.5306291697638502,-0.26531974571931044,-0.45496401870401854,0.05614858495071466,-0.14269258645341582,0.3306186046302633,1.0,0.0,0.0,1.0,0.0,0.0,0.0,0.0,0.0,1.0
window_10_0pct::Cw9nTw3xdUFU9hhjak,window_10_0pct,1784124052.427269,0,0.6861244825194045,0.5362515240170179,2.5106117229503955,0.929237284177774,2.1419480477788726,-0.2492037675114592,-0.2368068808401553,-0.3986157257874208,1.0,0.0,0.0,1.0,0.0,0.0,0.0,0.0,0.0,1.0
window_10_0pct::CJj1R38VFgZm9WoMi,window_10_0pct,1784125859.034178,0,-0.3895803494354604,-0.28034505649948066,1.1454757210097604,0.27925772379259567,0.9198717811986885,0.22689652419415962,1.3131968815813795,-0.5690322141344901,1.0,0.0,0.0,1.0,0.0,0.0,0.0,0.0,0.0,1.0
window_10_0pct::ChcAzWSOTDHkDo3Td,window_10_0pct,1784124973.52544,0,0.008367652775608775,0.21808346441363002,-0.06848835765341489,-0.0018145185361300583,-0.04760526317729048,-0.24875551085213604,-0.23683812666245213,0.04275369595535111,1.0,0.0,0.0,1.0,0.0,0.0,0.0,0.0,0.0,1.0
window_10_0pct::CFcWTe4saaiF5D5Pw5,window_10_0pct,1784125043.158683,0,-0.38867464319465994,-0.09674643849883711,-0.5306291697638502,-0.26531974571931044,-0.45496401870401854,-0.06403421108501292,-0.18190576076128456,0.3661960382446528,1.0,0.0,0.0,1.0,0.0,0.0,0.0,0.0,0.0,1.0
window_10_0pct::Crz5El3aoYLLtPyDNl,window_10_0pct,1784125204.261327,0,-0.38969070976545483,-0.26636652535624983,-0.7164074818860234,-0.3707218365925826,-0.6331834742469621,3.035379388712211,1.0523008172486414,2.937299987461451,1.0,0.0,0.0,1.0,0.0,0.0,0.0,0.0,0.0,1.0
window_10_0pct::CJHve61pifgwDOvNYh,window_10_0pct,1784126307.927182,0,-0.051413069073404795,-0.19313571294917498,-0.4682781867931723,-0.21261870028267438,-0.4040441742631775,-0.24942967921585302,-0.23695041710679585,-0.12140132476265364,1.0,0.0,0.0,1.0,0.0,0.0,0.0,0.0,0.0,1.0
window_08_22pct::CrRrwA4qW2KKjiwcx5,window_08_22pct,1783719128.514452,1,-0.389712882178436,-0.36984938277479434,-0.7379063557416712,-0.4585569123203094,-0.7095632409082235,-0.24979859986280267,63.744774865661626,-0.6040302242810942,1.0,0.0,0.0,0.0,1.0,0.0,1.0,0.0,0.0,0.0
window_10_0pct::CmEGG14dWheLRMY3d4,window_10_0pct,1784125059.791583,0,1.432213454482056,0.18741414981579527,-0.046798288279288086,-0.0018145185361300583,0.02877450348397103,-0.24958257961424937,-0.2370915559228226,-0.010225062889963644,1.0,0.0,0.0,1.0,0.0,0.0,0.0,0.0,0.0,1.0
window_10_0pct::CVK1Fx4BAaASKjHID1,window_10_0pct,1784124038.802476,0,-0.32925875735240717,-0.36984938277479434,-0.7379063557416712,-0.4058558668836733,-0.684103318687803,-0.24979859986280267,-0.23684606176915238,-0.6040302242810942,1.0,0.0,0.0,0.0,1.0,0.0,0.0,0.0,0.0,1.0
window_10_0pct::CR9wTF1LaToeMaK0Ag,window_10_0pct,1784125047.581772,0,0.25324651779693597,0.2049394724431294,-0.012255631274067537,0.03331951175496066,-0.02214534095686998,-0.24916722191714036,-0.23694676157331898,-0.02070514565895152,1.0,0.0,0.0,1.0,0.0,0.0,0.0,0.0,0.0,1.0
window_10_0pct::ChhyuW1HSE3zXsnSW1,window_10_0pct,1784125618.298213,0,-0.36273930378287456,-0.2776328041881075,-0.6191102069266692,-0.3355878063014919,-0.5568037075857005,-0.24738406263325774,-0.235744390809462,-0.03245730587686862,1.0,0.0,0.0,1.0,0.0,0.0,0.0,0.0,0.0,1.0
window_10_0pct::CPGRMC4h4PNNMvCpF,window_10_0pct,1784124169.28163,0,-0.3887538105584865,-0.36984938277479434,-0.7379063557416712,-0.4058558668836733,-0.684103318687803,-0.24979859986280267,-0.21722324336204302,-0.6040302242810942,1.0,0.0,0.0,0.0,1.0,0.0,0.0,0.0,0.0,1.0
window_10_0pct::C2TFVf3hz4wlaLm8G9,window_10_0pct,1784125127.960248,0,-0.38913034659636303,-0.36984938277479434,-0.7379063557416712,-0.4058558668836733,-0.684103318687803,-0.24979859986280267,-0.20433673124116097,-0.6040302242810942,1.0,0.0,0.0,0.0,1.0,0.0,0.0,0.0,0.0,1.0
window_10_0pct::CDh6YEtFkzwfv45C,window_10_0pct,1784124566.127231,0,-0.3260569200051528,0.4565530330212841,1.055188948394639,0.47249489039359466,0.9198717811986885,-0.24062971222464152,-0.23310652108500476,-0.2646193783040873,1.0,0.0,0.0,1.0,0.0,0.0,0.0,0.0,0.0,1.0
window_10_0pct::CMZk5A46eNyeAv4N0j,window_10_0pct,1784125714.544124,0,0.2754773455319273,0.1880400541953429,-0.13219895319994404,0.0157524966094153,-0.07306518539771098,-0.24920626553971104,-0.23696115623241945,0.07425550864294836,1.0,0.0,0.0,1.0,0.0,0.0,0.0,0.0,0.0,1.0
window_10_0pct::Cd9oK64yRYX6yJGzG4,window_10_0pct,1784125185.381163,0,-0.08712281303815879,-0.08631469883970964,0.14282517815896445,-0.019381533681675417,0.10515427014523254,-0.24913681613567054,-0.2367515910551628,-0.3669502740052594,1.0,0.0,0.0,1.0,0.0,0.0,0.0,0.0,0.0,1.0
window_10_0pct::Cp95P41d8qasgrHTe,window_10_0pct,1784124334.4055,0,0.22394322408151734,-0.18583349518778575,-0.4682781867931723,-0.2477527305737651,-0.37858425204275703,-0.24958681501889746,-0.23706112383091357,-0.10145798180734612,1.0,0.0,0.0,1.0,0.0,0.0,0.0,0.0,0.0,1.0
window_10_0pct::CV326v4W5JswPvMC0g,window_10_0pct,1784125383.038402,0,-0.38863440832488344,-0.19376161732872263,-0.4767545214457448,-0.2477527305737651,-0.42950409648359805,-0.13449200681989085,-0.17953414703147003,-0.10750258199526445,1.0,0.0,0.0,1.0,0.0,0.0,0.0,0.0,0.0,1.0
window_10_0pct::Ctt6Dp4bdYkjyGBs91,window_10_0pct,1784123960.214033,0,0.797421391464563,-0.09507736015337671,-0.3439586118887746,-0.12478362455494757,-0.276744563161075,-0.2496351301464692,-0.237081860650938,-0.09039697348962622,1.0,0.0,0.0,1.0,0.0,0.0,0.0,0.0,0.0,1.0
window_10_0pct::Csblf31Pup4Q18cPId,window_10_0pct,1784123939.368883,0,0.3411190784059834,-0.0074507470167059445,-0.20653152199531102,-0.054515563972766135,-0.14944495205897249,-0.2494483857464938,-0.23700540063201792,-0.10179072394094929,1.0,0.0,0.0,1.0,0.0,0.0,0.0,0.0,0.0,1.0
window_10_0pct::CCoi8I5jvGFNYmANb,window_10_0pct,1784125894.136999,0,0.22363099551393376,-0.27492055187673436,-0.5306929016033433,-0.3180207911559465,-0.480423940924439,-0.24968929015983027,-0.23709225310889553,-0.26668208715015324,1.0,0.0,0.0,1.0,0.0,0.0,0.0,0.0,0.0,1.0
window_08_22pct::CM2A1d3C96fakZZvAl,window_08_22pct,1783719129.219225,1,-0.3892400877641269,-0.3531585993201904,-0.6852426123739334,-0.38828885173812794,-0.6077235520265416,-0.22486985464663836,-0.18660778193358746,-0.37072068314587064,1.0,0.0,0.0,1.0,0.0,0.0,0.0,0.0,0.0,1.0
window_10_0pct::C6PZGmb3Zo9teIC3c,window_10_0pct,1784124679.420547,0,-0.3880730203355478,-0.2818055000517585,-0.5573540544579261,-0.3004537760104012,-0.5058838631448596,-0.2118813521723681,-0.20800796099936525,-0.24495311638333006,1.0,0.0,0.0,1.0,0.0,0.0,0.0,0.0,0.0,1.0
window_05_12pct::CpzEYG21Lq5zdPRTd,window_05_12pct,1783707881.208669,1,-0.3892368958760762,-0.3531585993201904,-0.6852426123739334,-0.38828885173812794,-0.6077235520265416,-0.22503699658675796,-0.18694673997351638,-0.37072068314587064,1.0,0.0,0.0,1.0,0.0,0.0,0.0,0.0,0.0,1.0
window_10_0pct::CR0bx03EelRIHOy2t1,window_10_0pct,1784124708.737368,0,-0.38897522510718224,-0.08798377718517003,-0.5306291697638502,-0.2477527305737651,-0.45496401870401854,0.020042594973942233,-0.15291108535317033,0.3973262926572436,1.0,0.0,0.0,1.0,0.0,0.0,0.0,0.0,0.0,1.0
window_10_0pct::CpltEP2NN2LOupY2K3,window_10_0pct,1784125738.937936,0,0.39023523256825743,0.33512758338904025,0.015297767333417735,0.1035875723371421,0.02877450348397103,-0.24916022784426997,-0.23696011735972147,0.0852449653729428,1.0,0.0,0.0,1.0,0.0,0.0,0.0,0.0,0.0,1.0
window_10_0pct::CpNjAC2Gi8RbbGbeO3,window_10_0pct,1784125037.304296,0,-0.38531105505227337,0.3511924624640966,0.04741861443790326,0.08602055719159674,0.054234425704391534,-0.13411154000629008,-0.2024054718035261,0.07211809315732058,1.0,0.0,0.0,1.0,0.0,0.0,0.0,0.0,0.0,1.0
window_10_0pct::Cf9Mc24Zo0kr0WzDq2,window_10_0pct,1784124240.109677,0,0.07705659256743848,0.11752149409964119,-0.26344405466258397,-0.054515563972766135,-0.225824718720234,-0.24906116829114014,-0.23691657675099909,0.15242125236311233,1.0,0.0,0.0,1.0,0.0,0.0,0.0,0.0,0.0,1.0
window_10_0pct::CfbYG3238SUw8MAuq2,window_10_0pct,1784124646.042034,0,-0.38921930312855924,-0.27846734336083767,-0.5573540544579261,-0.3180207911559465,-0.5058838631448596,-0.11906023411941886,-0.14999544313893537,-0.23133881845355705,1.0,0.0,0.0,1.0,0.0,0.0,0.0,0.0,0.0,1.0
window_10_0pct::C5ArR12lexKmsfhKQg,window_10_0pct,1784124970.961504,0,0.09349771968601218,-0.36984938277479434,-0.7379063557416712,-0.38828885173812794,-0.6586433964673826,-0.24979859986280267,-0.23711293732343092,-0.6040302242810942,1.0,0.0,0.0,0.0,1.0,0.0,0.0,0.0,0.0,1.0
window_10_0pct::CSMvqm2xWOLESPOrji,window_10_0pct,1784125587.478429,0,0.2626314266060295,-0.09382555139428142,-0.23134445150459615,-0.14235063970049294,-0.225824718720234,-0.24949976289466116,-0.23702315571284013,-0.20275855563314799,1.0,0.0,0.0,1.0,0.0,0.0,0.0,0.0,0.0,1.0
window_10_0pct::CPqZKj1xDlnay3BxHk,window_10_0pct,1784124156.834611,0,0.0409385751628857,-0.18541622560142063,-0.4300815709903515,-0.2477527305737651,-0.37858425204275703,-0.24949613308941276,-0.23701808244435704,-0.1628174256288502,1.0,0.0,0.0,1.0,0.0,0.0,0.0,0.0,0.0,1.0
window_10_0pct::CoZzVn46HRNFDsmDyf,window_10_0pct,1784125395.53649,0,-0.13797963505958516,0.08789535346771916,1.6150519143943822,0.49006190553914,1.3272305367254167,-0.24851435652479775,-0.23611780073657226,-0.4607626626092714,1.0,0.0,0.0,1.0,0.0,0.0,0.0,0.0,0.0,1.0
window_10_0pct::CbZXBK2A4osppMMoS,window_10_0pct,1784124431.49765,0,0.054800507283524064,-0.09820688205111495,-0.29467265601416714,-0.14235063970049294,-0.276744563161075,-0.2493670038050975,-0.23695804779598567,-0.15270792860412824,1.0,0.0,0.0,1.0,0.0,0.0,0.0,0.0,0.0,1.0
window_10_0pct::Cycxw228IX0DbBAyTb,window_10_0pct,1784124566.121181,0,-0.3259918866205207,0.5473091680556931,0.48364181182117433,0.26169070864705035,0.41067333679027856,-0.23963316347559857,-0.23401104927966973,-0.051101786526864215,1.0,0.0,0.0,1.0,0.0,0.0,0.0,0.0,0.0,1.0
window_10_0pct::C1OoDM2FVJbOiJUO7a,window_10_0pct,1784124108.942195,0,0.003758427652625351,0.17614787098393758,0.34772304212904576,0.12115458748268745,0.3088336479085966,-0.24881856398676644,-0.2367492696090348,-0.23365406696117239,1.0,0.0,0.0,1.0,0.0,0.0,0.0,0.0,0.0,1.0
window_10_0pct::CFuErljk1pwAuSMd,window_10_0pct,1784124570.83422,0,-0.2834477338777846,0.5875756831399251,-0.04985741657495337,0.08602055719159674,0.003314581263550526,-0.2434353598482215,-0.23572264799039022,0.4207121886478563,1.0,0.0,0.0,1.0,0.0,0.0,0.0,0.0,0.0,1.0
window_10_0pct::CrInyu4sH8dWdVsjGj,window_10_0pct,1784123974.084854,0,0.41743445289601994,0.18032056684758857,0.10790013011678573,0.08602055719159674,0.10515427014523254,-0.2493171969902609,-0.23697285771738605,-0.1250058601173086,1.0,0.0,0.0,1.0,0.0,0.0,0.0,0.0,0.0,1.0
window_10_0pct::C200sUr1npALKVC8d,window_10_0pct,1784124820.988616,0,-0.3891564901877885,-0.18791984311961124,-0.4767545214457448,-0.2828867608648558,-0.42950409648359805,-0.0188960674086458,-0.14265075250120732,-0.09103010097156401,1.0,0.0,0.0,1.0,0.0,0.0,0.0,0.0,0.0,1.0
window_10_0pct::C0tS0b41kzJLHsvube,window_10_0pct,1784124721.70596,0,-0.3883052915737003,-0.00536439908488045,-0.35007686848010516,-0.195051685137129,-0.3022044853814955,-0.0669275764737228,-0.1828183030449419,0.0880519808599643,1.0,0.0,0.0,1.0,0.0,0.0,0.0,0.0,0.0,1.0
window_08_22pct::CHDNINNmVgyA5I2Kg,window_08_22pct,1783718128.478111,1,-0.3892390415934615,-0.3531585993201904,-0.6852426123739334,-0.38828885173812794,-0.6077235520265416,-0.2249248849892789,-0.18671938155403406,-0.37072068314587064,1.0,0.0,0.0,1.0,0.0,0.0,0.0,0.0,0.0,1.0
window_10_0pct::C8eKLMxEjlueejCTc,window_10_0pct,1784124898.775681,0,-0.38928401625686515,-0.36984938277479434,-0.7379063557416712,-0.4058558668836733,-0.684103318687803,-0.24979859986280267,-0.19257680377110278,-0.6040302242810942,1.0,0.0,0.0,0.0,1.0,0.0,0.0,0.0,0.0,1.0
window_10_0pct::C25Z9n1raDyreWPLPb,window_10_0pct,1784124386.045295,0,0.11846235149799768,-0.36984938277479434,-0.7379063557416712,-0.38828885173812794,-0.6586433964673826,-0.24979859986280267,-0.23711536771906883,-0.6040302242810942,1.0,0.0,0.0,0.0,1.0,0.0,0.0,0.0,0.0,1.0
window_10_0pct::C0aUDZ7agsaBRVb4b,window_10_0pct,1784125007.120554,0,-0.23272058364282017,0.08914716222681446,-0.45166542063198994,-0.17748466999158366,-0.37858425204275703,-0.24773371647150977,-0.23664468127870691,0.5768017390155477,1.0,0.0,0.0,1.0,0.0,0.0,0.0,0.0,0.0,1.0
window_10_0pct::CUlJKf3OKA4SQacTwi,window_10_0pct,1784124656.125179,0,0.29752990792056744,-0.11656674385117931,-0.408242793990741,-0.195051685137129,-0.327664407601916,-0.249538308443085,-0.23705109808677924,-0.0382481976632061,1.0,0.0,0.0,1.0,0.0,0.0,0.0,0.0,0.0,1.0
window_10_0pct::CXBOsZoqNvt7tjxcd,window_10_0pct,1784125182.893184,0,-0.38935863598086023,-0.18917165187870652,1.1531235417489236,0.3495257843747771,0.9453317034191091,0.11034234291929775,0.39704738674693585,-0.5336672789531058,1.0,0.0,0.0,1.0,0.0,0.0,0.0,0.0,0.0,1.0
window_10_0pct::CQcYCi1ghsYViAXfF8,window_10_0pct,1784125569.42918,0,-0.3897121989649402,-0.3631730693929528,-0.7368866463097827,-0.4585569123203094,-0.7095632409082235,5.971292657011643,6.070915912956254,4.119297628905474,0.0,1.0,1.0,0.0,0.0,0.0,0.0,0.0,0.0,1.0
window_10_0pct::C8tusQ8lzArQOnSqg,window_10_0pct,1784125777.565297,0,-0.38760396224504395,-0.09007012511699553,-0.32828057937349,-0.1599176548460383,-0.276744563161075,-0.15610612674414995,-0.19635595070893064,-0.10105294198412902,1.0,0.0,0.0,1.0,0.0,0.0,0.0,0.0,0.0,1.0
window_10_0pct::CN5Kxi2QCC03LUcuxh,window_10_0pct,1784124209.82219,0,-0.38746625202479545,-0.36984938277479434,-0.7379063557416712,-0.4058558668836733,-0.684103318687803,-0.24979859986280267,-0.22865013097034034,-0.6040302242810942,1.0,0.0,0.0,0.0,1.0,0.0,0.0,0.0,0.0,1.0
window_10_0pct::CKsmUf1IC7u0pWWSp,window_10_0pct,1784124784.15439,0,-0.3896185880408038,-0.18791984311961124,-0.4767545214457448,-0.23018571542821972,-0.42950409648359805,1.1117688559333325,0.472139609575873,-0.09103010097156401,1.0,0.0,0.0,1.0,0.0,0.0,0.0,0.0,0.0,1.0
window_10_0pct::CN3Xkt1MyapfRLXxwh,window_10_0pct,1784125554.850643,0,0.20013374616277782,0.33554485297540537,1.9374712903896052,0.7008660872856843,1.6327496033704627,-0.24895398752822118,-0.23661932533729427,-0.4098584851105254,1.0,0.0,0.0,1.0,0.0,0.0,0.0,0.0,0.0,1.0
window_10_0pct::CCDt151QX80ApNPTfg,window_10_0pct,1784124225.17791,0,-0.38815542228826866,-0.19376161732872263,-0.4767545214457448,-0.26531974571931044,-0.42950409648359805,-0.1699520520779573,-0.2003261587371384,-0.10750258199526445,1.0,0.0,0.0,1.0,0.0,0.0,0.0,0.0,0.0,1.0
window_10_0pct::CnnsTO1YeyzQsO75B9,window_10_0pct,1784124722.256201,0,-0.3593673355999535,-0.007868016603071043,-0.39494408348319604,-0.17748466999158366,-0.35312432982233655,-0.2413738919950959,-0.23448395239568368,0.1732106348058059,1.0,0.0,0.0,1.0,0.0,0.0,0.0,0.0,0.0,1.0
window_10_0pct::Cy1yHZ1gXmf8z9bUc4,window_10_0pct,1784125282.728573,0,0.9639219188452656,0.08956443181317955,0.02035382659986453,0.0157524966094153,0.02877450348397103,-0.24955890033172565,-0.23706351179654261,-0.15784386531396716,1.0,0.0,0.0,1.0,0.0,0.0,0.0,0.0,0.0,1.0
window_10_0pct::CetNfy3WwUApLHhpFc,window_10_0pct,1784125384.490176,0,-0.38755340444635433,-0.36984938277479434,-0.7379063557416712,-0.4058558668836733,-0.684103318687803,-0.24979859986280267,-0.22830660343660447,-0.6040302242810942,1.0,0.0,0.0,0.0,1.0,0.0,0.0,0.0,0.0,1.0
window_10_0pct::CsRnJw2ZH6HEgHxW22,window_10_0pct,1784125420.480148,0,-0.3132197761025918,-0.17310677280365022,-0.6604934147041412,-0.3180207911559465,-0.582263629806121,-0.24798207905373412,-0.23659987223879342,1.2671186964338552,1.0,0.0,0.0,1.0,0.0,0.0,0.0,0.0,0.0,1.0
window_10_0pct::CeNEjM23qKfRCXtW63,window_10_0pct,1784125171.336575,0,-0.04299615636054964,-0.27784143898129005,-0.5955506702607468,-0.3355878063014919,-0.53134378536528,-0.24961118021902184,-0.23705209184115056,-0.12811635724742632,1.0,0.0,0.0,1.0,0.0,0.0,0.0,0.0,0.0,1.0
window_10_0pct::CpgDXiu7dJNtHfW3h,window_10_0pct,1784124491.814077,0,-0.38895224137817486,0.07954996174041719,1.3772896651923967,0.4549278752480493,1.1490110811824732,0.1674307233369397,0.09594590784397135,-0.44756417796336745,1.0,0.0,0.0,1.0,0.0,0.0,0.0,0.0,0.0,1.0
window_10_0pct::ClJvSj4cup9eZlibS2,window_10_0pct,1784124491.815797,0,-0.3889699515530115,-0.27909324774038535,-0.5306929016033433,-0.2828867608648558,-0.480423940924439,-0.16353080042899099,-0.16637881248687114,-0.28151057669437046,1.0,0.0,0.0,1.0,0.0,0.0,0.0,0.0,0.0,1.0
window_10_0pct::C1iwcw4oaQnjh4Txs,window_10_0pct,1784125037.313833,0,-0.3854126190085094,-0.1038400214670438,-0.33380400546288563,-0.1599176548460383,-0.276744563161075,-0.20611091724814634,-0.2171498884690812,-0.1192717943084446,1.0,0.0,0.0,1.0,0.0,0.0,0.0,0.0,0.0,1.0
window_10_0pct::CVflvk44AmjAHv5V37,window_10_0pct,1784125805.580984,0,-0.2107334709720361,-0.0016089728075945591,0.08293849298201689,-0.036948548827220776,0.054234425704391534,-0.24834550871061284,-0.23649457581898065,-0.2736593251295994,1.0,0.0,0.0,1.0,0.0,0.0,0.0,0.0,0.0,1.0
window_10_0pct::CEPdCG4sRBWYgSmWJ7,window_10_0pct,1784125629.505975,0,-0.3884065993248754,0.1711406359475564,-0.08892503418417882,-0.036948548827220776,-0.07306518539771098,0.04267848956469471,-0.14566478369564934,0.009852618438142405,1.0,0.0,0.0,1.0,0.0,0.0,0.0,0.0,0.0,1.0
window_10_0pct::CMo3hk4LadJIKEOI7j,window_10_0pct,1784125818.31843,0,-0.3888382835021165,-0.10050186477612301,-0.5306291697638502,-0.23018571542821972,-0.45496401870401854,-0.032312389110236345,-0.1606355307255665,0.3528545006392568,1.0,0.0,0.0,1.0,0.0,0.0,0.0,0.0,0.0,1.0
window_10_0pct::CjqM8h4manFFJLiII4,window_10_0pct,1784125885.186835,0,-0.35906180038958657,-0.1756103903218408,-0.660174755506676,-0.3355878063014919,-0.582263629806121,-0.24532296940947926,-0.23591452371675545,1.23573662454505,1.0,0.0,0.0,1.0,0.0,0.0,0.0,0.0,0.0,1.0
window_10_0pct::CmpzAC41mZJa9cCgad,window_10_0pct,1784125295.357856,0,-0.38935958607462784,-0.09069602949654318,-0.31192274057027974,-0.14235063970049294,-0.2512846409406545,0.3081276840669436,0.01990959947973858,-0.12144840873195914,1.0,0.0,0.0,1.0,0.0,0.0,0.0,0.0,0.0,1.0
window_10_0pct::CJ8KXv1mieRqFrMvg9,window_10_0pct,1784124676.679377,0,-0.0335273083683697,-0.09382555139428142,-0.2680115031595843,-0.12478362455494757,-0.2512846409406545,-0.24925128803664262,-0.23689394636034222,-0.17144775544841223,1.0,0.0,0.0,1.0,0.0,0.0,0.0,0.0,0.0,1.0
window_10_0pct::CLvoT74gzNY8B9emhk,window_10_0pct,1784123928.026073,0,0.4862800727578177,-0.08485425528743179,-0.4804722120828381,-0.21261870028267438,-0.4040441742631775,-0.24956882556164975,-0.23708054042824506,0.21119593537829845,1.0,0.0,0.0,1.0,0.0,0.0,0.0,0.0,0.0,1.0
window_10_0pct::C1ooGK3C9UIFqdMs5k,window_10_0pct,1784125353.022006,0,-0.3868691447798822,-0.36984938277479434,-0.7379063557416712,-0.4058558668836733,-0.684103318687803,-0.24979859986280267,-0.23043743029020275,-0.6040302242810942,1.0,0.0,0.0,0.0,1.0,0.0,0.0,0.0,0.0,1.0
window_10_0pct::C8PAH9SAKQTenPvCi,window_10_0pct,1784124931.923887,0,0.5101376104759029,0.08330538801770307,0.11975425226248873,0.03331951175496066,0.07969434792481203,-0.24944293510723756,-0.23700832530503,-0.21492864590651528,1.0,0.0,0.0,1.0,0.0,0.0,0.0,0.0,0.0,1.0
window_08_22pct::C7Uotn1xPMoPN476Qa,window_08_22pct,1783719129.282704,1,-0.3896351559680771,-0.3531585993201904,-0.6852426123739334,-0.38828885173812794,-0.6077235520265416,-0.0982832735599467,0.07010540074065921,-0.37072068314587064,1.0,0.0,0.0,1.0,0.0,0.0,0.0,0.0,0.0,1.0
window_10_0pct::CdiYar2vI7mn2CkfM3,window_10_0pct,1784124440.705036,0,-0.0871881346534844,0.0042328014015168254,-0.20406722420158066,-0.08964959426385685,-0.174904874279393,-0.24892528534440292,-0.23681471891134562,-0.08799185480560145,1.0,0.0,0.0,1.0,0.0,0.0,0.0,0.0,0.0,1.0
window_10_0pct::CxVSxSWMCn0ef4qwg,window_10_0pct,1784126023.525436,0,-0.3883593935423995,-0.18708530394688103,-0.4767545214457448,-0.26531974571931044,-0.42950409648359805,-0.15443625517931678,-0.1947752280789809,-0.08867688939674961,1.0,0.0,0.0,1.0,0.0,0.0,0.0,0.0,0.0,1.0
window_10_0pct::CjoQh526KJiyiiYnBh,window_10_0pct,1784125014.743301,0,-0.10084256202519326,0.29152291161388744,-0.08138343317750399,-0.019381533681675417,-0.07306518539771098,-0.24818160875310766,-0.23673207942349034,0.13783447746161484,1.0,0.0,0.0,1.0,0.0,0.0,0.0,0.0,0.0,1.0
window_10_0pct::CPEDkl4dkllDM8hHQe,window_10_0pct,1784125245.312433,0,-0.3880041225245801,-0.10676090857159949,-0.5306291697638502,-0.26531974571931044,-0.45496401870401854,-0.1410643109905502,-0.20358763110378134,0.3306186046302633,1.0,0.0,0.0,1.0,0.0,0.0,0.0,0.0,0.0,1.0
window_10_0pct::CJEdYe1t8F0rBDSJbk,window_10_0pct,1784124199.49578,0,-0.38907230547485205,-0.010371634121261637,-0.3967498189354985,-0.195051685137129,-0.35312432982233655,0.14649301441619816,-0.11775533194824547,0.17192011947081726,1.0,0.0,0.0,1.0,0.0,0.0,0.0,0.0,0.0,1.0
window_10_0pct::C2SosP2fcV5wLGT111,window_10_0pct,1784125673.758381,0,-0.38885673026650325,-0.10050186477612301,-0.5306291697638502,-0.26531974571931044,-0.45496401870401854,-0.027626810891621598,-0.17015475815559225,0.3528545006392568,1.0,0.0,0.0,1.0,0.0,0.0,0.0,0.0,0.0,1.0
window_10_0pct::CY0LC913iAPVvh8Ns1,window_10_0pct,1784124440.97903,0,-0.3860945514790114,-0.18791984311961124,1.301831167232653,0.3319587692292318,1.0726313145212116,-0.2142886005436094,-0.17638075879024046,-0.5383450935115625,1.0,0.0,0.0,1.0,0.0,0.0,0.0,0.0,0.0,1.0
window_10_0pct::CYmbIo1JvYCAN02B8a,window_10_0pct,1784125015.203547,0,-0.31900846257397664,-0.36984938277479434,-0.7379063557416712,-0.4058558668836733,-0.684103318687803,-0.24979859986280267,-0.23689192395383302,-0.6040302242810942,1.0,0.0,0.0,0.0,1.0,0.0,0.0,0.0,0.0,1.0
window_10_0pct::C3iE8g1jlBOM7z5k8d,window_10_0pct,1784124419.800892,0,-0.389680941947507,-0.36984938277479434,-0.7379063557416712,-0.4058558668836733,-0.684103318687803,-0.24979859986280267,0.360201459199973,-0.6040302242810942,1.0,0.0,0.0,0.0,1.0,0.0,0.0,0.0,0.0,1.0
window_10_0pct::C6mShaf9e6qJ5I9zj,window_10_0pct,1784126087.465023,0,-0.15001672528334573,-0.18833711270597633,-0.4682781867931723,-0.23018571542821972,-0.4040441742631775,-0.24926377763182822,-0.2368831564363222,-0.108295699392023,1.0,0.0,0.0,1.0,0.0,0.0,0.0,0.0,0.0,1.0
window_10_0pct::CFOyRf26d6m1Jk6LA7,window_10_0pct,1784125128.475997,0,-0.2603633803327351,-0.27784143898129005,-0.5955506702607468,-0.3180207911559465,-0.53134378536528,-0.24929622837483267,-0.23682974325277623,-0.12811635724742632,1.0,0.0,0.0,1.0,0.0,0.0,0.0,0.0,0.0,1.0
window_10_0pct::CtB2xJ3dJjJmzzjEjb,window_10_0pct,1784124090.611618,0,-0.3855458136145591,-0.1895889214650716,-0.4767545214457448,-0.26531974571931044,-0.42950409648359805,-0.21924750960586273,-0.22339428817111692,-0.0957365241211927,1.0,0.0,0.0,1.0,0.0,0.0,0.0,0.0,0.0,1.0
window_10_0pct::CgCWLbLmm2DcVZQdh,window_10_0pct,1784124514.002602,0,-0.038680371434015225,0.6207486152559505,2.1752335395915905,0.8414022084500472,1.8618889033542472,-0.24780556597787318,-0.23614089271271532,-0.3536064281430688,1.0,0.0,0.0,1.0,0.0,0.0,0.0,0.0,0.0,1.0
window_10_0pct::CLZSzV3jzmY5iW037,window_10_0pct,1784125994.558163,0,-0.3859497742691656,-0.010371634121261637,-0.35007686848010516,-0.17748466999158366,-0.3022044853814955,-0.1823331553220565,-0.21556381436958882,0.0785442688259715,1.0,0.0,0.0,1.0,0.0,0.0,0.0,0.0,0.0,1.0
window_10_0pct::Cm78IQ2AuPECuqyJCg,window_10_0pct,1784124940.079777,0,0.2539197499705773,0.08142767487906012,-0.4496897336077061,-0.1599176548460383,-0.35312432982233655,-0.24930341219625668,-0.23702869925713907,0.5489845650570653,1.0,0.0,0.0,1.0,0.0,0.0,0.0,0.0,0.0,1.0
window_10_0pct::C9MIEU3K1UUGnAGhF7,window_10_0pct,1784124754.670284,0,1.2092358093848365,0.36767461112551797,0.7564990606373199,0.3319587692292318,0.6907324812149042,-0.24947283347303933,-0.2370248617134527,-0.24058061712072293,1.0,0.0,0.0,1.0,0.0,0.0,0.0,0.0,0.0,1.0
window_05_12pct::Cy3zUQqoOSKjJR9Zj,window_05_12pct,1783707881.969395,1,-0.07138029306946916,-0.3258274414132764,-0.7379063557416712,-0.35315482144703725,-0.6077235520265416,-0.24970093178132466,-0.23705727465557258,1525.4736783412168,1.0,0.0,0.0,1.0,0.0,0.0,0.0,1.0,0.0,0.0
window_10_0pct::CPf6kIFJ5y79Ff7N2,window_10_0pct,1784125764.511331,0,-0.38926242030527114,-0.27846734336083767,-0.5573540544579261,-0.3355878063014919,-0.5058838631448596,-0.10654833336978548,-0.1522655166342045,-0.23133881845355705,1.0,0.0,0.0,1.0,0.0,0.0,0.0,0.0,0.0,1.0
window_05_12pct::Ct0oMq6H1nLxlvZMb,window_05_12pct,1783707880.691896,1,-0.3897128715032251,-0.36984938277479434,-0.7379063557416712,-0.4585569123203094,-0.7095632409082235,-0.24979859986280267,55.747032706204436,-0.6040302242810942,1.0,0.0,0.0,0.0,1.0,0.0,1.0,0.0,0.0,0.0
window_10_0pct::CtD24G4H5XDwPEmOZd,window_10_0pct,1784124838.479646,0,-0.38875062934564675,-0.19376161732872263,-0.4767545214457448,-0.26531974571931044,-0.42950409648359805,-0.12056634313588732,-0.17754265170206995,-0.10750258199526445,1.0,0.0,0.0,1.0,0.0,0.0,0.0,0.0,0.0,1.0
window_08_22pct::C0vJR93Y2w9K94MyQh,window_08_22pct,1783718127.984343,1,-0.38971290352885773,-0.36984938277479434,-0.7379063557416712,-0.4585569123203094,-0.7095632409082235,-0.24979859986280267,89.33754977592461,-0.6040302242810942,1.0,0.0,0.0,0.0,1.0,0.0,1.0,0.0,0.0,0.0
window_10_0pct::CciJfr3SfR7PQf77he,window_10_0pct,1784124309.917979,0,-0.3100946721710853,-0.002860781566689856,-0.38646774883062346,-0.17748466999158366,-0.327664407601916,-0.24654319935117144,-0.23614154575234733,0.16495768484382167,1.0,0.0,0.0,1.0,0.0,0.0,0.0,0.0,0.0,1.0
window_10_0pct::CmypGU1hBifqSaAa9l,window_10_0pct,1784124940.837462,0,-0.38857149930721485,0.0716218395994803,-0.05013358787942316,-0.019381533681675417,-0.04760526317729048,0.023355224413972097,-0.1282580033579437,-0.13132906724174012,1.0,0.0,0.0,1.0,0.0,0.0,0.0,0.0,0.0,1.0
window_10_0pct::C4fpwE42DniIz3axi,window_10_0pct,1784124151.398424,0,0.030204020793669562,-0.09758097767156731,-0.25554130656544866,-0.14235063970049294,-0.225824718720234,-0.24934067050952455,-0.23694607735335993,-0.18836380041948894,1.0,0.0,0.0,1.0,0.0,0.0,0.0,0.0,0.0,1.0
window_10_0pct::CbcgU13QyLIBXbtTDg,window_10_0pct,1784123928.024689,0,0.4862947938736102,0.08497446636316347,0.30102884772715477,0.1035875723371421,0.28337372568817604,-0.24943190911692714,-0.23698229997382386,-0.2816350418920538,1.0,0.0,0.0,1.0,0.0,0.0,0.0,0.0,0.0,1.0
window_07_17pct::C2NcZq2fz59haXCMh1,window_07_17pct,1783714378.753739,1,-0.3897129142040686,-0.36984938277479434,-0.7379063557416712,-0.4585569123203094,-0.7095632409082235,-0.24979859986280267,111.73122782240476,-0.6040302242810942,1.0,0.0,0.0,0.0,1.0,0.0,1.0,0.0,0.0,0.0
window_10_0pct::C7Bx7U37cc3ki56vLk,window_10_0pct,1784125404.640416,0,-0.26929390946627374,-0.18583349518778575,-0.4682781867931723,-0.2477527305737651,-0.4040441742631775,-0.2487193430403475,-0.2366462550975483,-0.10145798180734612,1.0,0.0,0.0,1.0,0.0,0.0,0.0,0.0,0.0,1.0
window_10_0pct::Cs8yl11eEfYPhPN541,window_10_0pct,1784124514.11367,0,-0.3893805735392022,-0.18374714725596025,-0.4767545214457448,-0.2477527305737651,-0.42950409648359805,0.14563810471587277,-0.05016484151937882,-0.07926404309749215,1.0,0.0,0.0,1.0,0.0,0.0,0.0,0.0,0.0,1.0
window_10_0pct::CBqimF4CHaiNnczTo7,window_10_0pct,1784124656.12563,0,0.2975255524345317,0.16029162670206382,2.166948400457497,0.7535671327223203,1.8364289811338266,-0.24925378545651272,-0.23667541730713454,-0.4696279991312636,1.0,0.0,0.0,1.0,0.0,0.0,0.0,0.0,0.0,1.0
window_10_0pct::CHa3Bt4xwQ6P0sLJpg,window_10_0pct,1784124491.815542,0,-0.3889675176049327,-0.09820688205111495,-0.29467265601416714,-0.1599176548460383,-0.276744563161075,0.007566766768534066,-0.12171289623037083,-0.15270792860412824,1.0,0.0,0.0,1.0,0.0,0.0,0.0,0.0,0.0,1.0
window_10_0pct::CpyPUu2gZy88WTNdR9,window_10_0pct,1784124990.658925,0,-0.38971201748635537,-0.3631730693929528,-0.7368866463097827,-0.4585569123203094,-0.7095632409082235,4.769490936933626,4.852309873295043,4.119297628905474,0.0,1.0,1.0,0.0,0.0,0.0,0.0,0.0,0.0,1.0
window_10_0pct::CDiEC3OmS3R6hpus4,window_10_0pct,1784124593.497858,0,-0.38947894560738744,-0.279719152119933,-0.5573540544579261,-0.3180207911559465,-0.5058838631448596,0.02221982857176495,-0.05328110675396238,-0.23644418017722194,1.0,0.0,0.0,1.0,0.0,0.0,0.0,0.0,0.0,1.0
window_10_0pct::CCNCrI1n6KBg7QuTJb,window_10_0pct,1784125703.296048,0,0.005218038559940161,-0.188963017085524,-0.4149983689770018,-0.2477527305737651,-0.37858425204275703,-0.24947511848622894,-0.2370050283725147,-0.19151390712489366,1.0,0.0,0.0,1.0,0.0,0.0,0.0,0.0,0.0,1.0
window_10_0pct::C2athm2RLlYxJ6T6y2,window_10_0pct,1784124421.045181,0,-0.38892702653009525,-0.08798377718517003,-0.5306291697638502,-0.26531974571931044,-0.45496401870401854,0.003494104105887772,-0.16416136776456242,0.3973262926572436,1.0,0.0,0.0,1.0,0.0,0.0,0.0,0.0,0.0,1.0
window_08_22pct::CYbhnx2IbqCNvfPwM5,window_08_22pct,1783719130.806919,1,-0.07967192150753075,-0.32624471099964153,-0.7379063557416712,-0.3355878063014919,-0.582263629806121,-0.24969927030260158,-0.23703904194686892,1511.0084867908329,1.0,0.0,0.0,1.0,0.0,0.0,0.0,1.0,0.0,0.0
window_10_0pct::CEadR33MmbgGosgI6e,window_10_0pct,1784125457.40512,0,-0.015299065548139834,0.0724563787722105,-0.20591544754687843,-0.0720825791183115,-0.174904874279393,-0.24896427475631336,-0.23686870740954044,0.008240791308367749,1.0,0.0,0.0,1.0,0.0,0.0,0.0,0.0,0.0,1.0
window_10_0pct::CvVA1sYdBXhwZBzf1,window_10_0pct,1784124960.111954,0,0.10849503520936155,0.18991776733398585,1.6995815775086336,0.5076289206846853,1.4290702256070986,-0.24900507344885342,-0.23662499568736461,-0.4349067835605027,1.0,0.0,0.0,1.0,0.0,0.0,0.0,0.0,0.0,1.0
window_10_0pct::C6Hes22uehisaU6sta,window_10_0pct,1784126117.227646,0,-0.2675369832609635,-0.36984938277479434,-0.7379063557416712,-0.4058558668836733,-0.684103318687803,-0.24979859986280267,-0.23700587693741282,-0.6040302242810942,1.0,0.0,0.0,0.0,1.0,0.0,0.0,0.0,0.0,1.0
window_10_0pct::CCKVrB2ZIYDaBqe8Fi,window_10_0pct,1784125047.580511,0,0.25326051299838914,0.28442932864568077,0.061885742002820356,0.06845354204605138,0.07969434792481203,-0.24907992177200475,-0.23693189428591419,-0.001586059734840723,1.0,0.0,0.0,1.0,0.0,0.0,0.0,0.0,0.0,1.0
window_05_12pct::CRRvoP3M3p2XsuIMn,window_05_12pct,1783707882.048524,1,-0.07221547886724926,-0.3258274414132764,-0.7379063557416712,-0.35315482144703725,-0.6077235520265416,-0.24970067486276565,-0.237056998094185,1525.4736783412168,1.0,0.0,0.0,1.0,0.0,0.0,0.0,1.0,0.0,0.0
window_10_0pct::CPDR2vrv4yaaLkKr3,window_10_0pct,1784126018.024636,0,-0.387002499514095,-0.09799824725793241,-0.5306291697638502,-0.2477527305737651,-0.45496401870401854,-0.17896272920118597,-0.2142308998380994,0.36174885904285414,1.0,0.0,0.0,1.0,0.0,0.0,0.0,0.0,0.0,1.0
window_10_0pct::C4jdJe3NLs3jydAAV3,window_10_0pct,1784124953.617054,0,-0.3891886866237783,-0.19584796526054812,1.1531235417489236,0.29682473893814104,0.9453317034191091,-0.015396112586171991,0.16410078319712637,-0.5362672954086435,1.0,0.0,0.0,1.0,0.0,0.0,0.0,0.0,0.0,1.0
window_10_0pct::C35cEf3l37HDaBIRm9,window_10_0pct,1784124169.259842,0,-0.38852103758542306,-0.08485425528743179,-0.5306291697638502,-0.2477527305737651,-0.45496401870401854,-0.08092753374746514,-0.1850155237314441,0.40844424066174023,1.0,0.0,0.0,1.0,0.0,0.0,0.0,0.0,0.0,1.0
window_03_5pct::CgDBPN1mIT3ZUiuMi2,window_03_5pct,1783700382.765968,1,-0.07352099310562703,-0.32603607620645897,-0.7379063557416712,-0.35315482144703725,-0.6077235520265416,-0.24970073655929664,-0.23705656286257148,1518.2410825660247,1.0,0.0,0.0,1.0,0.0,0.0,0.0,1.0,0.0,0.0
window_08_22pct::CRQ4Bh2WtbDrSEI4wk,window_08_22pct,1783719130.408457,1,-0.07552073765743135,-0.32624471099964153,-0.7379063557416712,-0.35315482144703725,-0.6077235520265416,-0.24970058266885667,-0.23705588917552511,1511.0084867908329,1.0,0.0,0.0,1.0,0.0,0.0,0.0,1.0,0.0,0.0
window_10_0pct::CEg7KV1OOMWIMu4HO9,window_10_0pct,1784124690.301881,0,-0.389225825682402,-0.08506289008061435,-0.2470649719128761,-0.10721660940940221,-0.2003647964998135,0.16309494192255833,-0.031049489687304165,-0.17676054397567625,1.0,0.0,0.0,1.0,0.0,0.0,0.0,0.0,0.0,1.0
window_10_0pct::C0upBE4x3grOENfQ5j,window_10_0pct,1784124041.301236,0,-0.3897121669393076,-0.3631730693929528,-0.7368866463097827,-0.4585569123203094,-0.7095632409082235,5.719086254705923,5.815183007971707,4.119297628905474,0.0,1.0,1.0,0.0,0.0,0.0,0.0,0.0,0.0,1.0
window_10_0pct::CkD3Os1DIkymMfuED4,window_10_0pct,1784125780.197499,0,-0.21013286225795683,0.45759620698719683,-0.0028020750826018887,0.06845354204605138,0.003314581263550526,-0.24654438728919245,-0.23633706525930065,0.2249050099233677,1.0,0.0,0.0,1.0,0.0,0.0,0.0,0.0,0.0,1.0
window_10_0pct::Cw7kRv14MmoN3rsy5,window_10_0pct,1784125825.29188,0,-0.3393087744996685,-0.08735787280562239,1.2272861589723092,0.4549278752480493,0.9962515478599501,-0.24584034736201132,-0.23213503612781508,-0.4981686713217519,1.0,0.0,0.0,1.0,0.0,0.0,0.0,0.0,0.0,1.0
window_10_0pct::C0qmIj4r0I1Wpr81S4,window_10_0pct,1784124571.911431,0,-0.28405370154772164,0.4331859361848385,-0.10798085419259386,0.0157524966094153,-0.04760526317729048,-0.24443085616781338,-0.23589539319418887,0.3347706099924614,1.0,0.0,0.0,1.0,0.0,0.0,0.0,0.0,0.0,1.0
window_10_0pct::C8kmTX2nFu0xlUGdKh,window_10_0pct,1784125068.732601,0,-0.3886161430390815,-0.18708530394688103,-0.4767545214457448,-0.26531974571931044,-0.42950409648359805,-0.13211320223235617,-0.18485295415268133,-0.08867688939674961,1.0,0.0,0.0,1.0,0.0,0.0,0.0,0.0,0.0,1.0
window_10_0pct::CYsAEfpd3sXmtsWMg,window_10_0pct,1784125148.09921,0,-0.3871584002936693,-0.18917165187870652,1.1531235417489236,0.3670927995203225,0.9453317034191091,-0.1998464981658362,-0.1473249231609832,-0.5336672789531058,1.0,0.0,0.0,1.0,0.0,0.0,0.0,0.0,0.0,1.0
window_10_0pct::CZiFFjTE9bjaS99bb,window_10_0pct,1784124994.50934,0,0.07279931847169334,0.0699527612540199,1.523787920240368,0.5603299661213215,1.2508507700641551,-0.24912701832612946,-0.23655250718309406,-0.46082395836863,1.0,0.0,0.0,1.0,0.0,0.0,0.0,0.0,0.0,1.0
window_06_15pct::CLizAAs55hfUfc9c9,window_06_15pct,1783711631.683055,1,-0.07900302346950343,-0.32603607620645897,-0.7379063557416712,-0.35315482144703725,-0.6077235520265416,-0.24969900990191113,-0.23705469534197957,1518.2410825660247,1.0,0.0,0.0,1.0,0.0,0.0,0.0,1.0,0.0,0.0
window_07_17pct::Cf0uUa3SQIf9jj5cba,window_07_17pct,1783714379.259633,1,-0.3892348782612214,-0.3531585993201904,-0.6852426123739334,-0.38828885173812794,-0.6077235520265416,-0.2251414969221271,-0.18715866301822495,-0.37072068314587064,1.0,0.0,0.0,1.0,0.0,0.0,0.0,0.0,0.0,1.0
window_10_0pct::CXaof92aqr6JBg7XFg,window_10_0pct,1784125048.345589,0,0.26924104746868044,-0.1038400214670438,-0.2680115031595843,-0.17748466999158366,-0.2512846409406545,-0.24951349377663143,-0.23703906381470874,-0.18714235749222835,1.0,0.0,0.0,1.0,0.0,0.0,0.0,0.0,0.0,1.0
window_10_0pct::CU2sHE1o0MgyrXPPA6,window_10_0pct,1784124072.180976,0,-0.26385781453477947,-0.09820688205111495,-0.2962022201619998,-0.195051685137129,-0.276744563161075,-0.2482742262446283,-0.23655458171117197,-0.15114513317832431,1.0,0.0,0.0,1.0,0.0,0.0,0.0,0.0,0.0,1.0
window_07_17pct::CHTZhr367CBiYqTpQc,window_07_17pct,1783715380.552374,1,-0.07610326256429348,-0.3258274414132764,-0.7379063557416712,-0.35315482144703725,-0.6077235520265416,-0.24969946089768247,-0.23705569131483367,1525.4736783412168,1.0,0.0,0.0,1.0,0.0,0.0,0.0,1.0,0.0,0.0
window_10_0pct::CvbaG91yasBDQprRQk,window_10_0pct,1784124395.959234,0,1.1481931068073814,0.8170739556407295,0.5236441630762975,0.4022268298114132,0.5125130256719606,-0.24925352327382339,-0.2370069666687733,0.08884234227724375,1.0,0.0,0.0,1.0,0.0,0.0,0.0,0.0,0.0,1.0
window_10_0pct::C86HmL1tlsZZDQ6cr8,window_10_0pct,1784124166.83422,0,20.668803493773243,18.302547337477016,10.89634094371038,18.777324672051858,13.242474135882212,-0.2491723654014112,-0.23691357316016512,0.5779321143033831,1.0,0.0,0.0,1.0,0.0,0.0,0.0,0.0,0.0,1.0
window_10_0pct::CDJ8pZ1v94tDZP7rdb,window_10_0pct,1784124536.894922,0,-0.3893715743364371,-0.18374714725596025,-0.4767545214457448,-0.23018571542821972,-0.42950409648359805,0.1352139781966,-0.04108905394928912,-0.07926404309749215,1.0,0.0,0.0,1.0,0.0,0.0,0.0,0.0,0.0,1.0
window_10_0pct::CqjOnq14gFtP9FCis3,window_10_0pct,1784125847.398858,0,0.11292108438899269,-0.18395578204914279,-0.47615969094380994,-0.23018571542821972,-0.4040441742631775,-0.2495373974340416,-0.23702923949728735,-0.08104346598730978,1.0,0.0,0.0,1.0,0.0,0.0,0.0,0.0,0.0,1.0
window_10_0pct::CvEU311Jp06GQ3Wynf,window_10_0pct,1784124595.783695,0,-0.38926260178385597,-0.36984938277479434,-0.7379063557416712,-0.4058558668836733,-0.684103318687803,-0.24979859986280267,-0.1946968579604724,-0.6040302242810942,1.0,0.0,0.0,0.0,1.0,0.0,0.0,0.0,0.0,1.0
window_04_7pct::CENErf4AIMEcGxREa5,window_04_7pct,1783703132.592707,1,-0.07606212030159287,-0.3258274414132764,-0.7379063557416712,-0.35315482144703725,-0.6077235520265416,-0.24969947390195624,-0.23705570531335524,1525.4736783412168,1.0,0.0,0.0,1.0,0.0,0.0,0.0,1.0,0.0,0.0
window_10_0pct::C2oidS1nElIOK70YO7,window_10_0pct,1784124953.596106,0,-0.38896514770811913,-0.018717025848563617,-0.35007686848010516,-0.17748466999158366,-0.3022044853814955,0.08182445760501462,-0.12847230513225016,0.06269808210265013,1.0,0.0,0.0,1.0,0.0,0.0,0.0,0.0,0.0,1.0
window_10_0pct::CdhTqy2ibTvf1uS7M4,window_10_0pct,1784124876.020347,0,0.12798857874861444,-0.2761723606358297,-0.5955506702607468,-0.3004537760104012,-0.53134378536528,-0.24967080355908794,-0.23707005669234865,-0.11948299911529636,1.0,0.0,0.0,1.0,0.0,0.0,0.0,0.0,0.0,1.0
window_10_0pct::CSXsuq48TRfPXBNCJ9,window_10_0pct,1784125715.190232,0,-0.38903170764790584,-0.09820688205111495,-0.6512947858706477,-0.3004537760104012,-0.5568037075857005,0.031816765978046196,-0.16698039280121071,1.7051506730460013,1.0,0.0,0.0,1.0,0.0,0.0,0.0,0.0,0.0,1.0
window_10_0pct::COdEMT1dEIUImjmzC3,window_10_0pct,1784125933.332224,0,-0.33992145687724395,-0.27909324774038535,-0.5573540544579261,-0.2828867608648558,-0.5058838631448596,-0.2485112830187552,-0.2361061535716717,-0.23389149931538947,1.0,0.0,0.0,1.0,0.0,0.0,0.0,0.0,0.0,1.0
window_07_17pct::C3OuS32ux16Bq67zd6,window_07_17pct,1783714379.313102,1,-0.38922174775184887,-0.3531585993201904,-0.6852426123739334,-0.38828885173812794,-0.6077235520265416,-0.22580060581544287,-0.18849531292439559,-0.37072068314587064,1.0,0.0,0.0,1.0,0.0,0.0,0.0,0.0,0.0,1.0
window_10_0pct::CQRFuY2cPNSb7DTLx,window_10_0pct,1784125138.192489,0,-0.3868586830732277,-0.36984938277479434,-0.7379063557416712,-0.4058558668836733,-0.684103318687803,-0.24979859986280267,-0.2304620792093631,-0.6040302242810942,1.0,0.0,0.0,0.0,1.0,0.0,0.0,0.0,0.0,1.0
window_10_0pct::CGBb413SQnrEBwkbV,window_10_0pct,1784124647.723602,0,-0.11632743577948766,0.3666314371596052,0.020906169208804098,0.13872160262823283,0.02877450348397103,-0.24789598624696876,-0.2365503071162229,0.11072518127398748,1.0,0.0,0.0,1.0,0.0,0.0,0.0,0.0,0.0,1.0
window_08_22pct::CtTVqb3Q4n0WTwCgv1,window_08_22pct,1783718127.982355,1,-0.38971290352885773,-0.36984938277479434,-0.7379063557416712,-0.4585569123203094,-0.7095632409082235,-0.24979859986280267,89.33754977592461,-0.6040302242810942,1.0,0.0,0.0,0.0,1.0,0.0,1.0,0.0,0.0,0.0
window_10_0pct::CZdysp3mqT1oWHq9Ye,window_10_0pct,1784125477.508796,0,0.25722219050508915,-0.19250980856962732,-0.4595469247826276,-0.26531974571931044,-0.4040441742631775,-0.2496049979766312,-0.23707372454309183,-0.13488290980359555,1.0,0.0,0.0,1.0,0.0,0.0,0.0,0.0,0.0,1.0
window_08_22pct::Cmfk7ozic3cxwLWWh,window_08_22pct,1783718128.491102,1,-0.3892386786362918,-0.3531585993201904,-0.6852426123739334,-0.38828885173812794,-0.6077235520265416,-0.22494392042426808,-0.18675798475397604,-0.37072068314587064,1.0,0.0,0.0,1.0,0.0,0.0,0.0,0.0,0.0,1.0
window_10_0pct::CPZjq83JI8OYUMjOM8,window_10_0pct,1784125423.245703,0,-0.1275070930660109,-0.2788846129472028,-0.5955506702607468,-0.3355878063014919,-0.53134378536528,-0.2495535832710127,-0.23701653546397172,-0.13351220608000763,1.0,0.0,0.0,1.0,0.0,0.0,0.0,0.0,0.0,1.0
window_10_0pct::CHlX99kOudepvBty4,window_10_0pct,1784125623.985151,0,-0.38769345253778376,-0.36984938277479434,-0.7379063557416712,-0.4058558668836733,-0.684103318687803,-0.24979859986280267,-0.2276924731445957,-0.6040302242810942,1.0,0.0,0.0,0.0,1.0,0.0,0.0,0.0,0.0,1.0
window_10_0pct::CvPzZJ3kjfBtXWpxqf,window_10_0pct,1784125357.409221,0,0.3911957880425182,0.1757306013975725,-0.44384764832084533,-0.1599176548460383,-0.35312432982233655,-0.2493051729743284,-0.23705220428328072,0.76223705536399,1.0,0.0,0.0,1.0,0.0,0.0,0.0,0.0,0.0,1.0
window_10_0pct::CWbu8q2UAaDSnB2Fsb,window_10_0pct,1784126143.512043,0,-0.08252530929671281,-0.27909324774038535,-0.5940211061129143,-0.3355878063014919,-0.53134378536528,-0.2495899409626969,-0.23703789601249492,-0.13958098273865396,1.0,0.0,0.0,1.0,0.0,0.0,0.0,0.0,0.0,1.0
window_10_0pct::C1PjFMJHwSe1A6ZI5,window_10_0pct,1784124380.597852,0,0.7575500659943204,-0.0074507470167059445,-0.19712045369684073,-0.0720825791183115,-0.09852510761813149,-0.24957550568970727,-0.2370665589782443,-0.11053064218153866,1.0,0.0,0.0,1.0,0.0,0.0,0.0,0.0,0.0,1.0
window_10_0pct::CgVwZW1l5yuuvm38ed,window_10_0pct,1784123188.791922,0,13.249577446171955,13.032223826892636,7.688122631524403,13.43695206780607,9.398025880598716,-0.24910462317948878,-0.23688478069877228,0.567330340298767,1.0,0.0,0.0,1.0,0.0,0.0,0.0,0.0,0.0,1.0
window_10_0pct::CDPINdjqf2lN7QBZe,window_10_0pct,1784125196.448193,0,9.677438885925334,7.731856906089967,4.339609296667778,7.956043342395918,5.400818091992697,-0.2492302254155205,-0.23693444587107237,0.5710460656898824,1.0,0.0,0.0,1.0,0.0,0.0,0.0,0.0,0.0,1.0
window_10_0pct::CREMHe2Gejfrxwlk5i,window_10_0pct,1784125966.357573,0,-0.38902563345291974,-0.007033477430340845,-0.35007686848010516,-0.1599176548460383,-0.3022044853814955,0.12301334992899232,-0.11195119470145076,0.0848827435153,1.0,0.0,0.0,1.0,0.0,0.0,0.0,0.0,0.0,1.0
window_10_0pct::CgnL4D2XCduW6Zg6oh,window_10_0pct,1784125083.884513,0,-0.3887522840033319,-0.18583349518778575,1.1531235417489236,0.41979384495695854,0.9453317034191091,-0.11451521850800345,0.01665798990420233,-0.5323672707253371,1.0,0.0,0.0,1.0,0.0,0.0,0.0,0.0,0.0,1.0
window_10_0pct::CVcO9G3P36YKcNnQFh,window_10_0pct,1784124387.581131,0,-0.25581608210802004,-0.36984938277479434,-0.7379063557416712,-0.4058558668836733,-0.684103318687803,-0.24979859986280267,-0.23701957933717702,-0.6040302242810942,1.0,0.0,0.0,0.0,1.0,0.0,0.0,0.0,0.0,1.0
window_10_0pct::CMSjGqW2PlG6ldeZe,window_10_0pct,1784125654.658015,0,-0.13889795939963626,-0.018091121469015967,-0.35007686848010516,-0.17748466999158366,-0.3022044853814955,-0.24880809759618588,-0.23683834859276656,0.06388654610689928,1.0,0.0,0.0,1.0,0.0,0.0,0.0,0.0,0.0,1.0
window_10_0pct::CFOx6Y3UVAaLAhdSt5,window_10_0pct,1784124766.810584,0,-0.3893458577534465,-0.36984938277479434,-0.7379063557416712,-0.4058558668836733,-0.684103318687803,-0.24979859986280267,-0.18506591576190695,-0.6040302242810942,1.0,0.0,0.0,0.0,1.0,0.0,0.0,0.0,0.0,1.0
window_10_0pct::CDfsli3ZTxkP9ZeJ1,window_10_0pct,1784124205.03998,0,0.31629823100923243,0.43840180601440226,1.8186538976281055,0.736000117576775,1.5309099144887806,-0.2489900637202299,-0.23669513838543982,-0.37120535529640414,1.0,0.0,0.0,1.0,0.0,0.0,0.0,0.0,0.0,1.0
window_10_0pct::C4iRJf4d6OotsQHqYd,window_10_0pct,1784124887.284724,0,0.304185752446294,0.3689264198846133,0.0006819321430169119,0.06845354204605138,0.02877450348397103,-0.24904666321476732,-0.2369488118382444,0.13258452606274587,1.0,0.0,0.0,1.0,0.0,0.0,0.0,0.0,0.0,1.0
window_10_0pct::CmHF7D41M0sTg4c4Ne,window_10_0pct,1784124397.686298,0,0.1036880731553965,-0.27909324774038535,-0.5815509095187786,-0.3180207911559465,-0.480423940924439,-0.2496686904528686,-0.23707519837747482,-0.17661830168790169,1.0,0.0,0.0,1.0,0.0,0.0,0.0,0.0,0.0,1.0
window_10_0pct::CMKRhB3KhiGYdKMEt9,window_10_0pct,1784126067.702098,0,0.21653231121560493,-0.36984938277479434,-0.7379063557416712,-0.38828885173812794,-0.6586433964673826,-0.24979859986280267,-0.23712297756682527,-0.6040302242810942,1.0,0.0,0.0,0.0,1.0,0.0,0.0,0.0,0.0,1.0
window_10_0pct::CxToch4lFnPSN4GGnf,window_10_0pct,1784125474.288796,0,-0.37754851141544876,-0.002860781566689856,-0.3652662902259432,-0.17748466999158366,-0.3022044853814955,-0.22849147122449293,-0.2304806866006263,0.12120840122127774,1.0,0.0,0.0,1.0,0.0,0.0,0.0,0.0,0.0,1.0
window_10_0pct::CoMN4k12KOzds7CnAb,window_10_0pct,1784124652.447464,0,-0.3883432739739829,0.09352849288364799,-0.2156026871498185,-0.08964959426385685,-0.174904874279393,-0.010863518078239426,-0.16036713046313206,0.0493067105503728,1.0,0.0,0.0,1.0,0.0,0.0,0.0,0.0,0.0,1.0
window_10_0pct::CzE0E744ZR7aaYZov,window_10_0pct,1784125148.80251,0,-0.25610437685282866,-0.36984938277479434,-0.7379063557416712,-0.4058558668836733,-0.684103318687803,-0.24979859986280267,-0.23701927114343463,-0.6040302242810942,1.0,0.0,0.0,0.0,1.0,0.0,0.0,0.0,0.0,1.0
window_10_0pct::CUO1Es1FzKfTVJCcm,window_10_0pct,1784124652.451327,0,-0.3883850460741249,0.09206804933137015,1.4421474338498006,0.4373608601025039,1.1999309256233142,-0.004124084260633273,-0.049936341049827485,-0.44799035869534726,1.0,0.0,0.0,1.0,0.0,0.0,0.0,0.0,0.0,1.0
window_10_0pct::CX5ooyqxXzLwdYzje,window_10_0pct,1784125955.675684,0,0.3470915279573184,-0.36984938277479434,-0.7379063557416712,-0.38828885173812794,-0.6331834742469621,-0.24979859986280267,-0.23712996485742877,-0.6040302242810942,1.0,0.0,0.0,0.0,1.0,0.0,0.0,0.0,0.0,1.0
window_10_0pct::CmE0wR1frZ06Au227h,window_10_0pct,1784124526.700618,0,-0.26536527173722246,-0.18833711270597633,-0.4595469247826276,-0.26531974571931044,-0.4040441742631775,-0.2487676609017827,-0.2367010122915034,-0.12384414946294856,1.0,0.0,0.0,1.0,0.0,0.0,0.0,0.0,0.0,1.0
window_10_0pct::CEcHjK21M2ViWDmzTh,window_10_0pct,1784125997.908668,0,-0.3340501335984991,-0.18833711270597633,-0.4752249572979122,-0.2477527305737651,-0.42950409648359805,-0.24749553893744627,-0.23604577814904093,-0.09518675635153084,1.0,0.0,0.0,1.0,0.0,0.0,0.0,0.0,0.0,1.0
window_10_0pct::CBLSWY23o8vx435btl,window_10_0pct,1784124840.683686,0,-0.3888084996637837,-0.36984938277479434,-0.7379063557416712,-0.4058558668836733,-0.684103318687803,-0.24979859986280267,-0.21601759744094265,-0.6040302242810942,1.0,0.0,0.0,0.0,1.0,0.0,0.0,0.0,0.0,1.0
window_10_0pct::CQFUtxc72CWKbBWZk,window_10_0pct,1784124759.696985,0,-0.38911525184818996,-0.09173920346245593,-0.5306291697638502,-0.26531974571931044,-0.45496401870401854,0.07882187914258236,-0.14117236300258934,0.38398475505184754,1.0,0.0,0.0,1.0,0.0,0.0,0.0,0.0,0.0,1.0
window_10_0pct::CTZdFM2yAIirePZAz6,window_10_0pct,1784124275.76674,0,0.33873384131438106,0.2817170763343076,1.620044241821336,0.6305980267035028,1.352690458945837,-0.2491668785190753,-0.23674891086696634,-0.40053099813645343,1.0,0.0,0.0,1.0,0.0,0.0,0.0,0.0,0.0,1.0
window_10_0pct::CVVPF04ul7FkI3zOTi,window_10_0pct,1784125950.770813,0,0.31122253119677623,-0.36984938277479434,-0.7379063557416712,-0.38828885173812794,-0.6331834742469621,-0.24979859986280267,-0.23712830454119949,-0.6040302242810942,1.0,0.0,0.0,0.0,1.0,0.0,0.0,0.0,0.0,1.0
window_10_0pct::CjzufU3MadigjcZJEa,window_10_0pct,1784125376.421516,0,-0.3885284888826117,-0.010371634121261637,-0.35007686848010516,-0.14235063970049294,-0.3022044853814955,-0.035453607318747166,-0.16046827581841444,0.0785442688259715,1.0,0.0,0.0,1.0,0.0,0.0,0.0,0.0,0.0,1.0
window_10_0pct::CLYFfO1inyOb0hJrc2,window_10_0pct,1784123976.018114,0,1.1884196712698107,0.4469558325348868,0.5102817207292596,0.3495257843747771,0.5379729478923811,-0.2494330558522519,-0.23702001778043005,-0.1221115698479059,1.0,0.0,0.0,1.0,0.0,0.0,0.0,0.0,0.0,1.0
window_10_0pct::CHxbQr1Eiycg1HIzm5,window_10_0pct,1784124205.361372,0,0.11643004755303385,-0.0030694163598724055,-0.15074491849241486,-0.08964959426385685,-0.14944495205897249,-0.2492868036863328,-0.23695459287183107,-0.14401201253046414,1.0,0.0,0.0,1.0,0.0,0.0,0.0,0.0,0.0,1.0
window_10_0pct::CoLpUi1vV3q8qjSOK,window_10_0pct,1784124936.645877,0,0.11558917186785894,-0.36984938277479434,-0.7379063557416712,-0.38828885173812794,-0.6586433964673826,-0.24979859986280267,-0.2371151002337292,-0.6040302242810942,1.0,0.0,0.0,0.0,1.0,0.0,0.0,0.0,0.0,1.0
window_10_0pct::CB6sv94Od3VQefccp6,window_10_0pct,1784124516.909935,0,0.4136177661033831,-0.17999172097867436,0.118819518616591,-0.054515563972766135,0.07969434792481203,-0.24963168368908095,-0.2370195703537917,-0.4408309841455923,1.0,0.0,0.0,1.0,0.0,0.0,0.0,0.0,0.0,1.0
window_10_0pct::Ca8P5nAbY2OtCmje1,window_10_0pct,1784125488.373196,0,0.07424428298969175,-0.18645939956733337,-0.4300815709903515,-0.23018571542821972,-0.37858425204275703,-0.24951943399130191,-0.23701813802395313,-0.16531297313253937,1.0,0.0,0.0,1.0,0.0,0.0,0.0,0.0,0.0,1.0
window_05_12pct::Cbmj2m3zQvxEKgEis,window_05_12pct,1783707881.210658,1,-0.3892571254006786,-0.3531585993201904,-0.6852426123739334,-0.38828885173812794,-0.6077235520265416,-0.22393809171068993,-0.18471819911420936,-0.37072068314587064,1.0,0.0,0.0,1.0,0.0,0.0,0.0,0.0,0.0,1.0
window_10_0pct::CzBoqv2UpALK8FDwef,window_10_0pct,1784125213.870322,0,-0.3228161394886375,-0.36984938277479434,-0.7379063557416712,-0.4058558668836733,-0.684103318687803,-0.24979859986280267,-0.23687652825194644,-0.6040302242810942,1.0,0.0,0.0,0.0,1.0,0.0,0.0,0.0,0.0,1.0
window_10_0pct::C06KEa29LViJVfFMO3,window_10_0pct,1784124181.685058,0,0.36094844272884696,0.4096102045552104,-0.0030357584940763206,0.0157524966094153,0.003314581263550526,-0.24906524497931387,-0.2369840711977923,0.1770809200578489,1.0,0.0,0.0,1.0,0.0,0.0,0.0,0.0,0.0,1.0
window_10_0pct::CoVxos4tS6SX9HTiO1,window_10_0pct,1784126087.464852,0,-0.15001549763409544,-0.18833711270597633,-0.4118967527883412,-0.17748466999158366,-0.37858425204275703,-0.24926378037100666,-0.23682331812456484,-0.19402446912262805,1.0,0.0,0.0,1.0,0.0,0.0,0.0,0.0,0.0,1.0
window_10_0pct::Cigyas4sw8H0CEIZI7,window_10_0pct,1784126023.499513,0,-0.3880827881534957,-0.09674643849883711,-0.5306291697638502,-0.21261870028267438,-0.45496401870401854,-0.131478510867721,-0.19316870042361947,0.3661960382446528,1.0,0.0,0.0,1.0,0.0,0.0,0.0,0.0,0.0,1.0
window_10_0pct::CNlvnY3a3o99vnGwW4,window_10_0pct,1784125311.826534,0,-0.3893345420299222,-0.27846734336083767,-0.5573540544579261,-0.3355878063014919,-0.5058838631448596,-0.07924640377074395,-0.13608509992376708,-0.23133881845355705,1.0,0.0,0.0,1.0,0.0,0.0,0.0,0.0,0.0,1.0
window_10_0pct::C2VuDe1yAD8jSsur3l,window_10_0pct,1784125867.349846,0,-0.3883475333831207,-0.09674643849883711,-0.5306291697638502,-0.2477527305737651,-0.45496401870401854,-0.10853714606014334,-0.19164182228238097,0.3661960382446528,1.0,0.0,0.0,1.0,0.0,0.0,0.0,0.0,0.0,1.0
window_10_0pct::CeGaXB2UPMxTBy4f3f,window_10_0pct,1784124786.207974,0,-0.3893102772756102,-0.08944422073744789,-0.6512947858706477,-0.3004537760104012,-0.5568037075857005,0.242004218938385,-0.11842919482938313,1.779640379411391,1.0,0.0,0.0,1.0,0.0,0.0,0.0,0.0,0.0,1.0
window_10_0pct::C5NFBL3wDhRPoWiPTc,window_10_0pct,1784125899.199396,0,-0.38943001044075026,-0.19376161732872263,-0.4767545214457448,-0.23018571542821972,-0.42950409648359805,0.1897324703090332,-0.0005945981485298359,-0.10750258199526445,1.0,0.0,0.0,1.0,0.0,0.0,0.0,0.0,0.0,1.0
window_10_0pct::C7uC0V3V7fdm6eUsil,window_10_0pct,1784125238.44069,0,0.5416933950357309,0.0013119142969611334,-0.4033566862962756,-0.17748466999158366,-0.327664407601916,-0.24951715834923097,-0.23707514469021257,0.21296056142380435,1.0,0.0,0.0,1.0,0.0,0.0,0.0,0.0,0.0,1.0
window_10_0pct::CWQlSQ3anWLU5hWucb,window_10_0pct,1784124884.573759,0,-0.3887577070104548,-0.09424282098064653,-0.5306291697638502,-0.2477527305737651,-0.45496401870401854,-0.04603001739689041,-0.17209579072648337,0.37509039664825017,1.0,0.0,0.0,1.0,0.0,0.0,0.0,0.0,0.0,1.0
window_10_0pct::CnjASk4TVJCkx35j7c,window_10_0pct,1784124502.869107,0,-0.3814519236212096,0.2854725026115935,0.636385787139462,0.2265566783559596,0.5634328701128016,-0.19377319940320142,-0.21401206285305185,-0.25286495918065127,1.0,0.0,0.0,1.0,0.0,0.0,0.0,0.0,0.0,1.0
window_10_0pct::CgK9AH1OoMSzxHHEP2,window_10_0pct,1784124862.379224,0,-0.05078059485487268,0.16884565322254835,-0.2711131193482449,-0.12478362455494757,-0.225824718720234,-0.24867607852627724,-0.2368802802707797,0.24581788218771294,1.0,0.0,0.0,1.0,0.0,0.0,0.0,0.0,0.0,1.0
window_10_0pct::CIP1mx291vVCvaUnza,window_10_0pct,1784125605.898001,0,0.07219060727256225,0.004650070987881925,1.40276115704311,0.5076289206846853,1.1490110811824732,-0.24922598245774383,-0.2365827563098205,-0.47519330925465186,1.0,0.0,0.0,1.0,0.0,0.0,0.0,0.0,0.0,1.0
window_10_0pct::CGSrir1XhgOaROc3Bj,window_10_0pct,1784125665.731649,0,0.2627775915932886,0.35202700163682676,0.2903643865853216,0.20898966321041426,0.23245388124733507,-0.249017236077536,-0.23687663628775776,-0.08703201375791256,1.0,0.0,0.0,1.0,0.0,0.0,0.0,0.0,0.0,1.0
window_10_0pct::Cbmsq14VOCde9oLaDl,window_10_0pct,1784125037.326379,0,0.2711061455857564,0.08956443181317955,-0.04924134212652078,-0.0018145185361300583,-0.02214534095686998,-0.2493075946183358,-0.23696706015416164,-0.11275451643444628,1.0,0.0,0.0,1.0,0.0,0.0,0.0,0.0,0.0,1.0
window_10_0pct::CQTNcz2Pqc9B2KXBpk,window_10_0pct,1784124550.412366,0,-0.3885686703763338,-0.09445145577382907,-0.23134445150459615,-0.10721660940940221,-0.225824718720234,-0.07982144675693523,-0.14941861826411187,-0.2036684687139823,1.0,0.0,0.0,1.0,0.0,0.0,0.0,0.0,0.0,1.0
window_10_0pct::C7PgJ233qqO8gpTx11,window_10_0pct,1784125343.592477,0,-0.3892400343880726,-0.2767982650153773,-0.5573540544579261,-0.3180207911559465,-0.5058838631448596,-0.1108365309054243,-0.1461743499438333,-0.2245316694886705,1.0,0.0,0.0,1.0,0.0,0.0,0.0,0.0,0.0,1.0
window_10_0pct::CJUCdD32cbeh9uCMwl,window_10_0pct,1784125544.250216,0,0.3086824608466868,-0.08631469883970964,-0.2695410673074169,-0.195051685137129,-0.2512846409406545,-0.24951187227537625,-0.2370528756069722,-0.1582257223541242,1.0,0.0,0.0,1.0,0.0,0.0,0.0,0.0,0.0,1.0
window_10_0pct::CXtI941gOcOP2ZAinh,window_10_0pct,1784125825.410386,0,-0.38387601848038594,0.19429909799081937,-0.045799822793897334,-0.019381533681675417,-0.04760526317729048,-0.18153754733549576,-0.21586532694679947,-0.0037558542344710054,1.0,0.0,0.0,1.0,0.0,0.0,0.0,0.0,0.0,1.0
window_10_0pct::CUHd7e3eNBvepJyxOj,window_10_0pct,1784125950.768345,0,0.3112505322748934,-0.18645939956733337,-0.3501406003195982,-0.195051685137129,-0.3022044853814955,-0.24961382415163716,-0.23705327690053302,-0.25575304194332127,1.0,0.0,0.0,1.0,0.0,0.0,0.0,0.0,0.0,1.0
window_10_0pct::CvVNSx1sisbqCoo4T5,window_10_0pct,1784125780.196128,0,-0.21012165328654125,-0.18395578204914279,-0.48336138880652196,-0.26531974571931044,-0.4040441742631775,-0.24906755537613337,-0.23684294165123254,-0.06624813000620386,1.0,0.0,0.0,1.0,0.0,0.0,0.0,0.0,0.0,1.0
window_10_0pct::C3T6Z93AXXMmrFNkb5,window_10_0pct,1784126014.333723,0,-0.3889841602586821,-0.36984938277479434,-0.7379063557416712,-0.4058558668836733,-0.684103318687803,-0.24979859986280267,-0.21092109984914897,-0.6040302242810942,1.0,0.0,0.0,0.0,1.0,0.0,0.0,0.0,0.0,1.0
window_10_0pct::CipwNI2YKGfGQlUf9,window_10_0pct,1784124784.212245,0,0.31726875713044767,0.08768671867453662,0.3898073001409411,0.06845354204605138,0.3088336479085966,-0.24934153076937432,-0.23695276456522674,-0.3052437020055756,1.0,0.0,0.0,1.0,0.0,0.0,0.0,0.0,0.0,1.0
window_10_0pct::CLHajX25aX5arpgDxh,window_10_0pct,1784125823.004703,0,0.3390764301816845,-0.0074507470167059445,-0.09559563338444897,-0.0720825791183115,-0.07306518539771098,-0.24944740416765157,-0.2370115209596292,-0.18853151871460438,1.0,0.0,0.0,1.0,0.0,0.0,0.0,0.0,0.0,1.0
window_10_0pct::CexiLDEMtNR4NZIw4,window_10_0pct,1784125579.123619,0,-0.3893415022674107,-0.279719152119933,-0.5573540544579261,-0.3355878063014919,-0.5058838631448596,-0.07843074235865975,-0.1341911349229903,-0.23644418017722194,1.0,0.0,0.0,1.0,0.0,0.0,0.0,0.0,0.0,1.0
window_10_0pct::CZb7yGEN8Fbczw5D9,window_10_0pct,1784125945.467339,0,0.45606898046026784,0.09665801478138623,-0.2638689335925375,-0.036948548827220776,-0.2003647964998135,-0.24940904843707232,-0.23702108678669484,0.12068786459764924,1.0,0.0,0.0,1.0,0.0,0.0,0.0,0.0,0.0,1.0
window_08_22pct::CeVNO94MLIJBHmj6ke,window_08_22pct,1783719128.501223,1,-0.38971289285364685,-0.36984938277479434,-0.7379063557416712,-0.4585569123203094,-0.7095632409082235,-0.24979859986280267,74.4084310782712,-0.6040302242810942,1.0,0.0,0.0,0.0,1.0,0.0,1.0,0.0,0.0,0.0
window_10_0pct::CbvZEy1Zlt81T7CPu5,window_10_0pct,1784124593.524725,0,0.4551973708429925,-0.18833711270597633,-0.4752249572979122,-0.23018571542821972,-0.37858425204275703,-0.24964687385219309,-0.23708318735687908,-0.09518675635153084,1.0,0.0,0.0,1.0,0.0,0.0,0.0,0.0,0.0,1.0
window_10_0pct::CMIYOQeVII7gVy7J5,window_10_0pct,1784126049.365759,0,0.08719090117974496,0.0885212578472668,-0.17925429469229553,0.0157524966094153,-0.14944495205897249,-0.2491197861200888,-0.23688169922049754,0.0001987253765479446,1.0,0.0,0.0,1.0,0.0,0.0,0.0,0.0,0.0,1.0
window_10_0pct::COCs5M3pA2IBYc8b0c,window_10_0pct,1784124167.549878,0,0.3843023880492574,0.09999617147230704,0.22463561612151323,0.03331951175496066,0.18153403680649405,-0.24936988334111218,-0.23698327505056924,-0.24455536915568635,1.0,0.0,0.0,1.0,0.0,0.0,0.0,0.0,0.0,1.0
window_05_12pct::CIOnNh2r2tnqytUds1,window_05_12pct,1783707881.234291,1,-0.38948055756422917,-0.3531585993201904,-0.6852426123739334,-0.38828885173812794,-0.6077235520265416,-0.1990754166705558,-0.13429755907040145,-0.37072068314587064,1.0,0.0,0.0,1.0,0.0,0.0,0.0,0.0,0.0,1.0
window_10_0pct::C0Mz5C16sYwDyJ8Ff6,window_10_0pct,1784126028.753797,0,-0.38865471257596196,-0.18708530394688103,-0.4767545214457448,-0.2477527305737651,-0.42950409648359805,-0.1278239552597764,-0.17842844895358986,-0.08867688939674961,1.0,0.0,0.0,1.0,0.0,0.0,0.0,0.0,0.0,1.0
window_10_0pct::Ce0ubs3UuAfjOEsOLc,window_10_0pct,1784124335.640773,0,-0.3896149477938965,-0.08485425528743179,-0.5306291697638502,-0.2477527305737651,-0.45496401870401854,1.8038950222890089,0.3970121126143682,0.40844424066174023,1.0,0.0,0.0,1.0,0.0,0.0,0.0,0.0,0.0,1.0
window_10_0pct::CDywpL2xZmABvl5aNh,window_10_0pct,1784124973.368297,0,-0.3891991696808546,-0.18124352973776964,1.1531235417489236,0.3143917540836864,0.9453317034191091,0.009462007847224991,0.18159364647384424,-0.5305797594121548,1.0,0.0,0.0,1.0,0.0,0.0,0.0,0.0,0.0,1.0
window_08_22pct::C2vDpG3RWPPpJtLEA8,window_08_22pct,1783718127.97742,1,-0.3897129142040686,-0.36984938277479434,-0.7379063557416712,-0.4585569123203094,-0.7095632409082235,-0.24979859986280267,111.73122782240476,-0.6040302242810942,1.0,0.0,0.0,0.0,1.0,0.0,1.0,0.0,0.0,0.0
window_10_0pct::CKNCH15MPn8sQqrsj,window_10_0pct,1784124514.006588,0,-0.03872260256822472,-0.009954364534896537,1.548983240786611,0.5076289206846853,1.2763106922845755,-0.24907442187008466,-0.23639958531915278,-0.4881340077255338,1.0,0.0,0.0,1.0,0.0,0.0,0.0,0.0,0.0,1.0
window_02_3pct::CBnVyn4TWFi3hDKsIj,window_02_3pct,1783696631.465627,1,-0.3894892044850354,-0.3531585993201904,-0.6852426123739334,-0.38828885173812794,-0.6077235520265416,-0.19711521732009205,-0.13032234298024636,-0.37072068314587064,1.0,0.0,0.0,1.0,0.0,0.0,0.0,0.0,0.0,1.0
window_10_0pct::CDcZSl4YwToKivpDAk,window_10_0pct,1784125449.792931,0,0.9187607808581073,1.0966445785053458,1.3895261783750579,0.736000117576775,1.2508507700641551,-0.24900704697447532,-0.23691028496254166,-0.09638208056979759,1.0,0.0,0.0,1.0,0.0,0.0,0.0,0.0,0.0,1.0
window_10_0pct::C4RTty1K8rrLs1Tneh,window_10_0pct,1784124104.394664,0,0.38760710240368496,-0.06920664579874058,-0.5041379684812487,-0.21261870028267438,-0.4040441742631775,-0.24952544086497627,-0.23707014790932707,0.3430093497354049,1.0,0.0,0.0,1.0,0.0,0.0,0.0,0.0,0.0,1.0
window_10_0pct::C4gcWr164XCyqdy3Y9,window_10_0pct,1784125357.394043,0,-0.3896015397290412,-0.27846734336083767,-0.5573540544579261,-0.3180207911559465,-0.5058838631448596,0.3294611727798435,0.14904646691954188,-0.23133881845355705,1.0,0.0,0.0,1.0,0.0,0.0,0.0,0.0,0.0,1.0
window_10_0pct::Cdx7hYbLVTudRz1xb,window_10_0pct,1784124972.809507,0,-0.3887238772672015,-0.19584796526054812,1.1531235417489236,0.4022268298114132,0.9453317034191091,-0.12555151882145862,0.00453424033523713,-0.5362672954086435,1.0,0.0,0.0,1.0,0.0,0.0,0.0,0.0,0.0,1.0
window_10_0pct::CUnASdK2BWQIaM5d,window_10_0pct,1784125578.326455,0,0.19084069754323765,0.7678361444496479,1.203981549664359,0.5778969812668668,1.047171392300791,-0.24841457293618627,-0.23666828050378694,-0.1725747515524912,1.0,0.0,0.0,1.0,0.0,0.0,0.0,0.0,0.0,1.0
window_10_0pct::CcPTrl1Uh3jG9O5W59,window_10_0pct,1784124662.711369,0,0.22722100487891492,-0.36984938277479434,-0.7379063557416712,-0.38828885173812794,-0.6586433964673826,-0.24979859986280267,-0.23712366075365052,-0.6040302242810942,1.0,0.0,0.0,0.0,1.0,0.0,0.0,0.0,0.0,1.0
window_10_0pct::C37a1F1yX18NeoAMth,window_10_0pct,1784124921.752332,0,-0.3892748035498826,-0.2818055000517585,-0.6106338722740966,-0.3355878063014919,-0.53134378536528,-0.1078805239576215,-0.1498661306996084,-0.09465849245015377,1.0,0.0,0.0,1.0,0.0,0.0,0.0,0.0,0.0,1.0
window_10_0pct::CyT6zQ2SywAfcRulRi,window_10_0pct,1784125520.00996,0,0.2264350424784655,-0.36984938277479434,-0.7379063557416712,-0.38828885173812794,-0.6586433964673826,-0.24979859986280267,-0.23712361132486479,-0.6040302242810942,1.0,0.0,0.0,0.0,1.0,0.0,0.0,0.0,0.0,1.0
window_08_22pct::Cb9TNK2dahKhweWhP8,window_08_22pct,1783719131.042416,1,-0.08216250158001773,-0.32603607620645897,-0.7379063557416712,-0.35315482144703725,-0.6077235520265416,-0.24969798681026548,-0.23705358878503796,1518.2410825660247,1.0,0.0,0.0,1.0,0.0,0.0,0.0,1.0,0.0,0.0
window_10_0pct::CARBKUTryQSe9Un4c,window_10_0pct,1784125954.722696,0,-0.38936734695293174,-0.36984938277479434,-0.7379063557416712,-0.4058558668836733,-0.684103318687803,-0.24979859986280267,-0.18182668046019207,-0.6040302242810942,1.0,0.0,0.0,0.0,1.0,0.0,0.0,0.0,0.0,1.0
window_10_0pct::C33oEX1LX8mQ6E35sl,window_10_0pct,1784125410.458674,0,-0.38366138269059386,-0.18458168642869044,-0.4767545214457448,-0.26531974571931044,-0.42950409648359805,-0.2281765926887099,-0.2276816146770278,-0.08161725467230654,1.0,0.0,0.0,1.0,0.0,0.0,0.0,0.0,0.0,1.0
window_10_0pct::CtCsfm453BTx8NRi5h,window_10_0pct,1784124875.578877,0,-0.3892756575667523,-0.275546456256282,-0.5955506702607468,-0.3355878063014919,-0.53134378536528,-0.09749470145839978,-0.1496956468029259,-0.11624548981574759,1.0,0.0,0.0,1.0,0.0,0.0,0.0,0.0,0.0,1.0
window_10_0pct::CTSTbD2yrSv8gnHFi9,window_10_0pct,1784125580.834068,0,-0.33394992539404383,-0.36984938277479434,-0.7379063557416712,-0.4058558668836733,-0.684103318687803,-0.24979859986280267,-0.23681944839016067,-0.6040302242810942,1.0,0.0,0.0,0.0,1.0,0.0,0.0,0.0,0.0,1.0
window_10_0pct::CQjEqzdzIcY1m0RLb,window_10_0pct,1784124990.665468,0,-0.3895498076571557,-0.36984938277479434,-0.7379063557416712,-0.4058558668836733,-0.684103318687803,-0.24979859986280267,-0.11994103698546527,-0.6040302242810942,1.0,0.0,0.0,0.0,1.0,0.0,0.0,0.0,0.0,1.0
window_10_0pct::CwFu4d3llhQDAWSkm,window_10_0pct,1784125080.615966,0,0.29649392140628544,-0.008285286189436141,-0.3437461724237978,-0.17748466999158366,-0.3022044853814955,-0.249426469676162,-0.23704396253845056,0.07147979880743273,1.0,0.0,0.0,1.0,0.0,0.0,0.0,0.0,0.0,1.0
window_10_0pct::Ci2QVp4tkbnFqN9Yr9,window_10_0pct,1784125405.010453,0,-0.13699369393387095,-0.09820688205111495,-0.3203990752228523,-0.17748466999158366,-0.276744563161075,-0.24903945607421624,-0.23684079042854714,-0.12489927387405769,1.0,0.0,0.0,1.0,0.0,0.0,0.0,0.0,0.0,1.0
window_10_0pct::CCAwHz2f1lqKU4pyfl,window_10_0pct,1784124081.589889,0,-0.3034629429467185,0.23811240455915478,1.3112209915846256,0.41979384495695854,1.098091236741632,-0.24482029167698818,-0.2343352988006388,-0.385533219482018,1.0,0.0,0.0,1.0,0.0,0.0,0.0,0.0,0.0,1.0
window_10_0pct::CPu1K85uKhAkvdNRe,window_10_0pct,1784125554.849544,0,0.2001443359719628,0.15987435711569872,1.6525899678557752,0.5778969812668668,1.403610303386678,-0.24916434011200364,-0.23667607425693205,-0.4408377400487561,1.0,0.0,0.0,1.0,0.0,0.0,0.0,0.0,0.0,1.0
window_10_0pct::CePqTR2Bfw0UeEptt1,window_10_0pct,1784125423.239208,0,-0.12743789634913874,0.08643490991544131,-0.2591952653630489,-0.0720825791183115,-0.2003647964998135,-0.24856990740593374,-0.23674313136518713,0.09788621505082305,1.0,0.0,0.0,1.0,0.0,0.0,0.0,0.0,0.0,1.0
window_10_0pct::CzzaVA3mlXyr5GaLwd,window_10_0pct,1784125824.516919,0,0.26017908513888593,-0.18833711270597633,-0.4682781867931723,-0.21261870028267438,-0.37858425204275703,-0.24960134421869773,-0.23705205755893097,-0.108295699392023,1.0,0.0,0.0,1.0,0.0,0.0,0.0,0.0,0.0,1.0
window_10_0pct::C3fjbY1Z4wYUt42vLf,window_10_0pct,1784125409.721548,0,-0.3897121989649402,-0.3631730693929528,-0.7368866463097827,-0.4585569123203094,-0.7095632409082235,5.971292657011643,6.070915912956254,4.119297628905474,0.0,1.0,1.0,0.0,0.0,0.0,0.0,0.0,0.0,1.0
window_10_0pct::CSNlo84JKHMMRcCfog,window_10_0pct,1784124110.057507,0,-0.16254234518224067,-0.19021482584461927,1.3260280222935055,0.29682473893814104,1.0726313145212116,-0.24924012657029496,-0.23623636430051007,-0.5399340381615919,1.0,0.0,0.0,1.0,0.0,0.0,0.0,0.0,0.0,1.0
window_10_0pct::CoV9dv1iYrqeaZhSk,window_10_0pct,1784125688.334555,0,-0.38909260972593057,-0.36984938277479434,-0.7379063557416712,-0.4058558668836733,-0.684103318687803,-0.24979859986280267,-0.20633357821330028,-0.6040302242810942,1.0,0.0,0.0,0.0,1.0,0.0,0.0,0.0,0.0,1.0
window_10_0pct::C2UMZy3nKSM1kpp3gf,window_10_0pct,1784124689.064453,0,-0.1742122295024269,0.9393339444457035,1.1763006873778876,0.6130310115579575,1.047171392300791,-0.24550801600259983,-0.23578686488567155,-0.10035638662886552,1.0,0.0,0.0,1.0,0.0,0.0,0.0,0.0,0.0,1.0
window_10_0pct::C3p7Gm1yCcJu6clOq6,window_10_0pct,1784125353.022225,0,-0.38687125847163484,-0.36984938277479434,-0.7379063557416712,-0.4058558668836733,-0.684103318687803,-0.24979859986280267,-0.23043242816401854,-0.6040302242810942,1.0,0.0,0.0,0.0,1.0,0.0,0.0,0.0,0.0,1.0
window_08_22pct::CIJLFb4kPTyVKl5BPi,window_08_22pct,1783719131.101244,1,-0.08278192001565346,-0.32624471099964153,-0.7379063557416712,-0.35315482144703725,-0.6077235520265416,-0.24969826383943267,-0.23705336917262965,1511.0084867908329,1.0,0.0,0.0,1.0,0.0,0.0,0.0,1.0,0.0,0.0
window_10_0pct::CJzKzK2ftQBakLmC67,window_10_0pct,1784125343.585453,0,-0.3891655214161861,-0.09173920346245593,-0.5306291697638502,-0.2477527305737651,-0.45496401870401854,0.10899823755283874,-0.12362413476559936,0.38398475505184754,1.0,0.0,0.0,1.0,0.0,0.0,0.0,0.0,0.0,1.0
window_10_0pct::CyJvsmR0JuIXUkSNi,window_10_0pct,1784125598.492504,0,0.5949607010224718,0.5516904987125266,1.02657335246227,0.5076289206846853,0.9198717811986885,-0.24913762265449346,-0.23689049848345592,-0.21940753993595688,1.0,0.0,0.0,1.0,0.0,0.0,0.0,0.0,0.0,1.0
window_10_0pct::CX4TpK3JYVLmtyiqge,window_10_0pct,1784125291.379723,0,-0.15104247427040154,0.25876724908422716,-0.37253171992814826,-0.10721660940940221,-0.3022044853814955,-0.24793843333488125,-0.2367417294084316,0.6629355356406087,1.0,0.0,0.0,1.0,0.0,0.0,0.0,0.0,0.0,1.0
window_08_22pct::CBs9ddPD6rZQ2DIyi,window_08_22pct,1783719128.495711,1,-0.38971289285364685,-0.36984938277479434,-0.7379063557416712,-0.4585569123203094,-0.7095632409082235,-0.24979859986280267,74.4084310782712,-0.6040302242810942,1.0,0.0,0.0,0.0,1.0,0.0,1.0,0.0,0.0,0.0
window_10_0pct::CuVgmZ23WA1BOU8Sm1,window_10_0pct,1784124346.193078,0,-0.15222283233651623,-0.18395578204914279,-0.4134688048291692,-0.26531974571931044,-0.37858425204275703,-0.2492457801082863,-0.23692082632336564,-0.18209328748439343,1.0,0.0,0.0,1.0,0.0,0.0,0.0,0.0,0.0,1.0
window_05_12pct::CxNchx3H0gJv6XdGr1,window_05_12pct,1783706881.192823,1,-0.38960178525889133,-0.3531585993201904,-0.6852426123739334,-0.38828885173812794,-0.6077235520265416,-0.1437640600034581,-0.02212805195402785,-0.37072068314587064,1.0,0.0,0.0,1.0,0.0,0.0,0.0,0.0,0.0,1.0
window_10_0pct::CeTBucJIUVXLLJljg,window_10_0pct,1784125312.198626,0,-0.3852543696825432,0.4567616678144666,-0.6461112629252148,0.05088652690050602,-0.174904874279393,-0.11885972368141626,-0.20499205332156403,6.0261281425191,1.0,0.0,0.0,0.0,0.0,1.0,0.0,0.0,0.0,1.0
window_10_0pct::Cej4ih2dWMxobSSPff,window_10_0pct,1784125830.107119,0,0.2728488203845526,0.28735021575023645,0.8943085415677416,0.4022268298114132,0.7416523256557451,-0.24909805560006143,-0.23680160253078167,-0.3075081999965474,1.0,0.0,0.0,1.0,0.0,0.0,0.0,0.0,0.0,1.0
window_10_0pct::Ca05t841bEg9lSee2i,window_10_0pct,1784124232.457007,0,0.482406593843342,-0.09445145577382907,-0.28772588550942724,-0.1599176548460383,-0.225824718720234,-0.24957557703720695,-0.2370637301708071,-0.15352878868023773,1.0,0.0,0.0,1.0,0.0,0.0,0.0,0.0,0.0,1.0
window_10_0pct::CvQmxh1BuyhREAp7bk,window_10_0pct,1784125519.342295,0,-0.12593817867457796,-0.36984938277479434,-0.7379063557416712,-0.4058558668836733,-0.684103318687803,-0.24979859986280267,-0.23708990655581744,-0.6040302242810942,1.0,0.0,0.0,0.0,1.0,0.0,0.0,0.0,0.0,1.0
window_04_7pct::CLWAsa4MafmFP6Umo2,window_04_7pct,1783703131.393506,1,-0.3896217479032219,-0.3531585993201904,-0.6852426123739334,-0.38828885173812794,-0.6077235520265416,-0.12055659399959875,0.02493588174661508,-0.37072068314587064,1.0,0.0,0.0,1.0,0.0,0.0,0.0,0.0,0.0,1.0
window_10_0pct::CGHPC33EvWxwRW8pAj,window_10_0pct,1784125038.572712,0,-0.3869476182550021,-0.18583349518778575,1.1531235417489236,0.4022268298114132,0.9453317034191091,-0.2028014342513029,-0.15071468492137105,-0.5323672707253371,1.0,0.0,0.0,1.0,0.0,0.0,0.0,0.0,0.0,1.0
window_10_0pct::CulCbKVR7eZYcCPx,window_10_0pct,1784124857.241779,0,0.176983622643546,-0.2761723606358297,-0.5940211061129143,-0.3355878063014919,-0.53134378536528,-0.24968185247968508,-0.2370949150452721,-0.12463319105682827,1.0,0.0,0.0,1.0,0.0,0.0,0.0,0.0,0.0,1.0
window_10_0pct::C0Ygjs3047Vak0PyV1,window_10_0pct,1784124196.976602,0,-0.3896251746459118,-0.36984938277479434,-0.7379063557416712,-0.4058558668836733,-0.684103318687803,-0.24979859986280267,-0.019298583689388398,-0.6040302242810942,1.0,0.0,0.0,0.0,1.0,0.0,0.0,0.0,0.0,1.0
window_10_0pct::CXneyB3c5c5ErA8XF7,window_10_0pct,1784125557.639914,0,1.0835433785788149,1.0194497050278024,0.5943652609670597,0.4373608601025039,0.5634328701128016,-0.24913258778872407,-0.2369936548928149,0.16392996430523543,1.0,0.0,0.0,1.0,0.0,0.0,0.0,0.0,0.0,1.0
window_10_0pct::CpwMqljGCKcYpb829,window_10_0pct,1784124516.885898,0,0.4138708646779468,0.8437792091680959,0.5030162910270545,0.3495257843747771,0.48705310345154007,-0.24873195637983597,-0.2368827704670885,0.1162082395168218,1.0,0.0,0.0,1.0,0.0,0.0,0.0,0.0,0.0,1.0
window_10_0pct::CX7eeh1OxTBi9Sb3h5,window_10_0pct,1784124336.319056,0,0.2067260945342378,-0.27784143898129005,-0.5940211061129143,-0.3004537760104012,-0.5058838631448596,-0.24968965069340465,-0.23708224849917003,-0.1331747863035858,1.0,0.0,0.0,1.0,0.0,0.0,0.0,0.0,0.0,1.0
window_06_15pct::C4qbY72tGFyi6Ow5Tb,window_06_15pct,1783711631.841944,1,-0.08068623734374265,-0.3258274414132764,-0.7379063557416712,-0.35315482144703725,-0.6077235520265416,-0.24969799063201273,-0.23705410863931453,1525.4736783412168,1.0,0.0,0.0,1.0,0.0,0.0,0.0,1.0,0.0,0.0
window_10_0pct::CCCE3h47gWiH4tcjKc,window_10_0pct,1784125650.393963,0,0.2337913623159787,-0.1038400214670438,-0.3103931764224471,-0.17748466999158366,-0.2512846409406545,-0.24949728391139345,-0.23703205089891477,-0.1458160820018538,1.0,0.0,0.0,1.0,0.0,0.0,0.0,0.0,0.0,1.0
window_10_0pct::CQyM5gYmZ7Yr8bmRc,window_10_0pct,1784125899.822814,0,-0.38831583868204184,-0.18458168642869044,-0.4767545214457448,-0.26531974571931044,-0.42950409648359805,-0.15614354695845212,-0.1960966393662475,-0.08161725467230654,1.0,0.0,0.0,1.0,0.0,0.0,0.0,0.0,0.0,1.0
window_10_0pct::CYD5vw10uinYimNFn,window_10_0pct,1784125685.825686,0,1.258675070154573,0.40251662158700374,2.2629497946804933,0.8765362387411378,1.9128087477950881,-0.24946767578441667,-0.236939071718507,-0.4144829451198394,1.0,0.0,0.0,1.0,0.0,0.0,0.0,0.0,0.0,1.0
window_10_0pct::CIW9HH2IJnLlb42Aih,window_10_0pct,1784124440.97102,0,-0.3897121135632532,-0.3631730693929528,-0.7368866463097827,-0.4585569123203094,-0.7095632409082235,5.341308732264865,5.4321231713914795,4.119297628905474,0.0,1.0,1.0,0.0,0.0,0.0,0.0,0.0,0.0,1.0
window_10_0pct::CFwYGZ15BwxTTWyda2,window_10_0pct,1784125207.22644,0,-0.19713460807291588,0.15862254835660344,-0.0749252734422106,0.03331951175496066,-0.04760526317729048,-0.2478604866778264,-0.2364424266886276,-0.017014776860120637,1.0,0.0,0.0,1.0,0.0,0.0,0.0,0.0,0.0,1.0
window_10_0pct::CDOdF74cXJ5Y5teEyb,window_10_0pct,1784124595.844741,0,-0.26039192584660675,-0.010162999328079087,-0.5771321686472621,-0.2477527305737651,-0.5058838631448596,-0.247834246982541,-0.23668178530027478,1.0433465912071989,1.0,0.0,0.0,1.0,0.0,0.0,0.0,0.0,0.0,1.0
window_08_22pct::C5hCcP3c4XM9Up5hqh,window_08_22pct,1783718128.544876,1,-0.38923712005550454,-0.3531585993201904,-0.6852426123739334,-0.38828885173812794,-0.6077235520265416,-0.2250253307351674,-0.18692308203232935,-0.37072068314587064,1.0,0.0,0.0,1.0,0.0,0.0,0.0,0.0,0.0,1.0
window_10_0pct::CcAZdW20fdvUi8i5o,window_10_0pct,1784124296.984186,0,-0.27475214478511645,-0.36984938277479434,-0.7379063557416712,-0.4058558668836733,-0.684103318687803,-0.24979859986280267,-0.23699605262180476,-0.6040302242810942,1.0,0.0,0.0,0.0,1.0,0.0,0.0,0.0,0.0,1.0
window_10_0pct::Cq4GbUdvFg67FBkij,window_10_0pct,1784125350.353487,0,0.1982449384023551,-0.08881831635790023,-0.3203990752228523,-0.17748466999158366,-0.276744563161075,-0.24946102292126304,-0.2370241697227978,-0.10833944839916018,1.0,0.0,0.0,1.0,0.0,0.0,0.0,0.0,0.0,1.0
window_10_0pct::C86YVT1oOzzeHVNkW8,window_10_0pct,1784125824.518194,0,0.2601655596467112,-0.27909324774038535,-0.5940211061129143,-0.3004537760104012,-0.5058838631448596,-0.2496999699880745,-0.23708884017345772,-0.13958098273865396,1.0,0.0,0.0,1.0,0.0,0.0,0.0,0.0,0.0,1.0
window_10_0pct::CC1TSf3DTikcibfyy3,window_10_0pct,1784125022.492329,0,-0.3880799805730364,-0.18332987766959513,1.1531235417489236,0.3143917540836864,0.9453317034191091,-0.16912916143923962,-0.10540819677732137,-0.5313922645545104,1.0,0.0,0.0,1.0,0.0,0.0,0.0,0.0,0.0,1.0
window_10_0pct::CD8r6A3xhYRUZrIEFg,window_10_0pct,1784125165.315439,0,-0.3870742689567872,-0.18583349518778575,1.1531235417489236,0.3495257843747771,0.9453317034191091,-0.20054568286135946,-0.15200122169231292,-0.5323672707253371,1.0,0.0,0.0,1.0,0.0,0.0,0.0,0.0,0.0,1.0
window_10_0pct::COx1OXMfLTpCKKJT8,window_10_0pct,1784126096.636625,0,-0.18726045434955957,0.15987435711569872,1.7980685134718577,0.6657320569945936,1.5054499922683602,-0.2479506467139657,-0.23562736151772742,-0.4501993495316717,1.0,0.0,0.0,1.0,0.0,0.0,0.0,0.0,0.0,1.0
window_10_0pct::C4g9944y9MhsfMTgHi,window_10_0pct,1784125053.092425,0,-0.10523581695702566,-0.27533782146309943,-0.06173278266715404,-0.10721660940940221,-0.09852510761813149,-0.2495639597633811,-0.2368094676158387,-0.5010969573580045,1.0,0.0,0.0,1.0,0.0,0.0,0.0,0.0,0.0,1.0
window_10_0pct::CjQyS63lW9XsocSJ87,window_10_0pct,1784125629.528197,0,-0.3886439946642465,-0.188963017085524,-0.4118967527883412,-0.23018571542821972,-0.37858425204275703,-0.13028752902736168,-0.17454464544789128,-0.19543828207145034,1.0,0.0,0.0,1.0,0.0,0.0,0.0,0.0,0.0,1.0
window_10_0pct::Ce3KuK1Slp0AZTLknf,window_10_0pct,1784125334.536044,0,-0.2787925412967865,0.18136374081350132,-0.2711131193482449,-0.08964959426385685,-0.225824718720234,-0.24628887776471828,-0.2362141158250231,0.26556648264787114,1.0,0.0,0.0,1.0,0.0,0.0,0.0,0.0,0.0,1.0
window_10_0pct::Cqi9Hd305lnTznciNf,window_10_0pct,1784124624.810346,0,-0.24890765141785162,-0.27533782146309943,0.5428911786031916,0.05088652690050602,0.41067333679027856,-0.24932454283654476,-0.23614373857075976,-0.5496876874818714,1.0,0.0,0.0,1.0,0.0,0.0,0.0,0.0,0.0,1.0
window_10_0pct::C1UuzhulsxyeP3t79,window_10_0pct,1784125949.419043,0,-0.3897122309905728,-0.3631730693929528,-0.7368866463097827,-0.4585569123203094,-0.7095632409082235,6.245752565403164,6.349213486027672,4.119297628905474,0.0,1.0,1.0,0.0,0.0,0.0,0.0,0.0,0.0,1.0
window_10_0pct::CqFFOg3IZrQwQqLIJd,window_10_0pct,1784125410.460462,0,-0.3836803525403134,-0.2772155346017424,-0.5573540544579261,-0.3180207911559465,-0.5058838631448596,-0.23895360049201708,-0.23002945385266127,-0.22623345672989212,1.0,0.0,0.0,1.0,0.0,0.0,0.0,0.0,0.0,1.0
window_10_0pct::CpvNo12IeGyamxcgmc,window_10_0pct,1784125660.233731,0,-0.38327394726241715,-0.36984938277479434,-0.7379063557416712,-0.4058558668836733,-0.684103318687803,-0.24979859986280267,-0.23419229814804035,-0.6040302242810942,1.0,0.0,0.0,0.0,1.0,0.0,0.0,0.0,0.0,1.0
window_08_22pct::CgyeqArpZ8dkIN1Z8,window_08_22pct,1783719130.787847,1,-0.07947217763690516,-0.32603607620645897,-0.7379063557416712,-0.35315482144703725,-0.6077235520265416,-0.2496988592993846,-0.23705453245308114,1518.2410825660247,1.0,0.0,0.0,1.0,0.0,0.0,0.0,1.0,0.0,0.0
window_10_0pct::Cdxj0I37dZG2tMrwUa,window_10_0pct,1784125213.868729,0,-0.32279600604093295,-0.28034505649948066,1.1454757210097604,0.3143917540836864,0.9198717811986885,-0.24885394632905666,-0.23394720803237284,-0.5690322141344901,1.0,0.0,0.0,1.0,0.0,0.0,0.0,0.0,0.0,1.0
window_10_0pct::CEepAP3fp23gyntfw3,window_10_0pct,1784124596.391231,0,-0.2662257257591366,-0.18833711270597633,-0.45427842605120405,-0.21261870028267438,-0.37858425204275703,-0.24876047736088436,-0.23658164411477448,-0.13276312389036765,1.0,0.0,0.0,1.0,0.0,0.0,0.0,0.0,0.0,1.0
window_10_0pct::CduRA82VinFB5DlUee,window_10_0pct,1784124124.689602,0,-0.3890090335000138,-0.10050186477612301,-0.5306291697638502,-0.2477527305737651,-0.45496401870401854,0.02044302400755708,-0.14886461970040246,0.3528545006392568,1.0,0.0,0.0,1.0,0.0,0.0,0.0,0.0,0.0,1.0
window_10_0pct::CPF8fC30QdEr8Atmd7,window_10_0pct,1784124820.616968,0,-0.17780672245597437,-0.279719152119933,-0.5955506702607468,-0.3180207911559465,-0.53134378536528,-0.24949820574955667,-0.2369593470587715,-0.1378288851460726,1.0,0.0,0.0,1.0,0.0,0.0,0.0,0.0,0.0,1.0
window_10_0pct::Cdhnq54VqN51X3zBGj,window_10_0pct,1784125045.298961,0,-0.38909054941023224,-0.09173920346245593,-0.5306291697638502,-0.26531974571931044,-0.45496401870401854,0.06577941570236454,-0.14498206677492934,0.38398475505184754,1.0,0.0,0.0,1.0,0.0,0.0,0.0,0.0,0.0,1.0
window_10_0pct::C4TMzXMqsCglOn1Mg,window_10_0pct,1784124713.996941,0,-0.05404515974121075,-0.36984938277479434,-0.7379063557416712,-0.4058558668836733,-0.684103318687803,-0.24979859986280267,-0.2371054352756837,-0.6040302242810942,1.0,0.0,0.0,0.0,1.0,0.0,0.0,0.0,0.0,1.0
window_10_0pct::C5q413S1flbWvnqI1,window_10_0pct,1784124998.259805,0,0.4652715673428788,-0.09570326453292437,-0.34100570332559765,-0.17748466999158366,-0.2512846409406545,-0.24957214142010675,-0.23706734457925696,-0.095379461671257,1.0,0.0,0.0,1.0,0.0,0.0,0.0,0.0,0.0,1.0
window_10_0pct::CmfLw22n1qMadV48y5,window_10_0pct,1784124220.130132,0,0.18557786128419557,0.10291705857686272,-0.19641940346241743,-0.08964959426385685,-0.14944495205897249,-0.24921820458814345,-0.2369795717161488,0.038930231842284266,1.0,0.0,0.0,1.0,0.0,0.0,0.0,0.0,0.0,1.0
window_10_0pct::CxKLvDDsDqcb1qCp4,window_10_0pct,1784124139.61087,0,-0.3897120708624098,-0.3631730693929528,-0.7368866463097827,-0.4585569123203094,-0.7095632409082235,5.071857776499676,5.158904589155943,4.119297628905474,0.0,1.0,1.0,0.0,0.0,0.0,0.0,0.0,0.0,1.0
window_10_0pct::C7vNV547fs58c5NAZ8,window_10_0pct,1784126054.141969,0,1.2699323255489245,0.5581581773011857,0.5943865049135573,0.47249489039359466,0.5125130256719606,-0.2494036873379728,-0.2370068455407062,-0.09106544698612953,1.0,0.0,0.0,1.0,0.0,0.0,0.0,0.0,0.0,1.0
window_10_0pct::CDF5G24SAJ34yXcbch,window_10_0pct,1784124072.964075,0,-0.38760047145108883,-0.36984938277479434,-0.7379063557416712,-0.4058558668836733,-0.684103318687803,-0.24979859986280267,-0.2281092925919309,-0.6040302242810942,1.0,0.0,0.0,0.0,1.0,0.0,0.0,0.0,0.0,1.0
window_10_0pct::CsuJC82HDSc20wsLD,window_10_0pct,1784125394.183821,0,-0.3859048956826598,-0.27846734336083767,-0.6191102069266692,-0.3180207911559465,-0.5568037075857005,-0.23285047739399997,-0.22586261730592494,-0.037629911473286974,1.0,0.0,0.0,1.0,0.0,0.0,0.0,0.0,0.0,1.0
window_05_12pct::ChLwZS1YJAPXodbmUl,window_05_12pct,1783706881.160918,1,-0.3892967944842789,-0.3531585993201904,-0.6852426123739334,-0.38828885173812794,-0.6077235520265416,-0.22147303814273253,-0.1797191562341471,-0.37072068314587064,1.0,0.0,0.0,1.0,0.0,0.0,0.0,0.0,0.0,1.0
window_10_0pct::CA1DIpLkTpi3vrIsg,window_10_0pct,1784125384.249149,0,-0.07130128583380563,-0.09737234287838477,1.2272861589723092,0.41979384495695854,0.9962515478599501,-0.24919422609782788,-0.23639661400848108,-0.5019215181031762,1.0,0.0,0.0,1.0,0.0,0.0,0.0,0.0,0.0,1.0
window_10_0pct::CVLMRp2SifkxAFgPuk,window_10_0pct,1784124318.814788,0,0.4303406120368683,0.18032056684758857,0.06862007304258352,0.06845354204605138,0.10515427014523254,-0.24932477340028966,-0.236981671210617,-0.10167666954314122,1.0,0.0,0.0,1.0,0.0,0.0,0.0,0.0,0.0,1.0
window_10_0pct::CYfrOP2s0Gz3OjvTZ6,window_10_0pct,1784125335.037444,0,-0.17384945381136446,-0.180617625358222,-0.4667486226453396,-0.2477527305737651,-0.4040441742631775,-0.2491794732512407,-0.2368744739608596,-0.09012780609863578,1.0,0.0,0.0,1.0,0.0,0.0,0.0,0.0,0.0,1.0
window_10_0pct::Cq7dlT3P0eZRQARL36,window_10_0pct,1784126061.810002,0,-0.3262352600779801,-0.19250980856962732,-0.4118967527883412,-0.1599176548460383,-0.37858425204275703,-0.24782549952945734,-0.23580664869663234,-0.20344988878144335,1.0,0.0,0.0,1.0,0.0,0.0,0.0,0.0,0.0,1.0
window_10_0pct::CBivQZ2m8Jz3XhkVf1,window_10_0pct,1784126019.764396,0,0.09560133403960079,-0.09570326453292437,-0.3645652399915199,-0.17748466999158366,-0.3022044853814955,-0.24939964506690437,-0.23699493200991026,-0.06328309207044285,1.0,0.0,0.0,1.0,0.0,0.0,0.0,0.0,0.0,1.0
window_10_0pct::CP67PB3VPR6arggM6,window_10_0pct,1784124657.478431,0,-0.3887502023372118,0.09415439726319565,1.4421474338498006,0.5427629509757761,1.1999309256233142,0.09058654646863408,0.05087194715396058,-0.44728557158791393,1.0,0.0,0.0,1.0,0.0,0.0,0.0,0.0,0.0,1.0
window_10_0pct::CpLoIj3XPJBqMZUv2k,window_10_0pct,1784125043.180733,0,-0.38890988214143485,-0.36984938277479434,-0.7379063557416712,-0.4058558668836733,-0.684103318687803,-0.24979859986280267,-0.21334821523173345,-0.6040302242810942,1.0,0.0,0.0,0.0,1.0,0.0,0.0,0.0,0.0,1.0
window_10_0pct::CzGSRm427ZbFY6fAs4,window_10_0pct,1784125021.802917,0,-0.3884114778962439,-0.18917165187870652,1.1531235417489236,0.38465981466586785,0.9453317034191091,-0.1517520921699593,-0.05715482702441935,-0.5336672789531058,1.0,0.0,0.0,1.0,0.0,0.0,0.0,0.0,0.0,1.0
window_05_12pct::CvsaaymFPUYs7WLY1,window_05_12pct,1783707881.184906,1,-0.3892271387333392,-0.3531585993201904,-0.6852426123739334,-0.38828885173812794,-0.6077235520265416,-0.225534307127405,-0.18795526844921248,-0.37072068314587064,1.0,0.0,0.0,1.0,0.0,0.0,0.0,0.0,0.0,1.0
window_10_0pct::CipwHh3KmsmBLgewll,window_10_0pct,1784126028.753429,0,-0.3886510082777894,-0.18917165187870652,1.1531235417489236,0.3319587692292318,0.9453317034191091,-0.12963697586673625,-0.03005949475069869,-0.5336672789531058,1.0,0.0,0.0,1.0,0.0,0.0,0.0,0.0,0.0,1.0
window_10_0pct::CYz3h6NAui2cR7Knl,window_10_0pct,1784125674.793382,0,-0.32310733789080337,-0.36984938277479434,-0.7379063557416712,-0.4058558668836733,-0.684103318687803,-0.24979859986280267,-0.2368752783828171,-0.6040302242810942,1.0,0.0,0.0,0.0,1.0,0.0,0.0,0.0,0.0,1.0
window_10_0pct::CNRs4GdlxoFwmKrtg,window_10_0pct,1784125165.313911,0,0.2778726173217493,-0.09820688205111495,-0.2610647326548443,-0.14235063970049294,-0.225824718720234,-0.2495112205871752,-0.2370263349323559,-0.18451582595170077,1.0,0.0,0.0,1.0,0.0,0.0,0.0,0.0,0.0,1.0
window_08_22pct::CS6iJncSy6GvXpBG2,window_08_22pct,1783718128.6223,1,-0.38956997313049285,-0.3531585993201904,-0.6852426123739334,-0.38828885173812794,-0.6077235520265416,-0.16735543888809654,-0.06997054762110017,-0.37072068314587064,1.0,0.0,0.0,1.0,0.0,0.0,0.0,0.0,0.0,1.0
window_10_0pct::CeLfVx1WhdmX0Cmq25,window_10_0pct,1784124895.761722,0,-0.38971206018719884,-0.3631730693929528,-0.7368866463097827,-0.4585569123203094,-0.7095632409082235,5.008504724400122,5.094665696308897,4.119297628905474,0.0,1.0,1.0,0.0,0.0,0.0,0.0,0.0,0.0,1.0
window_10_0pct::CYyoCU3pa2Cmp1xzM5,window_10_0pct,1784125867.927777,0,0.1795042747850594,-0.27909324774038535,-0.5955506702607468,-0.3180207911559465,-0.5058838631448596,-0.24968599357980997,-0.23708681442364937,-0.13459137584652386,1.0,0.0,0.0,1.0,0.0,0.0,0.0,0.0,0.0,1.0
window_10_0pct::Cnw02UqA9YCa1pGkl,window_10_0pct,1784124899.979517,0,-0.38858421348336336,-0.36984938277479434,-0.7379063557416712,-0.4058558668836733,-0.684103318687803,-0.24979859986280267,-0.22021916278618847,-0.6040302242810942,1.0,0.0,0.0,0.0,1.0,0.0,0.0,0.0,0.0,1.0
window_08_22pct::C7BU6z1IjwEea708ef,window_08_22pct,1783718129.573194,1,-0.07382428652171083,-0.3258274414132764,-0.7379063557416712,-0.3355878063014919,-0.582263629806121,-0.24970017613487702,-0.23704132569866904,1525.4736783412168,1.0,0.0,0.0,1.0,0.0,0.0,0.0,1.0,0.0,0.0
window_10_0pct::CGJyCP9Z1mgfat0A6,window_10_0pct,1784124357.080633,0,-0.37293468527657964,0.18303281915896172,0.4004505173362766,0.15628861777377817,0.3597534923494376,-0.22652572373637941,-0.22690383192173832,-0.24635510756667964,1.0,0.0,0.0,1.0,0.0,0.0,0.0,0.0,0.0,1.0
window_10_0pct::CzcV0S3uJQtdlst6j7,window_10_0pct,1784125272.336725,0,-0.3280685887675011,-0.2761723606358297,-0.5940211061129143,-0.3355878063014919,-0.53134378536528,-0.2487253413530148,-0.23654192902073198,-0.12463319105682827,1.0,0.0,0.0,1.0,0.0,0.0,0.0,0.0,0.0,1.0
window_10_0pct::CWjkR94Vhuc4Cyj99f,window_10_0pct,1784124726.679665,0,-0.20537219859354353,-0.36984938277479434,-0.7379063557416712,-0.4058558668836733,-0.684103318687803,-0.24979859986280267,-0.23705866419923743,-0.6040302242810942,1.0,0.0,0.0,0.0,1.0,0.0,0.0,0.0,0.0,1.0
window_10_0pct::CE6pYNnM9pOTqIjDg,window_10_0pct,1784125994.557203,0,-0.38971193208466837,-0.3631730693929528,-0.7368866463097827,-0.4585569123203094,-0.7095632409082235,4.351216808867257,4.428187183020798,4.119297628905474,0.0,1.0,1.0,0.0,0.0,0.0,0.0,0.0,0.0,1.0
window_10_0pct::CVxon52PaNdWjQV2l6,window_10_0pct,1784124139.618787,0,-0.387960599689855,-0.36984938277479434,-0.7379063557416712,-0.4058558668836733,-0.684103318687803,-0.24979859986280267,-0.22624877967936965,-0.6040302242810942,1.0,0.0,0.0,0.0,1.0,0.0,0.0,0.0,0.0,1.0
window_10_0pct::CvP1oz3gbBv4BE9AG2,window_10_0pct,1784125583.2308,0,0.1926805914874449,0.09790982354048154,0.005610527730477655,0.0157524966094153,0.003314581263550526,-0.2492313551482203,-0.2369325447232414,-0.14073080348165679,1.0,0.0,0.0,1.0,0.0,0.0,0.0,0.0,0.0,1.0
window_10_0pct::CWjCzUWvIagdkeFKe,window_10_0pct,1784125955.671507,0,0.3471373886632244,-0.18833711270597633,-0.4682781867931723,-0.195051685137129,-0.37858425204275703,-0.24962462305174046,-0.23705859201471333,-0.108295699392023,1.0,0.0,0.0,1.0,0.0,0.0,0.0,0.0,0.0,1.0
window_10_0pct::C7jSKS2S8YsRHdGm2h,window_10_0pct,1784126048.009819,0,-0.3887304638723095,-0.1916752693968971,1.1531235417489236,0.3495257843747771,0.9453317034191091,-0.12171904885322575,-0.008444450918465286,-0.5346422851239325,1.0,0.0,0.0,1.0,0.0,0.0,0.0,0.0,0.0,1.0
window_10_0pct::Cotjly2H9BFH985zcl,window_10_0pct,1784124962.052153,0,1.3695821310738978,1.3125815894492845,1.6833936902774047,0.9116702690322286,1.5818297589296217,-0.24912319647612463,-0.2369477158070548,-0.09231599833070306,1.0,0.0,0.0,1.0,0.0,0.0,0.0,0.0,0.0,1.0
window_08_22pct::C76WtR3JJwzfWuGBxj,window_08_22pct,1783719129.149768,1,-0.3892271280581283,-0.3531585993201904,-0.6852426123739334,-0.38828885173812794,-0.6077235520265416,-0.2255348402913851,-0.18795634968721617,-0.37072068314587064,1.0,0.0,0.0,1.0,0.0,0.0,0.0,0.0,0.0,1.0
window_10_0pct::CMQo1GdqaF1xXGVLf,window_10_0pct,1784124421.071534,0,-0.3892082009092523,-0.18332987766959513,1.1531235417489236,0.3143917540836864,0.9453317034191091,0.011181526741135747,0.18908614110771685,-0.5313922645545104,1.0,0.0,0.0,1.0,0.0,0.0,0.0,0.0,0.0,1.0
window_10_0pct::CYT3dnBeDit74huO8,window_10_0pct,1784124593.498122,0,-0.3894820307433295,-0.36984938277479434,-0.7379063557416712,-0.4058558668836733,-0.684103318687803,-0.24979859986280267,-0.15434555331512614,-0.6040302242810942,1.0,0.0,0.0,0.0,1.0,0.0,0.0,0.0,0.0,1.0
window_10_0pct::Cayy7R1Xh1pPHki4P3,window_10_0pct,1784125587.480968,0,0.26260288109215785,-0.36984938277479434,-0.7379063557416712,-0.38828885173812794,-0.6331834742469621,-0.24979859986280267,-0.2371257625283011,-0.6040302242810942,1.0,0.0,0.0,0.0,1.0,0.0,0.0,0.0,0.0,1.0
window_10_0pct::CRP46233YvsSXwEzn7,window_10_0pct,1784125185.381863,0,-0.08713062729251707,-0.18249533849686495,-0.4610764889304602,-0.23018571542821972,-0.4040441742631775,-0.2493612951281295,-0.2369411940842382,-0.10565154057004793,1.0,0.0,0.0,1.0,0.0,0.0,0.0,0.0,0.0,1.0
window_08_22pct::CziW6M1rnIUxW9nFLe,window_08_22pct,1783718130.451301,1,-0.08309925133403386,-0.3258274414132764,-0.7379063557416712,-0.35315482144703725,-0.6077235520265416,-0.2496971988491373,-0.23705325632030905,1525.4736783412168,1.0,0.0,0.0,1.0,0.0,0.0,0.0,1.0,0.0,0.0
window_10_0pct::CjJ3tZ3yZxuAaxp4Z,window_10_0pct,1784124334.408174,0,0.2239145397899044,-0.36984938277479434,-0.7379063557416712,-0.38828885173812794,-0.6586433964673826,-0.24979859986280267,-0.23712345195756915,-0.6040302242810942,1.0,0.0,0.0,0.0,1.0,0.0,0.0,0.0,0.0,1.0
window_10_0pct::CMCSxCkSvnsY5dey4,window_10_0pct,1784125716.571455,0,-0.38948529735785625,-0.279719152119933,-0.5955506702607468,-0.3180207911559465,-0.53134378536528,0.029809201399232273,-0.04815077873047227,-0.1378288851460726,1.0,0.0,0.0,1.0,0.0,0.0,0.0,0.0,0.0,1.0
window_02_3pct::CO4V2iZlM0qrHOxwf,window_02_3pct,1783696630.970515,1,-0.3897129142040686,-0.36984938277479434,-0.7379063557416712,-0.4585569123203094,-0.7095632409082235,-0.24979859986280267,111.73122782240476,-0.6040302242810942,1.0,0.0,0.0,0.0,1.0,0.0,1.0,0.0,0.0,0.0
window_10_0pct::CLemV11TU6EIHG4Dc2,window_10_0pct,1784125284.971122,0,-0.3066403981123413,-0.09507736015337671,-0.34075077596762554,-0.1599176548460383,-0.3022044853814955,-0.24746256353506332,-0.23612644088677973,-0.09454538068204768,1.0,0.0,0.0,1.0,0.0,0.0,0.0,0.0,0.0,1.0
window_10_0pct::C85Iw10TbQUZUVve4,window_10_0pct,1784124233.556946,0,-0.12241781438532552,0.249587318184195,0.2899819955483634,0.15628861777377817,0.25791380346775555,-0.24816189438438066,-0.23651847308097024,-0.16023290984004007,1.0,0.0,0.0,1.0,0.0,0.0,0.0,0.0,0.0,1.0
window_10_0pct::CQJO874KGYZEazJ1pd,window_10_0pct,1784125007.456395,0,-0.38937532133545316,-0.36984938277479434,-0.7379063557416712,-0.4058558668836733,-0.684103318687803,-0.24979859986280267,-0.18051974388616998,-0.6040302242810942,1.0,0.0,0.0,0.0,1.0,0.0,0.0,0.0,0.0,1.0
window_10_0pct::C9mXyn3EOkdQUAK1Vf,window_10_0pct,1784125812.530341,0,-0.3340671605598399,-0.18249533849686495,-0.3501406003195982,-0.195051685137129,-0.327664407601916,-0.24742069004644576,-0.23578767335206857,-0.2482248662158836,1.0,0.0,0.0,1.0,0.0,0.0,0.0,0.0,0.0,1.0
window_10_0pct::Cy8N7i3BRJ6kT3bj1e,window_10_0pct,1784124960.539709,0,0.2744104222565383,-0.27846734336083767,-0.5573540544579261,-0.2828867608648558,-0.480423940924439,-0.2497014198959644,-0.2370832190000264,-0.23133881845355705,1.0,0.0,0.0,1.0,0.0,0.0,0.0,0.0,0.0,1.0
window_10_0pct::CKvjri9piQMfK1Rxf,window_10_0pct,1784125313.163662,0,-0.2785870007866574,-0.18645939956733337,-0.38833721612241895,-0.2477527305737651,-0.35312432982233655,-0.24863306633905555,-0.23660309079306574,-0.2176999078983944,1.0,0.0,0.0,1.0,0.0,0.0,0.0,0.0,0.0,1.0
window_07_17pct::CrlXPV1s1ZcBHZQGpk,window_07_17pct,1783714379.333884,1,-0.38921809682973063,-0.3531585993201904,-0.6852426123739334,-0.38828885173812794,-0.6077235520265416,-0.22597765547383009,-0.18885436347229562,-0.37072068314587064,1.0,0.0,0.0,1.0,0.0,0.0,0.0,0.0,0.0,1.0
window_10_0pct::CAtRnd2Q5nu3NtP8m5,window_10_0pct,1784124644.446157,0,-0.3892727752598169,-0.36984938277479434,-0.7379063557416712,-0.4058558668836733,-0.684103318687803,-0.24979859986280267,-0.19371539433604207,-0.6040302242810942,1.0,0.0,0.0,0.0,1.0,0.0,0.0,0.0,0.0,1.0
window_05_12pct::CO34rX20bIEYaH3Dt3,window_05_12pct,1783706882.085672,1,-0.07292958642331941,-0.32624471099964153,-0.7379063557416712,-0.35315482144703725,-0.6077235520265416,-0.249701384407195,-0.23705676046985705,1511.0084867908329,1.0,0.0,0.0,1.0,0.0,0.0,0.0,1.0,0.0,0.0
window_10_0pct::C5DNdA1zCFi8svdpX6,window_10_0pct,1784123961.495982,0,0.010604077427655697,0.0036068970219691773,-0.19312659175527772,-0.08964959426385685,-0.14944495205897249,-0.2491397289041866,-0.23689965529267085,-0.09920096175063763,1.0,0.0,0.0,1.0,0.0,0.0,0.0,0.0,0.0,1.0
window_10_0pct::CMvox71GQVn58Aj6O9,window_10_0pct,1784125523.310634,0,-0.389438625335924,-0.36984938277479434,-0.7379063557416712,-0.4058558668836733,-0.684103318687803,-0.24979859986280267,-0.16744903760433189,-0.6040302242810942,1.0,0.0,0.0,0.0,1.0,0.0,0.0,0.0,0.0,1.0
window_10_0pct::C8TfTt4g4WoAW1AaUb,window_10_0pct,1784124820.969131,0,-0.38971195343509013,-0.3631730693929528,-0.7368866463097827,-0.4585569123203094,-0.7095632409082235,4.449110753733854,4.527449940319026,4.119297628905474,0.0,1.0,1.0,0.0,0.0,0.0,0.0,0.0,0.0,1.0
window_10_0pct::C7nufk1u6Ui1Pdv62k,window_10_0pct,1784124973.518724,0,0.008436934894167912,0.8777866804568515,1.345572453071367,0.6305980267035028,1.2253908478437345,-0.24758547464436523,-0.2364058805512334,-0.1630317768108138,1.0,0.0,0.0,1.0,0.0,0.0,0.0,0.0,0.0,1.0
window_10_0pct::CRe5ul2UDPohELUywk,window_10_0pct,1784126120.705977,0,0.3445378787389998,-0.09570326453292437,-0.35642880848291014,-0.1599176548460383,-0.3022044853814955,-0.24953490460432812,-0.23704520127028525,-0.07481589926705046,1.0,0.0,0.0,1.0,0.0,0.0,0.0,0.0,0.0,1.0
window_10_0pct::CgA46S2M8NStEyRKOl,window_10_0pct,1784125272.338111,0,-0.32808368351567413,-0.36984938277479434,-0.7379063557416712,-0.4058558668836733,-0.684103318687803,-0.24979859986280267,-0.2368520935216638,-0.6040302242810942,1.0,0.0,0.0,0.0,1.0,0.0,0.0,0.0,0.0,1.0
window_10_0pct::CGlVkP30xA46OruRae,window_10_0pct,1784125744.369808,0,0.26991708722278107,-0.36984938277479434,-0.7379063557416712,-0.38828885173812794,-0.6331834742469621,-0.24979859986280267,-0.23712616888810015,-0.6040302242810942,1.0,0.0,0.0,0.0,1.0,0.0,0.0,0.0,0.0,1.0
window_10_0pct::C9YWYWkPYjLL1fhS6,window_10_0pct,1784125100.955642,0,-0.38971200681114443,-0.3631730693929528,-0.7368866463097827,-0.4585569123203094,-0.7095632409082235,4.713094425284227,4.795124791460313,4.119297628905474,0.0,1.0,1.0,0.0,0.0,0.0,0.0,0.0,0.0,1.0
window_10_0pct::CdL0E43Gae3Kk3jyp9,window_10_0pct,1784125973.435912,0,-0.38935048011975404,-0.36984938277479434,-0.7379063557416712,-0.4058558668836733,-0.684103318687803,-0.24979859986280267,-0.18440157230723703,-0.6040302242810942,1.0,0.0,0.0,0.0,1.0,0.0,0.0,0.0,0.0,1.0
window_10_0pct::C85Zwegukd9YHzQAd,window_10_0pct,1784124234.294515,0,-0.3893207923583191,-0.17915718180594414,-0.4767545214457448,-0.26531974571931044,-0.42950409648359805,0.0936243163702609,-0.09086224854241066,-0.06632137943601324,1.0,0.0,0.0,1.0,0.0,0.0,0.0,0.0,0.0,1.0
window_10_0pct::CuSk684XiOw7wC1kke,window_10_0pct,1784125716.668992,0,-0.3896157484347118,-0.27846734336083767,-0.6106338722740966,-0.3004537760104012,-0.53134378536528,0.4141300457633008,0.2546820452309904,-0.07534582015324605,1.0,0.0,0.0,1.0,0.0,0.0,0.0,0.0,0.0,1.0
window_05_12pct::CfHqz4149OpU5bg7Xl,window_05_12pct,1783707881.190227,1,-0.3892255374517084,-0.3531585993201904,-0.6852426123739334,-0.38828885173812794,-0.6077235520265416,-0.22561402074159514,-0.1881169248856654,-0.37072068314587064,1.0,0.0,0.0,1.0,0.0,0.0,0.0,0.0,0.0,1.0
window_10_0pct::CriMYt4DEi28ne4n8f,window_10_0pct,1784124466.457681,0,7.403061297177906,5.218433552619794,2.7630747831287725,5.356125100855205,3.5422437699020004,-0.24929213308783432,-0.23695871616479822,0.5714860247390264,1.0,0.0,0.0,1.0,0.0,0.0,0.0,0.0,0.0,1.0
window_10_0pct::CJEaDx3XYAbivRQIv9,window_10_0pct,1784125565.837337,0,-0.38923491028685403,-0.18332987766959513,-0.4682781867931723,-0.23018571542821972,-0.4040441742631775,0.025762984876573847,-0.09714253877786953,-0.09462026422266935,1.0,0.0,0.0,1.0,0.0,0.0,0.0,0.0,0.0,1.0
window_10_0pct::CZy7Zw3OAJRK4A9K3i,window_10_0pct,1784125726.949198,0,-0.38876232937676236,-0.18583349518778575,1.1531235417489236,0.3670927995203225,0.9453317034191091,-0.11308566587628122,0.004251749741565418,-0.5323672707253371,1.0,0.0,0.0,1.0,0.0,0.0,0.0,0.0,0.0,1.0
window_10_0pct::CZ23631fkM8byDHcwe,window_10_0pct,1784124197.952184,0,-0.37190091920615886,0.012786827922001354,-0.19312659175527772,-0.0720825791183115,-0.14944495205897249,-0.23462679910571488,-0.23098870151185358,-0.08679175082810137,1.0,0.0,0.0,1.0,0.0,0.0,0.0,0.0,0.0,1.0
window_10_0pct::CAGMhxQCe2dewGtSh,window_10_0pct,1784125107.278568,0,-0.3891491563179194,-0.36984938277479434,-0.7379063557416712,-0.4058558668836733,-0.684103318687803,-0.24979859986280267,-0.2032415889310568,-0.6040302242810942,1.0,0.0,0.0,0.0,1.0,0.0,0.0,0.0,0.0,1.0
window_10_0pct::CJIilG20kTjhT2ItC1,window_10_0pct,1784124330.276876,0,-0.3885630445402043,-0.2772155346017424,-0.5573540544579261,-0.3355878063014919,-0.5058838631448596,-0.19290418551767521,-0.20389973813569773,-0.22623345672989212,1.0,0.0,0.0,1.0,0.0,0.0,0.0,0.0,0.0,1.0
window_10_0pct::C57Jq43s57xPSF4Pre,window_10_0pct,1784124816.590139,0,1.5138530476936483,0.5341651760851924,0.4590625657233636,0.29682473893814104,0.5125130256719606,-0.24946319283834315,-0.23705189616732583,-0.04783468796187088,1.0,0.0,0.0,1.0,0.0,0.0,0.0,0.0,0.0,1.0
window_10_0pct::CA3Lpc3vp4Lswnw,window_10_0pct,1784123994.066174,0,-0.009014643634282053,-0.188963017085524,-0.46275476070377664,-0.2477527305737651,-0.4040441742631775,-0.24946302490065733,-0.23699914454652776,-0.11992148212936067,1.0,0.0,0.0,1.0,0.0,0.0,0.0,0.0,0.0,1.0
window_10_0pct::C4LgjB4NTPKGzBuL41,window_10_0pct,1784124357.080338,0,-0.3729318349952768,0.19367319361127175,1.674067597764925,0.5954639964124121,1.403610303386678,-0.2260818596322643,-0.21978277181128192,-0.4319711675001626,1.0,0.0,0.0,1.0,0.0,0.0,0.0,0.0,0.0,1.0
window_07_17pct::Cj5wewYHpqLDGXWn1,window_07_17pct,1783714379.287803,1,-0.38921363459158614,-0.3531585993201904,-0.6852426123739334,-0.38828885173812794,-0.6077235520265416,-0.22619053345635437,-0.1892860726151285,-0.37072068314587064,1.0,0.0,0.0,1.0,0.0,0.0,0.0,0.0,0.0,1.0
window_10_0pct::CmHHI13Q92tfVP6QMl,window_10_0pct,1784124104.269128,0,-0.3895773176755727,-0.007033477430340845,-0.3967498189354985,-0.17748466999158366,-0.35312432982233655,1.6393480542647527,0.36207027816743204,0.1791256943402488,1.0,0.0,0.0,1.0,0.0,0.0,0.0,0.0,0.0,1.0
window_10_0pct::Ca47ie2Az3sotGRcX6,window_10_0pct,1784124321.654581,0,0.11241741726484183,-0.36984938277479434,-0.7379063557416712,-0.38828885173812794,-0.6586433964673826,-0.24979859986280267,-0.2371148013970851,-0.6040302242810942,1.0,0.0,0.0,0.0,1.0,0.0,0.0,0.0,0.0,1.0
window_10_0pct::CA5epS1X37sdyNnuvf,window_10_0pct,1784124929.671141,0,-0.3771560159373188,-0.2818055000517585,-0.6191102069266692,-0.3355878063014919,-0.5568037075857005,-0.24484660707589198,-0.23411635301800823,-0.0583203338589603,1.0,0.0,0.0,1.0,0.0,0.0,0.0,0.0,0.0,1.0
window_10_0pct::C1iQiC3VbuPKx7Ny5d,window_10_0pct,1784124279.541321,0,-0.37938758336841893,0.08351402281088562,0.28392747079652586,0.03331951175496066,0.23245388124733507,-0.21878834329531838,-0.22373401478963295,-0.2772920978493762,1.0,0.0,0.0,1.0,0.0,0.0,0.0,0.0,0.0,1.0
window_06_15pct::CrcDTESwj3DTNyqC4,window_06_15pct,1783710631.225882,1,-0.07410374219191748,-0.32603607620645897,-0.7379063557416712,-0.35315482144703725,-0.6077235520265416,-0.24970055586194045,-0.23705636742366365,1518.2410825660247,1.0,0.0,0.0,1.0,0.0,0.0,0.0,1.0,0.0,0.0
window_10_0pct::Cbx5G23nOG3c1FR5Yi,window_10_0pct,1784125107.203901,0,-0.3883521877750609,-0.279719152119933,-0.6106338722740966,-0.3355878063014919,-0.53134378536528,-0.20301962465519183,-0.20905392574519513,-0.08258807226458642,1.0,0.0,0.0,1.0,0.0,0.0,0.0,0.0,0.0,1.0
window_04_7pct::C73H2x1vjpivGbiqId,window_04_7pct,1783703131.39194,1,-0.38960699476179683,-0.3531585993201904,-0.6852426123739334,-0.38828885173812794,-0.6077235520265416,-0.13855099779800173,-0.011556143156482885,-0.37072068314587064,1.0,0.0,0.0,1.0,0.0,0.0,0.0,0.0,0.0,1.0
window_10_0pct::CRaRIa4IBI9oVZnhYk,window_10_0pct,1784124940.840923,0,-0.3886085529641516,-0.28117959567221085,-0.5306929016033433,-0.2828867608648558,-0.480423940924439,-0.19309477069910033,-0.18954161670194555,-0.2889248214664791,1.0,0.0,0.0,1.0,0.0,0.0,0.0,0.0,0.0,1.0
window_10_0pct::CBH5991r3gAEGWGFIb,window_10_0pct,1784124448.314679,0,0.19880513076807305,-0.184790321221873,-0.6589426066098109,-0.3180207911559465,-0.5568037075857005,-0.24957651691686605,-0.23708929363250195,1.1214438081544202,1.0,0.0,0.0,1.0,0.0,0.0,0.0,0.0,0.0,1.0
window_10_0pct::CGfZYA14M2W4KaDvl4,window_10_0pct,1784124759.718296,0,-0.3893424630363892,-0.18374714725596025,-0.4767545214457448,-0.26531974571931044,-0.42950409648359805,0.10496188056598886,-0.08230495793702328,-0.07926404309749215,1.0,0.0,0.0,1.0,0.0,0.0,0.0,0.0,0.0,1.0
window_10_0pct::Ce64NPTiyvYu0ZfM5,window_10_0pct,1784124593.525442,0,0.4551904639815583,-0.09507736015337671,0.27052254055649255,0.03331951175496066,0.28337372568817604,-0.24956891619674046,-0.23699830461642557,-0.40337025722974024,1.0,0.0,0.0,1.0,0.0,0.0,0.0,0.0,0.0,1.0
window_07_17pct::CsFpxI20svl1YbQvCd,window_07_17pct,1783714379.344232,1,-0.3892797675229381,-0.3531585993201904,-0.6852426123739334,-0.38828885173812794,-0.6077235520265416,-0.2225864039463135,-0.18197702335137497,-0.37072068314587064,1.0,0.0,0.0,1.0,0.0,0.0,0.0,0.0,0.0,1.0
window_10_0pct::Cin1g64XkrN0Ai0gCj,window_10_0pct,1784124205.361229,0,0.11643145668086895,-0.0041125903257851525,1.3696418444532334,0.4549278752480493,1.1235511589620526,-0.24928826072766752,-0.23666176104539002,-0.47623064769542117,1.0,0.0,0.0,1.0,0.0,0.0,0.0,0.0,0.0,1.0
window_10_0pct::CZGnNz3t47v1qqdzf9,window_10_0pct,1784124648.339956,0,-0.3191909553038331,-0.18833711270597633,-0.45166542063198994,-0.26531974571931044,-0.4040441742631775,-0.24798080016282853,-0.23634885202561254,-0.1370648569774222,1.0,0.0,0.0,1.0,0.0,0.0,0.0,0.0,0.0,1.0
window_10_0pct::C0jKwt3hS0BBwsATE1,window_10_0pct,1784125313.168021,0,-0.2786334486291614,-0.27846734336083767,-0.5573540544579261,-0.3355878063014919,-0.5058838631448596,-0.24921757921403268,-0.23681806963781368,-0.23133881845355705,1.0,0.0,0.0,1.0,0.0,0.0,0.0,0.0,0.0,1.0
window_08_22pct::CswZ342obsmRzGKhTi,window_08_22pct,1783719130.724895,1,-0.07880727212774397,-0.3258274414132764,-0.7379063557416712,-0.35315482144703725,-0.6077235520265416,-0.24969859866607036,-0.23705476316090043,1525.4736783412168,1.0,0.0,0.0,1.0,0.0,0.0,0.0,1.0,0.0,0.0
window_10_0pct::C6cNKw1NQiuSGihj3a,window_10_0pct,1784125228.09252,0,-0.3891953479553624,-0.10050186477612301,-0.5306291697638502,-0.26531974571931044,-0.45496401870401854,0.11771707811297472,-0.12631862235889563,0.3528545006392568,1.0,0.0,0.0,1.0,0.0,0.0,0.0,0.0,0.0,1.0
window_10_0pct::CCR2cU17jo9WtdoKb,window_10_0pct,1784124638.495022,0,0.2559753258752421,-0.09507736015337671,-0.3328692718169879,-0.195051685137129,-0.3022044853814955,-0.24949805156364177,-0.23704393438258423,-0.10445878483452296,1.0,0.0,0.0,1.0,0.0,0.0,0.0,0.0,0.0,1.0
window_10_0pct::CHvsUbCKS0Byv0s7i,window_10_0pct,1784125768.298685,0,0.41242523829687433,0.1563275656315954,-0.2711131193482449,-0.036948548827220776,-0.2003647964998135,-0.24933531587443927,-0.23701339749607014,0.22606928172755472,1.0,0.0,0.0,1.0,0.0,0.0,0.0,0.0,0.0,1.0
window_10_0pct::CM317N2MHoslA97Y96,window_10_0pct,1784125158.078402,0,1.0188317768280344,0.11105381551098215,-0.5302042908338966,0.0157524966094153,-0.3022044853814955,-0.24955746961607764,-0.23706736718427096,1.1009332919612256,1.0,0.0,0.0,1.0,0.0,0.0,0.0,0.0,0.0,1.0
window_10_0pct::CMnW2D4Bwypi4h3QQj,window_10_0pct,1784124073.872891,0,1.4467399398298968,0.36162420212322405,0.3805874273609499,0.2265566783559596,0.41067333679027856,-0.24951729092997665,-0.2370582713116877,-0.12241580503316135,1.0,0.0,0.0,1.0,0.0,0.0,0.0,0.0,0.0,1.0
window_10_0pct::C5a62b4sbyR50fHUEc,window_10_0pct,1784125997.909148,0,-0.33405515094760896,-0.18833711270597633,-0.45427842605120405,-0.2477527305737651,-0.37858425204275703,-0.24749533132486642,-0.2360456774887345,-0.13276312389036765,1.0,0.0,0.0,1.0,0.0,0.0,0.0,0.0,0.0,1.0
window_10_0pct::CO0Ebw2rHiwoJmdMc9,window_10_0pct,1784126307.925267,0,-0.3897121135632532,-0.3631730693929528,-0.7368866463097827,-0.4585569123203094,-0.7095632409082235,5.341308732264865,5.4321231713914795,4.119297628905474,0.0,1.0,1.0,0.0,0.0,0.0,0.0,0.0,0.0,1.0
window_10_0pct::C0oO2a4hdprrqQ2HS2,window_10_0pct,1784125673.762606,0,-0.388901534126533,-0.1916752693968971,1.1531235417489236,0.3495257843747771,0.9453317034191091,-0.09471635440606786,0.03977558978954454,-0.5346422851239325,1.0,0.0,0.0,1.0,0.0,0.0,0.0,0.0,0.0,1.0
window_10_0pct::Cs8QBqk3fGebttt3h,window_10_0pct,1784125109.637046,0,0.000886507697369509,-0.09027875991017809,-0.47822035375408445,-0.21261870028267438,-0.42950409648359805,-0.24929309590557383,-0.2369788020365848,0.18874509995262267,1.0,0.0,0.0,1.0,0.0,0.0,0.0,0.0,0.0,1.0
window_10_0pct::CPwQPjlP0XsNRvqv,window_10_0pct,1784126046.184609,0,-0.38893455255376,-0.18917165187870652,1.1531235417489236,0.38465981466586785,0.9453317034191091,-0.08586648482953614,0.06380724708750762,-0.5336672789531058,1.0,0.0,0.0,1.0,0.0,0.0,0.0,0.0,0.0,1.0
window_10_0pct::CZJ9Xc3vJpFzE0YlWk,window_10_0pct,1784124455.689449,0,-0.2043324757554563,-0.2738773779108216,-0.5940211061129143,-0.3355878063014919,-0.53134378536528,-0.24943296699258766,-0.23695608213754693,-0.1128884975925367,1.0,0.0,0.0,1.0,0.0,0.0,0.0,0.0,0.0,1.0
window_10_0pct::C8G1i34x3O5xNXKhac,window_10_0pct,1784124346.191209,0,-0.1522033821023075,-0.09132193387609083,-0.3645652399915199,-0.1599176548460383,-0.3022044853814955,-0.248970368735423,-0.23680006416290844,-0.054641014615021445,1.0,0.0,0.0,1.0,0.0,0.0,0.0,0.0,0.0,1.0
window_10_0pct::C1rIA31AoyaKHvgO2h,window_10_0pct,1784124025.432704,0,1.1366066065593163,0.4225455617325285,1.9550612780896806,0.736000117576775,1.6327496033704627,-0.24943194209121225,-0.23694626981616324,-0.38733477400555316,1.0,0.0,0.0,1.0,0.0,0.0,0.0,0.0,0.0,1.0
window_10_0pct::CWNuam1aYTiZ7WphD1,window_10_0pct,1784125732.976637,0,-0.33547406795107976,-0.2761723606358297,1.1454757210097604,0.2265566783559596,0.9198717811986885,-0.24857880454693093,-0.2336364198444551,-0.5674006052698465,1.0,0.0,0.0,1.0,0.0,0.0,0.0,0.0,0.0,1.0
window_10_0pct::CntIsqpaxXv6wSXP6,window_10_0pct,1784124622.576013,0,-0.384897326579719,-0.279719152119933,-0.5573540544579261,-0.3180207911559465,-0.5058838631448596,-0.2365801048600668,-0.22822686065834527,-0.23644418017722194,1.0,0.0,0.0,1.0,0.0,0.0,0.0,0.0,0.0,1.0
window_10_0pct::CpSJDF1EirfYjszQx7,window_10_0pct,1784125165.314023,0,0.2778716458775599,0.1867882454362476,-0.046352165402836897,-0.0018145185361300583,-0.04760526317729048,-0.24920971428439415,-0.2369690398873756,-0.011274632703651416,1.0,0.0,0.0,1.0,0.0,0.0,0.0,0.0,0.0,1.0
window_10_0pct::CaPEzC1vMn6kMoCVPl,window_10_0pct,1784125705.401076,0,-0.38894628461050834,-0.09299101222155122,-0.5306291697638502,-0.2477527305737651,-0.45496401870401854,0.005243901211501341,-0.15609142093904613,0.3795375758500489,1.0,0.0,0.0,1.0,0.0,0.0,0.0,0.0,0.0,1.0
window_10_0pct::CpyOTL1RFDADphuzIb,window_10_0pct,1784125623.057459,0,0.09803451350322914,-0.08506289008061435,-0.25554130656544866,-0.12478362455494757,-0.225824718720234,-0.2493862279942041,-0.23696635999063773,-0.16925270047182894,1.0,0.0,0.0,1.0,0.0,0.0,0.0,0.0,0.0,1.0
window_10_0pct::CNetAD4Scy2LKDeVh8,window_10_0pct,1784124459.009953,0,-0.38880854236462714,-0.10050186477612301,-0.5306291697638502,-0.2477527305737651,-0.45496401870401854,-0.0394642945782626,-0.1684385246299909,0.3528545006392568,1.0,0.0,0.0,1.0,0.0,0.0,0.0,0.0,0.0,1.0
window_10_0pct::Cu55k82hixZkdhMZC,window_10_0pct,1784124800.293303,0,0.13774215596517184,-0.09820688205111495,-0.3479524738303376,-0.195051685137129,-0.276744563161075,-0.24943487173872275,-0.23701737715150034,-0.09104663767653487,1.0,0.0,0.0,1.0,0.0,0.0,0.0,0.0,0.0,1.0
window_10_0pct::CH0N8A3eEmcUwFN85c,window_10_0pct,1784125732.895445,0,-0.22527679112742202,-0.28117959567221085,-0.5573540544579261,-0.3180207911559465,-0.5058838631448596,-0.24941775947961503,-0.23690072606426982,-0.24240043552149762,1.0,0.0,0.0,1.0,0.0,0.0,0.0,0.0,0.0,1.0
window_10_0pct::CbDyrUmuct4yIqOo5,window_10_0pct,1784124431.498022,0,0.05479677095971882,-0.08485425528743179,-0.4804722120828381,-0.2477527305737651,-0.42950409648359805,-0.24934578483179648,-0.23702258205222324,0.21119593537829845,1.0,0.0,0.0,1.0,0.0,0.0,0.0,0.0,0.0,1.0
window_10_0pct::Cxxu7310i0LJ1gykf6,window_10_0pct,1784124321.653708,0,0.11242701427941579,-0.27909324774038535,-0.5940211061129143,-0.3180207911559465,-0.5058838631448596,-0.2496709513178664,-0.23707671615586817,-0.13958098273865396,1.0,0.0,0.0,1.0,0.0,0.0,0.0,0.0,0.0,1.0
window_10_0pct::CYj4wv1jZs8uAq44Pk,window_10_0pct,1784126089.962418,0,-0.11601207937511857,0.26293994494787815,-0.0007626562188250298,0.1035875723371421,0.003314581263550526,-0.24816574484379117,-0.23658594938403402,0.028144501544759705,1.0,0.0,0.0,1.0,0.0,0.0,0.0,0.0,0.0,1.0
window_10_0pct::CZpAcz2E5vnK9mCXH7,window_10_0pct,1784124013.115055,0,1.2681009931238367,1.1552709553896423,2.668220562016651,1.280577587088681,2.2947075811013957,-0.24914886975467052,-0.23687400943642267,-0.27428141636857967,1.0,0.0,0.0,1.0,0.0,0.0,0.0,0.0,0.0,1.0
window_10_0pct::CTy0pIvDbQIwrDYp6,window_10_0pct,1784124915.45065,0,-0.3887749688264348,-0.1895889214650716,-0.4767545214457448,-0.2477527305737651,-0.42950409648359805,-0.11407110641336474,-0.17089836824954535,-0.0957365241211927,1.0,0.0,0.0,1.0,0.0,0.0,0.0,0.0,0.0,1.0
window_03_5pct::CmTvGB1eOtVIUvohvg,window_03_5pct,1783700381.328191,1,-0.38971290352885773,-0.36984938277479434,-0.7379063557416712,-0.4585569123203094,-0.7095632409082235,-0.24979859986280267,89.33754977592461,-0.6040302242810942,1.0,0.0,0.0,0.0,1.0,0.0,1.0,0.0,0.0,0.0
window_10_0pct::CBULzB3gTnbMXPJaZa,window_10_0pct,1784124514.115818,0,-0.3894038561741139,-0.36984938277479434,-0.7379063557416712,-0.4058558668836733,-0.684103318687803,-0.24979859986280267,-0.17529073865352285,-0.6040302242810942,1.0,0.0,0.0,0.0,1.0,0.0,0.0,0.0,0.0,1.0
window_10_0pct::CaHOI12WSwivnsgQX9,window_10_0pct,1784125933.326587,0,-0.3398654013449552,-0.00911982536216634,1.3696418444532334,0.3495257843747771,1.1235511589620526,-0.2446876392726278,-0.23265438951825443,-0.4779803281506727,1.0,0.0,0.0,1.0,0.0,0.0,0.0,0.0,0.0,1.0
window_10_0pct::CfN14q3vRxLtgG7X9j,window_10_0pct,1784124591.241476,0,-0.3892250357167974,-0.36984938277479434,-0.7379063557416712,-0.4058558668836733,-0.684103318687803,-0.24979859986280267,-0.19796636913214907,-0.6040302242810942,1.0,0.0,0.0,0.0,1.0,0.0,0.0,0.0,0.0,1.0
window_10_0pct::CThPUu4BXh5wDwW9pa,window_10_0pct,1784124936.298179,0,-0.012110155881251465,-0.27909324774038535,-0.5955506702607468,-0.3355878063014919,-0.53134378536528,-0.2496288515545215,-0.23706111530859067,-0.13459137584652386,1.0,0.0,0.0,1.0,0.0,0.0,0.0,0.0,0.0,1.0
window_10_0pct::Co3Md8397coAU8Jj7l,window_10_0pct,1784125744.369397,0,0.6876091694970575,0.38519993375285216,0.01376820318558509,0.1035875723371421,0.02877450348397103,-0.2493036121613623,-0.23701595632947495,0.13570423509092708,1.0,0.0,0.0,1.0,0.0,0.0,0.0,0.0,0.0,1.0
window_10_0pct::CkwUrW1doChw6MlTa1,window_10_0pct,1784125433.371076,0,0.03574066553636705,-0.09382555139428142,-0.25554130656544866,-0.1599176548460383,-0.225824718720234,-0.24934039570735572,-0.23696013035791674,-0.18263047043519093,1.0,0.0,0.0,1.0,0.0,0.0,0.0,0.0,0.0,1.0
window_08_22pct::Cr5jpn1QTrFvbLsmy8,window_08_22pct,1783718128.510394,1,-0.3892362553634239,-0.3531585993201904,-0.6852426123739334,-0.38828885173812794,-0.6077235520265416,-0.22507026713197267,-0.18701421148177622,-0.37072068314587064,1.0,0.0,0.0,1.0,0.0,0.0,0.0,0.0,0.0,1.0
window_10_0pct::CteMpL2Oz5JpIvV3l8,window_10_0pct,1784124211.057316,0,0.28243197853474966,0.08706081429498896,-0.37008866608091556,-0.12478362455494757,-0.3022044853814955,-0.24931849888635768,-0.23702014470593188,0.3107479881168458,1.0,0.0,0.0,1.0,0.0,0.0,0.0,0.0,0.0,1.0
window_04_7pct::CJbF542WS6Z8S0Qdkb,window_04_7pct,1783703131.358248,1,-0.3892757109428067,-0.3531585993201904,-0.6852426123739334,-0.38828885173812794,-0.6077235520265416,-0.22283886700567201,-0.18248900965291842,-0.37072068314587064,1.0,0.0,0.0,1.0,0.0,0.0,0.0,0.0,0.0,1.0
window_10_0pct::CMfCAF1toNNHSmSzG9,window_10_0pct,1784124503.103222,0,1.0510575482973983,0.6704036960333972,0.8635260630926096,0.4549278752480493,0.7925721700965861,-0.249288671850645,-0.2369865314166557,-0.1256565304587052,1.0,0.0,0.0,1.0,0.0,0.0,0.0,0.0,0.0,1.0
window_10_0pct::CqnOPn4dtppD3U0Uwa,window_10_0pct,1784125431.973852,0,1.4302398535216772,0.28609840699114114,1.283625105084145,0.5076289206846853,1.098091236741632,-0.24954404944448255,-0.23701529403659577,-0.3650693155157285,1.0,0.0,0.0,1.0,0.0,0.0,0.0,0.0,0.0,1.0
window_10_0pct::CFPsoj4mL0FIWSCPx4,window_10_0pct,1784125467.042273,0,1.0040162281202023,0.8919738463932648,4.046209151588379,1.7197529657273152,3.414944158799898,-0.24915918195793607,-0.23673360137598262,-0.4097907071924583,1.0,0.0,0.0,1.0,0.0,0.0,0.0,0.0,0.0,1.0
window_10_0pct::Ca5fTqpLHRHUnMIx7,window_10_0pct,1784124275.772588,0,0.33867130592909295,-0.09570326453292437,-0.2695410673074169,-0.14235063970049294,-0.225824718720234,-0.2495327807426353,-0.23703769320276005,-0.17298746082852717,1.0,0.0,0.0,1.0,0.0,0.0,0.0,0.0,0.0,1.0
window_10_0pct::CMddDp39ggphMsRUJl,window_10_0pct,1784125467.039119,0,1.0040497909831836,1.0451117845892561,1.803421987989272,0.9643713144688647,1.5818297589296217,-0.24908159791111226,-0.23688111831511272,-0.19399348886725218,1.0,0.0,0.0,1.0,0.0,0.0,0.0,0.0,0.0,1.0
window_10_0pct::CeMRFd36mDuf5d4NS3,window_10_0pct,1784124869.671749,0,-0.38834484322998103,-0.10676090857159949,-0.5306291697638502,-0.26531974571931044,-0.45496401870401854,-0.11398467259157642,-0.19522602887918655,0.3306186046302633,1.0,0.0,0.0,1.0,0.0,0.0,0.0,0.0,0.0,1.0
window_10_0pct::Ceu4Qy1OmUvZERjhVi,window_10_0pct,1784124684.851033,0,-0.0642351609286363,-0.0074507470167059445,-0.1805076875356584,-0.10721660940940221,-0.14944495205897249,-0.24901222457520775,-0.23685392800392494,-0.12523839298003908,1.0,0.0,0.0,1.0,0.0,0.0,0.0,0.0,0.0,1.0
window_10_0pct::CU4Mch2JkvNSyqDpfe,window_10_0pct,1784124814.331947,0,-0.11071291537347917,0.16884565322254835,-0.3243929371644153,-0.10721660940940221,-0.2512846409406545,-0.24843494842407246,-0.23680253894249406,0.3553123366736767,1.0,0.0,0.0,1.0,0.0,0.0,0.0,0.0,0.0,1.0
window_10_0pct::CWXMKp42cxHCPEdQza,window_10_0pct,1784125480.978862,0,0.35346753250524693,0.009865940817445662,-0.12412625353082732,-0.0720825791183115,-0.12398502983855199,-0.2494377483807514,-0.23701444280646364,-0.14844152422054954,1.0,0.0,0.0,1.0,0.0,0.0,0.0,0.0,0.0,1.0
window_10_0pct::C5bA5X2GYzh1dCXvX4,window_10_0pct,1784125086.15325,0,0.1919602175825929,0.20473083764994687,0.06335157431115997,0.05088652690050602,0.07969434792481203,-0.2491009519401358,-0.2369158207641789,-0.07593836456216481,1.0,0.0,0.0,1.0,0.0,0.0,0.0,0.0,0.0,1.0
window_10_0pct::CaZT9Q1L5ptNOqwS1b,window_10_0pct,1784125889.491608,0,-0.3893898075966064,-0.27846734336083767,-0.5573540544579261,-0.3355878063014919,-0.5058838631448596,-0.050078265315833696,-0.11879867944729089,-0.23133881845355705,1.0,0.0,0.0,1.0,0.0,0.0,0.0,0.0,0.0,1.0
window_10_0pct::CeHNWy4YnCtbowsdl7,window_10_0pct,1784124061.053931,0,0.3540326781688094,-0.2761723606358297,-0.5306929016033433,-0.2828867608648558,-0.45496401870401854,-0.24970964425813896,-0.23709169685245565,-0.2711306340134184,1.0,0.0,0.0,1.0,0.0,0.0,0.0,0.0,0.0,1.0
window_10_0pct::CdJqH94XL4As6rdvw1,window_10_0pct,1784125471.162278,0,-0.38603022265829684,-0.36984938277479434,-0.7379063557416712,-0.4058558668836733,-0.684103318687803,-0.24979859986280267,-0.2319693720119014,-0.6040302242810942,1.0,0.0,0.0,0.0,1.0,0.0,0.0,0.0,0.0,1.0
window_10_0pct::C9XEME3qGLhiIDygy2,window_10_0pct,1784124795.591355,0,0.49984477498214763,-0.008076651396253593,-0.1925317612533428,-0.08964959426385685,-0.12398502983855199,-0.24951137213719216,-0.23704416563717523,-0.11552786483019988,1.0,0.0,0.0,1.0,0.0,0.0,0.0,0.0,0.0,1.0
window_10_0pct::CtVGtbSwmMQnNCd15,window_10_0pct,1784125716.718942,0,-0.3154988375468614,-0.27846734336083767,-0.5573540544579261,-0.3180207911559465,-0.5058838631448596,-0.2489289609245293,-0.236582597114811,-0.23133881845355705,1.0,0.0,0.0,1.0,0.0,0.0,0.0,0.0,0.0,1.0
window_10_0pct::CDjgzqMjEq3GkMXG6,window_10_0pct,1784125389.735287,0,-0.3202228638875621,-0.09674643849883711,-0.5306291697638502,-0.2477527305737651,-0.45496401870401854,-0.24702292777244544,-0.2362679676589964,0.3661960382446528,1.0,0.0,0.0,1.0,0.0,0.0,0.0,0.0,0.0,1.0
window_10_0pct::CRradA1SZFZaKiYj3f,window_10_0pct,1784124346.414281,0,-0.38971206018719884,-0.3631730693929528,-0.7368866463097827,-0.4585569123203094,-0.7095632409082235,5.008504724400122,5.094665696308897,4.119297628905474,0.0,1.0,1.0,0.0,0.0,0.0,0.0,0.0,0.0,1.0
window_10_0pct::Cw0ylKRPJoEfqlM81,window_10_0pct,1784126313.951026,0,-0.19866208129574386,-0.36984938277479434,-0.7379063557416712,-0.4058558668836733,-0.684103318687803,-0.24979859986280267,-0.23706230797455388,-0.6040302242810942,1.0,0.0,0.0,0.0,1.0,0.0,0.0,0.0,0.0,1.0
window_10_0pct::ClJFpI1SIbKnF3r5Tj,window_10_0pct,1784123939.368747,0,0.34112090386704247,0.17656514057030268,1.3190812517887656,0.49006190553914,1.098091236741632,-0.24927055813590362,-0.2368025977690757,-0.40840325341287775,1.0,0.0,0.0,1.0,0.0,0.0,0.0,0.0,0.0,1.0
window_10_0pct::CqnoreI9CRnwvyxwg,window_10_0pct,1784124737.626604,0,-0.10430983849077935,-0.27909324774038535,-0.6034321744113845,-0.3180207911559465,-0.53134378536528,-0.24957401424148162,-0.23701163973591668,-0.10708200722083674,1.0,0.0,0.0,1.0,0.0,0.0,0.0,0.0,0.0,1.0
window_10_0pct::CbwJrYqnPBF7Drtll,window_10_0pct,1784124041.306664,0,-0.09113167497691294,-0.10029322998294046,1.224609421713602,0.27925772379259567,0.9962515478599501,-0.2491609954114456,-0.2364738563763605,-0.5028783235488227,1.0,0.0,0.0,1.0,0.0,0.0,0.0,0.0,0.0,1.0
window_05_12pct::Cv67t41kWdabVzP719,window_05_12pct,1783706881.143399,1,-0.3892498555820748,-0.3531585993201904,-0.6852426123739334,-0.38828885173812794,-0.6077235520265416,-0.22434405298524765,-0.1855414744561892,-0.37072068314587064,1.0,0.0,0.0,1.0,0.0,0.0,0.0,0.0,0.0,1.0
window_10_0pct::CtTr3u5C6PTv8Kqee,window_10_0pct,1784126037.638872,0,-0.3854107401713959,0.19680271550901,1.722864942870086,0.5603299661213215,1.4290702256070986,-0.15677591171528144,-0.1715944585930856,-0.4344465049784544,1.0,0.0,0.0,1.0,0.0,0.0,0.0,0.0,0.0,1.0
window_10_0pct::CKxOYN2g6E9m1N2RU5,window_10_0pct,1784125496.207188,0,0.12103460760886615,-0.01329252122581733,0.9985950749248312,0.3670927995203225,0.8180320923170066,-0.24930555417664182,-0.23671307854161858,-0.45281657426270694,1.0,0.0,0.0,1.0,0.0,0.0,0.0,0.0,0.0,1.0
window_10_0pct::ClVynF2jpaYl0qXmlk,window_10_0pct,1784125487.897206,0,0.8784835411696684,0.7455122215791151,3.0319169260568573,1.1927425113609544,2.5747667255260214,-0.24917745369548575,-0.23680425670668098,-0.3861414242237497,1.0,0.0,0.0,1.0,0.0,0.0,0.0,0.0,0.0,1.0
window_10_0pct::Clwm7pafjUhYdcSP6,window_10_0pct,1784124133.212532,0,0.29294352774885013,-0.0018176076007771086,-0.20500195784747838,-0.08964959426385685,-0.14944495205897249,-0.2494178429772437,-0.23700832783903286,-0.09544778995762426,1.0,0.0,0.0,1.0,0.0,0.0,0.0,0.0,0.0,1.0
window_10_0pct::CRV6kV3CUHOpGtP74l,window_10_0pct,1784124877.26936,0,0.23184273067382943,0.17593923619075502,0.6699087347127941,0.27925772379259567,0.5634328701128016,-0.2491784322248353,-0.23683164442411272,-0.3185244064464467,1.0,0.0,0.0,1.0,0.0,0.0,0.0,0.0,0.0,1.0
window_10_0pct::CVet8Q2sn84a3CQUpc,window_10_0pct,1784125436.28849,0,-0.38283529217247675,-0.1895889214650716,-0.4767545214457448,-0.21261870028267438,-0.42950409648359805,-0.2312878442895086,-0.22673486323494493,-0.0957365241211927,1.0,0.0,0.0,1.0,0.0,0.0,0.0,0.0,0.0,1.0
window_10_0pct::Ca29wd3oz5u7tlbWnd,window_10_0pct,1784125395.536383,0,-0.13797845011117837,0.378314985577828,0.2583710031598221,0.17385563291932354,0.23245388124733507,-0.247699568444238,-0.23645967616568428,-0.050998358320109315,1.0,0.0,0.0,1.0,0.0,0.0,0.0,0.0,0.0,1.0
window_10_0pct::CE2vqF10mjWwLrH515,window_10_0pct,1784124279.366614,0,-0.38843769621414553,0.08101040529269503,-0.2156026871498185,-0.0720825791183115,-0.174904874279393,-0.00010512175467463359,-0.150931940371077,0.03165690591737508,1.0,0.0,0.0,1.0,0.0,0.0,0.0,0.0,0.0,1.0
window_10_0pct::C8Azv82zXhCjWSf9F1,window_10_0pct,1784126034.779493,0,0.18629343134415519,-0.09382555139428142,-0.2470649719128761,-0.0720825791183115,-0.174904874279393,-0.24946015809943067,-0.23697149834890327,-0.18990730336968914,1.0,0.0,0.0,1.0,0.0,0.0,0.0,0.0,0.0,1.0
window_10_0pct::CaocWE1zQSwMZNty1h,window_10_0pct,1784124063.630887,0,-0.3144183887792976,-0.36984938277479434,-0.7379063557416712,-0.4058558668836733,-0.684103318687803,-0.24979859986280267,-0.23690841320298345,-0.6040302242810942,1.0,0.0,0.0,0.0,1.0,0.0,0.0,0.0,0.0,1.0
window_10_0pct::CsnlVjzlTIf7p3C58,window_10_0pct,1784126059.115563,0,-0.22457845085780975,-0.36984938277479434,-0.7379063557416712,-0.4058558668836733,-0.684103318687803,-0.24979859986280267,-0.23704659786622395,-0.6040302242810942,1.0,0.0,0.0,0.0,1.0,0.0,0.0,0.0,0.0,1.0
window_10_0pct::CtBu044IQMuyYV5YDf,window_10_0pct,1784125185.381518,0,-0.08712697637039885,-0.18249533849686495,-0.3234794474650153,-0.17748466999158366,-0.3022044853814955,-0.2493613004045323,-0.23689379391568668,-0.2711135701152039,1.0,0.0,0.0,1.0,0.0,0.0,0.0,0.0,0.0,1.0
window_10_0pct::CfKIR44Ex4VvaKz7Z5,window_10_0pct,1784124921.752057,0,-0.3892716116618319,-0.19584796526054812,1.1531235417489236,0.38465981466586785,0.9453317034191091,0.02864613207833872,0.2936603286914401,-0.5362672954086435,1.0,0.0,0.0,1.0,0.0,0.0,0.0,0.0,0.0,1.0
window_10_0pct::C1VmQy41hcAdjcHCK7,window_10_0pct,1784125716.718511,0,-0.31549478096673006,-0.09612053411928946,-0.47734935194767975,-0.2477527305737651,-0.42950409648359805,-0.24719379638187322,-0.23632494827706343,0.16958510729006301,1.0,0.0,0.0,1.0,0.0,0.0,0.0,0.0,0.0,1.0
window_10_0pct::CJZUDb3dZSS9dxlaD8,window_10_0pct,1784125045.324644,0,-0.3893646354493703,-0.18583349518778575,1.1531235417489236,0.38465981466586785,0.9453317034191091,0.12331386976543413,0.4354234640900562,-0.5323672707253371,1.0,0.0,0.0,1.0,0.0,0.0,0.0,0.0,0.0,1.0
window_10_0pct::CVDaKi2SWYrDH9mOFl,window_10_0pct,1784125543.730412,0,0.8504870213675106,0.27504076295246604,0.47499552559662034,0.1914226480648689,0.4615931812311196,-0.24943135249588452,-0.23701591467091163,-0.2124731082268292,1.0,0.0,0.0,1.0,0.0,0.0,0.0,0.0,0.0,1.0
window_10_0pct::CZRKjP2VXdg7gttxPk,window_10_0pct,1784124939.527987,0,-0.23604577305170021,-0.27909324774038535,-0.5815509095187786,-0.3180207911559465,-0.5058838631448596,-0.24938148128830445,-0.23688238727872762,-0.17661830168790169,1.0,0.0,0.0,1.0,0.0,0.0,0.0,0.0,0.0,1.0
window_10_0pct::CTkEiPFNME7ciINlk,window_10_0pct,1784125060.409836,0,-0.3879565858105672,-0.1895889214650716,-0.4767545214457448,-0.26531974571931044,-0.42950409648359805,-0.1773134791573403,-0.20449634263255811,-0.0957365241211927,1.0,0.0,0.0,1.0,0.0,0.0,0.0,0.0,0.0,1.0
window_10_0pct::CAOG3O8Udj4ZqJEdg,window_10_0pct,1784125524.223358,0,-0.1434005284907977,0.8368942609930717,1.2126703237819083,0.5603299661213215,1.047171392300791,-0.24633846231458967,-0.23601716718568214,-0.14842371621947148,1.0,0.0,0.0,1.0,0.0,0.0,0.0,0.0,0.0,1.0
window_10_0pct::CZwD8E9MSouveFU2l,window_10_0pct,1784124181.691277,0,0.36088803171052247,0.11147108509734725,0.273178033868702,0.0157524966094153,0.23245388124733507,-0.24934571284935284,-0.23698405684445603,-0.2534556165834834,1.0,0.0,0.0,1.0,0.0,0.0,0.0,0.0,0.0,1.0
window_10_0pct::CdJKWzABAx7w1qVgg,window_10_0pct,1784125913.624728,0,1.3285605516321997,0.6247126763264189,0.4778847023203042,0.29682473893814104,0.4615931812311196,-0.24938980609846792,-0.23703997874961363,-0.0015982545384732568,1.0,0.0,0.0,1.0,0.0,0.0,0.0,0.0,0.0,1.0
window_10_0pct::CgIOKQEcfHbwLdTz,window_10_0pct,1784126000.656179,0,-0.37524964745501166,-0.10488319543295654,-0.5122106681503654,-0.2477527305737651,-0.45496401870401854,-0.23685999506724487,-0.23286499235402786,0.26047769425949435,1.0,0.0,0.0,1.0,0.0,0.0,0.0,0.0,0.0,1.0
window_10_0pct::C2T2f22vzX7v6wvmG9,window_10_0pct,1784125893.20026,0,0.9475769540262267,0.2618967709819654,0.0925195128524686,0.06845354204605138,0.13061419236565305,-0.24946495710083344,-0.23705157727017,-0.043791294417924405,1.0,0.0,0.0,1.0,0.0,0.0,0.0,0.0,0.0,1.0
window_10_0pct::Ca33zv1se7FmCrcUZ1,window_10_0pct,1784125960.653344,0,-0.321069739041247,0.014038636681096651,-0.13353732182929762,-0.08964959426385685,-0.12398502983855199,-0.2458488318004057,-0.2356300636574582,-0.13626304585040336,1.0,0.0,0.0,1.0,0.0,0.0,0.0,0.0,0.0,1.0
window_10_0pct::CMIlaj3m1a8QGh8zjl,window_10_0pct,1784125663.933815,0,0.21722732081942506,0.10124798023140233,1.508067399832088,0.5603299661213215,1.2763106922845755,-0.24925041204068912,-0.23669764015269942,-0.44956008258778546,1.0,0.0,0.0,1.0,0.0,0.0,0.0,0.0,0.0,1.0
window_10_0pct::C8TJNjZMUJSpwIiWe,window_10_0pct,1784125106.774633,0,-0.145910345293276,-0.17310677280365022,-0.6610245133665831,-0.3355878063014919,-0.582263629806121,-0.24922866562887167,-0.23700552423736185,1.2800409956100638,1.0,0.0,0.0,1.0,0.0,0.0,0.0,0.0,0.0,1.0
window_10_0pct::CegMGuVqSF3y7UVgk,window_10_0pct,1784126049.374979,0,0.08709235830818572,0.6393171118491974,0.6802757806036598,0.5076289206846853,0.6398126367740631,-0.24830378845233664,-0.23660087241432098,-0.07998717678711036,1.0,0.0,0.0,1.0,0.0,0.0,0.0,0.0,0.0,1.0
window_10_0pct::COWH4U3l8z8b50jPZj,window_10_0pct,1784125674.793327,0,-0.32310577931001605,-0.279719152119933,-0.5573540544579261,-0.3180207911559465,-0.5058838631448596,-0.248842916291045,-0.23651637898368455,-0.23644418017722194,1.0,0.0,0.0,1.0,0.0,0.0,0.0,0.0,0.0,1.0
window_10_0pct::CcPMT32xfTsD8ezAMf,window_10_0pct,1784125153.556845,0,0.0992379940760926,-0.0074507470167059445,-0.08898876602367185,-0.054515563972766135,-0.09852510761813149,-0.24927513693691392,-0.23692772904735585,-0.19276172454271123,1.0,0.0,0.0,1.0,0.0,0.0,0.0,0.0,0.0,1.0
window_10_0pct::CeUQef4zN0VMbmj7Tf,window_10_0pct,1784124759.226872,0,-0.12794028244798494,0.09978753667912448,1.3046141242238485,0.41979384495695854,1.0726313145212116,-0.24853152408156304,-0.23623092094510725,-0.434700207848371,1.0,0.0,0.0,1.0,0.0,0.0,0.0,0.0,0.0,1.0
window_10_0pct::CQSOvCgVyatUp6lQ1,window_10_0pct,1784125193.120342,0,-0.30874865618265923,-0.2818055000517585,-0.5955506702607468,-0.3355878063014919,-0.53134378536528,-0.24903058382928564,-0.23668998996244833,-0.14862058281123522,1.0,0.0,0.0,1.0,0.0,0.0,0.0,0.0,0.0,1.0
window_10_0pct::CYbLsA4gJQ2eZ0efcf,window_10_0pct,1784124393.296109,0,-0.03809466531431319,-0.27784143898129005,-0.5573540544579261,-0.3004537760104012,-0.5058838631448596,-0.24961379281264356,-0.2370264345696665,-0.2287861375917246,1.0,0.0,0.0,1.0,0.0,0.0,0.0,0.0,0.0,1.0
window_10_0pct::Cyzr9kw9TBsMECR02,window_10_0pct,1784126049.513586,0,0.2535888718096003,0.5621222383716541,0.15091912177457886,0.1914226480648689,0.13061419236565305,-0.24877541861631874,-0.23687998658164017,0.16814963536953578,1.0,0.0,0.0,1.0,0.0,0.0,0.0,0.0,0.0,1.0
window_10_0pct::Cj1abp1OAr2qyx30Pj,window_10_0pct,1784124376.703405,0,0.3402381493296168,0.29214881599343506,-0.1192613897828596,-0.036948548827220776,-0.07306518539771098,-0.2491580872206973,-0.23699866119593957,0.18400035035952111,1.0,0.0,0.0,1.0,0.0,0.0,0.0,0.0,0.0,1.0
window_10_0pct::CxAQcI1BBCkanPU2S2,window_10_0pct,1784126313.951258,0,-0.19866268978276358,-0.36984938277479434,-0.7379063557416712,-0.4058558668836733,-0.684103318687803,-0.24979859986280267,-0.2370623076557332,-0.6040302242810942,1.0,0.0,0.0,0.0,1.0,0.0,0.0,0.0,0.0,1.0
window_10_0pct::COF8zuDtd7WPMUV81,window_10_0pct,1784125013.803885,0,0.5323328577330579,-0.19376161732872263,-0.4149983689770018,-0.2477527305737651,-0.37858425204275703,-0.24966372179034682,-0.23709500024227725,-0.20245724656502354,1.0,0.0,0.0,1.0,0.0,0.0,0.0,0.0,0.0,1.0
window_10_0pct::CGbENk2NU6rJrQ2ntf,window_10_0pct,1784125308.741025,0,-0.3363764221756664,-0.36984938277479434,-0.7379063557416712,-0.4058558668836733,-0.684103318687803,-0.24979859986280267,-0.23680384566612242,-0.6040302242810942,1.0,0.0,0.0,0.0,1.0,0.0,0.0,0.0,0.0,1.0
window_10_0pct::CkZ3Fq4mUUXXcxkpAe,window_10_0pct,1784125583.232976,0,0.1926574689806962,0.09874436271321173,0.3913368642887738,0.1035875723371421,0.3088336479085966,-0.24923032055269564,-0.23689148659677575,-0.29843716765485345,1.0,0.0,0.0,1.0,0.0,0.0,0.0,0.0,0.0,1.0
window_10_0pct::CtdCF9lIkDS3DYwob,window_10_0pct,1784124701.333453,0,0.3148982518298486,0.08205357925860778,-0.07280087879244304,-0.019381533681675417,-0.02214534095686998,-0.2493456393853631,-0.23698598679848062,-0.10366922747296477,1.0,0.0,0.0,1.0,0.0,0.0,0.0,0.0,0.0,1.0
window_10_0pct::CDQXOW9ET6KtHInvj,window_10_0pct,1784124230.399905,0,-0.3874261452575494,-0.18917165187870652,1.1531235417489236,0.2265566783559596,0.9453317034191091,-0.19399799565360967,-0.15353252797353487,-0.5336672789531058,1.0,0.0,0.0,1.0,0.0,0.0,0.0,0.0,0.0,1.0
window_07_17pct::Cf4rjE22tJaMqHU4j1,window_07_17pct,1783715380.759451,1,-0.07829567332191523,-0.32603607620645897,-0.7379063557416712,-0.3355878063014919,-0.582263629806121,-0.2496992361095664,-0.23703958714799486,1518.2410825660247,1.0,0.0,0.0,1.0,0.0,0.0,0.0,1.0,0.0,0.0
window_10_0pct::CJo8By2ZLmZhBoe8Cf,window_10_0pct,1784125080.613662,0,0.2965181541349648,0.4388190756007674,1.5353871150280989,0.6481650418490482,1.301770614504996,-0.2489663288477475,-0.2367165059027713,-0.34205899519368255,1.0,0.0,0.0,1.0,0.0,0.0,0.0,0.0,0.0,1.0
window_10_0pct::CAJ6Lq4jz5acGy6o33,window_10_0pct,1784125941.499814,0,0.4101937882930938,0.18303281915896172,0.29414580906190785,0.15628861777377817,0.28337372568817604,-0.24931044466275493,-0.23694723340127163,-0.20951417298105265,1.0,0.0,0.0,1.0,0.0,0.0,0.0,0.0,0.0,1.0
window_10_0pct::CGHF4fh8yF97A0hW7,window_10_0pct,1784124516.906765,0,0.41364855341153794,0.2979905902025465,0.08402193425339835,0.1035875723371421,0.07969434792481203,-0.24921148096599102,-0.2369660130148334,-0.0056600845486144856,1.0,0.0,0.0,1.0,0.0,0.0,0.0,0.0,0.0,1.0
window_10_0pct::CxgMp91OIToZ0qbNA9,window_10_0pct,1784124308.635362,0,-0.38953126481587097,-0.279719152119933,-0.5573540544579261,-0.3180207911559465,-0.5058838631448596,0.10054898942710078,-0.00033150233629398497,-0.23644418017722194,1.0,0.0,0.0,1.0,0.0,0.0,0.0,0.0,0.0,1.0
window_10_0pct::CRZne53N3Aot1z2nck,window_10_0pct,1784125079.17841,0,-0.3893101705235015,-0.27450328229036924,-0.5573540544579261,-0.3180207911559465,-0.5058838631448596,-0.08261532548976958,-0.1303308378571658,-0.21517183966195153,1.0,0.0,0.0,1.0,0.0,0.0,0.0,0.0,0.0,1.0
window_10_0pct::Co6UAi1ElxOHriokT,window_10_0pct,1784125048.345852,0,0.2692381438113232,-0.1038400214670438,-0.325922501312248,-0.195051685137129,-0.276744563161075,-0.2495134925203161,-0.23704631896087464,-0.1285450426079111,1.0,0.0,0.0,1.0,0.0,0.0,0.0,0.0,0.0,1.0
window_10_0pct::CFJOJJcuEHcx9JE1a,window_10_0pct,1784124376.707675,0,0.3401922032220238,0.36976095905734346,1.7461483082315385,0.6305980267035028,1.4545301478275192,-0.2490829489812397,-0.23674973704468286,-0.3847594404593926,1.0,0.0,0.0,1.0,0.0,0.0,0.0,0.0,0.0,1.0
window_08_22pct::CiWlp1Vf5dxFt88E6,window_08_22pct,1783719128.51977,1,-0.38971289285364685,-0.36984938277479434,-0.7379063557416712,-0.4585569123203094,-0.7095632409082235,-0.24979859986280267,74.4084310782712,-0.6040302242810942,1.0,0.0,0.0,0.0,1.0,0.0,1.0,0.0,0.0,0.0
window_10_0pct::CMWWsK35bvM8oibCa3,window_10_0pct,1784124869.087289,0,0.9534346770863206,-0.1895889214650716,-0.4767545214457448,-0.2477527305737651,-0.37858425204275703,-0.24970381447394796,-0.23711613445654572,-0.0957365241211927,1.0,0.0,0.0,1.0,0.0,0.0,0.0,0.0,0.0,1.0
window_10_0pct::CTjMrm2kriwbfa6Mjg,window_10_0pct,1784124068.54191,0,-0.3895960313202313,-0.27825870856765517,1.1454757210097604,0.24412369350150498,0.9198717811986885,0.303432231260861,1.4393477696912866,-0.5682164097021682,1.0,0.0,0.0,1.0,0.0,0.0,0.0,0.0,0.0,1.0
window_10_0pct::CGQ4Jhrt3FHCMVOMd,window_10_0pct,1784125621.887274,0,-0.38888041855942823,-0.2818055000517585,-0.5955506702607468,-0.3180207911559465,-0.53134378536528,-0.17510908984264248,-0.18547673978552473,-0.14862058281123522,1.0,0.0,0.0,1.0,0.0,0.0,0.0,0.0,0.0,1.0
window_10_0pct::C06CaH3uDtnrEaMaJi,window_10_0pct,1784125316.680228,0,-0.3895210272886448,-0.10676090857159949,-0.5306291697638502,-0.23018571542821972,-0.45496401870401854,0.7183109329936308,0.11159057142767821,0.3306186046302633,1.0,0.0,0.0,1.0,0.0,0.0,0.0,0.0,0.0,1.0
window_10_0pct::CYD3980dOgXUXJwq1,window_10_0pct,1784124306.77223,0,-0.38864583080051646,-0.1895889214650716,-0.4767545214457448,-0.2477527305737651,-0.42950409648359805,-0.1304961385578367,-0.17891729638301074,-0.0957365241211927,1.0,0.0,0.0,1.0,0.0,0.0,0.0,0.0,0.0,1.0
window_08_22pct::CHKcG82s3UdLBcqTk3,window_08_22pct,1783718127.985695,1,-0.38971289285364685,-0.36984938277479434,-0.7379063557416712,-0.4585569123203094,-0.7095632409082235,-0.24979859986280267,74.4084310782712,-0.6040302242810942,1.0,0.0,0.0,0.0,1.0,0.0,1.0,0.0,0.0,0.0
window_03_5pct::CAidj61RGvKqhkUFQe,window_03_5pct,1783700381.326562,1,-0.3897128394775925,-0.36984938277479434,-0.7379063557416712,-0.4585569123203094,-0.7095632409082235,-0.24979859986280267,40.47861585633162,-0.6040302242810942,1.0,0.0,0.0,0.0,1.0,0.0,1.0,0.0,0.0,0.0
window_10_0pct::CSE0GB4PdDJ6EYVZCf,window_10_0pct,1784125894.131108,0,0.2236971711461291,0.009865940817445662,-0.11318562108452437,-0.0720825791183115,-0.09852510761813149,-0.2493614082209116,-0.23698313951562475,-0.15641990359116917,1.0,0.0,0.0,1.0,0.0,0.0,0.0,0.0,0.0,1.0
window_10_0pct::CHpcrb1qmjzQInLzmk,window_10_0pct,1784125404.634373,0,-0.2692293351157091,-0.09486872536019417,-0.5216217364488357,-0.23018571542821972,-0.45496401870401854,-0.24818669724298736,-0.23660684879261618,0.3321867499580501,1.0,0.0,0.0,1.0,0.0,0.0,0.0,0.0,0.0,1.0
window_10_0pct::Czw76x4eYcOKItKKQb,window_10_0pct,1784124475.256595,0,0.9127211842303875,0.5379206023624784,1.0420814334055732,0.5778969812668668,0.9198717811986885,-0.24930635100588133,-0.2369421541892073,-0.22845557584442477,1.0,0.0,0.0,1.0,0.0,0.0,0.0,0.0,0.0,1.0
window_10_0pct::CYXZRa2IdQieZOOjK7,window_10_0pct,1784125409.743342,0,-0.38703118380570795,-0.36984938277479434,-0.7379063557416712,-0.4058558668836733,-0.684103318687803,-0.24979859986280267,-0.23003109123022336,-0.6040302242810942,1.0,0.0,0.0,0.0,1.0,0.0,0.0,0.0,0.0,1.0
window_05_12pct::C44vZao7dbzgKlCwd,window_05_12pct,1783707880.689503,1,-0.38971289285364685,-0.36984938277479434,-0.7379063557416712,-0.4585569123203094,-0.7095632409082235,-0.24979859986280267,74.4084310782712,-0.6040302242810942,1.0,0.0,0.0,0.0,1.0,0.0,1.0,0.0,0.0,0.0
window_10_0pct::CQXZpa4IRYTi5CUg34,window_10_0pct,1784125825.380617,0,-0.3835585270338424,-0.004738494705332801,-0.38674392013509323,-0.1599176548460383,-0.327664407601916,-0.20789979584724577,-0.22317888812185793,0.1616247637163579,1.0,0.0,0.0,1.0,0.0,0.0,0.0,0.0,0.0,1.0
window_10_0pct::CiMXo421dBx7gUM3gl,window_10_0pct,1784125414.029074,0,-0.06029402252765397,-0.18645939956733337,-0.46275476070377664,-0.2477527305737651,-0.4040441742631775,-0.24940541958778564,-0.23697372964178298,-0.11322101510995947,1.0,0.0,0.0,1.0,0.0,0.0,0.0,0.0,0.0,1.0
window_05_12pct::CNelr12YbIhO85oaK4,window_05_12pct,1783706880.639727,1,-0.3897128394775925,-0.36984938277479434,-0.7379063557416712,-0.4585569123203094,-0.7095632409082235,-0.24979859986280267,40.47861585633162,-0.6040302242810942,1.0,0.0,0.0,0.0,1.0,0.0,1.0,0.0,0.0,0.0
window_10_0pct::CvaWjm11r6qsWN8GAl,window_10_0pct,1784125857.704399,0,-0.35054744435189206,-0.2740860127040042,-0.12208683466705046,-0.195051685137129,-0.12398502983855199,-0.24807172735261104,-0.23520920396528508,-0.4895122532985458,1.0,0.0,0.0,1.0,0.0,0.0,0.0,0.0,0.0,1.0
window_10_0pct::CjDG5qTNM7I5w9mSi,window_10_0pct,1784125335.026937,0,-0.17373608307190405,0.5744316911694245,0.13473123454335004,0.15628861777377817,0.13061419236565305,-0.24671073202559884,-0.23636546721959772,0.1928617490018963,1.0,0.0,0.0,1.0,0.0,0.0,0.0,0.0,0.0,1.0
window_10_0pct::CC2VVg2Y3JOdHLVMil,window_10_0pct,1784124900.351186,0,-0.3232090726504133,-0.17999172097867436,-0.3962187202730566,-0.21261870028267438,-0.35312432982233655,-0.2477823433385297,-0.23608401929123923,-0.19485010892985657,1.0,0.0,0.0,1.0,0.0,0.0,0.0,0.0,0.0,1.0
window_10_0pct::C6yewI1ze5QJwjhQT3,window_10_0pct,1784126081.095013,0,-0.08201583485784764,0.35140109725727914,-0.18297198532938877,-0.036948548827220776,-0.14944495205897249,-0.24814310685672922,-0.2367739480665886,0.35309888014177104,1.0,0.0,0.0,1.0,0.0,0.0,0.0,0.0,0.0,1.0
window_10_0pct::CjSKuA3piiuAvWt3P9,window_10_0pct,1784125848.778413,0,-0.3897122309905728,-0.3631730693929528,-0.7368866463097827,-0.4585569123203094,-0.7095632409082235,6.245752565403164,6.349213486027672,4.119297628905474,0.0,1.0,1.0,0.0,0.0,0.0,0.0,0.0,0.0,1.0
window_10_0pct::C5FZm53LJSSmvF5FB6,window_10_0pct,1784124080.822912,0,-0.3882629003113277,-0.1916752693968971,1.1531235417489236,0.3143917540836864,0.9453317034191091,-0.16301766521340408,-0.08878784809068717,-0.5346422851239325,1.0,0.0,0.0,1.0,0.0,0.0,0.0,0.0,0.0,1.0
window_10_0pct::CsvTef1fdyWwkNAyhd,window_10_0pct,1784124070.24197,0,-0.3892156628816518,-0.279719152119933,-0.5573540544579261,-0.3180207911559465,-0.5058838631448596,-0.12179507999086904,-0.15063351491676089,-0.23644418017722194,1.0,0.0,0.0,1.0,0.0,0.0,0.0,0.0,0.0,1.0
window_10_0pct::Ci8Qg82vlzAUUQh7gf,window_10_0pct,1784125886.508246,0,0.35170713685640326,0.36037239336412874,1.7192747159119788,0.736000117576775,1.4545301478275192,-0.24910300703178764,-0.23671745444700723,-0.38517520021895185,1.0,0.0,0.0,1.0,0.0,0.0,0.0,0.0,0.0,1.0
window_10_0pct::CRhzA24ypLpsVIMu0l,window_10_0pct,1784124838.481758,0,-0.3887735490233888,-0.36984938277479434,-0.7379063557416712,-0.4058558668836733,-0.684103318687803,-0.24979859986280267,-0.21680428952045397,-0.6040302242810942,1.0,0.0,0.0,0.0,1.0,0.0,0.0,0.0,0.0,1.0
window_10_0pct::CvPQVQ1s4v3SUIYxSh,window_10_0pct,1784125654.659098,0,-0.13890960605469757,-0.36984938277479434,-0.7379063557416712,-0.4058558668836733,-0.684103318687803,-0.24979859986280267,-0.23708615671314345,-0.6040302242810942,1.0,0.0,0.0,0.0,1.0,0.0,0.0,0.0,0.0,1.0
window_10_0pct::C9ikMh1ZBTL9ljBh6h,window_10_0pct,1784125238.448407,0,0.5416108863309013,-0.18374714725596025,-0.4385579056429241,-0.26531974571931044,-0.4040441742631775,-0.24965747109889552,-0.2371008054993509,-0.14621902420507923,1.0,0.0,0.0,1.0,0.0,0.0,0.0,0.0,0.0,1.0
window_05_12pct::CnChvb40vcis0ncNQ6,window_05_12pct,1783707880.691424,1,-0.38971289285364685,-0.36984938277479434,-0.7379063557416712,-0.4585569123203094,-0.7095632409082235,-0.24979859986280267,74.4084310782712,-0.6040302242810942,1.0,0.0,0.0,0.0,1.0,0.0,1.0,0.0,0.0,0.0
window_10_0pct::CF2XWm3cV4TRPWCOW5,window_10_0pct,1784123994.066884,0,-0.00902229776047728,-0.188963017085524,-0.4667486226453396,-0.26531974571931044,-0.4040441742631775,-0.24946301815362257,-0.23701170039715802,-0.11279163931506173,1.0,0.0,0.0,1.0,0.0,0.0,0.0,0.0,0.0,1.0
window_10_0pct::CPGjh82nhDbUR58kId,window_10_0pct,1784124080.824847,0,-0.38828368494689547,-0.279719152119933,-0.5573540544579261,-0.3180207911559465,-0.5058838631448596,-0.20526166969247878,-0.20705596165986306,-0.23644418017722194,1.0,0.0,0.0,1.0,0.0,0.0,0.0,0.0,0.0,1.0
window_10_0pct::C0J0IcU4ZmZwdxNE4,window_10_0pct,1784125048.347657,0,0.2692191953120254,-0.28117959567221085,-0.5815509095187786,-0.3180207911559465,-0.5058838631448596,-0.2497035613490894,-0.23709710691087052,-0.18644386312682565,1.0,0.0,0.0,1.0,0.0,0.0,0.0,0.0,0.0,1.0
window_10_0pct::CZyOQyVDxH5VmYlS5,window_10_0pct,1784125468.120322,0,0.33696514035147895,0.10291705857686272,-0.20321746634167362,-0.10721660940940221,-0.174904874279393,-0.24933911708261094,-0.23702424147365178,0.047104540382589405,1.0,0.0,0.0,1.0,0.0,0.0,0.0,0.0,0.0,1.0
window_10_0pct::C1cvuBnpgV5SVZZ9,window_10_0pct,1784125575.162425,0,-0.3893498075814691,-0.18917165187870652,1.1531235417489236,0.3143917540836864,0.9453317034191091,0.10158707924474908,0.3552977652593255,-0.5336672789531058,1.0,0.0,0.0,1.0,0.0,0.0,0.0,0.0,0.0,1.0
window_10_0pct::CAvRCt2gKHpx6cRNqd,window_10_0pct,1784124458.737485,0,0.4780136698430466,0.27587530212519623,1.6270759881120667,0.6130310115579575,1.352690458945837,-0.24927303159725547,-0.23682079206843956,-0.4029551481603405,1.0,0.0,0.0,1.0,0.0,0.0,0.0,0.0,0.0,1.0
window_10_0pct::CY5KHS325EoqO2Zizl,window_10_0pct,1784125553.83673,0,-0.38971192140945754,-0.3631730693929528,-0.7368866463097827,-0.4585569123203094,-0.7095632409082235,4.3037836603236475,4.380090795463925,4.119297628905474,0.0,1.0,1.0,0.0,0.0,0.0,0.0,0.0,0.0,1.0
window_10_0pct::Cif1Bo3vlZJFf1olb9,window_10_0pct,1784124973.523553,0,0.008385469702554105,0.2053567420294945,0.12189989085875397,0.08602055719159674,0.13061419236565305,-0.2487781358117346,-0.23677809139427552,-0.11136168269379972,1.0,0.0,0.0,1.0,0.0,0.0,0.0,0.0,0.0,1.0
window_10_0pct::CWgex22qanbdgsULul,window_10_0pct,1784125551.401029,0,-0.38938468349538785,-0.1793658165991267,-0.5497062337187629,-0.2477527305737651,-0.480423940924439,0.1600151039033068,-0.04782364728623327,0.14126999499094123,1.0,0.0,0.0,1.0,0.0,0.0,0.0,0.0,0.0,1.0
window_10_0pct::CSdoGd2d82XSbKxIMa,window_10_0pct,1784124800.808465,0,-0.307083451389161,-0.275546456256282,-0.5573540544579261,-0.3180207911559465,-0.5058838631448596,-0.2489925634045705,-0.23664164804659477,-0.2194263077650056,1.0,0.0,0.0,1.0,0.0,0.0,0.0,0.0,0.0,1.0
window_10_0pct::CJt4fa1IVHilAuelt6,window_10_0pct,1784125436.288344,0,-0.3828336908908459,-0.1916752693968971,1.1531235417489236,0.38465981466586785,0.9453317034191091,-0.231506348010865,-0.20310701947030207,-0.5346422851239325,1.0,0.0,0.0,1.0,0.0,0.0,0.0,0.0,0.0,1.0
window_10_0pct::CjEE9w1Rc3w8vrpe58,window_10_0pct,1784124925.393006,0,0.21910281659189043,-0.27825870856765517,-0.6034321744113845,-0.3355878063014919,-0.53134378536528,-0.2496923495959592,-0.23709958449215512,-0.10251236844327112,1.0,0.0,0.0,1.0,0.0,0.0,0.0,0.0,0.0,1.0
window_10_0pct::C4KLQD3hSludKigWl,window_10_0pct,1784126049.515749,0,0.2535655678242668,-0.2761723606358297,-0.5573540544579261,-0.3004537760104012,-0.480423940924439,-0.2496957511897309,-0.23708808535232223,-0.22197898862683804,1.0,0.0,0.0,1.0,0.0,0.0,0.0,0.0,0.0,1.0
window_10_0pct::C4TVnC2uHzsKgVOQn4,window_10_0pct,1784124896.018772,0,-0.313213669881973,0.09790982354048154,-0.0783243048818387,-0.0018145185361300583,-0.04760526317729048,-0.2454801326588746,-0.23547493143092837,-0.08177573209196373,1.0,0.0,0.0,1.0,0.0,0.0,0.0,0.0,0.0,1.0
window_10_0pct::CJrO7y3iw8RfW5gHFd,window_10_0pct,1784124327.751975,0,-0.38422912243039836,-0.09674643849883711,-0.5306291697638502,-0.26531974571931044,-0.45496401870401854,-0.2146258183645626,-0.22670007077877757,0.3661960382446528,1.0,0.0,0.0,1.0,0.0,0.0,0.0,0.0,0.0,1.0
window_10_0pct::CCyGfq2UNCkvhRzzN3,window_10_0pct,1784123787.686372,0,2.6391909595468412,2.420849610834987,6.176722057947272,2.68593879873231,5.349898247551856,-0.24914788283956715,-0.23687827881478812,-0.3068051312240006,1.0,0.0,0.0,1.0,0.0,0.0,0.0,0.0,0.0,1.0
window_10_0pct::CMLpKn2FpHOjuGJVwi,window_10_0pct,1784123980.380783,0,0.26476486749879447,-0.0034866859462375044,-0.13925194343717237,-0.0018145185361300583,-0.09852510761813149,-0.2494032505569556,-0.23696516739687562,-0.15335643054641368,1.0,0.0,0.0,1.0,0.0,0.0,0.0,0.0,0.0,1.0
window_10_0pct::CATKQ01KMtFb9L91cb,window_10_0pct,1784125423.245161,0,-0.12750097617018125,0.007988227678802716,1.4033347435985473,0.41979384495695854,1.1490110811824732,-0.24878090560480096,-0.23623248154880874,-0.4740797217822095,1.0,0.0,0.0,1.0,0.0,0.0,0.0,0.0,0.0,1.0
window_10_0pct::ClzeSA4YJnuzAhOfd8,window_10_0pct,1784124820.990747,0,-0.3891793991903197,-0.36984938277479434,-0.7379063557416712,-0.4058558668836733,-0.684103318687803,-0.24979859986280267,-0.2013189045894732,-0.6040302242810942,1.0,0.0,0.0,0.0,1.0,0.0,0.0,0.0,0.0,1.0
window_10_0pct::CISdeb25pnzQDSsVJg,window_10_0pct,1784125290.02654,0,5.512201195439445,8.615633890011246,3.1036364894330104,7.446599903175103,5.55357762531522,-0.24872334052855913,-0.23679705458625155,1.1185363425463088,1.0,0.0,0.0,1.0,0.0,0.0,0.0,0.0,0.0,1.0
window_10_0pct::CJfttd2MDzkVfYZGJf,window_10_0pct,1784124657.847137,0,0.047867117950336956,0.09728391916093389,-0.06984797022926613,-0.019381533681675417,-0.02214534095686998,-0.249044640462448,-0.23687832539167633,-0.08909185170876101,1.0,0.0,0.0,1.0,0.0,0.0,0.0,0.0,0.0,1.0
window_10_0pct::CZ4oltPCeqklJDcd8,window_10_0pct,1784125580.716406,0,-0.3326939868349556,-0.27909324774038535,-0.5815509095187786,-0.3355878063014919,-0.5058838631448596,-0.24867445755371909,-0.23649159539492476,-0.17661830168790169,1.0,0.0,0.0,1.0,0.0,0.0,0.0,0.0,0.0,1.0
window_10_0pct::Cra6Vz2QATqO0SLj33,window_10_0pct,1784126129.962819,0,1.5098083170463643,0.4242146400779889,0.14987816839619275,0.24412369350150498,0.20699395902691456,-0.24950335929824652,-0.23705921192400725,0.05465847712304761,1.0,0.0,0.0,1.0,0.0,0.0,0.0,0.0,0.0,1.0
window_10_0pct::CfTTwtg1f69gqob4i,window_10_0pct,1784125660.21262,0,-0.38304886044118147,-0.00536439908488045,-0.35007686848010516,-0.195051685137129,-0.3022044853814955,-0.21117052760889166,-0.22568323712874674,0.0880519808599643,1.0,0.0,0.0,1.0,0.0,0.0,0.0,0.0,0.0,1.0
window_10_0pct::Ckjj0W5rwwzK5M3N5,window_10_0pct,1784125042.47415,0,1.332637179809569,0.835851087027159,2.721394160100333,1.2278765416520452,2.3201675033218163,-0.24930419508885474,-0.2368931435867703,-0.3473507576649839,1.0,0.0,0.0,1.0,0.0,0.0,0.0,0.0,0.0,1.0
window_10_0pct::CxVRpI3JZ536vgv7xg,window_10_0pct,1784126037.524486,0,-0.38418974157749164,0.2888106593025143,-0.1171794830260874,0.0157524966094153,-0.07306518539771098,-0.1655749588821008,-0.2129243450541233,0.17739704684419427,1.0,0.0,0.0,1.0,0.0,0.0,0.0,0.0,0.0,1.0
window_10_0pct::CIMHAG4ey9TEStiFV7,window_10_0pct,1784124366.89659,0,-0.38932949265517974,-0.18708530394688103,-0.4300815709903515,-0.26531974571931044,-0.37858425204275703,0.08681420306981602,-0.0875428912977741,-0.16681030163475288,1.0,0.0,0.0,1.0,0.0,0.0,0.0,0.0,0.0,1.0
window_10_0pct::CFVesO3rf3kPBGLm49,window_10_0pct,1784125459.570183,0,0.26132121527486807,-0.36984938277479434,-0.7379063557416712,-0.38828885173812794,-0.6331834742469621,-0.24979859986280267,-0.2371256903818478,-0.6040302242810942,1.0,0.0,0.0,0.0,1.0,0.0,0.0,0.0,0.0,1.0
window_10_0pct::C4MY7y3oAQfDQXVjMb,window_10_0pct,1784125202.172925,0,-0.25159998230060815,-0.18583349518778575,-0.4682781867931723,-0.2477527305737651,-0.4040441742631775,-0.24885760877290655,-0.2367123807255259,-0.10145798180734612,1.0,0.0,0.0,1.0,0.0,0.0,0.0,0.0,0.0,1.0
window_10_0pct::CwLmue2bWXCPCD8gXe,window_10_0pct,1784125818.896095,0,-0.3891148995662312,-0.36984938277479434,-0.7379063557416712,-0.4058558668836733,-0.684103318687803,-0.24979859986280267,-0.20518457511168026,-0.6040302242810942,1.0,0.0,0.0,0.0,1.0,0.0,0.0,0.0,0.0,1.0
window_10_0pct::C1qGnt4z2lqspd975l,window_10_0pct,1784124864.163539,0,-0.1762297162547004,-0.188963017085524,-0.45166542063198994,-0.23018571542821972,-0.4040441742631775,-0.24920017901404892,-0.23684886769771432,-0.1386750823819176,1.0,0.0,0.0,1.0,0.0,0.0,0.0,0.0,0.0,1.0
window_10_0pct::CnWqX1F2GrzjtBMW4,window_10_0pct,1784124200.994874,0,-0.18291365793544204,-0.27784143898129005,-0.5815509095187786,-0.3180207911559465,-0.5058838631448596,-0.2494843747199967,-0.23695433239323185,-0.1707229648245473,1.0,0.0,0.0,1.0,0.0,0.0,0.0,0.0,0.0,1.0
window_10_0pct::CQBWC51RixaUxAnfX4,window_10_0pct,1784125818.340012,0,-0.38906831294598593,-0.1895889214650716,-0.4767545214457448,-0.2477527305737651,-0.42950409648359805,-0.052308545059147685,-0.1407450305585197,-0.0957365241211927,1.0,0.0,0.0,1.0,0.0,0.0,0.0,0.0,0.0,1.0
window_10_0pct::C6czGP2NTclU1DISFj,window_10_0pct,1784124275.774385,0,0.3386170972082851,-0.36984938277479434,-0.7379063557416712,-0.38828885173812794,-0.6331834742469621,-0.24979859986280267,-0.23712958734440764,-0.6040302242810942,1.0,0.0,0.0,0.0,1.0,0.0,0.0,0.0,0.0,1.0
window_10_0pct::CXQCow1WLPlAkXeqyi,window_10_0pct,1784123980.380428,0,0.26476900948061277,0.18115510602031878,0.5237716267552835,0.1914226480648689,0.4615931812311196,-0.24920400367322615,-0.2368848110578138,-0.28241103210918445,1.0,0.0,0.0,1.0,0.0,0.0,0.0,0.0,0.0,1.0
window_10_0pct::CAgb7c2X5PWW0qaXvj,window_10_0pct,1784125488.371305,0,0.07426470466808988,-0.18708530394688103,1.272748204477335,0.26169070864705035,1.047171392300791,-0.24952039902121634,-0.23672961313018184,-0.5370893397409806,1.0,0.0,0.0,1.0,0.0,0.0,0.0,0.0,0.0,1.0
window_08_22pct::CikWcbmt533LDdcz1,window_08_22pct,1783719129.191075,1,-0.3892348782612214,-0.3531585993201904,-0.6852426123739334,-0.38828885173812794,-0.6077235520265416,-0.2251414969221271,-0.18715866301822495,-0.37072068314587064,1.0,0.0,0.0,1.0,0.0,0.0,0.0,0.0,0.0,1.0
window_08_22pct::CVOLCe1OPdHlNDyRr1,window_08_22pct,1783718128.61429,1,-0.3894905495616053,-0.3531585993201904,-0.6852426123739334,-0.38828885173812794,-0.6077235520265416,-0.19679659841827862,-0.1296761949316733,-0.37072068314587064,1.0,0.0,0.0,1.0,0.0,0.0,0.0,0.0,0.0,1.0
window_10_0pct::C4USVl4gk7UvyWwC46,window_10_0pct,1784125973.866914,0,0.16570440834043074,-0.09945869081021026,-0.34948203797817023,-0.17748466999158366,-0.3022044853814955,-0.24945477525789245,-0.23701607056702054,-0.09139997409521819,1.0,0.0,0.0,1.0,0.0,0.0,0.0,0.0,0.0,1.0
window_10_0pct::CkX6631fvc8A96qjp6,window_10_0pct,1784125468.882066,0,-0.38933989031056904,-0.18917165187870652,1.1531235417489236,0.38465981466586785,0.9453317034191091,0.09224615453330272,0.3908115072373582,-0.5336672789531058,1.0,0.0,0.0,1.0,0.0,0.0,0.0,0.0,0.0,1.0
window_10_0pct::CnEiLx3OGPQ9WebUng,window_10_0pct,1784124023.96393,0,-0.22314149274796533,-0.2761723606358297,-0.5573540544579261,-0.3355878063014919,-0.5058838631448596,-0.24940141092639734,-0.23693278388407146,-0.22197898862683804,1.0,0.0,0.0,1.0,0.0,0.0,0.0,0.0,0.0,1.0
window_10_0pct::CY1MUh4NQnfiR3bHOi,window_10_0pct,1784124769.749902,0,0.1632954829559035,0.0042328014015168254,-0.20653152199531102,-0.0720825791183115,-0.14944495205897249,-0.2493208506994898,-0.2369635589109349,-0.08559877689486517,1.0,0.0,0.0,1.0,0.0,0.0,0.0,0.0,0.0,1.0
window_10_0pct::CMysYg4qoJngRXaGyg,window_10_0pct,1784125548.279585,0,-0.389059463196173,-0.2818055000517585,-0.6106338722740966,-0.3355878063014919,-0.53134378536528,-0.15464560869297364,-0.17863214850483436,-0.09465849245015377,1.0,0.0,0.0,1.0,0.0,0.0,0.0,0.0,0.0,1.0
window_10_0pct::CSFY7P1X3RU93mg9S2,window_10_0pct,1784125350.353857,0,0.19824067899321718,0.2049394724431294,-0.09066703779698823,-0.0018145185361300583,-0.07306518539771098,-0.2491081535291198,-0.2369428503245124,0.049960892978121126,1.0,0.0,0.0,1.0,0.0,0.0,0.0,0.0,0.0,1.0
window_04_7pct::CHI6uW3ILQrDtgGFe4,window_04_7pct,1783703130.877661,1,-0.3897128715032251,-0.36984938277479434,-0.7379063557416712,-0.4585569123203094,-0.7095632409082235,-0.24979859986280267,55.747032706204436,-0.6040302242810942,1.0,0.0,0.0,0.0,1.0,0.0,1.0,0.0,0.0,0.0
window_10_0pct::CyUul22F6Xee8hDOp7,window_10_0pct,1784124776.30813,0,-0.38063785339053424,-0.36984938277479434,-0.7379063557416712,-0.4058558668836733,-0.684103318687803,-0.24979859986280267,-0.23505504242732428,-0.6040302242810942,1.0,0.0,0.0,0.0,1.0,0.0,0.0,0.0,0.0,1.0
window_10_0pct::CBvjwOMaGftYdIbc3,window_10_0pct,1784125377.438979,0,-0.2631787857216346,0.49494183496687316,2.018474458385242,0.683299072140139,1.6836694478113037,-0.24497170193416587,-0.23466857336895947,-0.3729773573202421,1.0,0.0,0.0,1.0,0.0,0.0,0.0,0.0,0.0,1.0
window_10_0pct::CoYK6j3fDfg7iRE3I4,window_10_0pct,1784125713.905675,0,-0.36885641311673584,-0.19376161732872263,-0.4767545214457448,-0.2828867608648558,-0.42950409648359805,-0.2438357824632643,-0.2346407749488754,-0.10750258199526445,1.0,0.0,0.0,1.0,0.0,0.0,0.0,0.0,0.0,1.0
window_10_0pct::CWnAFaa2Km9aCk5Hl,window_10_0pct,1784125975.755769,0,0.3123257822147626,-0.09758097767156731,-0.33227444131505296,-0.14235063970049294,-0.2512846409406545,-0.24952469430843235,-0.23703301293506532,-0.10973656171888052,1.0,0.0,0.0,1.0,0.0,0.0,0.0,0.0,0.0,1.0
window_10_0pct::C0C1Bi3Ih7fdpC4Hb9,window_10_0pct,1784125311.826694,0,-0.3893368692258923,-0.36984938277479434,-0.7379063557416712,-0.4058558668836733,-0.684103318687803,-0.24979859986280267,-0.1863110264103605,-0.6040302242810942,1.0,0.0,0.0,0.0,1.0,0.0,0.0,0.0,0.0,1.0
window_10_0pct::CKiiZe39WyydMJfR9c,window_10_0pct,1784124441.369254,0,-0.26790497913014233,0.35390471477546975,1.7230986262815604,0.5954639964124121,1.4799900700479396,-0.2456021699735167,-0.23476806906314812,-0.38745067259919924,1.0,0.0,0.0,1.0,0.0,0.0,0.0,0.0,0.0,1.0
window_10_0pct::CUYZs22WeOoY1xxGV1,window_10_0pct,1784124684.851758,0,-0.06424300720862725,0.09665801478138623,-0.1544626091295081,-0.036948548827220776,-0.14944495205897249,-0.24878629270552116,-0.2367951606759994,-0.015205022994760377,1.0,0.0,0.0,1.0,0.0,0.0,0.0,0.0,0.0,1.0
window_10_0pct::CyMCod1ZEU7fr0yHn5,window_10_0pct,1784125790.868779,0,0.5221491122192035,-0.36984938277479434,-0.7379063557416712,-0.38828885173812794,-0.6331834742469621,-0.24979859986280267,-0.2371361936147742,-0.6040302242810942,1.0,0.0,0.0,0.0,1.0,0.0,0.0,0.0,0.0,1.0
window_10_0pct::CdNACH1tIIhGXek888,window_10_0pct,1784126089.55958,0,-0.3247897511242272,0.10083071064503722,-0.21902296253594428,-0.0720825791183115,-0.2003647964998135,-0.24467835719851788,-0.2354686192020409,0.06397665645390122,1.0,0.0,0.0,1.0,0.0,0.0,0.0,0.0,0.0,1.0
window_10_0pct::CRwcC13WwJpawXr81,window_10_0pct,1784125728.713178,0,-0.3650016905477621,0.856714566345414,2.295453032821937,1.0170723599055007,1.963728592235929,-0.2147428014105762,-0.22071657940941306,-0.3062430813674505,1.0,0.0,0.0,1.0,0.0,0.0,0.0,0.0,0.0,1.0
window_10_0pct::COhLxV1JQgn1t4jQul,window_10_0pct,1784124234.295739,0,-0.38933375206431764,-0.27450328229036924,-0.5573540544579261,-0.3180207911559465,-0.5058838631448596,-0.0722187303349351,-0.12368732277202266,-0.21517183966195153,1.0,0.0,0.0,1.0,0.0,0.0,0.0,0.0,0.0,1.0
window_07_17pct::CGWU552QTfWh3ybH4j,window_07_17pct,1783714379.347062,1,-0.38930817425906844,-0.3531585993201904,-0.6852426123739334,-0.38828885173812794,-0.6077235520265416,-0.22067671321015184,-0.17810423697390068,-0.37072068314587064,1.0,0.0,0.0,1.0,0.0,0.0,0.0,0.0,0.0,1.0
window_10_0pct::CNh72k2HIzOtt9Azij,window_10_0pct,1784125899.818409,0,-0.38826904923279,-0.09299101222155122,-0.5306291697638502,-0.2477527305737651,-0.45496401870401854,-0.11437857042162826,-0.1941161111293975,0.3795375758500489,1.0,0.0,0.0,1.0,0.0,0.0,0.0,0.0,0.0,1.0
window_10_0pct::CLJro7emg8NUXM8Ed,window_10_0pct,1784125272.333761,0,-0.32803685136557875,-0.18249533849686495,-0.447076728188492,-0.21261870028267438,-0.37858425204275703,-0.24765318740183662,-0.23599960683288038,-0.1296404057052156,1.0,0.0,0.0,1.0,0.0,0.0,0.0,0.0,0.0,1.0
window_10_0pct::CgPr0A1MbTwrOWCncb,window_10_0pct,1784124197.502249,0,-0.3280033312034407,0.11752149409964119,-0.2194690854123955,-0.12478362455494757,-0.2003647964998135,-0.2442206920638348,-0.23561284794538626,0.08826003307798597,1.0,0.0,0.0,1.0,0.0,0.0,0.0,0.0,0.0,1.0
window_10_0pct::CkOcuD21gZPnE88Mbk,window_10_0pct,1784124750.97385,0,0.5377535056344205,-0.188963017085524,-0.48336138880652196,-0.23018571542821972,-0.37858425204275703,-0.2496608559904099,-0.23709023916428063,-0.0807338429833053,1.0,0.0,0.0,1.0,0.0,0.0,0.0,0.0,0.0,1.0
window_10_0pct::CanFXW129zYMvf7fk5,window_10_0pct,1784125579.100562,0,-0.3890955987849747,-0.10050186477612301,-0.5306291697638502,-0.26531974571931044,-0.45496401870401854,0.05833601095166572,-0.1442281233476409,0.3528545006392568,1.0,0.0,0.0,1.0,0.0,0.0,0.0,0.0,0.0,1.0
window_10_0pct::CoS05t24ZXB9hKuSV9,window_10_0pct,1784124599.445475,0,0.28531237460743786,0.000268740331048386,-0.15074491849241486,-0.08964959426385685,-0.14944495205897249,-0.2494113556378946,-0.23700658594212842,-0.13982527112659032,1.0,0.0,0.0,1.0,0.0,0.0,0.0,0.0,0.0,1.0
window_10_0pct::Csc3pm2zjACiYHI3ud,window_10_0pct,1784125825.524017,0,-0.38508918146951016,-0.36984938277479434,-0.7379063557416712,-0.4058558668836733,-0.684103318687803,-0.24979859986280267,-0.23302627079648688,-0.6040302242810942,1.0,0.0,0.0,0.0,1.0,0.0,0.0,0.0,0.0,1.0
window_10_0pct::CKUXfR3fofVYFJtnN7,window_10_0pct,1784123960.214197,0,0.797419971661517,0.08768671867453662,-0.025044487065668256,-0.019381533681675417,0.003314581263550526,-0.24952639825561218,-0.2370576957222132,-0.13136930301292643,1.0,0.0,0.0,1.0,0.0,0.0,0.0,0.0,0.0,1.0
window_10_0pct::CsHrgF48cJ01JOCzg5,window_10_0pct,1784124599.383206,0,-0.38938764052879943,-0.2776328041881075,-0.5573540544579261,-0.3180207911559465,-0.5058838631448596,-0.04959690556681073,-0.10489024197179583,-0.22793524397111378,1.0,0.0,0.0,1.0,0.0,0.0,0.0,0.0,0.0,1.0
window_10_0pct::CKGmhe2EOZUju6UVE9,window_10_0pct,1784125138.192832,0,-0.3868620564398632,-0.36984938277479434,-0.7379063557416712,-0.4058558668836733,-0.684103318687803,-0.24979859986280267,-0.2304541509520986,-0.6040302242810942,1.0,0.0,0.0,0.0,1.0,0.0,0.0,0.0,0.0,1.0
window_10_0pct::CH294opYpEDEb36o4,window_10_0pct,1784124875.552587,0,-0.3889954012557303,-0.08798377718517003,-0.5306291697638502,-0.26531974571931044,-0.45496401870401854,0.027629959156239125,-0.15720521566774623,0.3973262926572436,1.0,0.0,0.0,1.0,0.0,0.0,0.0,0.0,0.0,1.0
window_10_0pct::C1dJw61hlp89Vum4c1,window_10_0pct,1784125448.672819,0,0.21536899078604188,0.15924845273615107,-0.07384183217082914,-0.019381533681675417,-0.07306518539771098,-0.24918102948291337,-0.236956967141661,-0.017278372525280458,1.0,0.0,0.0,1.0,0.0,0.0,0.0,0.0,0.0,1.0
window_10_0pct::C4jeGSelxmqObGYuc,window_10_0pct,1784125893.200419,0,0.9475727052922996,0.08163630967224268,1.5501941457369788,0.5427629509757761,1.3272305367254167,-0.24956015692000197,-0.2369550448824877,-0.4587162033027424,1.0,0.0,0.0,1.0,0.0,0.0,0.0,0.0,0.0,1.0
window_10_0pct::CSC5M87vgbokcwIl2,window_10_0pct,1784124629.074833,0,0.36685174893936423,-0.36984938277479434,-0.7379063557416712,-0.38828885173812794,-0.6331834742469621,-0.24979859986280267,-0.2371308122708766,-0.6040302242810942,1.0,0.0,0.0,0.0,1.0,0.0,0.0,0.0,0.0,1.0
window_10_0pct::CXzs3j2z1BDI4SRh3f,window_10_0pct,1784124894.021864,0,0.40719603962729,0.5715108040648689,-0.10313723439112381,0.06845354204605138,-0.07306518539771098,-0.24896431998997665,-0.23697642202668093,0.4880842343269174,1.0,0.0,0.0,1.0,0.0,0.0,0.0,0.0,0.0,1.0
window_10_0pct::COrBfd4u0A9ZpLI7Te,window_10_0pct,1784124151.486821,0,0.11492566481132198,0.18741414981579527,-0.06251880868756804,0.05088652690050602,-0.02214534095686998,-0.24901868929056964,-0.23687817820103357,0.0035960870307559143,1.0,0.0,0.0,1.0,0.0,0.0,0.0,0.0,0.0,1.0
window_10_0pct::CJRaOX1mKHRHBuVUdb,window_10_0pct,1784125938.878324,0,-0.20735503361132662,-0.27784143898129005,-0.5940211061129143,-0.3355878063014919,-0.53134378536528,-0.24944225922195085,-0.23695266228126716,-0.1331747863035858,1.0,0.0,0.0,1.0,0.0,0.0,0.0,0.0,0.0,1.0
window_10_0pct::C23ZhV1RPJZZXd5ggl,window_10_0pct,1784124542.957856,0,0.2649417130420997,0.38728628168467766,1.561432193434249,0.6657320569945936,1.301770614504996,-0.24898178035184854,-0.23668769497404452,-0.36153151712107795,1.0,0.0,0.0,1.0,0.0,0.0,0.0,0.0,0.0,1.0
window_10_0pct::ClZjC72AoRb8KeHGR5,window_10_0pct,1784124358.029592,0,-0.3881766979835365,-0.09674643849883711,-0.5306291697638502,-0.2477527305737651,-0.45496401870401854,-0.12424573305056062,-0.1967038126038993,0.3661960382446528,1.0,0.0,0.0,1.0,0.0,0.0,0.0,0.0,0.0,1.0
window_10_0pct::CTU3bq1cg117hNkmni,window_10_0pct,1784124688.315485,0,0.9368214442180689,0.4498767196394425,1.0067739943264362,0.4549278752480493,0.894411858978268,-0.24936216954060225,-0.23697138542144716,-0.2580189393111197,1.0,0.0,0.0,1.0,0.0,0.0,0.0,0.0,0.0,1.0
window_10_0pct::CtIW3I1uYORX7UiX08,window_10_0pct,1784124292.933648,0,0.24715408955061074,0.37101276781643877,0.03543702861321422,0.08602055719159674,0.02877450348397103,-0.2489770133530451,-0.23692217676123167,0.10146773192444772,1.0,0.0,0.0,1.0,0.0,0.0,0.0,0.0,0.0,1.0
window_10_0pct::CDCyxE0Sde6G9GLAe,window_10_0pct,1784125093.133538,0,-0.38914620995971877,-0.1916752693968971,1.1531235417489236,0.3670927995203225,0.9453317034191091,-0.027764290630058034,0.16777130491502765,-0.5346422851239325,1.0,0.0,0.0,1.0,0.0,0.0,0.0,0.0,0.0,1.0
window_10_0pct::CnEtMl3agjgV40bVTd,window_10_0pct,1784125806.287579,0,-0.3893498716327344,-0.1916752693968971,1.1531235417489236,0.27925772379259567,0.9453317034191091,0.0967791220343634,0.3290660717156446,-0.5346422851239325,1.0,0.0,0.0,1.0,0.0,0.0,0.0,0.0,0.0,1.0
window_10_0pct::C2PBBc2psOmtQccOy5,window_10_0pct,1784124157.410285,0,0.032947998346624784,0.2812998067479425,1.5898778377946368,0.5954639964124121,1.352690458945837,-0.24871053936506157,-0.2364723774213284,-0.3980258308120181,1.0,0.0,0.0,1.0,0.0,0.0,0.0,0.0,0.0,1.0
window_10_0pct::CYRH9b9CMZLokX8Qf,window_10_0pct,1784125043.692057,0,-0.13193633413369274,0.0901903361927272,-0.0532352040680838,-0.019381533681675417,-0.02214534095686998,-0.24853817642811982,-0.2366801716880027,-0.10921565138943394,1.0,0.0,0.0,1.0,0.0,0.0,0.0,0.0,0.0,1.0
window_10_0pct::CNouz21eFSzcjhcC5k,window_10_0pct,1784124656.127602,0,0.2975043941665835,0.17427015784529465,-0.046798288279288086,-0.0018145185361300583,-0.02214534095686998,-0.2492394028073171,-0.23697456417552298,-0.024230950260851404,1.0,0.0,0.0,1.0,0.0,0.0,0.0,0.0,0.0,1.0
window_10_0pct::CuGmhT3ZYt0mFC76k1,window_10_0pct,1784124936.645333,0,0.11559453082371664,-0.36984938277479434,-0.7379063557416712,-0.38828885173812794,-0.6586433964673826,-0.24979859986280267,-0.23711510073546516,-0.6040302242810942,1.0,0.0,0.0,0.0,1.0,0.0,0.0,0.0,0.0,1.0
window_10_0pct::C9urT5tE5ZJH6rwv6,window_10_0pct,1784124877.259583,0,0.23194632292013112,0.9080387254683211,0.4802852682745416,0.4022268298114132,0.4615931812311196,-0.24834680559579192,-0.2367778629568608,0.1684943488747823,1.0,0.0,0.0,1.0,0.0,0.0,0.0,0.0,0.0,1.0
window_10_0pct::CuNP9l161aGIUMCWA6,window_10_0pct,1784126002.897867,0,-0.05753261235534487,-0.08944422073744789,-0.31886951107501965,-0.1599176548460383,-0.276744563161075,-0.2492024207690847,-0.23690333203979033,-0.11124868104587389,1.0,0.0,0.0,1.0,0.0,0.0,0.0,0.0,0.0,1.0
window_10_0pct::CQ8wkb8JQbxVnN0S4,window_10_0pct,1784125627.616508,0,-0.37835504494724853,-0.17748810346048377,0.09462266355573848,-0.019381533681675417,0.054234425704391534,-0.23783714989086094,-0.22621763750224044,-0.43387321216762237,1.0,0.0,0.0,1.0,0.0,0.0,0.0,0.0,0.0,1.0
window_10_0pct::ChYMA8xMEwY494791,window_10_0pct,1784124442.903288,0,0.8594160666467381,0.17719104494985033,-0.2709431677762635,-0.0720825791183115,-0.2003647964998135,-0.2494893020897774,-0.2370743755925752,0.258669535638533,1.0,0.0,0.0,1.0,0.0,0.0,0.0,0.0,0.0,1.0
window_10_0pct::CpKc0ClfT3TOtGLy9,window_10_0pct,1784125377.923038,0,-0.3059954872731433,0.5372946979829307,0.9911809375971424,0.5251959358302307,0.894411858978268,-0.24214572085535255,-0.2339071127503815,-0.21766620734432426,1.0,0.0,0.0,1.0,0.0,0.0,0.0,0.0,0.0,1.0
window_10_0pct::CqD2MZ13DxDM4RDYcj,window_10_0pct,1784124559.94461,0,-0.3852100355317919,0.4567616678144666,-0.6461112629252148,0.05088652690050602,-0.174904874279393,-0.12014890094986422,-0.2053087911289434,6.0261281425191,1.0,0.0,0.0,0.0,0.0,1.0,0.0,0.0,0.0,1.0
window_10_0pct::Ces8tg4vrn7mjQOw42,window_10_0pct,1784124503.10213,0,0.5632433257956747,-0.17999172097867436,-0.4682781867931723,-0.2477527305737651,-0.35312432982233655,-0.24965789152921825,-0.23709718677178984,-0.08550330744310024,1.0,0.0,0.0,1.0,0.0,0.0,0.0,0.0,0.0,1.0
window_10_0pct::CDvFfwFcY1fW9NbS6,window_10_0pct,1784125121.145243,0,-0.38931644754749417,-0.27846734336083767,-0.5573540544579261,-0.3355878063014919,-0.5058838631448596,-0.0870294577075837,-0.14069770635222623,-0.23133881845355705,1.0,0.0,0.0,1.0,0.0,0.0,0.0,0.0,0.0,1.0
window_10_0pct::CR1eEX12FSTEXMlFyh,window_10_0pct,1784123980.374523,0,0.2648317903957509,0.46615023350768137,0.14223034765702952,0.12115458748268745,0.13061419236565305,-0.24889654821239998,-0.23691405582193717,0.09547042188226343,1.0,0.0,0.0,1.0,0.0,0.0,0.0,0.0,0.0,1.0
window_10_0pct::CXbUvg3bHPwOSFTyOc,window_10_0pct,1784125779.519566,0,-0.3894531436227099,-0.18332987766959513,1.1531235417489236,0.41979384495695854,0.9453317034191091,0.2572242995625413,0.7013515027089172,-0.5313922645545104,1.0,0.0,0.0,1.0,0.0,0.0,0.0,0.0,0.0,1.0
window_04_7pct::CExJN31pFB2tzqb3Fd,window_04_7pct,1783704131.388977,1,-0.389336559644777,-0.3531585993201904,-0.6852426123739334,-0.38828885173812794,-0.6077235520265416,-0.21848053360751427,-0.17365046114175897,-0.37072068314587064,1.0,0.0,0.0,1.0,0.0,0.0,0.0,0.0,0.0,1.0
window_10_0pct::CQPhoq3vhq0CarjLn5,window_10_0pct,1784125414.030154,0,-0.06030735586603309,-0.36984938277479434,-0.7379063557416712,-0.4058558668836733,-0.684103318687803,-0.24979859986280267,-0.2371043521524126,-0.6040302242810942,1.0,0.0,0.0,0.0,1.0,0.0,0.0,0.0,0.0,1.0
window_10_0pct::CueqMz3gbniKeeK1s8,window_10_0pct,1784125386.705391,0,0.1715717817911529,-0.007868016603071043,-0.3049972140120375,-0.1599176548460383,-0.276744563161075,-0.24934312160563102,-0.23700908210580524,0.011728825228597266,1.0,0.0,0.0,1.0,0.0,0.0,0.0,0.0,0.0,1.0
window_10_0pct::CYi7K24oQGsOZDNn1e,window_10_0pct,1784124972.809682,0,-0.3887258735316346,-0.19376161732872263,-0.4767545214457448,-0.23018571542821972,-0.42950409648359805,-0.12380745710711663,-0.1693504827475918,-0.10750258199526445,1.0,0.0,0.0,1.0,0.0,0.0,0.0,0.0,0.0,1.0
window_10_0pct::CGOPHKH2p7bYeQfo7,window_10_0pct,1784125506.470781,0,-0.3892428739941645,-0.19000619105143673,1.1531235417489236,0.38465981466586785,0.9453317034191091,0.020400692676675797,0.26120944161192816,-0.5339922810100481,1.0,0.0,0.0,1.0,0.0,0.0,0.0,0.0,0.0,1.0
window_10_0pct::C4nGlHhogAJQpQYOd,window_10_0pct,1784125448.672942,0,0.2153678271880568,-0.28117959567221085,-0.5573540544579261,-0.3180207911559465,-0.5058838631448596,-0.24969510305042503,-0.23709129502498058,-0.24240043552149762,1.0,0.0,0.0,1.0,0.0,0.0,0.0,0.0,0.0,1.0
window_10_0pct::C3Hheb2ntDgzs8OY35,window_10_0pct,1784124697.661674,0,-0.17887154271482164,-0.279719152119933,-0.5955506702607468,-0.3355878063014919,-0.53134378536528,-0.24949668865796132,-0.23698099801949554,-0.1378288851460726,1.0,0.0,0.0,1.0,0.0,0.0,0.0,0.0,0.0,1.0
window_10_0pct::CeyNcj3K4It9CvPzce,window_10_0pct,1784124243.352581,0,-0.386685958161319,-0.18708530394688103,-0.4767545214457448,-0.26531974571931044,-0.42950409648359805,-0.20715603973618624,-0.2182084092371154,-0.08867688939674961,1.0,0.0,0.0,1.0,0.0,0.0,0.0,0.0,0.0,1.0
window_10_0pct::CYF7Qq3TpAR1FVJR7i,window_10_0pct,1784124820.988519,0,-0.38915530523938163,-0.19000619105143673,1.1531235417489236,0.3319587692292318,0.9453317034191091,-0.022029048061892723,0.15722833625705643,-0.5339922810100481,1.0,0.0,0.0,1.0,0.0,0.0,0.0,0.0,0.0,1.0
window_10_0pct::CAenTG2WIG3MxH5NGk,window_10_0pct,1784124647.723974,0,-0.11633174856467994,0.08101040529269503,-0.2156026871498185,-0.054515563972766135,-0.174904874279393,-0.24863383700545297,-0.23674267568547108,0.03165690591737508,1.0,0.0,0.0,1.0,0.0,0.0,0.0,0.0,0.0,1.0
window_10_0pct::CgWYDo3eGJ4z6YuFId,window_10_0pct,1784124154.099536,0,-0.38811368221375925,-0.08798377718517003,-0.5306291697638502,-0.2477527305737651,-0.45496401870401854,-0.12532315429380333,-0.19829799131057801,0.3973262926572436,1.0,0.0,0.0,1.0,0.0,0.0,0.0,0.0,0.0,1.0
window_10_0pct::CBM8lT2HPRuVDoTJQ2,window_10_0pct,1784123976.011209,0,1.1884931807718753,1.5483389057455654,3.2094313429914347,1.4913817688352256,2.7784461032893852,-0.2489401949857885,-0.23682310818075913,-0.2461585936611922,1.0,0.0,0.0,1.0,0.0,0.0,0.0,0.0,0.0,1.0
window_10_0pct::CfMPGs28PxGr5XfV6l,window_10_0pct,1784125425.257161,0,0.19849190940587838,-0.27658963022219474,-0.5573540544579261,-0.3180207911559465,-0.5058838631448596,-0.24968662247941445,-0.2370892546977562,-0.2236807758680597,1.0,0.0,0.0,1.0,0.0,0.0,0.0,0.0,0.0,1.0
window_10_0pct::CXHQb33ScwtfMkVo35,window_10_0pct,1784125405.010023,0,-0.13698859118307413,0.447790371707617,0.8385006941183478,0.4022268298114132,0.7416523256557451,-0.2475136348569503,-0.23621648919137597,-0.22205918631951185,1.0,0.0,0.0,1.0,0.0,0.0,0.0,0.0,0.0,1.0
window_10_0pct::CQSa5z44NP6Gpw4hYe,window_10_0pct,1784125389.747634,0,-0.32035438248550485,0.07600317025631384,1.2322572424527654,0.41979384495695854,1.0217114700803707,-0.24525860073928252,-0.23364679015951043,-0.4373719267472618,1.0,0.0,0.0,1.0,0.0,0.0,0.0,0.0,0.0,1.0
window_10_0pct::CEFmIHmwIjYZyj0Ba,window_10_0pct,1784124393.274179,0,-0.03786203111899106,0.549186881194336,0.4911196809883561,0.2265566783559596,0.4615931812311196,-0.2479538451874726,-0.2366188679038888,-0.053340827010024655,1.0,0.0,0.0,1.0,0.0,0.0,0.0,0.0,0.0,1.0
window_10_0pct::CLJWnt69IfU2oOfp3,window_10_0pct,1784125978.258075,0,-0.3893831569402331,-0.36984938277479434,-0.7379063557416712,-0.4058558668836733,-0.684103318687803,-0.24979859986280267,-0.17917399011765378,-0.6040302242810942,1.0,0.0,0.0,0.0,1.0,0.0,0.0,0.0,0.0,1.0
window_10_0pct::CAMb1p1RVsQHo7Xobf,window_10_0pct,1784124673.701445,0,-0.38971201748635537,-0.3631730693929528,-0.7368866463097827,-0.4585569123203094,-0.7095632409082235,4.769490936933626,4.852309873295043,4.119297628905474,0.0,1.0,1.0,0.0,0.0,0.0,0.0,0.0,0.0,1.0
window_10_0pct::CbIXhm4Gp7e4cyijd7,window_10_0pct,1784124209.219242,0,-0.38102956957827067,0.2856811374047761,0.08104778174372376,0.08602055719159674,0.07969434792481203,-0.19648126747360756,-0.21954294597041898,-0.014556126964473356,1.0,0.0,0.0,1.0,0.0,0.0,0.0,0.0,0.0,1.0
window_10_0pct::CnqCDW2xOxk75saUg2,window_10_0pct,1784126089.567304,0,-0.32487149121387393,-0.36984938277479434,-0.7379063557416712,-0.4058558668836733,-0.684103318687803,-0.24979859986280267,-0.23686746634180333,-0.6040302242810942,1.0,0.0,0.0,0.0,1.0,0.0,0.0,0.0,0.0,1.0
window_10_0pct::Cd80M146YurqijvtK7,window_10_0pct,1784124526.702098,0,-0.2653809642972043,-0.27909324774038535,-0.5815509095187786,-0.3180207911559465,-0.5058838631448596,-0.24928306532232242,-0.23681631804112493,-0.17661830168790169,1.0,0.0,0.0,1.0,0.0,0.0,0.0,0.0,0.0,1.0
window_10_0pct::CaeNKR23r20ZY0Xrvg,window_10_0pct,1784125128.435239,0,-0.25992836548970194,-0.09486872536019417,-0.5216217364488357,-0.2477527305737651,-0.45496401870401854,-0.24830221370872116,-0.236683501979836,0.3321867499580501,1.0,0.0,0.0,1.0,0.0,0.0,0.0,0.0,0.0,1.0
window_10_0pct::ChysAl1SOBPGPK3I5h,window_10_0pct,1784125548.255304,0,-0.3887999274694535,-0.018717025848563617,-0.3967498189354985,-0.17748466999158366,-0.35312432982233655,0.02181451863263824,-0.14814067985134385,0.15390618229723838,1.0,0.0,0.0,1.0,0.0,0.0,0.0,0.0,0.0,1.0
window_10_0pct::CANza8M8T0uHwBCyk,window_10_0pct,1784124565.8661,0,-0.38968874552665445,-0.3631730693929528,-0.7368866463097827,-0.4585569123203094,-0.7095632409082235,-0.05504662489010176,-0.03968729494757019,4.119297628905474,0.0,1.0,1.0,0.0,0.0,0.0,0.0,0.0,0.0,1.0
window_10_0pct::Cf5HIm2rut9dTv4DRf,window_10_0pct,1784125800.269095,0,-0.36267119593751135,-0.36984938277479434,-0.7379063557416712,-0.4058558668836733,-0.684103318687803,-0.24979859986280267,-0.2364551861264635,-0.6040302242810942,1.0,0.0,0.0,0.0,1.0,0.0,0.0,0.0,0.0,1.0
window_07_17pct::Cy9jfn3EaFVxYW1nh,window_07_17pct,1783714381.313792,1,-0.08413325225909375,-0.32603607620645897,-0.7379063557416712,-0.35315482144703725,-0.6077235520265416,-0.2496973379345757,-0.23705288697313118,1518.2410825660247,1.0,0.0,0.0,1.0,0.0,0.0,0.0,1.0,0.0,0.0
window_10_0pct::CI3KRu3N5zPrLlqNde,window_10_0pct,1784125457.418757,0,-0.015444803526964094,-0.19250980856962732,-0.4595469247826276,-0.21261870028267438,-0.4040441742631775,-0.24946395246189831,-0.2369707902442383,-0.13488290980359555,1.0,0.0,0.0,1.0,0.0,0.0,0.0,0.0,0.0,1.0
window_02_3pct::CpabOO1Dx4Vn5YeGg2,window_02_3pct,1783695631.414783,1,-0.3896506029982089,-0.3531585993201904,-0.6852426123739334,-0.38828885173812794,-0.6077235520265416,-0.06074814649947204,0.1462253326248905,-0.37072068314587064,1.0,0.0,0.0,1.0,0.0,0.0,0.0,0.0,0.0,1.0
window_10_0pct::CeyBxh1vsMJJsytA45,window_10_0pct,1784124689.06568,0,-0.17422555216559515,0.3643364544345972,0.7040902446275542,0.27925772379259567,0.6398126367740631,-0.24739230534748366,-0.236208343921149,-0.229076195304527,1.0,0.0,0.0,1.0,0.0,0.0,0.0,0.0,0.0,1.0
window_10_0pct::CLGHqE1HpUo9RQtv4f,window_10_0pct,1784125781.072959,0,-0.25748144702968134,-0.279719152119933,-0.5573540544579261,-0.3180207911559465,-0.5058838631448596,-0.2493172063927542,-0.23683699359247756,-0.23644418017722194,1.0,0.0,0.0,1.0,0.0,0.0,0.0,0.0,0.0,1.0
window_10_0pct::CpT0NE3KrxGt30rMKd,window_10_0pct,1784124419.798563,0,-0.3895985826956297,-0.27909324774038535,1.1454757210097604,0.26169070864705035,0.9198717811986885,0.31062002141708606,1.5185487678128884,-0.5685427314750969,1.0,0.0,0.0,1.0,0.0,0.0,0.0,0.0,0.0,1.0
window_10_0pct::Cd33sN2seJQTViyO93,window_10_0pct,1784124383.18461,0,-0.38919368262246645,-0.36984938277479434,-0.7379063557416712,-0.4058558668836733,-0.684103318687803,-0.24979859986280267,-0.20033297423497629,-0.6040302242810942,1.0,0.0,0.0,0.0,1.0,0.0,0.0,0.0,0.0,1.0
window_10_0pct::CPr7sG1Ee62wwqqcof,window_10_0pct,1784125705.792135,0,-0.304116319228138,-0.09111329908290829,-0.5216217364488357,-0.23018571542821972,-0.45496401870401854,-0.24749874114551582,-0.23638041636024082,0.34497271773976823,1.0,0.0,0.0,1.0,0.0,0.0,0.0,0.0,0.0,1.0
window_07_17pct::CkPRleFdBVmoyC8uk,window_07_17pct,1783715380.776902,1,-0.07848025839310262,-0.32603607620645897,-0.7379063557416712,-0.35315482144703725,-0.6077235520265416,-0.24969917717917267,-0.237054876265962,1518.2410825660247,1.0,0.0,0.0,1.0,0.0,0.0,0.0,1.0,0.0,0.0
window_10_0pct::CHU8Ry4HyCXP4NKppg,window_10_0pct,1784125800.267552,0,-0.36265441450602054,-0.2818055000517585,-0.6106338722740966,-0.3180207911559465,-0.53134378536528,-0.2475005499464209,-0.23557214316896097,-0.09465849245015377,1.0,0.0,0.0,1.0,0.0,0.0,0.0,0.0,0.0,1.0
window_07_17pct::CNUZjU1GSrEhhLoE2e,window_07_17pct,1783715378.76192,1,-0.389712882178436,-0.36984938277479434,-0.7379063557416712,-0.4585569123203094,-0.7095632409082235,-0.24979859986280267,63.744774865661626,-0.6040302242810942,1.0,0.0,0.0,0.0,1.0,0.0,1.0,0.0,0.0,0.0
window_10_0pct::CPny6zksIm5kTLWe7,window_10_0pct,1784125037.316425,0,-0.38543994754834165,0.07495999629040109,0.28263159006016764,0.03331951175496066,0.23245388124733507,-0.17627872459176971,-0.20471380412352222,-0.28304991219305925,1.0,0.0,0.0,1.0,0.0,0.0,0.0,0.0,0.0,1.0
window_10_0pct::ClGgBt4KzokffHrGya,window_10_0pct,1784125623.046,0,0.0981566699412372,0.40126481282790843,-0.0031844661195600497,0.05088652690050602,0.003314581263550526,-0.24868230330295532,-0.23686840862070374,0.16887424530513664,1.0,0.0,0.0,1.0,0.0,0.0,0.0,0.0,0.0,1.0
window_10_0pct::CuWN8v3srPptMg0H7h,window_10_0pct,1784125430.565695,0,-0.3883139705201393,-0.19584796526054812,1.1531235417489236,0.38465981466586785,0.9453317034191091,-0.16195624539776943,-0.06970110144533859,-0.5362672954086435,1.0,0.0,0.0,1.0,0.0,0.0,0.0,0.0,0.0,1.0
window_10_0pct::Cp7vr24CAl08E9Qltd,window_10_0pct,1784125726.950804,0,-0.38878013562849684,-0.36984938277479434,-0.7379063557416712,-0.4058558668836733,-0.684103318687803,-0.24979859986280267,-0.21666054183405004,-0.6040302242810942,1.0,0.0,0.0,0.0,1.0,0.0,0.0,0.0,0.0,1.0
window_06_15pct::CvRpvhMtcvdQj9udb,window_06_15pct,1783710629.646789,1,-0.38971290352885773,-0.36984938277479434,-0.7379063557416712,-0.4585569123203094,-0.7095632409082235,-0.24979859986280267,89.33754977592461,-0.6040302242810942,1.0,0.0,0.0,0.0,1.0,0.0,1.0,0.0,0.0,0.0
window_10_0pct::C9Yf4X3xospfeZd2mg,window_10_0pct,1784125466.614971,0,-0.3896421375559874,-0.36984938277479434,-0.7379063557416712,-0.4058558668836733,-0.684103318687803,-0.24979859986280267,0.03288495866832038,-0.6040302242810942,1.0,0.0,0.0,0.0,1.0,0.0,0.0,0.0,0.0,1.0
window_10_0pct::CMWVT4CXNbt6EpyRl,window_10_0pct,1784124533.119743,0,-0.38812214765598063,-0.09674643849883711,-0.5306291697638502,-0.23018571542821972,-0.45496401870401854,-0.1285510575354287,-0.19508569593249162,0.3661960382446528,1.0,0.0,0.0,1.0,0.0,0.0,0.0,0.0,0.0,1.0
window_10_0pct::Cws80e2dEFfKVpeAKi,window_10_0pct,1784125117.668522,0,0.3242147859133071,0.4571789374008317,0.3338295011195659,0.20898966321041426,0.28337372568817604,-0.24898045389917026,-0.2369012286012167,-0.03574460182597398,1.0,0.0,0.0,1.0,0.0,0.0,0.0,0.0,0.0,1.0
window_10_0pct::CGvKOF36LVkxQGdMg1,window_10_0pct,1784125384.487244,0,-0.38752119733515356,-0.0032780511530549547,-0.22369663076543292,-0.12478362455494757,-0.2003647964998135,-0.1316767458184112,-0.1935340415117178,-0.07905002197537564,1.0,0.0,0.0,1.0,0.0,0.0,0.0,0.0,0.0,1.0
window_08_22pct::CoCwGs3Rgar0rLSc3c,window_08_22pct,1783718127.973558,1,-0.38971289285364685,-0.36984938277479434,-0.7379063557416712,-0.4585569123203094,-0.7095632409082235,-0.24979859986280267,74.4084310782712,-0.6040302242810942,1.0,0.0,0.0,0.0,1.0,0.0,1.0,0.0,0.0,0.0
window_10_0pct::C5LHaO2DlGsztUoqm1,window_10_0pct,1784125714.566716,0,-0.34537013788235627,0.2635658493274258,0.2063870660800099,0.13872160262823283,0.20699395902691456,-0.23971002379274625,-0.23338862951846065,-0.11004446977652278,1.0,0.0,0.0,1.0,0.0,0.0,0.0,0.0,0.0,1.0
window_06_15pct::CK5GYEMffr06tl2Yg,window_06_15pct,1783711629.656575,1,-0.389712882178436,-0.36984938277479434,-0.7379063557416712,-0.4585569123203094,-0.7095632409082235,-0.24979859986280267,63.744774865661626,-0.6040302242810942,1.0,0.0,0.0,0.0,1.0,0.0,1.0,0.0,0.0,0.0
window_10_0pct::C4hxzg1RTGfsnCEsBf,window_10_0pct,1784125525.264299,0,0.38248254215106775,-0.36984938277479434,-0.7379063557416712,-0.38828885173812794,-0.6331834742469621,-0.24979859986280267,-0.2371314518725142,-0.6040302242810942,1.0,0.0,0.0,0.0,1.0,0.0,0.0,0.0,0.0,1.0
window_10_0pct::CfzNuW2392ZeQxs3jh,window_10_0pct,1784125007.456601,0,-0.3893772855742536,-0.36984938277479434,-0.7379063557416712,-0.4058558668836733,-0.684103318687803,-0.24979859986280267,-0.18018828953671728,-0.6040302242810942,1.0,0.0,0.0,0.0,1.0,0.0,0.0,0.0,0.0,1.0
window_10_0pct::CiHOgY17zen9rdDQx1,window_10_0pct,1784125765.969086,0,-0.3445826702771739,0.08288811843133798,-0.20591544754687843,-0.08964959426385685,-0.174904874279393,-0.24271354778077542,-0.23483170945283047,0.022681145449628612,1.0,0.0,0.0,1.0,0.0,0.0,0.0,0.0,0.0,1.0
window_10_0pct::CFgEpO1TqQP8PORhf3,window_10_0pct,1784125895.353632,0,0.6286953921981683,0.18783141940216036,0.0640313805990856,0.1035875723371421,0.10515427014523254,-0.24941185156342083,-0.23700748414963105,-0.09190496581518605,1.0,0.0,0.0,1.0,0.0,0.0,0.0,0.0,0.0,1.0
window_10_0pct::CHwR8RbUMISZT0oo5,window_10_0pct,1784125043.691844,0,-0.13193366533097473,0.0901903361927272,0.028086623125018455,-0.0018145185361300583,0.054234425704391534,-0.24853818947735068,-0.23666162924543951,-0.16174630159269748,1.0,0.0,0.0,1.0,0.0,0.0,0.0,0.0,0.0,1.0
window_10_0pct::CZvvP84oEA1JhYOI5k,window_10_0pct,1784125831.409385,0,0.22265389346282147,0.09582347560865605,0.20536735664812145,0.05088652690050602,0.18153403680649405,-0.2492615261174758,-0.2369281805611688,-0.24047024477006135,1.0,0.0,0.0,1.0,0.0,0.0,0.0,0.0,0.0,1.0
window_10_0pct::Czoofr3ykImuHV2IZ,window_10_0pct,1784125052.557847,0,0.255898859339766,-0.19313571294917498,-0.38833721612241895,-0.23018571542821972,-0.35312432982233655,-0.2496052858460182,-0.2370587315559843,-0.23176426526386246,1.0,0.0,0.0,1.0,0.0,0.0,0.0,0.0,0.0,1.0
window_10_0pct::CKOGeW1JO79uKzjeVa,window_10_0pct,1784124960.112037,0,0.10849402106432876,0.17614787098393758,1.722864942870086,0.49006190553914,1.4290702256070986,-0.2490245920907079,-0.2366345912970254,-0.44062794393683485,1.0,0.0,0.0,1.0,0.0,0.0,0.0,0.0,0.0,1.0
window_08_22pct::CyamnFgN1bfCpfUJ8,window_08_22pct,1783718128.50496,1,-0.3892342911246234,-0.3531585993201904,-0.6852426123739334,-0.38828885173812794,-0.6077235520265416,-0.22517174158997735,-0.18721999815245569,-0.37072068314587064,1.0,0.0,0.0,1.0,0.0,0.0,0.0,0.0,0.0,1.0
window_10_0pct::C2i7212cqtHJ4fqbP1,window_10_0pct,1784125290.025579,0,-0.38971226301620543,-0.3631730693929528,-0.7368866463097827,-0.4585569123203094,-0.7095632409082235,6.545547234569286,6.653200065844145,4.119297628905474,0.0,1.0,1.0,0.0,0.0,0.0,0.0,0.0,0.0,1.0
window_10_0pct::CasHFs3f7xwVM6lBWb,window_10_0pct,1784124868.151907,0,0.21198573890522912,0.18699688022943015,-0.3171912393017033,-0.08964959426385685,-0.2512846409406545,-0.2491449865209193,-0.23698759628218097,0.37066294027266833,1.0,0.0,0.0,1.0,0.0,0.0,0.0,0.0,0.0,1.0
window_10_0pct::CPEF364OlMQE1x7MC4,window_10_0pct,1784124105.370327,0,0.19654565833575355,0.2781702848502043,0.09880772101578057,0.03331951175496066,0.07969434792481203,-0.24901793682261564,-0.2369259048207124,-0.03367852250776444,1.0,0.0,0.0,1.0,0.0,0.0,0.0,0.0,0.0,1.0
window_10_0pct::CbO9qWYvXihSQ1vO4,window_10_0pct,1784124577.438604,0,-0.38964681329834927,-0.27450328229036924,-0.5573540544579261,-0.3355878063014919,-0.5058838631448596,0.7682763073949299,0.3411120392353535,-0.21517183966195153,1.0,0.0,0.0,1.0,0.0,0.0,0.0,0.0,0.0,1.0
window_10_0pct::CdAomd1srQXsBTSy07,window_10_0pct,1784125744.371789,0,0.26989595030525454,-0.36984938277479434,-0.7379063557416712,-0.38828885173812794,-0.6331834742469621,-0.24979859986280267,-0.23712616772676756,-0.6040302242810942,1.0,0.0,0.0,0.0,1.0,0.0,0.0,0.0,0.0,1.0
window_10_0pct::Covm4CMuewvtndwa8,window_10_0pct,1784124001.158286,0,-0.3120420227879299,-0.18583349518778575,-0.48463602559638247,-0.26531974571931044,-0.42950409648359805,-0.24812534744245765,-0.2364237329459137,-0.06900133275049929,1.0,0.0,0.0,1.0,0.0,0.0,0.0,0.0,0.0,1.0
window_10_0pct::ChY7yt4DiwwmFu1USg,window_10_0pct,1784124776.309676,0,-0.38065415443753575,-0.36984938277479434,-0.7379063557416712,-0.4058558668836733,-0.684103318687803,-0.24979859986280267,-0.23505125028173895,-0.6040302242810942,1.0,0.0,0.0,0.0,1.0,0.0,0.0,0.0,0.0,1.0
window_10_0pct::CgpoVL1NP6qF2NBeR3,window_10_0pct,1784125717.764509,0,0.3861234722719083,-0.36984938277479434,-0.7379063557416712,-0.38828885173812794,-0.6331834742469621,-0.24979859986280267,-0.23713159715618443,-0.6040302242810942,1.0,0.0,0.0,0.0,1.0,0.0,0.0,0.0,0.0,1.0
window_10_0pct::CJDub1C0m3InHT2Gl,window_10_0pct,1784124001.16198,0,-0.31208119013661917,-0.27784143898129005,-0.5815509095187786,-0.3004537760104012,-0.5058838631448596,-0.2489615515518348,-0.23654653521860555,-0.1707229648245473,1.0,0.0,0.0,1.0,0.0,0.0,0.0,0.0,0.0,1.0
window_10_0pct::CQBdka4sGgNHuWIpYd,window_10_0pct,1784124288.74951,0,0.244159917080449,0.2610622318092352,1.6923161478064286,0.6130310115579575,1.4545301478275192,-0.24909563919670166,-0.23669475948742005,-0.41284190969084794,1.0,0.0,0.0,1.0,0.0,0.0,0.0,0.0,0.0,1.0
window_10_0pct::CFNWke1SYEYoaz7oYj,window_10_0pct,1784125554.699011,0,-0.37403726375628105,-0.27533782146309943,0.1535746150867883,-0.054515563972766135,0.07969434792481203,-0.24554043125949832,-0.22984232074192867,-0.5259564512282658,1.0,0.0,0.0,1.0,0.0,0.0,0.0,0.0,0.0,1.0
window_10_0pct::C30fnpq2qxS00Kl6l,window_10_0pct,1784125610.568486,0,-0.38860959913481696,-0.09132193387609083,-0.34075077596762554,-0.195051685137129,-0.3022044853814955,-0.07151298096941483,-0.16783012505270245,-0.08758203430028393,1.0,0.0,0.0,1.0,0.0,0.0,0.0,0.0,0.0,1.0
window_10_0pct::CGVmUk1r9sVjRGhJt,window_10_0pct,1784124336.319483,0,0.20672436515007658,-0.08109882901014591,-0.4801747968318706,-0.2477527305737651,-0.42950409648359805,-0.24945668129669507,-0.2370581997479931,0.22098523379733934,1.0,0.0,0.0,1.0,0.0,0.0,0.0,0.0,0.0,1.0
window_10_0pct::Cik7QKG1kPjZJE9qh,window_10_0pct,1784124167.936292,0,0.11526857393495168,0.27629257171156135,1.6293278464408203,0.5603299661213215,1.352690458945837,-0.24889491477497702,-0.23660380038251377,-0.4030166095584884,1.0,0.0,0.0,1.0,0.0,0.0,0.0,0.0,0.0,1.0
window_10_0pct::CXAxSM1r7i7jTMTV96,window_10_0pct,1784125474.293707,0,-0.37760155653827165,-0.18583349518778575,-0.4118967527883412,-0.23018571542821972,-0.37858425204275703,-0.239067959757826,-0.23163571416631418,-0.18836921732733883,1.0,0.0,0.0,1.0,0.0,0.0,0.0,0.0,0.0,1.0
window_10_0pct::CqZZee4nZzDlwrnX1d,window_10_0pct,1784125587.511774,0,-0.38523219726956204,-0.36984938277479434,-0.7379063557416712,-0.4058558668836733,-0.684103318687803,-0.24979859986280267,-0.23289425450798465,-0.6040302242810942,1.0,0.0,0.0,0.0,1.0,0.0,0.0,0.0,0.0,1.0
window_10_0pct::C7sPNu4X8kcf1yNfTd,window_10_0pct,1784124161.390795,0,0.3662206091221911,0.4853446344804759,1.1242105305655872,0.4022268298114132,0.9707916256395296,-0.2489996018606102,-0.23684616893174815,-0.26581323628826176,1.0,0.0,0.0,1.0,0.0,0.0,0.0,0.0,0.0,1.0
window_10_0pct::C8UFli27de8mipo4Ce,window_10_0pct,1784125973.867322,0,0.16570030905945585,-0.09945869081021026,-0.33439883596482056,-0.195051685137129,-0.3022044853814955,-0.2494547727202619,-0.23702467775218056,-0.11056119955623274,1.0,0.0,0.0,1.0,0.0,0.0,0.0,0.0,0.0,1.0
window_10_0pct::C3UNqm2MztnriEtarc,window_10_0pct,1784123932.275479,0,1.355584399595757,0.18032056684758857,0.11070433105447891,0.05088652690050602,0.15607411458607354,-0.24957596554768408,-0.23708022667013023,-0.12658873783202113,1.0,0.0,0.0,1.0,0.0,0.0,0.0,0.0,0.0,1.0
window_10_0pct::C43YN34Xw27ZOdspm8,window_10_0pct,1784125633.198524,0,6.433498164234366e-05,0.18637097584988252,-0.26418759279000265,-0.08964959426385685,-0.225824718720234,-0.2487907519140765,-0.2368925502946217,0.2606379522508202,1.0,0.0,0.0,1.0,0.0,0.0,0.0,0.0,0.0,1.0
window_10_0pct::CW8zgX3uYbDo56J6Ji,window_10_0pct,1784125109.637643,0,0.0008798677162071392,-0.36984938277479434,-0.7379063557416712,-0.4058558668836733,-0.684103318687803,-0.24979859986280267,-0.23711344704106896,-0.6040302242810942,1.0,0.0,0.0,0.0,1.0,0.0,0.0,0.0,0.0,1.0
window_08_22pct::C8x7iC2uaYTXLOvP91,window_08_22pct,1783719128.501495,1,-0.38971289285364685,-0.36984938277479434,-0.7379063557416712,-0.4585569123203094,-0.7095632409082235,-0.24979859986280267,74.4084310782712,-0.6040302242810942,1.0,0.0,0.0,0.0,1.0,0.0,1.0,0.0,0.0,0.0
window_10_0pct::CmvRPrny87MEZRmOf,window_10_0pct,1784125150.143837,0,0.5516062997745524,0.013412732301549003,-0.024130997366268205,0.0157524966094153,-0.04760526317729048,-0.24951104307862992,-0.2370201925167107,-0.20860527073860677,1.0,0.0,0.0,1.0,0.0,0.0,0.0,0.0,0.0,1.0
window_10_0pct::C2Yd4e22WGche0uPl8,window_10_0pct,1784123928.025903,0,0.48627978452712417,-0.27909324774038535,-0.5955506702607468,-0.3180207911559465,-0.480423940924439,-0.2497254286666907,-0.2371132882391427,-0.13459137584652386,1.0,0.0,0.0,1.0,0.0,0.0,0.0,0.0,0.0,1.0
window_10_0pct::C8otto2tmNDZ8DZEc8,window_10_0pct,1784125115.460482,0,0.2820255519064317,0.48179784299637257,0.15735603756337457,0.13872160262823283,0.15607411458607354,-0.2489031852872488,-0.2369132951058803,0.09652398292611614,1.0,0.0,0.0,1.0,0.0,0.0,0.0,0.0,0.0,1.0
window_10_0pct::CScA223iVtMPveg26,window_10_0pct,1784126019.766446,0,0.09557955660942194,-0.27846734336083767,-0.5955506702607468,-0.3355878063014919,-0.53134378536528,-0.24966560896315731,-0.23708359328929085,-0.1313538665469751,1.0,0.0,0.0,1.0,0.0,0.0,0.0,0.0,0.0,1.0
window_10_0pct::C04MFf2wKMispHSYTc,window_10_0pct,1784124124.713839,0,-0.3892672455005852,-0.279719152119933,-0.5573540544579261,-0.3180207911559465,-0.5058838631448596,-0.10698110681542393,-0.14061944083594127,-0.23644418017722194,1.0,0.0,0.0,1.0,0.0,0.0,0.0,0.0,0.0,1.0
window_10_0pct::C66bKCrKklvMVeW9,window_10_0pct,1784124381.071688,0,-0.3756600986378284,0.009240036437898013,-0.40790289084677817,-0.17748466999158366,-0.35312432982233655,-0.23074655189794427,-0.2313785716853786,0.24190646857527784,1.0,0.0,0.0,1.0,0.0,0.0,0.0,0.0,0.0,1.0
window_10_0pct::CMdJdc2xz2oUXVCXOj,window_10_0pct,1784124378.467766,0,-0.09170648170631467,0.08956443181317955,8.710164108199476e-05,0.03331951175496066,0.003314581263550526,-0.2487098126317514,-0.2366971409227728,-0.14559107929051754,1.0,0.0,0.0,1.0,0.0,0.0,0.0,0.0,0.0,1.0
window_04_7pct::C89UgdIKuG6ZIeISd,window_04_7pct,1783703130.878801,1,-0.38971290352885773,-0.36984938277479434,-0.7379063557416712,-0.4585569123203094,-0.7095632409082235,-0.24979859986280267,89.33754977592461,-0.6040302242810942,1.0,0.0,0.0,0.0,1.0,0.0,1.0,0.0,0.0,0.0
window_10_0pct::CGVQMA4QZkE4XZL115,window_10_0pct,1784124629.07315,0,0.7298112884834554,0.2781702848502043,0.06362774561562975,0.06845354204605138,0.07969434792481203,-0.24938979189388652,-0.23703001850323754,-0.008645991746940848,1.0,0.0,0.0,1.0,0.0,0.0,0.0,0.0,0.0,1.0
window_10_0pct::CRzWkk31hfXUKxXzn9,window_10_0pct,1784125043.685443,0,-0.1318666250066987,0.4586393809531096,0.5630729277759834,0.26169070864705035,0.5125130256719606,-0.2475293081113617,-0.2363836202562404,-0.13505294070820736,1.0,0.0,0.0,1.0,0.0,0.0,0.0,0.0,0.0,1.0
window_10_0pct::CMbVq44SDSCbSw9Bqd,window_10_0pct,1784125657.534564,0,-0.20885878651559706,-0.08944422073744789,-0.23134445150459615,-0.12478362455494757,-0.225824718720234,-0.24870357962446263,-0.2366336807222921,-0.19638916406730755,1.0,0.0,0.0,1.0,0.0,0.0,0.0,0.0,0.0,1.0
window_10_0pct::CsYfhF2v0g7g9rVIHb,window_10_0pct,1784125825.293893,0,-0.3393298687163515,0.10270842378368017,-0.20859218480558556,-0.0720825791183115,-0.174904874279393,-0.24317437864091962,-0.2349798060267362,0.053425706641959364,1.0,0.0,0.0,1.0,0.0,0.0,0.0,0.0,0.0,1.0
window_10_0pct::C5C097Y5rIp0hae44,window_10_0pct,1784123928.01962,0,0.4863468568770328,-0.09862415163748006,-0.5216217364488357,-0.23018571542821972,-0.4040441742631775,-0.24957994406456968,-0.23708600422445913,0.3194007821763317,1.0,0.0,0.0,1.0,0.0,0.0,0.0,0.0,0.0,1.0
window_10_0pct::CCCjwW2mxvX6hkEG4e,window_10_0pct,1784124440.705254,0,-0.08718556192766426,0.10041344105867213,0.71235413981515,0.20898966321041426,0.6143527145536426,-0.24870075592272875,-0.2365460537694344,-0.36523209225316583,1.0,0.0,0.0,1.0,0.0,0.0,0.0,0.0,0.0,1.0
window_10_0pct::Cq6ujj2pdl7glea5Db,window_10_0pct,1784126008.758247,0,-0.2800786266513772,0.24353690918190107,-0.44384764832084533,-0.14235063970049294,-0.35312432982233655,-0.24584718919909435,-0.2363338214577877,0.9320408281688286,1.0,0.0,0.0,1.0,0.0,0.0,0.0,0.0,0.0,1.0
window_10_0pct::Ce58pr26hQhhcFY45h,window_10_0pct,1784124900.350245,0,-0.32319466111573614,0.10416886733595802,-0.016568152413095685,-0.019381533681675417,0.003314581263550526,-0.24476569619269506,-0.23529360441534422,-0.1200963804468361,1.0,0.0,0.0,1.0,0.0,0.0,0.0,0.0,0.0,1.0
window_10_0pct::C6vlWE4tw0YjjKegK9,window_10_0pct,1784126136.850968,0,-0.011415925567824994,0.09665801478138623,-0.2505489791384949,-0.036948548827220776,-0.2003647964998135,-0.24892765578377285,-0.23684644500603008,0.10088147275182184,1.0,0.0,0.0,1.0,0.0,0.0,0.0,0.0,0.0,1.0
window_10_0pct::CaOCdlTcfN2SIuwV8,window_10_0pct,1784124357.052491,0,-0.389616068691038,-0.09674643849883711,-0.5306291697638502,-0.23018571542821972,-0.45496401870401854,1.7409668816359791,0.45369588143363665,0.3661960382446528,1.0,0.0,0.0,1.0,0.0,0.0,0.0,0.0,0.0,1.0
window_10_0pct::Cu1azp14VxmGZx9Lpf,window_10_0pct,1784124220.129896,0,0.18558046603564837,0.10291705857686272,-0.25598742944189984,-0.08964959426385685,-0.225824718720234,-0.2492182072159945,-0.23697957254398422,0.11840043897311175,1.0,0.0,0.0,1.0,0.0,0.0,0.0,0.0,0.0,1.0
window_10_0pct::CNf6ht3d68a8ztKAr3,window_10_0pct,1784124904.471494,0,1.1967526020987362,0.08789535346771916,1.527526854823959,0.5778969812668668,1.3272305367254167,-0.24959482182318565,-0.23698158748715223,-0.4552275692663615,1.0,0.0,0.0,1.0,0.0,0.0,0.0,0.0,0.0,1.0
window_10_0pct::CtA3Xl2W3idrolREmf,window_10_0pct,1784125457.431041,0,-0.20047841504955669,-0.08568879446016199,-0.34100570332559765,-0.1599176548460383,-0.276744563161075,-0.24873805730793222,-0.23670762724914912,-0.07679861189555517,1.0,0.0,0.0,1.0,0.0,0.0,0.0,0.0,0.0,1.0
window_10_0pct::CQWxeAgSSLw6vmg2d,window_10_0pct,1784125621.885915,0,-0.38886554799068357,-0.19584796526054812,1.1531235417489236,0.3670927995203225,0.9453317034191091,-0.10477975967884669,0.033657193241918335,-0.5362672954086435,1.0,0.0,0.0,1.0,0.0,0.0,0.0,0.0,0.0,1.0
window_10_0pct::C9YLQf1DntsFioASTb,window_10_0pct,1784125357.394321,0,-0.3896053401041117,-0.36984938277479434,-0.7379063557416712,-0.4058558668836733,-0.684103318687803,-0.24979859986280267,-0.05945243641009975,-0.6040302242810942,1.0,0.0,0.0,0.0,1.0,0.0,0.0,0.0,0.0,1.0
window_05_12pct::CciJTQ2ij4Nz1MR41d,window_05_12pct,1783707880.695813,1,-0.38971289285364685,-0.36984938277479434,-0.7379063557416712,-0.4585569123203094,-0.7095632409082235,-0.24979859986280267,74.4084310782712,-0.6040302242810942,1.0,0.0,0.0,0.0,1.0,0.0,1.0,0.0,0.0,0.0
window_06_15pct::C0Pkw04n09ecc54NSg,window_06_15pct,1783711629.65981,1,-0.389712882178436,-0.36984938277479434,-0.7379063557416712,-0.4585569123203094,-0.7095632409082235,-0.24979859986280267,63.744774865661626,-0.6040302242810942,1.0,0.0,0.0,0.0,1.0,0.0,1.0,0.0,0.0,0.0
window_10_0pct::COvCrY2ahYsHZRFoF8,window_10_0pct,1784125551.463905,0,-0.24602651875561324,-0.36984938277479434,-0.7379063557416712,-0.4058558668836733,-0.684103318687803,-0.24979859986280267,-0.23702931059504806,-0.6040302242810942,1.0,0.0,0.0,0.0,1.0,0.0,0.0,0.0,0.0,1.0
window_10_0pct::CbJNpv1O8Ut25rebke,window_10_0pct,1784125859.036396,0,-0.3896621322259506,-0.279719152119933,-0.5573540544579261,-0.3180207911559465,-0.5058838631448596,1.0026517193378186,0.6094794821205554,-0.23644418017722194,1.0,0.0,0.0,1.0,0.0,0.0,0.0,0.0,0.0,1.0
window_10_0pct::CBKLnAk6tAvG2dGv,window_10_0pct,1784124766.808602,0,-0.38932483826323955,-0.18708530394688103,-0.4767545214457448,-0.26531974571931044,-0.42950409648359805,0.08277747886048571,-0.08933715678041516,-0.08867688939674961,1.0,0.0,0.0,1.0,0.0,0.0,0.0,0.0,0.0,1.0
window_10_0pct::CDquPi2liL3yNWMdf2,window_10_0pct,1784125282.71148,0,0.9641040699683742,0.8239589038157537,1.0414441150106428,0.5076289206846853,0.9453317034191091,-0.24917581322413276,-0.23696464020997052,-0.10993510583832106,1.0,0.0,0.0,1.0,0.0,0.0,0.0,0.0,0.0,1.0
window_10_0pct::CNPaUv1Nqzm9VlypEl,window_10_0pct,1784125350.06426,0,0.661627232789816,0.0737081875313058,0.24963974114927742,0.03331951175496066,0.20699395902691456,-0.2495006306465368,-0.23703052766336505,-0.2732603613504244,1.0,0.0,0.0,1.0,0.0,0.0,0.0,0.0,0.0,1.0
window_10_0pct::Cifq5OT8DdZT1VM1g,window_10_0pct,1784124657.45455,0,-0.3884950541221607,0.0019378186765087817,-0.3882734842829259,-0.17748466999158366,-0.327664407601916,-0.03419972904429663,-0.17042517844626054,0.1790359201621905,1.0,0.0,0.0,1.0,0.0,0.0,0.0,0.0,0.0,1.0
window_10_0pct::CzEUco29sItOmp9PJf,window_10_0pct,1784124156.833171,0,0.040954331774132706,-0.27825870856765517,1.1454757210097604,0.24412369350150498,0.9198717811986885,-0.24964839844260434,-0.23670723975627894,-0.5682164097021682,1.0,0.0,0.0,1.0,0.0,0.0,0.0,0.0,0.0,1.0
window_10_0pct::C4hdFC3FT6rR35LZwg,window_10_0pct,1784125350.064736,0,0.6616217991074821,-0.015796138744007922,-0.08898876602367185,-0.019381533681675417,-0.07306518539771098,-0.24956075584897075,-0.23704417005217793,-0.2022325017387592,1.0,0.0,0.0,1.0,0.0,0.0,0.0,0.0,0.0,1.0
window_08_22pct::CJDWV71053pqk6GRF,window_08_22pct,1783718129.810456,1,-0.07633335605942809,-0.3258274414132764,-0.7379063557416712,-0.35315482144703725,-0.6077235520265416,-0.24969938810662992,-0.23705561295850713,1525.4736783412168,1.0,0.0,0.0,1.0,0.0,0.0,0.0,1.0,0.0,0.0
window_10_0pct::Cm4PKZ3Ebvf8fjszIe,window_10_0pct,1784125800.268049,0,-0.36265960265850433,-0.2818055000517585,-0.5955506702607468,-0.3355878063014919,-0.53134378536528,-0.2475001092382827,-0.2357485683958163,-0.14862058281123522,1.0,0.0,0.0,1.0,0.0,0.0,0.0,0.0,0.0,1.0
window_10_0pct::CT58B32LEsRJ28443j,window_10_0pct,1784124927.675307,0,0.8219132502126613,0.19972360261356567,0.20094861577660492,0.13872160262823283,0.20699395902691456,-0.24946659427461895,-0.23702429804044398,-0.15726053390268097,1.0,0.0,0.0,1.0,0.0,0.0,0.0,0.0,0.0,1.0
window_10_0pct::C9L95ksGPCMfWe0ic,window_10_0pct,1784125267.676681,0,-0.3892606055194228,-0.36984938277479434,-0.7379063557416712,-0.4058558668836733,-0.684103318687803,-0.24979859986280267,-0.1948842619872488,-0.6040302242810942,1.0,0.0,0.0,0.0,1.0,0.0,0.0,0.0,0.0,1.0
window_08_22pct::CvkLFk3Uk03NRQPeo,window_08_22pct,1783718129.44653,1,-0.07248856143656537,-0.32603607620645897,-0.7379063557416712,-0.35315482144703725,-0.6077235520265416,-0.2497010550630915,-0.23705690735036652,1518.2410825660247,1.0,0.0,0.0,1.0,0.0,0.0,0.0,1.0,0.0,0.0
window_10_0pct::C6sBbq2ieHCbqeFXZf,window_10_0pct,1784125107.024054,0,-0.2447292351048178,-0.2761723606358297,-0.5306929016033433,-0.2828867608648558,-0.480423940924439,-0.24934227040827817,-0.23679966174303685,-0.2711306340134184,1.0,0.0,0.0,1.0,0.0,0.0,0.0,0.0,0.0,1.0
window_10_0pct::CjZFzm3VmVwv1Zeiq5,window_10_0pct,1784125341.468054,0,0.23690483026763481,-0.09382555139428142,-0.20468329865001325,-0.10721660940940221,-0.174904874279393,-0.24948749375993862,-0.23700217828702894,-0.222821339751437,1.0,0.0,0.0,1.0,0.0,0.0,0.0,0.0,0.0,1.0
window_10_0pct::CG5dIBZOHggoNRIf2,window_10_0pct,1784126016.121279,0,0.41497019789354317,-0.1038400214670438,-0.25554130656544866,-0.10721660940940221,-0.2003647964998135,-0.2495651268541613,-0.23703763537094402,-0.19791935039331893,1.0,0.0,0.0,1.0,0.0,0.0,0.0,0.0,0.0,1.0
window_10_0pct::CeiQ2A3sz6NamrTjy3,window_10_0pct,1784124915.450005,0,-0.38876821141795287,-0.1916752693968971,1.1531235417489236,0.3495257843747771,0.9453317034191091,-0.11660159789479838,0.0006940331694656276,-0.5346422851239325,1.0,0.0,0.0,1.0,0.0,0.0,0.0,0.0,0.0,1.0
window_08_22pct::CiZ5w92LOwDQzRDVaj,window_08_22pct,1783719129.157468,1,-0.38922104318793127,-0.3531585993201904,-0.6852426123739334,-0.38828885173812794,-0.6077235520265416,-0.22583497794233362,-0.18856501840197196,-0.37072068314587064,1.0,0.0,0.0,1.0,0.0,0.0,0.0,0.0,0.0,1.0
window_10_0pct::CcWT7PqfkQgag3dqb,window_10_0pct,1784124495.847392,0,0.3379423705051217,-0.008702555775801242,-0.2016029264078503,-0.10721660940940221,-0.174904874279393,-0.249448071826748,-0.23702442703189774,-0.10812500021164817,1.0,0.0,0.0,1.0,0.0,0.0,0.0,0.0,0.0,1.0
window_06_15pct::C6ZGeD4O9UqQCML0v7,window_06_15pct,1783711629.654088,1,-0.38971289285364685,-0.36984938277479434,-0.7379063557416712,-0.4585569123203094,-0.7095632409082235,-0.24979859986280267,74.4084310782712,-0.6040302242810942,1.0,0.0,0.0,0.0,1.0,0.0,1.0,0.0,0.0,0.0
window_10_0pct::CPfJ431bJUGCXkoI17,window_10_0pct,1784125042.01425,0,0.29357497714713854,-0.08568879446016199,-0.34948203797817023,-0.12478362455494757,-0.276744563161075,-0.2495048857863681,-0.23702246475557662,-0.06529380394686342,1.0,0.0,0.0,1.0,0.0,0.0,0.0,0.0,0.0,1.0
window_10_0pct::CKIjut3FNI5BBqz22c,window_10_0pct,1784125524.221481,0,-0.14338060854731058,0.08393129239725072,0.08308720060750062,0.03331951175496066,0.054234425704391534,-0.24849756414615048,-0.23659953955916768,-0.19698968268556413,1.0,0.0,0.0,1.0,0.0,0.0,0.0,0.0,0.0,1.0
window_08_22pct::CDnrgk15lB2Ns7ax32,window_08_22pct,1783719128.499163,1,-0.38971289285364685,-0.36984938277479434,-0.7379063557416712,-0.4585569123203094,-0.7095632409082235,-0.24979859986280267,74.4084310782712,-0.6040302242810942,1.0,0.0,0.0,0.0,1.0,0.0,1.0,0.0,0.0,0.0
window_10_0pct::CiXnMi4rnRyyM1LwK1,window_10_0pct,1784124676.732774,0,-0.3527164336968606,-0.184790321221873,-0.4667486226453396,-0.2477527305737651,-0.4040441742631775,-0.2462658400433892,-0.23548239047513525,-0.10145972270684876,1.0,0.0,0.0,1.0,0.0,0.0,0.0,0.0,0.0,1.0
window_10_0pct::Cdmp3D25BpEbqStYyh,window_10_0pct,1784124840.658983,0,-0.3885443308955457,0.00631914933334232,-0.35007686848010516,-0.14235063970049294,-0.3022044853814955,-0.02246083601830602,-0.15942860234215697,0.11023664227261415,1.0,0.0,0.0,1.0,0.0,0.0,0.0,0.0,0.0,1.0
window_10_0pct::C544TZ3CFiewgKXJc6,window_10_0pct,1784124679.454832,0,-0.38844334340069675,-0.36984938277479434,-0.7379063557416712,-0.4058558668836733,-0.684103318687803,-0.24979859986280267,-0.22209910233247412,-0.6040302242810942,1.0,0.0,0.0,0.0,1.0,0.0,0.0,0.0,0.0,1.0
window_10_0pct::CWh1402dg9Ncwg0Fp3,window_10_0pct,1784125069.062051,0,-0.38356068342643856,-0.279719152119933,-0.5955506702607468,-0.3355878063014919,-0.53134378536528,-0.23945195555134374,-0.23094533304229625,-0.1378288851460726,1.0,0.0,0.0,1.0,0.0,0.0,0.0,0.0,0.0,1.0
window_06_15pct::CfGnjk1aWS5Ei9DU3d,window_06_15pct,1783710631.146645,1,-0.07327025375266599,-0.3264533457928241,-0.7379063557416712,-0.35315482144703725,-0.6077235520265416,-0.2497017453960829,-0.2370566467325469,1503.7758910156408,1.0,0.0,0.0,1.0,0.0,0.0,0.0,1.0,0.0,0.0
window_10_0pct::CmOA2O5c8vEfNgHJ9,window_10_0pct,1784124148.602257,0,-0.2852408276975292,-0.1756103903218408,-0.6607270981156157,-0.3355878063014919,-0.582263629806121,-0.2484854912799647,-0.23679629170247685,1.2488995133919074,1.0,0.0,0.0,1.0,0.0,0.0,0.0,0.0,0.0,1.0
window_10_0pct::CuiUiK2APMLevtqoV5,window_10_0pct,1784125384.250313,0,-0.07131324206998224,-0.0016089728075945591,0.29542044585176835,0.1035875723371421,0.25791380346775555,-0.24898178535162332,-0.23666687633811687,-0.34159176485891257,1.0,0.0,0.0,1.0,0.0,0.0,0.0,0.0,0.0,1.0
window_10_0pct::Cac6fZ2YMhaoEKUolc,window_10_0pct,1784125236.575614,0,0.18085646104536945,0.357034236673208,1.4002543713563842,0.5603299661213215,1.1999309256233142,-0.24889885150795946,-0.23666801347054242,-0.35367141613825437,1.0,0.0,0.0,1.0,0.0,0.0,0.0,0.0,0.0,1.0
window_10_0pct::CLh4tI29qaXAdxj8h,window_10_0pct,1784124577.432467,0,-0.38960394165148743,-0.08485425528743179,-0.5306291697638502,-0.23018571542821972,-0.45496401870401854,1.596554822089389,0.37684364689936817,0.40844424066174023,1.0,0.0,0.0,1.0,0.0,0.0,0.0,0.0,0.0,1.0
window_10_0pct::C716XPx9SW43Tnb92,window_10_0pct,1784124375.799804,0,-0.38691383121259226,-0.09570326453292437,-0.2962022201619998,-0.1599176548460383,-0.276744563161075,-0.18062754962324518,-0.20641687936093106,-0.14697107703912823,1.0,0.0,0.0,1.0,0.0,0.0,0.0,0.0,0.0,1.0
window_10_0pct::CCsKZx4kwPrX4R3MG3,window_10_0pct,1784125825.294246,0,-0.3393338078691633,-0.27492055187673436,-0.5306929016033433,-0.3004537760104012,-0.480423940924439,-0.24846780236935476,-0.23621337754925514,-0.26668208715015324,1.0,0.0,0.0,1.0,0.0,0.0,0.0,0.0,0.0,1.0
window_10_0pct::CnL5fx3TtUbjR2cVf9,window_10_0pct,1784124645.69387,0,-0.3893242511266416,-0.36984938277479434,-0.7379063557416712,-0.4058558668836733,-0.684103318687803,-0.24979859986280267,-0.18796175516456523,-0.6040302242810942,1.0,0.0,0.0,0.0,1.0,0.0,0.0,0.0,0.0,1.0
window_10_0pct::C7K7yI3tvt4J3lhJZ3,window_10_0pct,1784124058.922407,0,-0.38897434973989076,-0.18854574749915887,-0.5497062337187629,-0.3004537760104012,-0.480423940924439,-0.0764351003099942,-0.17243050739149304,0.10535191213445759,1.0,0.0,0.0,1.0,0.0,0.0,0.0,0.0,0.0,1.0
window_10_0pct::CB2A1G4X4434VZ1lpl,window_10_0pct,1784125471.162143,0,-0.38602860002624434,-0.2818055000517585,-0.5573540544579261,-0.3180207911559465,-0.5058838631448596,-0.23292133114401609,-0.2254832204441695,-0.24495311638333006,1.0,0.0,0.0,1.0,0.0,0.0,0.0,0.0,0.0,1.0
window_10_0pct::CewoL43ifEEXeKvIsj,window_10_0pct,1784125316.228795,0,0.3047233133649634,0.19158684567944625,0.14288890999845746,0.13872160262823283,0.18153403680649405,-0.2492276043347864,-0.23692143746622552,-0.1346144886426424,1.0,0.0,0.0,1.0,0.0,0.0,0.0,0.0,0.0,1.0
window_04_7pct::C1ovfs4H97VHsg2Eje,window_04_7pct,1783703130.877344,1,-0.3897128501528033,-0.36984938277479434,-0.7379063557416712,-0.4585569123203094,-0.7095632409082235,-0.24979859986280267,44.55019368296436,-0.6040302242810942,1.0,0.0,0.0,0.0,1.0,0.0,1.0,0.0,0.0,0.0
window_10_0pct::COycKg1yDns890fFBf,window_10_0pct,1784124104.275281,0,-0.3896430342737007,-0.36984938277479434,-0.7379063557416712,-0.4058558668836733,-0.684103318687803,-0.24979859986280267,0.036348161564166794,-0.6040302242810942,1.0,0.0,0.0,0.0,1.0,0.0,0.0,0.0,0.0,1.0
window_10_0pct::C8OJ3m2ENv8qoepnId,window_10_0pct,1784126014.332089,0,-0.3889663753573694,-0.18708530394688103,-0.4767545214457448,-0.26531974571931044,-0.42950409648359805,-0.07690526175163537,-0.1603138237004939,-0.08867688939674961,1.0,0.0,0.0,1.0,0.0,0.0,0.0,0.0,0.0,1.0
window_10_0pct::CblFBw18VdSiiuTfuj,window_10_0pct,1784125867.745149,0,0.5690823885871643,0.5769353086876151,0.8640359178085538,0.3143917540836864,0.7416523256557451,-0.2491011869575541,-0.23693801225260017,-0.16877773611245184,1.0,0.0,0.0,1.0,0.0,0.0,0.0,0.0,0.0,1.0
window_10_0pct::CzG6hU1izuLOkpCEtf,window_10_0pct,1784124414.955011,0,-0.13861235480796733,-0.27825870856765517,-0.5955506702607468,-0.3180207911559465,-0.53134378536528,-0.24954098662789856,-0.23699104321300954,-0.13027469678045886,1.0,0.0,0.0,1.0,0.0,0.0,0.0,0.0,0.0,1.0
window_10_0pct::CUHPQSpC3LZq7fFKd,window_10_0pct,1784125543.729795,0,0.8504937894512034,0.2712853366751801,0.12444916443847504,0.1035875723371421,0.13061419236565305,-0.24943349310130636,-0.23703519106583318,-0.05651663071640963,1.0,0.0,0.0,1.0,0.0,0.0,0.0,0.0,0.0,1.0
window_10_0pct::CnInos2utx5Wn0o4m1,window_10_0pct,1784123994.067176,0,-0.009025222768256175,0.08184494446542523,-0.19040736660357524,-0.054515563972766135,-0.174904874279393,-0.24896060680318358,-0.23686098848247092,0.003526903460749321,1.0,0.0,0.0,1.0,0.0,0.0,0.0,0.0,0.0,1.0
window_10_0pct::CDTFibItNTXJoDPFf,window_10_0pct,1784126016.486704,0,-0.3625812999867584,-0.28243140443130615,1.1454757210097604,0.20898966321041426,0.9198717811986885,-0.2475230355654945,-0.23028982406677662,-0.5698480185668119,1.0,0.0,0.0,1.0,0.0,0.0,0.0,0.0,0.0,1.0
window_10_0pct::C45X052aapoFyqLwk,window_10_0pct,1784124870.546641,0,-0.38924245766094046,-0.36984938277479434,-0.7379063557416712,-0.4058558668836733,-0.684103318687803,-0.24979859986280267,-0.1965149932940215,-0.6040302242810942,1.0,0.0,0.0,0.0,1.0,0.0,0.0,0.0,0.0,1.0
window_10_0pct::CHA73h2fRXKBxAQnX6,window_10_0pct,1784124196.97451,0,-0.3895963622517683,-0.2761723606358297,1.1454757210097604,0.29682473893814104,0.9198717811986885,0.31764030835541657,1.5671258779461037,-0.5674006052698465,1.0,0.0,0.0,1.0,0.0,0.0,0.0,0.0,0.0,1.0
window_10_0pct::CtRXDM3GFdAqsmIUz5,window_10_0pct,1784125933.327626,0,-0.3398775390597166,-0.008076651396253593,-0.1125483026895941,-0.036948548827220776,-0.12398502983855199,-0.24467161076194122,-0.23476394274427206,-0.17800532197173866,1.0,0.0,0.0,1.0,0.0,0.0,0.0,0.0,0.0,1.0
window_10_0pct::COrdrd3Fib9BRe0Fmb,window_10_0pct,1784125573.208483,0,-0.38921204398516623,-0.2767982650153773,-0.5573540544579261,-0.3004537760104012,-0.5058838631448596,-0.11860156180298512,-0.14171378971807846,-0.2245316694886705,1.0,0.0,0.0,1.0,0.0,0.0,0.0,0.0,0.0,1.0
window_10_0pct::CHJFJ33EYRxsv6PgN,window_10_0pct,1784125167.36741,0,-0.12606572609407635,-0.010371634121261637,-0.3967498189354985,-0.17748466999158366,-0.35312432982233655,-0.2488356282866255,-0.23685412130358735,0.17192011947081726,1.0,0.0,0.0,1.0,0.0,0.0,0.0,0.0,0.0,1.0
window_10_0pct::CNfnOk3bXkBNsOpBid,window_10_0pct,1784126123.711065,0,-0.26897213726017055,-0.2767982650153773,-0.5955506702607468,-0.3004537760104012,-0.53134378536528,-0.24925430762104123,-0.23676642587710528,-0.12272050841484512,1.0,0.0,0.0,1.0,0.0,0.0,0.0,0.0,0.0,1.0
window_06_15pct::CWcj8L2kcnzAlcfyhc,window_06_15pct,1783710630.17329,1,-0.38924069625114666,-0.3531585993201904,-0.6852426123739334,-0.38828885173812794,-0.6077235520265416,-0.22483773505810062,-0.18654264452542832,-0.37072068314587064,1.0,0.0,0.0,1.0,0.0,0.0,0.0,0.0,0.0,1.0
window_10_0pct::CnX9CF2xS4EwjiK8g3,window_10_0pct,1784126117.226105,0,-0.26752006305173137,-0.27909324774038535,-0.5815509095187786,-0.26531974571931044,-0.5058838631448596,-0.249274040417038,-0.23669287584645646,-0.17661830168790169,1.0,0.0,0.0,1.0,0.0,0.0,0.0,0.0,0.0,1.0
window_10_0pct::CkmdLC4sRWsfPoXHSj,window_10_0pct,1784124723.374363,0,0.41318346649947835,0.350983827670914,0.027598012355571914,0.12115458748268745,0.054234425704391534,-0.2491645258803568,-0.23695994437854315,0.08942387321545428,1.0,0.0,0.0,1.0,0.0,0.0,0.0,0.0,0.0,1.0
window_06_15pct::CXvS9l3hfcQ0bYZUvk,window_06_15pct,1783710630.201186,1,-0.38935410969145057,-0.3531585993201904,-0.6852426123739334,-0.38828885173812794,-0.6077235520265416,-0.21694886914451578,-0.17054429889525588,-0.37072068314587064,1.0,0.0,0.0,1.0,0.0,0.0,0.0,0.0,0.0,1.0
window_03_5pct::CVKIse1JcPigX70yl3,window_03_5pct,1783699382.179979,1,-0.3895895728176538,-0.3531585993201904,-0.6852426123739334,-0.38828885173812794,-0.6077235520265416,-0.15425925931121812,-0.04341195103690528,-0.37072068314587064,1.0,0.0,0.0,1.0,0.0,0.0,0.0,0.0,0.0,1.0
window_10_0pct::Cm7iqc2NCGDDjNRZu1,window_10_0pct,1784125504.359708,0,-0.38971195343509013,-0.3631730693929528,-0.7368866463097827,-0.4585569123203094,-0.7095632409082235,4.449110753733854,4.527449940319026,4.119297628905474,0.0,1.0,1.0,0.0,0.0,0.0,0.0,0.0,0.0,1.0
window_10_0pct::Ckg0yH2e3dGpf7Lrh8,window_10_0pct,1784124514.113314,0,-0.3893764102069621,-0.18583349518778575,1.1531235417489236,0.3143917540836864,0.9453317034191091,0.13636795382303563,0.4021292934181788,-0.5323672707253371,1.0,0.0,0.0,1.0,0.0,0.0,0.0,0.0,0.0,1.0
window_07_17pct::CLJ1JXTEijdt6gwEd,window_07_17pct,1783715379.386457,1,-0.3896432264274963,-0.3531585993201904,-0.6852426123739334,-0.38828885173812794,-0.6077235520265416,-0.08074720701295357,0.10566793364280797,-0.37072068314587064,1.0,0.0,0.0,1.0,0.0,0.0,0.0,0.0,0.0,1.0
window_10_0pct::Co5Qaw1bJ5OUel9W44,window_10_0pct,1784124952.039047,0,0.12625534083622914,-0.36984938277479434,-0.7379063557416712,-0.38828885173812794,-0.6331834742469621,-0.24979859986280267,-0.2371160782277636,-0.6040302242810942,1.0,0.0,0.0,0.0,1.0,0.0,0.0,0.0,0.0,1.0
window_10_0pct::C0ARhq4Bib0jhOWc1l,window_10_0pct,1784125633.498552,0,0.27375085435281304,-0.09132193387609083,0.1929396479469812,-0.0018145185361300583,0.15607411458607354,-0.24950210618889856,-0.2369678388604457,-0.38367522496845496,1.0,0.0,0.0,1.0,0.0,0.0,0.0,0.0,0.0,1.0
window_10_0pct::CIr0ym1pLgB5TKx1w7,window_10_0pct,1784125376.553746,0,-0.38938540940972716,-0.18124352973776964,-0.4767545214457448,-0.26531974571931044,-0.42950409648359805,0.1568745999050141,-0.06200083090795687,-0.07220440837304908,1.0,0.0,0.0,1.0,0.0,0.0,0.0,0.0,0.0,1.0
window_10_0pct::C4bRRo2oE26g3N9fza,window_10_0pct,1784125623.983257,0,-0.38767299883375306,-0.18124352973776964,-0.4767545214457448,-0.2477527305737651,-0.42950409648359805,-0.18450079309606648,-0.20669370474722198,-0.07220440837304908,1.0,0.0,0.0,1.0,0.0,0.0,0.0,0.0,0.0,1.0
window_10_0pct::CJYXCEoYT42WwqP3g,window_10_0pct,1784124323.204753,0,0.19524771282188397,0.35473925394819994,0.6060069436477858,0.1914226480648689,0.5125130256719606,-0.24892375807105777,-0.2368518190309557,-0.20697029688010182,1.0,0.0,0.0,1.0,0.0,0.0,0.0,0.0,0.0,1.0
window_10_0pct::Ca4MLR3pS4SjHlEu5g,window_10_0pct,1784125823.00662,0,0.33905625403313655,0.17176654032710403,-0.059842071428860916,-0.0018145185361300583,-0.04760526317729048,-0.2492737125482635,-0.23698527448420162,-0.015796926483598817,1.0,0.0,0.0,1.0,0.0,0.0,0.0,0.0,0.0,1.0
window_10_0pct::C3GhvW12Phm61ZtaQk,window_10_0pct,1784125043.180514,0,-0.3889072987404038,-0.27846734336083767,-0.5573540544579261,-0.3004537760104012,-0.5058838631448596,-0.169690818664031,-0.1778178279196268,-0.23133881845355705,1.0,0.0,0.0,1.0,0.0,0.0,0.0,0.0,0.0,1.0
window_10_0pct::CYQK7HrziN7Vz24hd,window_10_0pct,1784124081.584255,0,-0.30340290556077454,-0.018717025848563617,-0.35007686848010516,-0.195051685137129,-0.3022044853814955,-0.24692534502885238,-0.23627609010476863,0.06269808210265013,1.0,0.0,0.0,1.0,0.0,0.0,0.0,0.0,0.0,1.0
window_10_0pct::ChqRmi2olZnaknVc25,window_10_0pct,1784126080.202399,0,2.296659119219777,1.2938044580628552,3.5329129163115414,1.9481241626194048,3.1348850143752722,-0.2493612172930511,-0.2369168006942592,-0.31715551048877405,1.0,0.0,0.0,1.0,0.0,0.0,0.0,0.0,0.0,1.0
window_10_0pct::CtkgZX1lg3Kb2bIi6g,window_10_0pct,1784124578.678939,0,0.15997835333123175,-0.2774241693949249,1.1454757210097604,0.3143917540836864,0.9453317034191091,-0.2496798491405453,-0.23677100575172394,-0.5678900879292397,1.0,0.0,0.0,1.0,0.0,0.0,0.0,0.0,0.0,1.0
window_10_0pct::CdsaGi2U8uaeKFmZY6,window_10_0pct,1784124368.438243,0,0.015360908691365886,0.3605810281573113,-0.18210098352298407,-0.0018145185361300583,-0.14944495205897249,-0.24852506953602968,-0.2368437251385144,0.36376207846110714,1.0,0.0,0.0,1.0,0.0,0.0,0.0,0.0,0.0,1.0
window_10_0pct::CGMzKPLLUIqHuqhxe,window_10_0pct,1784124742.915275,0,1.3347230092618447,0.841901496029453,1.7333169645469424,0.8062681781589565,1.5309099144887806,-0.2493023151011545,-0.23696001131571748,-0.2429195942268958,1.0,0.0,0.0,1.0,0.0,0.0,0.0,0.0,0.0,1.0
window_10_0pct::CMBrvR3Y9Yo6gNvqka,window_10_0pct,1784124151.619539,0,0.04253227739396342,0.1909609412998986,0.06556094474691823,0.08602055719159674,0.07969434792481203,-0.2488822729212889,-0.2368084520607223,-0.09001146684584718,1.0,0.0,0.0,1.0,0.0,0.0,0.0,0.0,0.0,1.0
window_10_0pct::CPIWG929fXkeLNYUmg,window_10_0pct,1784124376.70775,0,0.3401909115215082,0.18616234105669996,1.6229121745985222,0.5954639964124121,1.352690458945837,-0.24926059902372594,-0.2367628370661755,-0.43058590014821835,1.0,0.0,0.0,1.0,0.0,0.0,0.0,0.0,0.0,1.0
window_08_22pct::Cw2hjAnJZqPo2aQAh,window_08_22pct,1783718128.527921,1,-0.38923594578230863,-0.3531585993201904,-0.6852426123739334,-0.38828885173812794,-0.6077235520265416,-0.22508631586640096,-0.1870467577568838,-0.37072068314587064,1.0,0.0,0.0,1.0,0.0,0.0,0.0,0.0,0.0,1.0
window_10_0pct::CuLs6n2KmQsFlwaAYa,window_10_0pct,1784125267.652195,0,-0.38971213491367496,-0.3631730693929528,-0.7368866463097827,-0.4585569123203094,-0.7095632409082235,5.486532299333116,5.579377342336606,4.119297628905474,0.0,1.0,1.0,0.0,0.0,0.0,0.0,0.0,0.0,1.0
window_05_12pct::Cf4GWM3X6r6nLMZO09,window_05_12pct,1783706882.592149,1,-0.07827501678887797,-0.32603607620645897,-0.7379063557416712,-0.35315482144703725,-0.6077235520265416,-0.24969924269999866,-0.23705494713207176,1518.2410825660247,1.0,0.0,0.0,1.0,0.0,0.0,0.0,1.0,0.0,0.0
window_10_0pct::COkIg73QpaPK8hxuU1,window_10_0pct,1784124593.495834,0,-0.3894573710062152,-0.1895889214650716,-0.4767545214457448,-0.2477527305737651,-0.42950409648359805,0.24831483842256674,0.006023468046240712,-0.0957365241211927,1.0,0.0,0.0,1.0,0.0,0.0,0.0,0.0,0.0,1.0
window_10_0pct::CLM8152o5zFz46OVEf,window_10_0pct,1784124431.926336,0,-0.38857330341785223,-0.18583349518778575,1.1531235417489236,0.27925772379259567,0.9453317034191091,-0.13576123677186028,-0.056766153825594017,-0.5323672707253371,1.0,0.0,0.0,1.0,0.0,0.0,0.0,0.0,0.0,1.0
window_10_0pct::CGwVwv1tnpCR0LLlY3,window_10_0pct,1784125448.671344,0,0.21538495022629547,-0.1038400214670438,-0.2680115031595843,-0.1599176548460383,-0.2512846409406545,-0.24948811821191658,-0.23702018407888295,-0.18714235749222835,1.0,0.0,0.0,1.0,0.0,0.0,0.0,0.0,0.0,1.0
window_10_0pct::C281fc2ncw7OyqbbP7,window_10_0pct,1784125433.372617,0,0.035723905455298036,-0.09382555139428142,-0.2595351685070117,-0.1599176548460383,-0.225824718720234,-0.24934037765640746,-0.23696012238911235,-0.1791124121855782,1.0,0.0,0.0,1.0,0.0,0.0,0.0,0.0,0.0,1.0
window_10_0pct::CGYyXl3Imm3OInrogc,window_10_0pct,1784125764.486238,0,-0.38971160115313136,-0.3631730693929528,-0.7368866463097827,-0.4585569123203094,-0.7095632409082235,3.2281343075236992,3.2894010618907394,4.119297628905474,0.0,1.0,1.0,0.0,0.0,0.0,0.0,0.0,0.0,1.0
window_10_0pct::CL7cm82rKbrOyYPmj1,window_10_0pct,1784125150.14309,0,0.5516151922252088,0.40835839579611516,1.7759323212212796,0.7535671327223203,1.5054499922683602,-0.2492147257895573,-0.23680686965664988,-0.3760500138455783,1.0,0.0,0.0,1.0,0.0,0.0,0.0,0.0,0.0,1.0
window_10_0pct::CF9cBG4zcibUwBmEY4,window_10_0pct,1784126129.960625,0,1.5098317384590176,0.16091753108161147,0.17522219656791976,0.20898966321041426,0.18153403680649405,-0.2496012581036708,-0.2370642471866582,-0.1759703961569486,1.0,0.0,0.0,1.0,0.0,0.0,0.0,0.0,0.0,1.0
window_10_0pct::CbIoBA3shJvclrs9Bi,window_10_0pct,1784125431.974457,0,1.4302330320619299,0.0042328014015168254,-0.16956705508935546,-0.0720825791183115,-0.07306518539771098,-0.24965343109348198,-0.2371019871432807,-0.11931600491505052,1.0,0.0,0.0,1.0,0.0,0.0,0.0,0.0,0.0,1.0
window_10_0pct::CFMdhF4JWxlccLnNf1,window_10_0pct,1784124571.905611,0,-0.2839916892477663,-0.007868016603071043,-0.3777364868200788,-0.17748466999158366,-0.327664407601916,-0.24738042043472944,-0.23639360101527504,0.1360791045279888,1.0,0.0,0.0,1.0,0.0,0.0,0.0,0.0,0.0,1.0
window_10_0pct::ClLFmfRIbUc6o0MQ8,window_10_0pct,1784124275.773557,0,0.338627110556083,-0.27825870856765517,-0.5955506702607468,-0.3180207911559465,-0.5058838631448596,-0.24970978580288414,-0.23710333003547002,-0.13027469678045886,1.0,0.0,0.0,1.0,0.0,0.0,0.0,0.0,0.0,1.0
window_10_0pct::CIMG583W6m0va1nm84,window_10_0pct,1784124644.445743,0,-0.38926803546618977,-0.279719152119933,-0.5573540544579261,-0.3355878063014919,-0.5058838631448596,-0.10672753192014332,-0.15119406968597643,-0.23644418017722194,1.0,0.0,0.0,1.0,0.0,0.0,0.0,0.0,0.0,1.0
window_10_0pct::CSza0V8FEJTD3ncD5,window_10_0pct,1784126117.20531,0,-0.38971201748635537,-0.3631730693929528,-0.7368866463097827,-0.4585569123203094,-0.7095632409082235,4.769490936933626,4.852309873295043,4.119297628905474,0.0,1.0,1.0,0.0,0.0,0.0,0.0,0.0,0.0,1.0
window_10_0pct::CDTLnq4VUeVRu6ojC6,window_10_0pct,1784125457.230441,0,0.25174606353282497,0.10625521526778352,0.5989539534105576,0.17385563291932354,0.48705310345154007,-0.24927439852088593,-0.23688662877134486,-0.3417581194187394,1.0,0.0,0.0,1.0,0.0,0.0,0.0,0.0,0.0,1.0
window_10_0pct::CCRfg634hJoGUtCM3h,window_10_0pct,1784125790.451387,0,0.038856343256673614,-0.36984938277479434,-0.7379063557416712,-0.4058558668836733,-0.684103318687803,-0.24979859986280267,-0.2371177857570145,-0.6040302242810942,1.0,0.0,0.0,0.0,1.0,0.0,0.0,0.0,0.0,1.0
window_10_0pct::C5Hu1M1pE5sd0xKsQ8,window_10_0pct,1784124922.458723,0,-0.0031765309365599185,0.26293994494787815,-0.10859692864102645,0.0157524966094153,-0.09852510761813149,-0.2486423987351528,-0.23681607251564923,0.1364660958025248,1.0,0.0,0.0,1.0,0.0,0.0,0.0,0.0,0.0,1.0
window_10_0pct::ClupDZ1CXgWFa6jfak,window_10_0pct,1784124104.287194,0,0.27826622302181003,0.8431533047885482,0.42027111941860795,0.38465981466586785,0.3852134145698581,-0.248516081753308,-0.2368116863540839,0.1672662381809079,1.0,0.0,0.0,1.0,0.0,0.0,0.0,0.0,0.0,1.0
window_10_0pct::CSMiLP3TbLCSlIq2J9,window_10_0pct,1784125459.252303,0,0.8494926575004184,0.9973344169504523,2.5033038053551953,1.1049074356332276,2.167407969999293,-0.24901940119638974,-0.23681516897421262,-0.2933886903506697,1.0,0.0,0.0,1.0,0.0,0.0,0.0,0.0,0.0,1.0
window_10_0pct::C5Wboc1ZSCvPLL0ml1,window_10_0pct,1784125630.697771,0,-0.1497910192998795,0.08163630967224268,1.527526854823959,0.4373608601025039,1.2763106922845755,-0.24846955787588598,-0.23612615825818073,-0.4572622454971919,1.0,0.0,0.0,1.0,0.0,0.0,0.0,0.0,0.0,1.0
window_10_0pct::Cnfteo3YlHRF40NuW1,window_10_0pct,1784125826.327011,0,-0.3564620449355118,0.09039897098590975,2.1084425718028985,0.6657320569945936,1.7600492144725652,-0.2400227763611035,-0.227816067668955,-0.4849489369722656,1.0,0.0,0.0,1.0,0.0,0.0,0.0,0.0,0.0,1.0
window_10_0pct::Cyhleu3BgAiUbRBdbi,window_10_0pct,1784124679.452669,0,-0.3884201568426829,-0.2788846129472028,-0.5955506702607468,-0.3355878063014919,-0.53134378536528,-0.2001043052985151,-0.20757611991689845,-0.13351220608000763,1.0,0.0,0.0,1.0,0.0,0.0,0.0,0.0,0.0,1.0
window_10_0pct::C7VxSr14fPFYpb4MI4,window_10_0pct,1784124104.395002,0,0.38760379308831466,-0.2738773779108216,-0.5573540544579261,-0.3004537760104012,-0.480423940924439,-0.24971140092182387,-0.23710090167632153,-0.2126191588001191,1.0,0.0,0.0,1.0,0.0,0.0,0.0,0.0,0.0,1.0
window_10_0pct::Cjeh9O21ves732AyOa,window_10_0pct,1784125036.45954,0,0.20555104204792649,0.15716210480432558,-0.32422298559243395,-0.10721660940940221,-0.2512846409406545,-0.2491733190047917,-0.23699373855092074,0.3341199722956143,1.0,0.0,0.0,1.0,0.0,0.0,0.0,0.0,0.0,1.0
window_10_0pct::C8Ld7l4MlDgQL3ZTc4,window_10_0pct,1784124209.221653,0,-0.38105560641758734,-0.27784143898129005,-0.5940211061129143,-0.3355878063014919,-0.53134378536528,-0.24229266148754683,-0.23274429642740152,-0.1331747863035858,1.0,0.0,0.0,1.0,0.0,0.0,0.0,0.0,0.0,1.0
window_10_0pct::C9yN9oa4aGS9ikRBi,window_10_0pct,1784125983.925293,0,-0.0739338248604682,-0.28117959567221085,-0.5815509095187786,-0.3180207911559465,-0.5058838631448596,-0.24960028424904077,-0.23702614290920276,-0.18644386312682565,1.0,0.0,0.0,1.0,0.0,0.0,0.0,0.0,0.0,1.0
window_10_0pct::ChTuM63nH0b7AH0dA5,window_10_0pct,1784124806.047092,0,0.5212145722338377,0.008614132058350365,-0.2150078566478836,-0.10721660940940221,-0.14944495205897249,-0.24950516962833263,-0.23705218823221724,-0.07102479116315133,1.0,0.0,0.0,1.0,0.0,0.0,0.0,0.0,0.0,1.0
window_10_0pct::C24iJq42aFECkUqFp3,window_10_0pct,1784125969.575319,0,-0.3884242988245012,-0.10050186477612301,-0.5306291697638502,-0.26531974571931044,-0.45496401870401854,-0.10218038606988945,-0.19264033128856675,0.3528545006392568,1.0,0.0,0.0,1.0,0.0,0.0,0.0,0.0,0.0,1.0
window_10_0pct::CzhJV84zb816M9QORi,window_10_0pct,1784124063.814768,0,-0.38899690646046325,-0.09173920346245593,-0.5306291697638502,-0.23018571542821972,-0.45496401870401854,0.024509060395881636,-0.14368292623099577,0.38398475505184754,1.0,0.0,0.0,1.0,0.0,0.0,0.0,0.0,0.0,1.0
window_10_0pct::C067IMMfATCtYftgc,window_10_0pct,1784124156.838409,0,0.04089690981485236,-0.36984938277479434,-0.7379063557416712,-0.4058558668836733,-0.684103318687803,-0.24979859986280267,-0.23711799722158275,-0.6040302242810942,1.0,0.0,0.0,0.0,1.0,0.0,0.0,0.0,0.0,1.0
window_08_22pct::CGWFhB2jB9oWHMpCi,window_08_22pct,1783718129.332183,1,-0.07128062930076835,-0.32624471099964153,-0.7379063557416712,-0.35315482144703725,-0.6077235520265416,-0.24970188782378952,-0.23705730756110174,1511.0084867908329,1.0,0.0,0.0,1.0,0.0,0.0,0.0,1.0,0.0,0.0
window_10_0pct::C6ibUX2H5FT3g7Ujbg,window_10_0pct,1784125836.117099,0,0.09469512606388943,-0.007868016603071043,-0.3652662902259432,-0.17748466999158366,-0.3022044853814955,-0.24927083617853155,-0.2369946186999305,0.11131316130538403,1.0,0.0,0.0,1.0,0.0,0.0,0.0,0.0,0.0,1.0
window_10_0pct::CY7c8w35Lt1IaITiSc,window_10_0pct,1784125350.063729,0,0.6616322821645585,0.26293994494787815,0.0885044069644079,0.15628861777377817,0.10515427014523254,-0.24937351223699297,-0.23699869478318322,-0.040139859103028114,1.0,0.0,0.0,1.0,0.0,0.0,0.0,0.0,0.0,1.0
window_10_0pct::CtU86S1pKwtu26wUBg,window_10_0pct,1784124936.363058,0,-0.21447821751860666,-0.19250980856962732,-0.4682781867931723,-0.23018571542821972,-0.4040441742631775,-0.24908385651220996,-0.23678043079399144,-0.11969189536648445,1.0,0.0,0.0,1.0,0.0,0.0,0.0,0.0,0.0,1.0
window_10_0pct::CKi77D429gEZSaxrs3,window_10_0pct,1784124757.972847,0,0.1840830542066359,-0.016422043123555573,-0.2156026871498185,-0.0720825791183115,-0.2003647964998135,-0.2493635818038935,-0.23697076291900898,-0.10571740680945751,1.0,0.0,0.0,1.0,0.0,0.0,0.0,0.0,0.0,1.0
window_10_0pct::Cpmx3J3vg83xVH9M3h,window_10_0pct,1784124208.006757,0,0.2335471348416496,0.2631485797410607,1.9253409969394324,0.6481650418490482,1.6327496033704627,-0.24908130509624907,-0.2366714540285651,-0.4289931681260576,1.0,0.0,0.0,1.0,0.0,0.0,0.0,0.0,0.0,1.0
window_10_0pct::CgF9m5gRRyTkE9rTf,window_10_0pct,1784124697.64555,0,-0.1786990633327631,-0.10112776915567065,1.2254804235200067,0.41979384495695854,0.9962515478599501,-0.24889919295873666,-0.23600685395205218,-0.5032362211384744,1.0,0.0,0.0,1.0,0.0,0.0,0.0,0.0,0.0,1.0
window_10_0pct::CPEXNbDpIaXqyELB4,window_10_0pct,1784124225.885137,0,-0.3086120668595522,-0.1038400214670438,-0.33380400546288563,-0.1599176548460383,-0.276744563161075,-0.24748208031475896,-0.2361012551223032,-0.1192717943084446,1.0,0.0,0.0,1.0,0.0,0.0,0.0,0.0,0.0,1.0
window_10_0pct::CSV7Zn498b1LMUsPD9,window_10_0pct,1784124090.612949,0,-0.38555991556812097,-0.279719152119933,-0.5573540544579261,-0.3180207911559465,-0.5058838631448596,-0.23447118551113819,-0.22680125563391798,-0.23644418017722194,1.0,0.0,0.0,1.0,0.0,0.0,0.0,0.0,0.0,1.0
window_10_0pct::CEdoms15o6RDYLuh44,window_10_0pct,1784124820.617216,0,-0.17780926315616188,-0.279719152119933,-0.5573540544579261,-0.3180207911559465,-0.5058838631448596,-0.24949820214786683,-0.23695934462407092,-0.23644418017722194,1.0,0.0,0.0,1.0,0.0,0.0,0.0,0.0,0.0,1.0
window_05_12pct::C4tcVH2VNHUyxPeKr8,window_05_12pct,1783707882.318941,1,-0.0750648421019326,-0.32603607620645897,-0.7379063557416712,-0.35315482144703725,-0.6077235520265416,-0.24970025638428278,-0.2370560435141856,1518.2410825660247,1.0,0.0,0.0,1.0,0.0,0.0,0.0,1.0,0.0,0.0
window_08_22pct::C0MyXg3J8IXOhfP9Kl,window_08_22pct,1783719128.508571,1,-0.389712882178436,-0.36984938277479434,-0.7379063557416712,-0.4585569123203094,-0.7095632409082235,-0.24979859986280267,63.744774865661626,-0.6040302242810942,1.0,0.0,0.0,0.0,1.0,0.0,1.0,0.0,0.0,0.0
window_10_0pct::CQW70C4yQmsOLBwwjj,window_10_0pct,1784125487.897342,0,0.8784807976404745,0.2817170763343076,0.19002922727679966,0.1914226480648689,0.20699395902691456,-0.24943574096324128,-0.23701914837028754,-0.08693133446803122,1.0,0.0,0.0,1.0,0.0,0.0,0.0,0.0,0.0,1.0
window_10_0pct::CWAvdJ3kLzvpbzszab,window_10_0pct,1784125726.950644,0,-0.3887778618085811,-0.2767982650153773,-0.5573540544579261,-0.3004537760104012,-0.5058838631448596,-0.17951880516126928,-0.18603237278719642,-0.2245316694886705,1.0,0.0,0.0,1.0,0.0,0.0,0.0,0.0,0.0,1.0
window_10_0pct::CwkH9J2glPA7zNVEu5,window_10_0pct,1784125945.471588,0,0.4560238990447554,0.17865148850212817,0.9493516069432192,0.3495257843747771,0.8180320923170066,-0.24934055635259675,-0.23689670820030326,-0.3646253303827815,1.0,0.0,0.0,1.0,0.0,0.0,0.0,0.0,0.0,1.0
window_10_0pct::Cpbh1tgkeIjICyipf,window_10_0pct,1784125482.828059,0,-0.23049120462994874,-0.279719152119933,-0.5573540544579261,-0.3180207911559465,-0.5058838631448596,-0.2493988091025637,-0.23689215607802755,-0.23644418017722194,1.0,0.0,0.0,1.0,0.0,0.0,0.0,0.0,0.0,1.0
window_10_0pct::CerQzt3qfGLMk0Bd9j,window_10_0pct,1784123946.56483,0,0.1699973056148556,0.2815084415411251,-0.13646898644597685,0.0157524966094153,-0.09852510761813149,-0.24897669597684416,-0.23692322901109358,0.19351724711439922,1.0,0.0,0.0,1.0,0.0,0.0,0.0,0.0,0.0,1.0
window_10_0pct::CuGDay1rZUb5nAa334,window_10_0pct,1784125929.267199,0,-0.38971192140945754,-0.3631730693929528,-0.7368866463097827,-0.4585569123203094,-0.7095632409082235,4.3037836603236475,4.380090795463925,4.119297628905474,0.0,1.0,1.0,0.0,0.0,0.0,0.0,0.0,0.0,1.0
window_10_0pct::C6BMAUYiLzgZ3uGea,window_10_0pct,1784125248.289452,0,-0.04340086427991724,-0.28117959567221085,-0.5955506702607468,-0.3355878063014919,-0.53134378536528,-0.24961776894838114,-0.2370519629209314,-0.14538307351168647,1.0,0.0,0.0,1.0,0.0,0.0,0.0,0.0,0.0,1.0
window_10_0pct::CZgoj02grsqDMs42e4,window_10_0pct,1784125765.985053,0,-0.3447532387964864,-0.18833711270597633,-0.447076728188492,-0.2477527305737651,-0.37858425204275703,-0.24694727252478735,-0.2357799529030844,-0.1444320704269579,1.0,0.0,0.0,1.0,0.0,0.0,0.0,0.0,0.0,1.0
window_10_0pct::CEZ3d22vEZsvZQspN2,window_10_0pct,1784125042.713497,0,0.13878894579285628,-0.2818055000517585,-0.5955506702607468,-0.3355878063014919,-0.53134378536528,-0.24968094299008423,-0.23709003720506952,-0.14862058281123522,1.0,0.0,0.0,1.0,0.0,0.0,0.0,0.0,0.0,1.0
window_10_0pct::CObqCDqyCyJX8t8U8,window_10_0pct,1784125310.147039,0,-0.3896447102818075,-0.36984938277479434,-0.7379063557416712,-0.4058558668836733,-0.684103318687803,-0.24979859986280267,0.04306506438521011,-0.6040302242810942,1.0,0.0,0.0,0.0,1.0,0.0,0.0,0.0,0.0,1.0
window_10_0pct::CjDEo6XDu3a4AUej,window_10_0pct,1784125245.339305,0,-0.38829092273986665,-0.19376161732872263,-0.4767545214457448,-0.2477527305737651,-0.42950409648359805,-0.16234376561808564,-0.1934539796940031,-0.10750258199526445,1.0,0.0,0.0,1.0,0.0,0.0,0.0,0.0,0.0,1.0
window_10_0pct::CJJUDg4VdGfS3Pbiz4,window_10_0pct,1784125457.432687,0,-0.20049653088240643,-0.36984938277479434,-0.7379063557416712,-0.4058558668836733,-0.684103318687803,-0.24979859986280267,-0.23706133748739516,-0.6040302242810942,1.0,0.0,0.0,0.0,1.0,0.0,0.0,0.0,0.0,1.0
window_10_0pct::C5lrYO1eyJ9aPWkqa4,window_10_0pct,1784124696.270766,0,-0.16549885550844606,-0.27658963022219474,-0.5573540544579261,-0.3180207911559465,-0.5058838631448596,-0.2495048375997895,-0.23697049386709682,-0.2236807758680597,1.0,0.0,0.0,1.0,0.0,0.0,0.0,0.0,0.0,1.0
window_10_0pct::Cs5TXu1w23ZxFUCZKc,window_10_0pct,1784125665.729754,0,0.26279731938298007,-0.0074507470167059445,-0.20653152199531102,-0.12478362455494757,-0.14944495205897249,-0.24940634903593034,-0.237015863807103,-0.10179072394094929,1.0,0.0,0.0,1.0,0.0,0.0,0.0,0.0,0.0,1.0
window_10_0pct::CMx1IDxJLeAX3rArh,window_10_0pct,1784125633.205492,0,-1.0295417563652372e-05,-0.27909324774038535,-0.5815509095187786,-0.3355878063014919,-0.5058838631448596,-0.24963412206213442,-0.2370642604027951,-0.17661830168790169,1.0,0.0,0.0,1.0,0.0,0.0,0.0,0.0,0.0,1.0
window_10_0pct::CzLbqe41jC9hhkGkr2,window_10_0pct,1784125520.004672,0,0.22649475960808338,-0.09173920346245593,-0.5306291697638502,-0.2477527305737651,-0.42950409648359805,-0.2494798467592949,-0.237061543227233,0.38398475505184754,1.0,0.0,0.0,1.0,0.0,0.0,0.0,0.0,0.0,1.0
window_10_0pct::C3VCzs4Ol0ghlWuIwb,window_10_0pct,1784124151.619395,0,0.042534145555866,0.5665035690284876,0.9452090373761723,0.41979384495695854,0.8689519367578475,-0.2482686677424562,-0.23659829197482846,-0.1943331456979821,1.0,0.0,0.0,1.0,0.0,0.0,0.0,0.0,0.0,1.0
window_10_0pct::C9r3kxKBjVtezC0Rg,window_10_0pct,1784124050.949173,0,-0.3141139424404396,-0.36984938277479434,-0.7379063557416712,-0.4058558668836733,-0.684103318687803,-0.24979859986280267,-0.23690943607866816,-0.6040302242810942,1.0,0.0,0.0,0.0,1.0,0.0,0.0,0.0,0.0,1.0
window_10_0pct::CRVY6R2jrWQoLovGDc,window_10_0pct,1784125353.021041,0,-0.3868587791501255,-0.2788846129472028,-0.6106338722740966,-0.3180207911559465,-0.53134378536528,-0.22728956481850401,-0.22208615824878453,-0.07775990419035954,1.0,0.0,0.0,1.0,0.0,0.0,0.0,0.0,0.0,1.0
window_03_5pct::CiZmkE2rKKj198pC58,window_03_5pct,1783700382.81379,1,-0.07402694472490448,-0.3258274414132764,-0.7379063557416712,-0.35315482144703725,-0.6077235520265416,-0.2497001129506526,-0.23705639322081853,1525.4736783412168,1.0,0.0,0.0,1.0,0.0,0.0,0.0,1.0,0.0,0.0
window_10_0pct::Cif1Fy3uEhteTvc9k1,window_10_0pct,1784126123.707426,0,-0.26893335421907266,-0.09236510784200358,1.2244394701416206,0.3670927995203225,0.9962515478599501,-0.2481760074183956,-0.23526229655928768,-0.49989424968889445,1.0,0.0,0.0,1.0,0.0,0.0,0.0,0.0,0.0,1.0
window_10_0pct::Caz1DzSa0uxYeKhwg,window_10_0pct,1784125384.250495,0,-0.07134386924997396,-0.09570326453292437,-0.22286811685202357,-0.08964959426385685,-0.2003647964998135,-0.2491904426283285,-0.23683202244374138,-0.21204709998321017,1.0,0.0,0.0,1.0,0.0,0.0,0.0,0.0,0.0,1.0
window_07_17pct::C3u0lJ3ih8ukbU27b8,window_07_17pct,1783714378.737908,1,-0.389712882178436,-0.36984938277479434,-0.7379063557416712,-0.4585569123203094,-0.7095632409082235,-0.24979859986280267,63.744774865661626,-0.6040302242810942,1.0,0.0,0.0,0.0,1.0,0.0,1.0,0.0,0.0,0.0
window_10_0pct::CRewbC3VcB3VSbZGpe,window_10_0pct,1784124759.223167,0,-0.12790032513369112,0.00631914933334232,-0.4033566862962756,-0.14235063970049294,-0.327664407601916,-0.24878385576148665,-0.2368154376255535,0.22398235954461237,1.0,0.0,0.0,1.0,0.0,0.0,0.0,0.0,0.0,1.0
window_10_0pct::CkjGxS3imH7isxVFfi,window_10_0pct,1784125093.135981,0,-0.3891728125852117,-0.36984938277479434,-0.7379063557416712,-0.4058558668836733,-0.684103318687803,-0.24979859986280267,-0.20175598595307973,-0.6040302242810942,1.0,0.0,0.0,0.0,1.0,0.0,0.0,0.0,0.0,1.0
window_10_0pct::CorNId4FLEolnPVBec,window_10_0pct,1784124722.261548,0,-0.35942486431134263,-0.36984938277479434,-0.7379063557416712,-0.4058558668836733,-0.684103318687803,-0.24979859986280267,-0.23653098763846123,-0.6040302242810942,1.0,0.0,0.0,0.0,1.0,0.0,0.0,0.0,0.0,1.0
window_10_0pct::CB614F1aIfqQE4gmUd,window_10_0pct,1784125895.35797,0,0.628649221911147,0.0019378186765087817,-0.0507921502208511,-0.0018145185361300583,-0.04760526317729048,-0.24954075597367356,-0.23703564673841063,-0.20556104291173197,1.0,0.0,0.0,1.0,0.0,0.0,0.0,0.0,0.0,1.0
window_03_5pct::CSWtsL39TnouaoSrGb,window_03_5pct,1783699383.05871,1,-0.0727373899267803,-0.3258274414132764,-0.7379063557416712,-0.35315482144703725,-0.6077235520265416,-0.24970051362592013,-0.23705682452990107,1525.4736783412168,1.0,0.0,0.0,1.0,0.0,0.0,0.0,1.0,0.0,0.0
window_10_0pct::C6DIGt49Gr69zaovG1,window_10_0pct,1784124722.054535,0,-0.3660670552423638,-0.0030694163598724055,-0.14537020002850293,-0.10721660940940221,-0.12398502983855199,-0.23884354904150765,-0.23291626027075835,-0.14818455071470063,1.0,0.0,0.0,1.0,0.0,0.0,0.0,0.0,0.0,1.0
window_10_0pct::CzUQMK3tldQIVjF2u9,window_10_0pct,1784126049.514934,0,0.2535745883774536,-0.18249533849686495,-0.45166542063198994,-0.23018571542821972,-0.37858425204275703,-0.24959290540106727,-0.23705835695400565,-0.12203608653546492,1.0,0.0,0.0,1.0,0.0,0.0,0.0,0.0,0.0,1.0
window_10_0pct::CQyWKm1HxKsvSoDW2e,window_10_0pct,1784125974.805225,0,0.22763602505198485,-0.09486872536019417,-0.5216217364488357,-0.23018571542821972,-0.42950409648359805,-0.2494840162621442,-0.23705398505659403,0.3321867499580501,1.0,0.0,0.0,1.0,0.0,0.0,0.0,0.0,0.0,1.0
window_10_0pct::CSV9FC36oqKgLRbyt,window_10_0pct,1784125975.043074,0,-0.389506167395111,-0.27846734336083767,-0.6106338722740966,-0.3355878063014919,-0.53134378536528,0.062303730789786176,-0.052195785276634016,-0.07534582015324605,1.0,0.0,0.0,1.0,0.0,0.0,0.0,0.0,0.0,1.0
window_10_0pct::CDOVNi4hmOvHIwtWOa,window_10_0pct,1784125551.400012,0,-0.3893736987034006,-0.17790537304684886,-0.447076728188492,-0.2477527305737651,-0.37858425204275703,0.1497861241175297,-0.053954219558991066,-0.1180183834238466,1.0,0.0,0.0,1.0,0.0,0.0,0.0,0.0,0.0,1.0
window_10_0pct::CYXlmh1Dj1iaWsfbz2,window_10_0pct,1784125117.667726,0,0.3242174653912361,0.2598104230501399,1.5757718573201802,0.5603299661213215,1.3272305367254167,-0.24917570499622027,-0.2367672909073994,-0.4036099357011597,1.0,0.0,0.0,1.0,0.0,0.0,0.0,0.0,0.0,1.0
window_10_0pct::CMcfVj4JKAlnepdyhb,window_10_0pct,1784124058.914231,0,-0.3897117826317162,-0.3631730693929528,-0.7368866463097827,-0.4585569123203094,-0.7095632409082235,3.7656330295743397,3.8344154166368547,4.119297628905474,0.0,1.0,1.0,0.0,0.0,0.0,0.0,0.0,0.0,1.0
window_07_17pct::CSnyVO18PKhEJHeHV1,window_07_17pct,1783715380.494242,1,-0.07548790070878914,-0.3258274414132764,-0.7379063557416712,-0.35315482144703725,-0.6077235520265416,-0.24969965504622768,-0.2370559003070967,1525.4736783412168,1.0,0.0,0.0,1.0,0.0,0.0,0.0,1.0,0.0,0.0
window_10_0pct::Cqnzt63mVXdpm0pqsb,window_10_0pct,1784125810.695071,0,-0.3896445928544879,-0.279719152119933,-0.5573540544579261,-0.3180207911559465,-0.5058838631448596,0.6813250681125497,0.3922663920600729,-0.23644418017722194,1.0,0.0,0.0,1.0,0.0,0.0,0.0,0.0,0.0,1.0
window_10_0pct::CGAaSx2fu4rgf23hC4,window_10_0pct,1784125520.010305,0,0.22643313161571946,-0.36984938277479434,-0.7379063557416712,-0.38828885173812794,-0.6586433964673826,-0.24979859986280267,-0.23712361120453787,-0.6040302242810942,1.0,0.0,0.0,0.0,1.0,0.0,0.0,0.0,0.0,1.0
window_10_0pct::C3QEXMHK5mfntGU,window_10_0pct,1784124897.51304,0,-0.38902148079589055,-0.36984938277479434,-0.7379063557416712,-0.4058558668836733,-0.684103318687803,-0.24979859986280267,-0.20950479669860975,-0.6040302242810942,1.0,0.0,0.0,0.0,1.0,0.0,0.0,0.0,0.0,1.0
window_10_0pct::CyfDrdXuF19zZpurg,window_10_0pct,1784124799.843556,0,-0.38952156104918834,-0.1756103903218408,-0.6610245133665831,-0.3355878063014919,-0.582263629806121,0.4669528105105063,-0.03731922368116437,1.2560655400016927,1.0,0.0,0.0,1.0,0.0,0.0,0.0,0.0,0.0,1.0
window_10_0pct::CCik9G1HWWsc2pds8l,window_10_0pct,1784124219.442066,0,-0.36965045665181534,-0.36984938277479434,-0.7379063557416712,-0.4058558668836733,-0.684103318687803,-0.24979859986280267,-0.23620915997289943,-0.6040302242810942,1.0,0.0,0.0,0.0,1.0,0.0,0.0,0.0,0.0,1.0
window_10_0pct::Cb2Gpe2RWTowrvytL9,window_10_0pct,1784125044.246756,0,1.5702893113781577,0.27587530212519623,1.626927280486583,0.7535671327223203,1.403610303386678,-0.24956592177585915,-0.23699165502540456,-0.402942504087605,1.0,0.0,0.0,1.0,0.0,0.0,0.0,0.0,0.0,1.0
window_10_0pct::CUvZ2T1qxONsQ2sHe1,window_10_0pct,1784124280.7176,0,0.17673703594761414,0.3689264198846133,0.25048949900918444,0.2265566783559596,0.25791380346775555,-0.24887748082993255,-0.23682478833345533,-0.05358378157138521,1.0,0.0,0.0,1.0,0.0,0.0,0.0,0.0,0.0,1.0
window_10_0pct::CnQ61dof1g3kEf7M2,window_10_0pct,1784125605.892961,0,0.07224423953198306,-0.0074507470167059445,-0.2219546271526235,-0.0720825791183115,-0.2003647964998135,-0.24924454919016295,-0.23692436558592225,-0.08677813018078187,1.0,0.0,0.0,1.0,0.0,0.0,0.0,0.0,0.0,1.0
window_10_0pct::C6GBQx17zOOJew6uXa,window_10_0pct,1784124820.615506,0,-0.17779148893006005,0.4348550145302989,1.391225694094872,0.49006190553914,1.1744710034028936,-0.24711680169188124,-0.23592155902693637,-0.32569248177515475,1.0,0.0,0.0,1.0,0.0,0.0,0.0,0.0,0.0,1.0
window_10_0pct::CCfeXP1SVudLqogoaj,window_10_0pct,1784124689.065363,0,-0.1742224456792314,0.28401205905931565,0.049627984873661525,-0.0018145185361300583,0.054234425704391534,-0.24765559949448523,-0.23656335388733568,0.007400374538810655,1.0,0.0,0.0,1.0,0.0,0.0,0.0,0.0,0.0,1.0
window_10_0pct::CtSlRK16SHroeO68zh,window_10_0pct,1784124800.807399,0,-0.3070719755374736,0.08768671867453662,1.2322572424527654,0.38465981466586785,1.0217114700803707,-0.24588843948283542,-0.23432754420943053,-0.43300465268928573,1.0,0.0,0.0,1.0,0.0,0.0,0.0,0.0,0.0,1.0
window_10_0pct::CmG9P53ThJj38MuMud,window_10_0pct,1784124875.444896,0,0.5140540571141383,-0.09612053411928946,-0.49974047155622986,-0.21261870028267438,-0.37858425204275703,-0.24958469101236536,-0.23708305639093888,0.24230991637639904,1.0,0.0,0.0,1.0,0.0,0.0,0.0,0.0,0.0,1.0
window_10_0pct::C2pjWA4bUQzMyUUS,window_10_0pct,1784124525.061786,0,0.1799344324071458,1.0319677926187556,1.5792771084922965,0.8062681781589565,1.403610303386678,-0.24806059921192813,-0.23654970892826566,-0.15850773525037629,1.0,0.0,0.0,1.0,0.0,0.0,0.0,0.0,0.0,1.0
window_10_0pct::CpR64ene8I6AqWi03,window_10_0pct,1784125333.660453,0,-0.38881345296162834,-0.27846734336083767,-0.5955506702607468,-0.3355878063014919,-0.53134378536528,-0.17804851088841003,-0.1946399086318387,-0.1313538665469751,1.0,0.0,0.0,1.0,0.0,0.0,0.0,0.0,0.0,1.0
window_10_0pct::Ch0y7Y1NKfr8ImsFZd,window_10_0pct,1784125705.798036,0,-0.3041794203996022,0.0025637230560564303,-0.14537020002850293,-0.0720825791183115,-0.12398502983855199,-0.24672354267749597,-0.23587675839359074,-0.1411835079466161,1.0,0.0,0.0,1.0,0.0,0.0,0.0,0.0,0.0,1.0
window_10_0pct::CLL45b3VeOY4IH1dld,window_10_0pct,1784124026.082329,0,0.9396056886664331,0.4444522150166962,2.355488425624368,0.9819383296144101,2.01464843667677,-0.24936596565064414,-0.2368638848740258,-0.4101695974830246,1.0,0.0,0.0,1.0,0.0,0.0,0.0,0.0,0.0,1.0
window_10_0pct::Cjiz4v1gBn9IQWddu,window_10_0pct,1784126008.124882,0,0.26182904573125904,0.0008946447105960344,-0.11505508837631984,-0.0018145185361300583,-0.09852510761813149,-0.24939671984352105,-0.23696427862974573,-0.1656836113030566,1.0,0.0,0.0,1.0,0.0,0.0,0.0,0.0,0.0,1.0
window_10_0pct::C09o772V6mIbOzN7ve,window_10_0pct,1784124211.044693,0,-0.3895980275846644,-0.27909324774038535,1.1454757210097604,0.29682473893814104,0.9198717811986885,0.30791318802431683,1.5932701258486626,-0.5685427314750969,1.0,0.0,0.0,1.0,0.0,0.0,0.0,0.0,0.0,1.0
window_10_0pct::CnMpN03Xpteijtacd,window_10_0pct,1784125663.928086,0,0.21728815884618446,-0.08673196842607474,-0.47554361649537735,-0.23018571542821972,-0.42950409648359805,-0.24946918608224333,-0.2370521366798182,0.19061251452025396,1.0,0.0,0.0,1.0,0.0,0.0,0.0,0.0,0.0,1.0
window_10_0pct::CPXO7T1aHFfDYqzP8f,window_10_0pct,1784124431.905123,0,-0.3883471063746859,0.0013119142969611334,-0.3967498189354985,-0.17748466999158366,-0.35312432982233655,-0.05787685759346775,-0.1776540976156476,0.1971396315138278,1.0,0.0,0.0,1.0,0.0,0.0,0.0,0.0,0.0,1.0
window_10_0pct::CFBAWqvS0KzPEQOf9,window_10_0pct,1784124151.620487,0,0.042521399354084874,0.09999617147230704,0.4198037525956591,0.08602055719159674,0.33429357012901706,-0.24903088401231854,-0.2368084431526647,-0.30515495250957964,1.0,0.0,0.0,1.0,0.0,0.0,0.0,0.0,0.0,1.0
window_10_0pct::CVtolw14lcaxB1GRfa,window_10_0pct,1784124763.893048,0,0.2658508887264335,0.34994065370500127,1.80801068043277,0.6130310115579575,1.5054499922683602,-0.24902314681742568,-0.23671023287569062,-0.39582068826804245,1.0,0.0,0.0,1.0,0.0,0.0,0.0,0.0,0.0,1.0
window_10_0pct::CwV4WA16uGQEZxhfca,window_10_0pct,1784126016.121414,0,0.41496827635558625,-0.015170234364460274,-0.19865001784467337,-0.0018145185361300583,-0.12398502983855199,-0.24948730177458525,-0.237001985095015,-0.11967281566079543,1.0,0.0,0.0,1.0,0.0,0.0,0.0,0.0,0.0,1.0
window_10_0pct::C0s4KD4BQZOVNYAun8,window_10_0pct,1784124656.119777,0,-0.38968793421062814,-0.271373760392631,-0.7164074818860234,-0.3707218365925826,-0.6331834742469621,2.529654394489486,0.9092716196873873,2.7659452997964893,1.0,0.0,0.0,1.0,0.0,0.0,0.0,0.0,0.0,1.0
window_10_0pct::CyYgrc4YDJARdHpGql,window_10_0pct,1784125716.57102,0,-0.3894807817436574,-0.279719152119933,-0.6191102069266692,-0.3180207911559465,-0.5568037075857005,0.02437106171769099,-0.05182689809344408,-0.04538881986791441,1.0,0.0,0.0,1.0,0.0,0.0,0.0,0.0,0.0,1.0
window_10_0pct::C9WRngzC526PrRFf8,window_10_0pct,1784124225.177686,0,-0.3881528495624485,-0.19584796526054812,1.1531235417489236,0.24412369350150498,0.9453317034191091,-0.17102821364763937,-0.11151276548255133,-0.5362672954086435,1.0,0.0,0.0,1.0,0.0,0.0,0.0,0.0,0.0,1.0
window_10_0pct::Chuig83HCRRMJyF9hi,window_10_0pct,1784125774.439716,0,-0.38940682388273634,-0.36984938277479434,-0.7379063557416712,-0.4058558668836733,-0.684103318687803,-0.24979859986280267,-0.174690943534327,-0.6040302242810942,1.0,0.0,0.0,0.0,1.0,0.0,0.0,0.0,0.0,1.0
window_07_17pct::CT5r712IEa6QcVTSvl,window_07_17pct,1783715378.754938,1,-0.38971289285364685,-0.36984938277479434,-0.7379063557416712,-0.4585569123203094,-0.7095632409082235,-0.24979859986280267,74.4084310782712,-0.6040302242810942,1.0,0.0,0.0,0.0,1.0,0.0,1.0,0.0,0.0,0.0
window_10_0pct::CoEM0t17BaSo1Nn9Yl,window_10_0pct,1784124493.398038,0,-0.06565719509368174,0.264400388500156,0.4719576412474527,0.24412369350150498,0.4361332590106991,-0.2484162905278824,-0.2365574927066998,-0.21796667679227075,1.0,0.0,0.0,1.0,0.0,0.0,0.0,0.0,0.0,1.0
window_10_0pct::C1NyFc96lM6pzQzVk,window_10_0pct,1784124472.593502,0,-0.1022896829357878,-0.007868016603071043,-0.29252701741790194,-0.12478362455494757,-0.2512846409406545,-0.24890913468126769,-0.23682971983891007,-0.005511018425995445,1.0,0.0,0.0,1.0,0.0,0.0,0.0,0.0,0.0,1.0
window_10_0pct::CMDQBq2laWopuH00Hb,window_10_0pct,1784124636.842733,0,-0.3894290816974044,-0.18332987766959513,1.1531235417489236,0.3670927995203225,0.9453317034191091,0.21424785494368118,0.5712736205629536,-0.5313922645545104,1.0,0.0,0.0,1.0,0.0,0.0,0.0,0.0,0.0,1.0
window_10_0pct::CPp66eHjEhKZU73Ta,window_10_0pct,1784125214.802112,0,-0.022912754044565532,-0.18645939956733337,-0.42287987312763947,-0.23018571542821972,-0.37858425204275703,-0.24944548929687532,-0.23697992365762577,-0.17534164124712875,1.0,0.0,0.0,1.0,0.0,0.0,0.0,0.0,0.0,1.0
window_07_17pct::CZQO5E25E3IIe9WLab,window_07_17pct,1783715379.325038,1,-0.38923122733910315,-0.3531585993201904,-0.6852426123739334,-0.4058558668836733,-0.6077235520265416,-0.2253283676663923,-0.19746258630847818,-0.37072068314587064,1.0,0.0,0.0,1.0,0.0,0.0,0.0,0.0,0.0,1.0
window_10_0pct::CSHWvX1kR117x0glQg,window_10_0pct,1784125627.612715,0,-0.37831467129973073,0.3061273471366659,0.04242628701094949,0.08602055719159674,0.054234425704391534,-0.20791375797066833,-0.22373963433290556,0.033914139414271224,1.0,0.0,0.0,1.0,0.0,0.0,0.0,0.0,0.0,1.0
window_08_22pct::C4yKWI2bkGHaj3HFJi,window_08_22pct,1783718128.618532,1,-0.38953304757608664,-0.3531585993201904,-0.6852426123739334,-0.38828885173812794,-0.6077235520265416,-0.18427651488711796,-0.10428590108662077,-0.37072068314587064,1.0,0.0,0.0,1.0,0.0,0.0,0.0,0.0,0.0,1.0
window_10_0pct::CfiURj3aJSW3IAPTC,window_10_0pct,1784126019.766729,0,0.09557609784109944,-0.36984938277479434,-0.7379063557416712,-0.38828885173812794,-0.6586433964673826,-0.24979859986280267,-0.23711314920317705,-0.6040302242810942,1.0,0.0,0.0,0.0,1.0,0.0,0.0,0.0,0.0,1.0
window_10_0pct::CvKWHw2AJ68lF7YZGk,window_10_0pct,1784124690.305883,0,-0.3892688254317943,-0.36984938277479434,-0.7379063557416712,-0.4058558668836733,-0.684103318687803,-0.24979859986280267,-0.19410178496660996,-0.6040302242810942,1.0,0.0,0.0,0.0,1.0,0.0,0.0,0.0,0.0,1.0
window_10_0pct::Cx8XHP1m52GIfpNrs3,window_10_0pct,1784125629.527808,0,-0.3886397245798977,0.07954996174041719,1.369408161041759,0.5076289206846853,1.1490110811824732,0.04593683129265207,0.012312095520170664,-0.44697898987114815,1.0,0.0,0.0,1.0,0.0,0.0,0.0,0.0,0.0,1.0
window_10_0pct::CixtvX26ZWMBmdfx5b,window_10_0pct,1784124071.461776,0,-0.3892416249944925,-0.1916752693968971,1.1531235417489236,0.29682473893814104,0.9453317034191091,0.017183676753577404,0.20916927783030723,-0.5346422851239325,1.0,0.0,0.0,1.0,0.0,0.0,0.0,0.0,0.0,1.0
window_10_0pct::CQof5F1TY8xtQzMxL3,window_10_0pct,1784124493.596136,0,-0.0677715060085641,-0.009745729741713989,-0.35007686848010516,-0.17748466999158366,-0.3022044853814955,-0.24900862131239243,-0.23690994340673457,0.07973273283022056,1.0,0.0,0.0,1.0,0.0,0.0,0.0,0.0,0.0,1.0
window_05_12pct::ClHY2q2mmMxIbSDaQ5,window_05_12pct,1783706880.637241,1,-0.3897129142040686,-0.36984938277479434,-0.7379063557416712,-0.4585569123203094,-0.7095632409082235,-0.24979859986280267,111.73122782240476,-0.6040302242810942,1.0,0.0,0.0,0.0,1.0,0.0,1.0,0.0,0.0,0.0
window_10_0pct::Cx2gkA3dia6iVKCl4a,window_10_0pct,1784124108.941079,0,0.003770063632475784,-0.09758097767156731,-0.27742257145805455,-0.14235063970049294,-0.2512846409406545,-0.24930990708575373,-0.23693154425407253,-0.1686130776913691,1.0,0.0,0.0,1.0,0.0,0.0,0.0,0.0,0.0,1.0
window_10_0pct::Cgtwn51tRrqtWuVQhh,window_10_0pct,1784124378.469081,0,-0.0917204769077678,0.36245874129595423,1.7778017885130752,0.6657320569945936,1.5054499922683602,-0.24806298557385406,-0.23611951654451763,-0.38965599022696806,1.0,0.0,0.0,1.0,0.0,0.0,0.0,0.0,0.0,1.0
window_10_0pct::CBvYgT3f7j6rvjWRyg,window_10_0pct,1784124440.979542,0,-0.38610074310131715,-0.36984938277479434,-0.7379063557416712,-0.4058558668836733,-0.684103318687803,-0.24979859986280267,-0.2318679894916065,-0.6040302242810942,1.0,0.0,0.0,0.0,1.0,0.0,0.0,0.0,0.0,1.0
window_10_0pct::Cuww6d27lDtK6Sn37l,window_10_0pct,1784124697.659525,0,-0.17884837750722943,-0.1895889214650716,-0.4385579056429241,-0.2477527305737651,-0.4040441742631775,-0.24919484378797577,-0.2368676479198405,-0.160589779364416,1.0,0.0,0.0,1.0,0.0,0.0,0.0,0.0,0.0,1.0
window_10_0pct::CbFtWE171jqfwqtkn4,window_10_0pct,1784125086.158263,0,0.1919065853231721,-0.08255927256242375,-0.325922501312248,-0.195051685137129,-0.276744563161075,-0.24944974373573922,-0.23703088361179694,-0.09050622807405642,1.0,0.0,0.0,1.0,0.0,0.0,0.0,0.0,0.0,1.0
window_10_0pct::Cgz1WJ1TKloWNUNBeh,window_10_0pct,1784125642.026716,0,4.920817304707035,6.632560180811113,2.2235635178738025,5.707465403766112,4.1532819031920925,-0.2488673326993362,-0.23684549947021877,1.1372943575298067,1.0,0.0,0.0,1.0,0.0,0.0,0.0,0.0,0.0,1.0
window_10_0pct::CzfyEF3BQ7QZvwT8a8,window_10_0pct,1784125186.167624,0,0.03949627944760522,0.3770631768187327,0.03588315148966541,0.08602055719159674,0.054234425704391534,-0.24856956168831,-0.23680594835047267,0.10681927126282116,1.0,0.0,0.0,1.0,0.0,0.0,0.0,0.0,0.0,1.0
window_10_0pct::C1DcQs19ajEpIfrEYd,window_10_0pct,1784125138.184398,0,-0.38677197901052546,-0.010371634121261637,-0.3967498189354985,-0.17748466999158366,-0.35312432982233655,-0.16347194304119483,-0.20952552766075036,0.17192011947081726,1.0,0.0,0.0,1.0,0.0,0.0,0.0,0.0,0.0,1.0
window_10_0pct::C3KJiV1sMVMm2bIAm7,window_10_0pct,1784124193.112295,0,-0.3567792268009401,0.3614155673300415,0.26374572162373405,0.12115458748268745,0.23245388124733507,-0.23411670617793615,-0.23222646986637951,-0.06639055190834027,1.0,0.0,0.0,1.0,0.0,0.0,0.0,0.0,0.0,1.0
window_10_0pct::CzvGaq4wrZ89vUgEIl,window_10_0pct,1784124097.387366,0,-0.38937402963493767,-0.36984938277479434,-0.7379063557416712,-0.4058558668836733,-0.684103318687803,-0.24979859986280267,-0.1807356172238901,-0.6040302242810942,1.0,0.0,0.0,0.0,1.0,0.0,0.0,0.0,0.0,1.0
window_10_0pct::CSH78z3bMHb9lgKY9a,window_10_0pct,1784124676.234417,0,1.0657947516326411,0.9286935699933935,1.2884899688321125,0.683299072140139,1.1490110811824732,-0.24916850421604694,-0.23694560897944986,-0.13210843008481607,1.0,0.0,0.0,1.0,0.0,0.0,0.0,0.0,0.0,1.0
window_10_0pct::CKd5uCog53nYYKHB7,window_10_0pct,1784126046.184744,0,-0.388935641425269,-0.09570326453292437,-0.3112854221753495,-0.17748466999158366,-0.276744563161075,-0.000712522252229375,-0.13259809583256077,-0.1308125352604201,1.0,0.0,0.0,1.0,0.0,0.0,0.0,0.0,0.0,1.0
window_10_0pct::CLyRLNq0YuLBynAE,window_10_0pct,1784124151.454498,0,-0.3892435678828712,-0.18750257353324612,1.1531235417489236,0.3143917540836864,0.9453317034191091,0.02456715864732275,0.2212026171096788,-0.5330172748392215,1.0,0.0,0.0,1.0,0.0,0.0,0.0,0.0,0.0,1.0
window_10_0pct::CZL5uP2d8rXzC244wc,window_10_0pct,1784125738.934104,0,0.3902764495574341,-0.10133640394885321,0.42872621012468287,0.08602055719159674,0.33429357012901706,-0.24955546835264075,-0.2369662578054258,-0.4345316944511323,1.0,0.0,0.0,1.0,0.0,0.0,0.0,0.0,0.0,1.0
window_04_7pct::COsptf3nTk6F3VqaV7,window_04_7pct,1783703130.877805,1,-0.38971290352885773,-0.36984938277479434,-0.7379063557416712,-0.4585569123203094,-0.7095632409082235,-0.24979859986280267,89.33754977592461,-0.6040302242810942,1.0,0.0,0.0,0.0,1.0,0.0,1.0,0.0,0.0,0.0
window_10_0pct::CFltNEEa3TzxHJeW2,window_10_0pct,1784124768.409729,0,-0.3892765329340438,-0.279719152119933,-0.5573540544579261,-0.3355878063014919,-0.5058838631448596,-0.10394184212800113,-0.14952020835613214,-0.23644418017722194,1.0,0.0,0.0,1.0,0.0,0.0,0.0,0.0,0.0,1.0
window_06_15pct::CXa4mG3nRJjhLGBgQa,window_06_15pct,1783710631.019124,1,-0.07192289268767009,-0.3258274414132764,-0.7379063557416712,-0.35315482144703725,-0.6077235520265416,-0.24970076502134794,-0.2370570951458838,1525.4736783412168,1.0,0.0,0.0,1.0,0.0,0.0,0.0,1.0,0.0,0.0
window_10_0pct::CgMIl41kaZAy9hhd8,window_10_0pct,1784124536.896443,0,-0.3893879287594929,-0.36984938277479434,-0.7379063557416712,-0.4058558668836733,-0.684103318687803,-0.24979859986280267,-0.178322647664027,-0.6040302242810942,1.0,0.0,0.0,0.0,1.0,0.0,0.0,0.0,0.0,1.0
window_10_0pct::CxmEYY1Hjs9aTckKhj,window_10_0pct,1784124166.221539,0,0.22405402209515762,-0.18833711270597633,-0.4682781867931723,-0.2477527305737651,-0.37858425204275703,-0.24958973415686184,-0.23706114211522386,-0.108295699392023,1.0,0.0,0.0,1.0,0.0,0.0,0.0,0.0,0.0,1.0
window_10_0pct::CvO3Vg2AwhPJxr1jd2,window_10_0pct,1784125894.136591,0,0.22363902327250948,-0.17999172097867436,-0.42287987312763947,-0.23018571542821972,-0.37858425204275703,-0.24957998331822276,-0.23705327848893087,-0.16022293126527104,1.0,0.0,0.0,1.0,0.0,0.0,0.0,0.0,0.0,1.0
window_10_0pct::C7gKDh1MSA5jg9Uxpc,window_10_0pct,1784124984.60507,0,0.22088284395352759,0.4820064777895551,0.6421853845333274,0.3143917540836864,0.5634328701128016,-0.24881328060359093,-0.23681004676066178,-0.14946717417551955,1.0,0.0,0.0,1.0,0.0,0.0,0.0,0.0,0.0,1.0
window_10_0pct::CaVDTj1zAaJpkjWXv6,window_10_0pct,1784124970.959586,0,0.09351765030471014,-0.19250980856962732,-0.4118967527883412,-0.21261870028267438,-0.35312432982233655,-0.24953941126236936,-0.23701399809993226,-0.20344988878144335,1.0,0.0,0.0,1.0,0.0,0.0,0.0,0.0,0.0,1.0
window_10_0pct::Ckf4ua663GVSIYuth,window_10_0pct,1784124205.362896,0,0.11641225197651028,-0.36984938277479434,-0.7379063557416712,-0.38828885173812794,-0.6586433964673826,-0.24979859986280267,-0.23711517717066793,-0.6040302242810942,1.0,0.0,0.0,0.0,1.0,0.0,0.0,0.0,0.0,1.0
window_10_0pct::CtEyA24a5UngN6fZa,window_10_0pct,1784124492.154992,0,-0.3883424946835892,-0.36984938277479434,-0.7379063557416712,-0.4058558668836733,-0.684103318687803,-0.24979859986280267,-0.22320757159898666,-0.6040302242810942,1.0,0.0,0.0,0.0,1.0,0.0,0.0,0.0,0.0,1.0
window_10_0pct::CJh4oh2k4fnUAJ9OVe,window_10_0pct,1784124395.173316,0,-0.3892574029561613,-0.275546456256282,-0.5573540544579261,-0.3180207911559465,-0.5058838631448596,-0.10359770718252988,-0.1427053155504156,-0.2194263077650056,1.0,0.0,0.0,1.0,0.0,0.0,0.0,0.0,0.0,1.0
window_10_0pct::CjYyka1JtUGC8oXuji,window_10_0pct,1784124199.495675,0,-0.38971200681114443,-0.3631730693929528,-0.7368866463097827,-0.4585569123203094,-0.7095632409082235,4.713094425284227,4.795124791460313,4.119297628905474,0.0,1.0,1.0,0.0,0.0,0.0,0.0,0.0,0.0,1.0
window_10_0pct::CofTy21uKSvEeyGTSa,window_10_0pct,1784125474.294024,0,-0.3776046416742137,-0.18583349518778575,-0.4300815709903515,-0.21261870028267438,-0.37858425204275703,-0.23906522564636312,-0.23123944142122682,-0.1638156446303259,1.0,0.0,0.0,1.0,0.0,0.0,0.0,0.0,0.0,1.0
window_10_0pct::CgM21e1cK5vlMRqwMh,window_10_0pct,1784125605.881858,0,0.07236304395377735,-0.008493920982618692,-0.38646774883062346,-0.1599176548460383,-0.327664407601916,-0.2492462860815272,-0.23697616226919202,0.15315400460142672,1.0,0.0,0.0,1.0,0.0,0.0,0.0,0.0,0.0,1.0
window_10_0pct::CRJjVy3LZ04kcwIhaf,window_10_0pct,1784124299.253349,0,0.6024150299710006,0.18616234105669996,0.8711951277782706,0.26169070864705035,0.7416523256557451,-0.24940279518956157,-0.23696000861185426,-0.3495597279990096,1.0,0.0,0.0,1.0,0.0,0.0,0.0,0.0,0.0,1.0
window_10_0pct::CIm1Uv2mm4tu9vA4Od,window_10_0pct,1784124998.260674,0,0.46526210910604626,-0.1872939387400636,-0.4752249572979122,-0.23018571542821972,-0.4040441742631775,-0.24964779824223696,-0.23708411996317125,-0.09226236860480921,1.0,0.0,0.0,1.0,0.0,0.0,0.0,0.0,0.0,1.0
window_07_17pct::Cg8HeR1nqyE1rm3ME1,window_07_17pct,1783714378.75207,1,-0.3897129142040686,-0.36984938277479434,-0.7379063557416712,-0.4585569123203094,-0.7095632409082235,-0.24979859986280267,111.73122782240476,-0.6040302242810942,1.0,0.0,0.0,0.0,1.0,0.0,1.0,0.0,0.0,0.0
window_10_0pct::CBungi2LyAnSnd9gJc,window_10_0pct,1784124727.096878,0,-0.3414372620945888,-0.36984938277479434,-0.7379063557416712,-0.4058558668836733,-0.684103318687803,-0.24979859986280267,-0.23676625663336484,-0.6040302242810942,1.0,0.0,0.0,0.0,1.0,0.0,0.0,0.0,0.0,1.0
window_10_0pct::CrDBGDzFzTucqxwve,window_10_0pct,1784124936.364792,0,-0.21449642942835423,-0.09111329908290829,-0.4799411134203962,-0.21261870028267438,-0.42950409648359805,-0.24867507472412698,-0.23675310402666752,0.19165060210695095,1.0,0.0,0.0,1.0,0.0,0.0,0.0,0.0,0.0,1.0
window_10_0pct::ClbGQv4AvyMDxwUYgc,window_10_0pct,1784125161.720249,0,-0.3491220154697893,-0.09173920346245593,-0.5391055044164228,-0.2828867608648558,-0.480423940924439,-0.24495963542641744,-0.2358667368748365,0.42610656045347634,1.0,0.0,0.0,1.0,0.0,0.0,0.0,0.0,0.0,1.0
window_10_0pct::CgkqPp2mPLeq0s9BWf,window_10_0pct,1784125146.793604,0,0.612396747119103,0.4696970249917847,2.0618121092405004,0.7887011630134111,1.7600492144725652,-0.24920691002637121,-0.23681889229766875,-0.3831943080554904,1.0,0.0,0.0,1.0,0.0,0.0,0.0,0.0,0.0,1.0
window_10_0pct::CFsgho31AmLdk7HTWf,window_10_0pct,1784124116.330806,0,0.2342250641080746,-0.09758097767156731,-0.2805241876467152,-0.17748466999158366,-0.2512846409406545,-0.249490408498353,-0.23703214151203994,-0.16566054862155813,1.0,0.0,0.0,1.0,0.0,0.0,0.0,0.0,0.0,1.0
window_10_0pct::C8OhVO2vnnQFMMVMX3,window_10_0pct,1784124080.823104,0,-0.3882651954816652,-0.1895889214650716,-0.4767545214457448,-0.2477527305737651,-0.42950409648359805,-0.1618623081969718,-0.19423069473413435,-0.0957365241211927,1.0,0.0,0.0,1.0,0.0,0.0,0.0,0.0,0.0,1.0
window_10_0pct::CZvOfw4JhRXKJ4x1k,window_10_0pct,1784124593.527026,0,0.455173554447537,-0.08485425528743179,-0.4806209197083218,-0.21261870028267438,-0.37858425204275703,-0.24956036587101676,-0.23707752620423866,0.21166708656040012,1.0,0.0,0.0,1.0,0.0,0.0,0.0,0.0,0.0,1.0
window_10_0pct::C4GdxB4dVFteDiNIpe,window_10_0pct,1784124267.810985,0,-0.38721117853622034,-0.27658963022219474,-0.06173278266715404,-0.14235063970049294,-0.09852510761813149,-0.22347107115364043,-0.20085153986923937,-0.5024603118867872,1.0,0.0,0.0,1.0,0.0,0.0,0.0,0.0,0.0,1.0
window_10_0pct::CAA82a2RSRm9XTbQk5,window_10_0pct,1784124097.368301,0,-0.3891701544577046,0.01049184519699331,-0.35007686848010516,-0.1599176548460383,-0.3022044853814955,0.24507726833679014,-0.07861374248880897,0.11815973563427475,1.0,0.0,0.0,1.0,0.0,0.0,0.0,0.0,0.0,1.0
window_10_0pct::CcZ0Xr1iHjZLiGkj57,window_10_0pct,1784124472.607735,0,-0.10244182604113528,-0.36984938277479434,-0.7379063557416712,-0.4058558668836733,-0.684103318687803,-0.24979859986280267,-0.23709583672495796,-0.6040302242810942,1.0,0.0,0.0,0.0,1.0,0.0,0.0,0.0,0.0,1.0
window_10_0pct::Cht6y81Lzd30w3CHN4,window_10_0pct,1784126129.961416,0,1.5098225364272457,-0.015796138744007922,-0.20500195784747838,0.0157524966094153,-0.07306518539771098,-0.24966696048089654,-0.23709193379144308,-0.1147646964767129,1.0,0.0,0.0,1.0,0.0,0.0,0.0,0.0,0.0,1.0
window_10_0pct::CJOkIy3wuwAtxfWNb2,window_10_0pct,1784124744.353568,0,-0.07514128728698684,-0.17999172097867436,-0.447076728188492,-0.23018571542821972,-0.37858425204275703,-0.24937234122774987,-0.2369496253354781,-0.12330112082446888,1.0,0.0,0.0,1.0,0.0,0.0,0.0,0.0,0.0,1.0
window_06_15pct::CfCtar3bm5msd4DXAc,window_06_15pct,1783710631.718419,1,-0.07928517996806068,-0.32603607620645897,-0.7379063557416712,-0.35315482144703725,-0.6077235520265416,-0.24969891938180713,-0.23705459743711454,1518.2410825660247,1.0,0.0,0.0,1.0,0.0,0.0,0.0,1.0,0.0,0.0
window_10_0pct::CM9Bf41dFX9Rglrz2i,window_10_0pct,1784124915.992817,0,-0.1815385626726007,-0.27909324774038535,-0.5815509095187786,-0.3355878063014919,-0.5058838631448596,-0.2494906972655002,-0.2369786738654447,-0.17661830168790169,1.0,0.0,0.0,1.0,0.0,0.0,0.0,0.0,0.0,1.0
window_10_0pct::C5s0CxHAKvfbgbCsc,window_10_0pct,1784124409.621541,0,0.3182882290935106,-0.08506289008061435,-0.33227444131505296,-0.195051685137129,-0.276744563161075,-0.24951451370623387,-0.23705436170893904,-0.08701041631372122,1.0,0.0,0.0,1.0,0.0,0.0,0.0,0.0,0.0,1.0
window_10_0pct::CFEXDb4HcoKgszqqgg,window_10_0pct,1784125433.37314,0,0.03571876000365769,-0.09528599494655927,-0.47822035375408445,-0.26531974571931044,-0.42950409648359805,-0.2493427965998075,-0.2370275499603071,0.17454613892157098,1.0,0.0,0.0,1.0,0.0,0.0,0.0,0.0,0.0,1.0
window_10_0pct::C12UgH1BFNvilakcBb,window_10_0pct,1784124201.540196,0,-0.1887349678512516,-0.36984938277479434,-0.7379063557416712,-0.4058558668836733,-0.684103318687803,-0.24979859986280267,-0.23706725241710982,-0.6040302242810942,1.0,0.0,0.0,0.0,1.0,0.0,0.0,0.0,0.0,1.0
window_10_0pct::CS3SS44gTq1dsuYw57,window_10_0pct,1784125138.963829,0,-0.2126340748404723,-0.188963017085524,-0.45319498477982256,-0.2477527305737651,-0.4040441742631775,-0.249077154027053,-0.2368114089026815,-0.136175226363359,1.0,0.0,0.0,1.0,0.0,0.0,0.0,0.0,0.0,1.0
window_10_0pct::Cd1YXS1s7UjplQRMOj,window_10_0pct,1784124335.689895,0,-0.30132901099425347,0.4947332001736906,0.9236676756275293,0.4022268298114132,0.7925721700965861,-0.24288987710703847,-0.23445765142371103,-0.22083164482197043,1.0,0.0,0.0,1.0,0.0,0.0,0.0,0.0,0.0,1.0
window_10_0pct::CwGz6Y3WtPmtw2dgB7,window_10_0pct,1784124508.855393,0,-0.3798146238289307,-0.36984938277479434,-0.7379063557416712,-0.4058558668836733,-0.684103318687803,-0.24979859986280267,-0.23523030903699435,-0.6040302242810942,1.0,0.0,0.0,0.0,1.0,0.0,0.0,0.0,0.0,1.0
window_10_0pct::CaBtNN3djjavRQxZTl,window_10_0pct,1784124652.476664,0,-0.3886553210629817,-0.36984938277479434,-0.7379063557416712,-0.4058558668836733,-0.684103318687803,-0.24979859986280267,-0.2190800246705995,-0.6040302242810942,1.0,0.0,0.0,0.0,1.0,0.0,0.0,0.0,0.0,1.0
window_10_0pct::CokIAM174uf3EpJaA9,window_10_0pct,1784124440.979171,0,-0.38609641964091396,-0.2788846129472028,-0.5955506702607468,-0.3180207911559465,-0.53134378536528,-0.23203442866382362,-0.22526420482861448,-0.13351220608000763,1.0,0.0,0.0,1.0,0.0,0.0,0.0,0.0,0.0,1.0
window_10_0pct::CHqVNjEqFhNuFz2Jd,window_10_0pct,1784125417.39019,0,-0.38920681313183897,-0.09173920346245593,-0.5306291697638502,-0.2477527305737651,-0.45496401870401854,0.13826924270171573,-0.11436156862148725,0.38398475505184754,1.0,0.0,0.0,1.0,0.0,0.0,0.0,0.0,0.0,1.0
window_10_0pct::CeybMt4HWZNnBr1yKi,window_10_0pct,1784125657.995795,0,0.32613147732452746,0.09561484081547349,-0.23979954221067104,-0.08964959426385685,-0.174904874279393,-0.2493393676725493,-0.23701547138951387,0.08412745119029781,1.0,0.0,0.0,1.0,0.0,0.0,0.0,0.0,0.0,1.0
window_10_0pct::Cbd4L4QXrGSRGCJ6g,window_10_0pct,1784125363.936729,0,0.14550975965194973,0.17447879263847718,-0.3171912393017033,-0.08964959426385685,-0.2512846409406545,-0.24908032453977447,-0.23696588398850094,0.3487515165659521,1.0,0.0,0.0,1.0,0.0,0.0,0.0,0.0,0.0,1.0
window_10_0pct::CZ5I2JlOEy5OYYnH3,window_10_0pct,1784125115.47301,0,0.2818915566595666,0.002980992642421529,-0.2082097937686274,-0.08964959426385685,-0.14944495205897249,-0.24940653100150798,-0.23700579225222748,-0.08569661087552045,1.0,0.0,0.0,1.0,0.0,0.0,0.0,0.0,0.0,1.0
window_10_0pct::CCWGly2fMkzDs7mPbe,window_10_0pct,1784124311.890244,0,-0.3886089052461103,-0.1895889214650716,-0.4767545214457448,-0.26531974571931044,-0.42950409648359805,-0.13448626844948333,-0.1851958774287899,-0.0957365241211927,1.0,0.0,0.0,1.0,0.0,0.0,0.0,0.0,0.0,1.0
window_10_0pct::CLesmo33ehR1wCaaCk,window_10_0pct,1784125705.421102,0,-0.38915471810278374,-0.279719152119933,-0.6106338722740966,-0.3355878063014919,-0.53134378536528,-0.1357696481921363,-0.16864485530527146,-0.08258807226458642,1.0,0.0,0.0,1.0,0.0,0.0,0.0,0.0,0.0,1.0
window_10_0pct::CZg2Ai3WYkUna3Pzg8,window_10_0pct,1784124230.400136,0,-0.3874290489149066,-0.18708530394688103,-0.4767545214457448,-0.26531974571931044,-0.42950409648359805,-0.19328188531400464,-0.21204154841392278,-0.08867688939674961,1.0,0.0,0.0,1.0,0.0,0.0,0.0,0.0,0.0,1.0
window_06_15pct::CT2AGSTuMg7rNxXG,window_06_15pct,1783711632.271357,1,-0.08522509147665798,-0.32624471099964153,-0.7379063557416712,-0.35315482144703725,-0.6077235520265416,-0.24969745875608895,-0.23705249424309147,1511.0084867908329,1.0,0.0,0.0,1.0,0.0,0.0,0.0,1.0,0.0,0.0
window_10_0pct::CkLh9MhZsDbJaJJKa,window_10_0pct,1784126095.242528,0,-0.3147406520451009,-0.27533782146309943,-0.17761851081197452,-0.10721660940940221,-0.174904874279393,-0.248908274501653,-0.23582319494798185,-0.47980782101429065,1.0,0.0,0.0,1.0,0.0,0.0,0.0,0.0,0.0,1.0
window_10_0pct::CteUQr3lViTVtmyt2a,window_10_0pct,1784125282.019518,0,-0.3828272644139009,-0.09695507329201966,-0.3579583726307428,-0.195051685137129,-0.327664407601916,-0.22180804385597377,-0.22605266098947643,-0.07511178114394522,1.0,0.0,0.0,1.0,0.0,0.0,0.0,0.0,0.0,1.0
window_08_22pct::C9y02x19fQFXooArvk,window_08_22pct,1783719130.631653,1,-0.07782492854809357,-0.32624471099964153,-0.7379063557416712,-0.35315482144703725,-0.6077235520265416,-0.24969985852972695,-0.2370551022126357,1511.0084867908329,1.0,0.0,0.0,1.0,0.0,0.0,0.0,1.0,0.0,0.0
window_10_0pct::CIk7ye4PJa5XzyrmT1,window_10_0pct,1784125603.424915,0,-0.38971195343509013,-0.3631730693929528,-0.7368866463097827,-0.4585569123203094,-0.7095632409082235,4.449110753733854,4.527449940319026,4.119297628905474,0.0,1.0,1.0,0.0,0.0,0.0,0.0,0.0,0.0,1.0
window_10_0pct::CqQfTO3MRK6tSOQLy3,window_10_0pct,1784125150.131223,0,-0.3897111954951182,-0.3631730693929528,-0.7368866463097827,-0.4585569123203094,-0.7095632409082235,2.4271558197619596,2.4772228077592717,4.119297628905474,0.0,1.0,1.0,0.0,0.0,0.0,0.0,0.0,0.0,1.0
window_10_0pct::CQIxVUhtxEs8qxmL8,window_10_0pct,1784125678.082932,0,1.3413294062108123,1.147968737628253,1.818547677895617,0.8589692235955926,1.658209525590883,-0.249179334618441,-0.2369524977456428,-0.16678931099013034,1.0,0.0,0.0,1.0,0.0,0.0,0.0,0.0,0.0,1.0
window_10_0pct::CVx02k3sZyBFDTYEO4,window_10_0pct,1784124697.662522,0,-0.17888086217391286,-0.36984938277479434,-0.7379063557416712,-0.4058558668836733,-0.684103318687803,-0.24979859986280267,-0.23707169999819824,-0.6040302242810942,1.0,0.0,0.0,0.0,1.0,0.0,0.0,0.0,0.0,1.0
window_10_0pct::Csn7vm2Crpid1YuYid,window_10_0pct,1784124508.855992,0,-0.3798206980239169,-0.36984938277479434,-0.7379063557416712,-0.4058558668836733,-0.684103318687803,-0.24979859986280267,-0.23522912265902968,-0.6040302242810942,1.0,0.0,0.0,0.0,1.0,0.0,0.0,0.0,0.0,1.0
window_10_0pct::C9Ja9R6uxBHUUJDl6,window_10_0pct,1784125646.584895,0,0.10316823308677464,-0.19250980856962732,-0.4682781867931723,-0.23018571542821972,-0.37858425204275703,-0.24954448615890715,-0.23702660439556889,-0.11969189536648445,1.0,0.0,0.0,1.0,0.0,0.0,0.0,0.0,0.0,1.0
window_10_0pct::CNWJXU2VUjLJwzo8s,window_10_0pct,1784125207.230752,0,-0.19718038337713498,0.15757937439069067,1.5134633622424976,0.5954639964124121,1.2508507700641551,-0.24786385252087922,-0.235647602284258,-0.43150383088166033,1.0,0.0,0.0,1.0,0.0,0.0,0.0,0.0,0.0,1.0
window_10_0pct::C2cVRiVcnlB7VUZUk,window_10_0pct,1784124327.773895,0,-0.3844628454972294,-0.36984938277479434,-0.7379063557416712,-0.4058558668836733,-0.684103318687803,-0.24979859986280267,-0.23351971037629451,-0.6040302242810942,1.0,0.0,0.0,0.0,1.0,0.0,0.0,0.0,0.0,1.0
window_02_3pct::C2wOUW3mH8Q3PiAIY9,window_02_3pct,1783695630.902583,1,-0.3897128501528033,-0.36984938277479434,-0.7379063557416712,-0.4585569123203094,-0.7095632409082235,-0.24979859986280267,44.55019368296436,-0.6040302242810942,1.0,0.0,0.0,0.0,1.0,0.0,1.0,0.0,0.0,0.0
window_10_0pct::CJLeVb1VRYMuPjYoSc,window_10_0pct,1784125350.061945,0,0.6616512733646996,0.16154343546115912,0.057679440596280586,0.1035875723371421,0.10515427014523254,-0.24944163361626798,-0.23701234042838976,-0.11214959520806948,1.0,0.0,0.0,1.0,0.0,0.0,0.0,0.0,0.0,1.0
window_10_0pct::CqrASj4fPIMKUmbLr3,window_10_0pct,1784124990.665855,0,-0.38955360803222605,-0.36984938277479434,-0.7379063557416712,-0.4058558668836733,-0.684103318687803,-0.24979859986280267,-0.11714537752330186,-0.6040302242810942,1.0,0.0,0.0,0.0,1.0,0.0,0.0,0.0,0.0,1.0
window_10_0pct::ClFQVw4iMb3X0LOvr6,window_10_0pct,1784124219.439972,0,-0.3696278785808211,-0.18416441684232535,-0.4682781867931723,-0.2477527305737651,-0.4040441742631775,-0.243269280941625,-0.23406783002031037,-0.09689950341756158,1.0,0.0,0.0,1.0,0.0,0.0,0.0,0.0,0.0,1.0
window_10_0pct::C24svj4B4sXz0Cu9o6,window_10_0pct,1784125975.346435,0,-0.049253687418220914,0.7273609945722332,2.635207469159263,1.1576084810698637,2.2437877366605545,-0.24752250995631575,-0.23585639045819082,-0.36447875917044265,1.0,0.0,0.0,1.0,0.0,0.0,0.0,0.0,0.0,1.0
window_10_0pct::CQRICp8meBF8w1QNg,window_10_0pct,1784125557.649913,0,0.4199012912995277,-0.09382555139428142,-0.2470649719128761,-0.08964959426385685,-0.14944495205897249,-0.2495578128235616,-0.23703248987185502,-0.18990730336968914,1.0,0.0,0.0,1.0,0.0,0.0,0.0,0.0,0.0,1.0
window_10_0pct::CXllWt1yP00BauiRNb,window_10_0pct,1784125528.328154,0,0.08038115213887707,-0.27784143898129005,-0.5815509095187786,-0.3004537760104012,-0.5058838631448596,-0.24966036894690583,-0.23706070387759048,-0.1707229648245473,1.0,0.0,0.0,1.0,0.0,0.0,0.0,0.0,0.0,1.0
window_10_0pct::CmtOEH2qSYHCpQ4Uqi,window_10_0pct,1784124199.515807,0,-0.3892858203675025,-0.1916752693968971,1.1531235417489236,0.29682473893814104,0.9453317034191091,0.04480805506987783,0.255350753077745,-0.5346422851239325,1.0,0.0,0.0,1.0,0.0,0.0,0.0,0.0,0.0,1.0
window_10_0pct::C4G0664L2AJqhTsFE4,window_10_0pct,1784124742.093701,0,0.6325508727071139,0.8189516687793725,0.5226456975909067,0.38465981466586785,0.48705310345154007,-0.24897728278112546,-0.2369332361917837,0.09048814046061647,1.0,0.0,0.0,1.0,0.0,0.0,0.0,0.0,0.0,1.0
window_10_0pct::CT3Hma2hlFJHSAUyM5,window_10_0pct,1784124596.39348,0,-0.2662496916075442,-0.27909324774038535,-0.5306929016033433,-0.3004537760104012,-0.480423940924439,-0.24927943785520773,-0.23677515758560264,-0.28151057669437046,1.0,0.0,0.0,1.0,0.0,0.0,0.0,0.0,0.0,1.0
window_10_0pct::ChgAMjeTDcBdLEFbe,window_10_0pct,1784123976.016827,0,1.188433346214938,0.8354338174407939,0.778167886064949,0.5076289206846853,0.6907324812149042,-0.2492592053672097,-0.23699275265610578,-0.018559470795067427,1.0,0.0,0.0,1.0,0.0,0.0,0.0,0.0,0.0,1.0
window_10_0pct::C96sb34WdpEuwUgEYh,window_10_0pct,1784124513.986851,0,-0.03851233293967942,0.7046198021153354,0.08814325987394742,0.1914226480648689,0.13061419236565305,-0.24763785566621088,-0.23664508887951743,0.3538678917594985,1.0,0.0,0.0,1.0,0.0,0.0,0.0,0.0,0.0,1.0
window_10_0pct::CbOHt82QN3fB8DtfMd,window_10_0pct,1784124167.939174,0,0.11523759447300122,0.3849912989596696,0.25048949900918444,0.15628861777377817,0.23245388124733507,-0.24874282548811458,-0.23682154254069854,-0.04161417522045394,1.0,0.0,0.0,1.0,0.0,0.0,0.0,0.0,0.0,1.0
window_10_0pct::Cc3gWinm9nWicam42,window_10_0pct,1784126061.810991,0,-0.32624567908379115,-0.19250980856962732,-0.4682781867931723,-0.195051685137129,-0.4040441742631775,-0.2478251756185454,-0.23595709100417658,-0.11969189536648445,1.0,0.0,0.0,1.0,0.0,0.0,0.0,0.0,0.0,1.0
window_10_0pct::Cku2nz1FpfJ3luG2fl,window_10_0pct,1784125895.356906,0,0.628660313455243,0.8368942609930717,1.260830350492139,0.736000117576775,1.1235511589620526,-0.24896170153980782,-0.2368384629772747,-0.15940154452310545,1.0,0.0,0.0,1.0,0.0,0.0,0.0,0.0,0.0,1.0
window_10_0pct::CAOako1AFMGWs5tQmg,window_10_0pct,1784125520.568217,0,0.2768788299160442,-0.36984938277479434,-0.7379063557416712,-0.38828885173812794,-0.6331834742469621,-0.24979859986280267,-0.23712654738251362,-0.6040302242810942,1.0,0.0,0.0,0.0,1.0,0.0,0.0,0.0,0.0,1.0
window_10_0pct::C6PVAp4qvlfCcIipgd,window_10_0pct,1784124419.801263,0,-0.3896846675961013,-0.36984938277479434,-0.7379063557416712,-0.4058558668836733,-0.684103318687803,-0.24979859986280267,0.43887315367142893,-0.6040302242810942,1.0,0.0,0.0,0.0,1.0,0.0,0.0,0.0,0.0,1.0
window_10_0pct::CUhR4l3wQFJXmAfMab,window_10_0pct,1784125899.199297,0,-0.3894287507658674,-0.19584796526054812,1.1531235417489236,0.3495257843747771,0.9453317034191091,0.18259972311517156,0.5535094663400288,-0.5362672954086435,1.0,0.0,0.0,1.0,0.0,0.0,0.0,0.0,0.0,1.0
window_08_22pct::C5gojP3fnzTh9RKjQb,window_08_22pct,1783719128.513559,1,-0.38971289285364685,-0.36984938277479434,-0.7379063557416712,-0.4585569123203094,-0.7095632409082235,-0.24979859986280267,74.4084310782712,-0.6040302242810942,1.0,0.0,0.0,0.0,1.0,0.0,1.0,0.0,0.0,0.0
window_10_0pct::CVWouU2rlAbnF5jKOf,window_10_0pct,1784124395.171343,0,-0.38923659697017177,-0.275546456256282,-0.6106338722740966,-0.3180207911559465,-0.53134378536528,-0.10998332759876933,-0.14683092066603404,-0.05844723189345181,1.0,0.0,0.0,1.0,0.0,0.0,0.0,0.0,0.0,1.0
window_10_0pct::CK5dZaRAJpEiQasij,window_10_0pct,1784124568.782269,0,-0.3556839715158968,-0.27366874311763906,-0.12208683466705046,-0.21261870028267438,-0.12398502983855199,-0.24780240317762078,-0.2350548781437483,-0.48901326431822967,1.0,0.0,0.0,1.0,0.0,0.0,0.0,0.0,0.0,1.0
window_10_0pct::Cpn9ZA1TCWB4wmOg46,window_10_0pct,1784125405.107488,0,-0.11799318500874036,-0.36984938277479434,-0.7379063557416712,-0.4058558668836733,-0.684103318687803,-0.24979859986280267,-0.2370920265317329,-0.6040302242810942,1.0,0.0,0.0,0.0,1.0,0.0,0.0,0.0,0.0,1.0
window_10_0pct::CP7Vxn49dlUGurxKhf,window_10_0pct,1784124495.834323,0,0.33808201293853807,0.5445969157443199,1.8995083579982588,0.8062681781589565,1.6072896811500421,-0.24891121130189983,-0.23668284696225836,-0.3486901736756473,1.0,0.0,0.0,1.0,0.0,0.0,0.0,0.0,0.0,1.0
window_10_0pct::CIsUgHNX4Y7Pa5Xq,window_10_0pct,1784124129.0236,0,-0.28206652171911367,-0.00536439908488045,-0.3882734842829259,-0.17748466999158366,-0.327664407601916,-0.2474072415306507,-0.2364073505285095,0.16365583315011697,1.0,0.0,0.0,1.0,0.0,0.0,0.0,0.0,0.0,1.0
window_10_0pct::CRn9MN3LN5nVHcGtN6,window_10_0pct,1784124768.407616,0,-0.38925407229036924,-0.1895889214650716,-0.4767545214457448,-0.2828867608648558,-0.42950409648359805,0.027636656719068495,-0.12255278895123879,-0.0957365241211927,1.0,0.0,0.0,1.0,0.0,0.0,0.0,0.0,0.0,1.0
window_10_0pct::CWfYzA4z9ttTdK7vOe,window_10_0pct,1784125037.32838,0,0.27108512609554947,0.18094647122713622,0.18769239316205535,0.06845354204605138,0.15607411458607354,-0.2492099099998359,-0.23693811230235365,-0.16580175014676862,1.0,0.0,0.0,1.0,0.0,0.0,0.0,0.0,0.0,1.0
window_10_0pct::CtpKKr4spD2KDFu93i,window_10_0pct,1784124897.510812,0,-0.3889975683235373,-0.1895889214650716,-0.4767545214457448,-0.26531974571931044,-0.42950409648359805,-0.071838293965105,-0.15696300791341708,-0.0957365241211927,1.0,0.0,0.0,1.0,0.0,0.0,0.0,0.0,0.0,1.0
window_10_0pct::Ca0Vnj2LaZ3SiUwMk1,window_10_0pct,1784124493.835195,0,0.3420765807699346,0.2867243113706888,0.668995245013394,0.26169070864705035,0.5379729478923811,-0.24916493160624667,-0.2368880031243134,-0.2603489627936494,1.0,0.0,0.0,1.0,0.0,0.0,0.0,0.0,0.0,1.0
window_10_0pct::CBw9Cg3qpNi6dF8QG8,window_10_0pct,1784125547.027815,0,0.42260684876855464,0.15924845273615107,-0.03564521636800839,0.0157524966094153,-0.02214534095686998,-0.24933858314809282,-0.23699760784425752,-0.04919136875787022,1.0,0.0,0.0,1.0,0.0,0.0,0.0,0.0,0.0,1.0
window_08_22pct::CGeElH2oRU975PYSRb,window_08_22pct,1783719131.567584,1,-0.08770871131165645,-0.32603607620645897,-0.7379063557416712,-0.35315482144703725,-0.6077235520265416,-0.24969613908428392,-0.23705159031889889,1518.2410825660247,1.0,0.0,0.0,1.0,0.0,0.0,0.0,1.0,0.0,0.0
window_10_0pct::ChaSVI3EbCmSuqRKA1,window_10_0pct,1784124167.548061,0,0.3843216781553031,0.004858705781064474,-0.18203725168349105,-0.0720825791183115,-0.14944495205897249,-0.24945670124645034,-0.23702034099371183,-0.10761328644929428,1.0,0.0,0.0,1.0,0.0,0.0,0.0,0.0,0.0,1.0
window_07_17pct::CWrPpN3bocGF18mlug,window_07_17pct,1783714379.292289,1,-0.38921130739561605,-0.3531585993201904,-0.6852426123739334,-0.38828885173812794,-0.6077235520265416,-0.22630005334222014,-0.18950817513362114,-0.37072068314587064,1.0,0.0,0.0,1.0,0.0,0.0,0.0,0.0,0.0,1.0
window_10_0pct::Chapmf4FxDYZ3tF22f,window_10_0pct,1784124514.654363,0,-0.3292894485836641,-0.279719152119933,-0.6191102069266692,-0.3355878063014919,-0.5568037075857005,-0.24874511278207645,-0.23652939217356245,-0.04538881986791441,1.0,0.0,0.0,1.0,0.0,0.0,0.0,0.0,0.0,1.0
window_10_0pct::CjyV9B1YogGVtdfqCf,window_10_0pct,1784125656.662046,0,4.76457216418035,2.3595109816393176,0.9793693033444347,2.4048665564035843,1.403610303386678,-0.24942461234198685,-0.2370102826468043,0.5664340177251758,1.0,0.0,0.0,1.0,0.0,0.0,0.0,0.0,0.0,1.0
window_10_0pct::C0Cqlu4j9fA7CeY6Fl,window_10_0pct,1784124209.697691,0,-0.20302976909753787,-0.1756103903218408,-0.6606421223296249,-0.3355878063014919,-0.582263629806121,-0.24906375463575886,-0.2369575219280173,1.2468622074681328,1.0,0.0,0.0,1.0,0.0,0.0,0.0,0.0,0.0,1.0
window_10_0pct::CDFeFM3QLWaTdskEeg,window_10_0pct,1784125665.55365,0,-0.3888708962713304,-0.1916752693968971,1.1531235417489236,0.38465981466586785,0.9453317034191091,-0.10035892596363417,0.04105519250854797,-0.5346422851239325,1.0,0.0,0.0,1.0,0.0,0.0,0.0,0.0,0.0,1.0
window_10_0pct::ClpjHbr83meb2ymZ3,window_10_0pct,1784125899.99135,0,-0.32918444720952733,0.09352849288364799,1.5501941457369788,0.5778969812668668,1.2763106922845755,-0.24439180387910034,-0.23242301224997178,-0.4548886158740151,1.0,0.0,0.0,1.0,0.0,0.0,0.0,0.0,0.0,1.0
window_10_0pct::CxKeZc2eav7fgm6Wl6,window_10_0pct,1784125770.026849,0,3.5543820077796964,1.4431869699815605,0.39205915846969475,1.4562477385441348,0.7161924034353246,-0.2494739435751894,-0.23702906485018588,0.5775842835570343,1.0,0.0,0.0,1.0,0.0,0.0,0.0,0.0,0.0,1.0
window_10_0pct::CUvvVpdLEK9pR3aKl,window_10_0pct,1784125831.409463,0,0.2226536372577606,-0.09132193387609083,-0.2470649719128761,-0.12478362455494757,-0.2003647964998135,-0.24947736610384622,-0.23700625697407907,-0.1861510863999712,1.0,0.0,0.0,1.0,0.0,0.0,0.0,0.0,0.0,1.0
window_10_0pct::CngyH83PFv5d6RiI4h,window_10_0pct,1784124395.173796,0,-0.3892630394675016,-0.36984938277479434,-0.7379063557416712,-0.4058558668836733,-0.684103318687803,-0.24979859986280267,-0.19465554709743788,-0.6040302242810942,1.0,0.0,0.0,0.0,1.0,0.0,0.0,0.0,0.0,1.0
window_10_0pct::CSSGnf1IKB0eZCbLS5,window_10_0pct,1784125158.344929,0,0.006996197759674742,-0.0030694163598724055,-0.20712635249724595,-0.10721660940940221,-0.174904874279393,-0.24914562260885556,-0.23690931767961204,-0.09514911594893151,1.0,0.0,0.0,1.0,0.0,0.0,0.0,0.0,0.0,1.0
window_10_0pct::CDKfYi1TamIMexbsLi,window_10_0pct,1784125466.614724,0,-0.3896393833515824,-0.27846734336083767,-0.5573540544579261,-0.3004537760104012,-0.5058838631448596,0.6274118248428414,0.4126831514225642,-0.23133881845355705,1.0,0.0,0.0,1.0,0.0,0.0,0.0,0.0,0.0,1.0
window_10_0pct::CHgwmOOmorQbL080k,window_10_0pct,1784125665.555693,0,-0.3888929192313593,-0.279719152119933,-0.5573540544579261,-0.3180207911559465,-0.5058838631448596,-0.17217364744713742,-0.18468884231730356,-0.23644418017722194,1.0,0.0,0.0,1.0,0.0,0.0,0.0,0.0,0.0,1.0
window_10_0pct::CZbcHi3jwEcbK9PPOh,window_10_0pct,1784124321.654049,0,0.11242333133166492,-0.08485425528743179,-0.4806209197083218,-0.26531974571931044,-0.42950409648359805,-0.24939775114718316,-0.23704815070449037,0.21166708656040012,1.0,0.0,0.0,1.0,0.0,0.0,0.0,0.0,0.0,1.0
window_10_0pct::CWCtVF26J8iY7BKbf9,window_10_0pct,1784125825.275132,0,-0.38270864147069156,-0.18750257353324612,1.1531235417489236,0.3143917540836864,0.9453317034191091,-0.23141218133582062,-0.2064454164750606,-0.5330172748392215,1.0,0.0,0.0,1.0,0.0,0.0,0.0,0.0,0.0,1.0
window_10_0pct::CO9KE13wWlGNZigMJc,window_10_0pct,1784125200.126004,0,-0.2297484875087417,0.2883933897161492,0.5342024044856423,0.2265566783559596,0.4361332590106991,-0.2468923882166018,-0.23596685832746467,-0.22296680504441968,1.0,0.0,0.0,1.0,0.0,0.0,0.0,0.0,0.0,1.0
window_10_0pct::CAbqy121w5FJNXmzq5,window_10_0pct,1784126042.171244,0,-0.3184972160501067,-0.1756103903218408,-0.6610245133665831,-0.3180207911559465,-0.582263629806121,-0.2478722946965156,-0.23655818539827636,1.2560655400016927,1.0,0.0,0.0,1.0,0.0,0.0,0.0,0.0,0.0,1.0
window_10_0pct::CQl83nDPxZWzRzko2,window_10_0pct,1784125832.462567,0,-0.2061931650104422,-0.27492055187673436,-0.5815509095187786,-0.3355878063014919,-0.5058838631448596,-0.2494332744416766,-0.23695399019953267,-0.15696717881005376,1.0,0.0,0.0,1.0,0.0,0.0,0.0,0.0,0.0,1.0
window_06_15pct::CJLoue3DTs5fWV5ZC7,window_06_15pct,1783710630.15514,1,-0.38923255106525134,-0.3531585993201904,-0.6852426123739334,-0.38828885173812794,-0.6077235520265416,-0.22526094157883275,-0.18740089262671197,-0.37072068314587064,1.0,0.0,0.0,1.0,0.0,0.0,0.0,0.0,0.0,1.0
window_10_0pct::ClmgLs2ETjgLcJFPcj,window_10_0pct,1784124251.692829,0,1.5527035454490472,1.2896317621992042,3.441054091655592,1.526515799126316,3.0075854032731697,-0.2491952146918256,-0.23688180565798636,-0.31158501552179585,1.0,0.0,0.0,1.0,0.0,0.0,0.0,0.0,0.0,1.0
window_10_0pct::CZRrsE2WWnBzNjt78e,window_10_0pct,1784124713.996752,0,-0.054042597690601456,-0.2738773779108216,-0.5573540544579261,-0.3004537760104012,-0.5058838631448596,-0.24959667200249602,-0.23701997428253413,-0.2126191588001191,1.0,0.0,0.0,1.0,0.0,0.0,0.0,0.0,0.0,1.0
window_10_0pct::C9pntc4UoiauAFDaah,window_10_0pct,1784124287.297147,0,-0.17424925113373094,-0.36984938277479434,-0.7379063557416712,-0.4058558668836733,-0.684103318687803,-0.24979859986280267,-0.23707364990166477,-0.6040302242810942,1.0,0.0,0.0,0.0,1.0,0.0,0.0,0.0,0.0,1.0
window_10_0pct::CAbPifIbnRVL1i681,window_10_0pct,1784124366.898537,0,-0.38935012783779527,-0.36984938277479434,-0.7379063557416712,-0.4058558668836733,-0.684103318687803,-0.24979859986280267,-0.1844527994357449,-0.6040302242810942,1.0,0.0,0.0,0.0,1.0,0.0,0.0,0.0,0.0,1.0
window_10_0pct::CWhZWH29fk9ZFcCFRf,window_10_0pct,1784125278.89126,0,-0.31778514745931313,-0.36984938277479434,-0.7379063557416712,-0.4058558668836733,-0.684103318687803,-0.24979859986280267,-0.23689652425608207,-0.6040302242810942,1.0,0.0,0.0,0.0,1.0,0.0,0.0,0.0,0.0,1.0
window_10_0pct::CqVHcR2cwCdDIF5aye,window_10_0pct,1784124425.194237,0,-0.3889394524755503,-0.36984938277479434,-0.7379063557416712,-0.4058558668836733,-0.684103318687803,-0.24979859986280267,-0.21243782135532602,-0.6040302242810942,1.0,0.0,0.0,0.0,1.0,0.0,0.0,0.0,0.0,1.0
window_10_0pct::CqUF5220FKEE3Goc1g,window_10_0pct,1784124161.392654,0,0.36619992056352124,0.19680271550901,-0.016865567664063146,-0.019381533681675417,-0.02214534095686998,-0.24926916879015684,-0.23699796014183871,-0.0252861866456783,1.0,0.0,0.0,1.0,0.0,0.0,0.0,0.0,0.0,1.0
window_10_0pct::Cs367i3XeuCFoqObT,window_10_0pct,1784125200.119185,0,-0.3897120815376206,-0.3631730693929528,-0.7368866463097827,-0.4585569123203094,-0.7095632409082235,5.1367560249919,5.22471028426755,4.119297628905474,0.0,1.0,1.0,0.0,0.0,0.0,0.0,0.0,0.0,1.0
window_07_17pct::CHeaUyUtz0NJAmwu3,window_07_17pct,1783714378.740694,1,-0.3897129142040686,-0.36984938277479434,-0.7379063557416712,-0.4585569123203094,-0.7095632409082235,-0.24979859986280267,111.73122782240476,-0.6040302242810942,1.0,0.0,0.0,0.0,1.0,0.0,1.0,0.0,0.0,0.0
window_10_0pct::CVSADs3DeCU8B1W6K9,window_10_0pct,1784124769.751821,0,0.16327506127750538,-0.2761723606358297,-0.5955506702607468,-0.3355878063014919,-0.53134378536528,-0.2496789583145076,-0.2370932418468626,-0.11948299911529636,1.0,0.0,0.0,1.0,0.0,0.0,0.0,0.0,0.0,1.0
window_10_0pct::CvTTqA1SDn2QLcNJl,window_10_0pct,1784125192.364868,0,0.09449405846711567,-0.09445145577382907,-0.28772588550942724,-0.17748466999158366,-0.2512846409406545,-0.24939690686726504,-0.23699454902437528,-0.15352878868023773,1.0,0.0,0.0,1.0,0.0,0.0,0.0,0.0,0.0,1.0
window_10_0pct::CQoZz34vCrvlo37zI4,window_10_0pct,1784124806.046961,0,0.5212221623087677,0.5750575955489722,2.111692895617043,0.929237284177774,1.7855091366929856,-0.24906600093286765,-0.23674252106145366,-0.3598307709878868,1.0,0.0,0.0,1.0,0.0,0.0,0.0,0.0,0.0,1.0
window_07_17pct::C4RtGojwIYNgrXDuf,window_07_17pct,1783715381.077755,1,-0.08165966712231491,-0.3258274414132764,-0.7379063557416712,-0.35315482144703725,-0.6077235520265416,-0.24969767271292373,-0.2370537664135729,1525.4736783412168,1.0,0.0,0.0,1.0,0.0,0.0,0.0,1.0,0.0,0.0
window_10_0pct::CIp2dq4WKngBaUyhwi,window_10_0pct,1784124110.056336,0,-0.1625299512624183,0.1682197488430007,1.4849964739356123,0.5076289206846853,1.2253908478437345,-0.24812586577920348,-0.2359838706820523,-0.42576931998036227,1.0,0.0,0.0,1.0,0.0,0.0,0.0,0.0,0.0,1.0
window_10_0pct::CJvN0z4zbgC3vEnnx8,window_10_0pct,1784126034.778308,0,0.18630576121271236,0.19492500237036703,-0.1377436232358374,0.03331951175496066,-0.09852510761813149,-0.24910612651230782,-0.23692170046313377,0.08896980274157887,1.0,0.0,0.0,1.0,0.0,0.0,0.0,0.0,0.0,1.0
window_10_0pct::C0iLk33vl2izH4mFf5,window_10_0pct,1784125186.192831,0,0.039227007928570486,-0.2761723606358297,-0.5573540544579261,-0.3180207911559465,-0.5058838631448596,-0.24964435836490528,-0.23706209222210464,-0.22197898862683804,1.0,0.0,0.0,1.0,0.0,0.0,0.0,0.0,0.0,1.0
window_10_0pct::CbC83t3OadtU7Ek6dh,window_10_0pct,1784124193.118647,0,-0.3568467261592836,0.3626673760891368,1.9949574096123153,0.7184331024312297,1.658209525590883,-0.2340575992985615,-0.2272702552615731,-0.4066339899994087,1.0,0.0,0.0,1.0,0.0,0.0,0.0,0.0,0.0,1.0
window_10_0pct::Cv5pU347sbcv2pBB21,window_10_0pct,1784125238.448897,0,0.5416073528361027,-0.2767982650153773,-0.5573540544579261,-0.3180207911559465,-0.5058838631448596,-0.24972803521312287,-0.23711620644818826,-0.2245316694886705,1.0,0.0,0.0,1.0,0.0,0.0,0.0,0.0,0.0,1.0
window_10_0pct::CmfaGU2PWzINBve4Rl,window_10_0pct,1784125823.006214,0,0.3390604814166418,-0.09820688205111495,-0.2680115031595843,-0.14235063970049294,-0.2512846409406545,-0.24953534896938037,-0.23703775980331962,-0.17831414384258176,1.0,0.0,0.0,1.0,0.0,0.0,0.0,0.0,0.0,1.0
window_10_0pct::C0bDa51gWsVMBsImI3,window_10_0pct,1784124644.422422,0,-0.389019527232301,-0.10050186477612301,-0.5306291697638502,-0.23018571542821972,-0.45496401870401854,0.02453261429443244,-0.140633477732792,0.3528545006392568,1.0,0.0,0.0,1.0,0.0,0.0,0.0,0.0,0.0,1.0
window_10_0pct::C68tY4nhqNfvmeQ6c,window_10_0pct,1784124184.862083,0,0.6687659064280712,0.46114299847130014,0.7458770873884821,0.3319587692292318,0.6143527145536426,-0.2492441279884966,-0.23695462818358343,-0.19158815211390548,1.0,0.0,0.0,1.0,0.0,0.0,0.0,0.0,0.0,1.0
window_10_0pct::CCbeHQ3iFl0dbmkOs5,window_10_0pct,1784125587.494569,0,-0.38504901065099895,-0.10050186477612301,-0.5306291697638502,-0.26531974571931044,-0.45496401870401854,-0.20901137941392703,-0.22486086676204053,0.3528545006392568,1.0,0.0,0.0,1.0,0.0,0.0,0.0,0.0,0.0,1.0
window_10_0pct::CNz9mp2szZ6MDxVO9g,window_10_0pct,1784124896.020754,0,-0.31319720870680845,-0.08944422073744789,-0.28772588550942724,-0.12478362455494757,-0.2512846409406545,-0.2472103878747063,-0.23591269478837312,-0.14533785348749495,1.0,0.0,0.0,1.0,0.0,0.0,0.0,0.0,0.0,1.0
window_10_0pct::C04W6k4SQD7D3nDnf,window_10_0pct,1784124688.313417,0,0.9368445240239741,-0.006824842637158296,0.0642863079570577,0.0157524966094153,0.02877450348397103,-0.24960532535311125,-0.2370614931086007,-0.2707661850661702,1.0,0.0,0.0,1.0,0.0,0.0,0.0,0.0,0.0,1.0
window_10_0pct::CKjo5C49wxsIzXYnF7,window_10_0pct,1784124200.991467,0,-0.18287704196215113,-0.0030694163598724055,-0.14226858383984228,-0.08964959426385685,-0.12398502983855199,-0.24854619621472132,-0.23665386589908813,-0.15055815420771726,1.0,0.0,0.0,1.0,0.0,0.0,0.0,0.0,0.0,1.0
window_10_0pct::C6QaioB0tsXiRBwgh,window_10_0pct,1784124113.609733,0,0.17874666574468595,-0.09507736015337671,-0.31566167515387067,-0.17748466999158366,-0.276744563161075,-0.2494572202688164,-0.23701942805526374,-0.12481662887294541,1.0,0.0,0.0,1.0,0.0,0.0,0.0,0.0,0.0,1.0
window_10_0pct::CkkcSz4EpkHSkIQEhj,window_10_0pct,1784125460.660595,0,0.7791611870629824,-0.09382555139428142,-0.26894623680548196,-0.12478362455494757,-0.2003647964998135,-0.24963182004415532,-0.2370806023054515,-0.17058556897311605,1.0,0.0,0.0,1.0,0.0,0.0,0.0,0.0,0.0,1.0
window_10_0pct::CKlCvx4xxjaX9G9QPf,window_10_0pct,1784124657.390675,0,0.19976960404472371,0.08226221405179032,-0.25894033800507676,-0.12478362455494757,-0.2003647964998135,-0.2492569241609252,-0.23700019502895245,0.09109706736927682,1.0,0.0,0.0,1.0,0.0,0.0,0.0,0.0,0.0,1.0
window_10_0pct::CMSNfX2jjJ8lmRseYe,window_10_0pct,1784124001.162551,0,-0.3120876166135641,-0.36984938277479434,-0.7379063557416712,-0.4058558668836733,-0.684103318687803,-0.24979859986280267,-0.23691603969006722,-0.6040302242810942,1.0,0.0,0.0,0.0,1.0,0.0,0.0,0.0,0.0,1.0
window_07_17pct::CdPzSJ3gkbaGeHOVJk,window_07_17pct,1783714379.368785,1,-0.3895113128467513,-0.3531585993201904,-0.6852426123739334,-0.4058558668836733,-0.6077235520265416,-0.19133898325550666,-0.14231915499465647,-0.37072068314587064,1.0,0.0,0.0,1.0,0.0,0.0,0.0,0.0,0.0,1.0
window_03_5pct::CM4bpe2Xpfk9uzP7D4,window_03_5pct,1783700381.329913,1,-0.38971290352885773,-0.36984938277479434,-0.7379063557416712,-0.4585569123203094,-0.7095632409082235,-0.24979859986280267,89.33754977592461,-0.6040302242810942,1.0,0.0,0.0,0.0,1.0,0.0,1.0,0.0,0.0,0.0
window_10_0pct::Cxts9Vqa7QaGM6gjk,window_10_0pct,1784124722.259767,0,-0.3594055848805078,-0.18833711270597633,-0.3962187202730566,-0.2477527305737651,-0.35312432982233655,-0.24556877507796843,-0.23511159275117566,-0.2128360480661747,1.0,0.0,0.0,1.0,0.0,0.0,0.0,0.0,0.0,1.0
window_10_0pct::CvI6TE2zvdAH9v8Ui9,window_10_0pct,1784124050.948428,0,-0.3141064484424075,-0.36984938277479434,-0.7379063557416712,-0.4058558668836733,-0.684103318687803,-0.24979859986280267,-0.2369094611530444,-0.6040302242810942,1.0,0.0,0.0,0.0,1.0,0.0,0.0,0.0,0.0,1.0
window_10_0pct::CWdq2e4T1GPWc6hta5,window_10_0pct,1784126083.811014,0,-0.3076328084158439,-0.36984938277479434,-0.7379063557416712,-0.4058558668836733,-0.684103318687803,-0.24979859986280267,-0.23692941116268618,-0.6040302242810942,1.0,0.0,0.0,0.0,1.0,0.0,0.0,0.0,0.0,1.0
window_10_0pct::CSPdTl2VSUI7WPnaJ,window_10_0pct,1784125831.402165,0,0.22273201465598266,0.6758282006561436,0.32741382927726786,0.2265566783559596,0.28337372568817604,-0.24859274401428666,-0.23685014391950227,0.1188255232115668,1.0,0.0,0.0,1.0,0.0,0.0,0.0,0.0,0.0,1.0
window_10_0pct::CiVlvw1jowvvRA1ubg,window_10_0pct,1784125994.581232,0,-0.38619591260624087,-0.1916752693968971,1.1531235417489236,0.4022268298114132,0.9453317034191091,-0.21401933301270476,-0.16919134820526294,-0.5346422851239325,1.0,0.0,0.0,1.0,0.0,0.0,0.0,0.0,0.0,1.0
window_10_0pct::CcHaRt1Mb7Ti96jhMc,window_10_0pct,1784125573.208795,0,-0.3892155881551757,-0.36984938277479434,-0.7379063557416712,-0.4058558668836733,-0.684103318687803,-0.24979859986280267,-0.1987109012556153,-0.6040302242810942,1.0,0.0,0.0,0.0,1.0,0.0,0.0,0.0,0.0,1.0
window_10_0pct::CibfBt43y553vefLpl,window_10_0pct,1784125047.583965,0,0.25322247722205227,-0.36984938277479434,-0.7379063557416712,-0.38828885173812794,-0.6331834742469621,-0.24979859986280267,-0.2371252278431234,-0.6040302242810942,1.0,0.0,0.0,0.0,1.0,0.0,0.0,0.0,0.0,1.0
window_10_0pct::CBsXhq4mFoWvbvuHK1,window_10_0pct,1784125468.856186,0,-0.3890637332805218,-0.00536439908488045,-0.35007686848010516,-0.14235063970049294,-0.3022044853814955,0.14670761161368773,-0.09723874422270377,0.0880519808599643,1.0,0.0,0.0,1.0,0.0,0.0,0.0,0.0,0.0,1.0
window_10_0pct::CD5jQb1ImtLZ2pm4kc,window_10_0pct,1784124129.03008,0,-0.28213550493176837,0.3507751928777315,1.4917732928683707,0.4549278752480493,1.2508507700641551,-0.2450676049106497,-0.23480689157806459,-0.36601479122267094,1.0,0.0,0.0,1.0,0.0,0.0,0.0,0.0,0.0,1.0
window_07_17pct::CZiwGVZLhy0oWGcB5,window_07_17pct,1783714379.300889,1,-0.3892144565828233,-0.3531585993201904,-0.6852426123739334,-0.38828885173812794,-0.6077235520265416,-0.22615160544998786,-0.18920712797246794,-0.37072068314587064,1.0,0.0,0.0,1.0,0.0,0.0,0.0,0.0,0.0,1.0
window_10_0pct::CIydem3HGatbrXiXB1,window_10_0pct,1784125974.707594,0,-0.3890503252156666,-0.1916752693968971,1.1531235417489236,0.29682473893814104,0.9453317034191091,-0.05989330476732626,0.08031465987300662,-0.5346422851239325,1.0,0.0,0.0,1.0,0.0,0.0,0.0,0.0,0.0,1.0
window_04_7pct::C28ZXeTmwxIzhNuTh,window_04_7pct,1783703131.395988,1,-0.3896460980592209,-0.3531585993201904,-0.6852426123739334,-0.38828885173812794,-0.6077235520265416,-0.07348633767292334,0.12039272406893141,-0.37072068314587064,1.0,0.0,0.0,1.0,0.0,0.0,0.0,0.0,0.0,1.0
window_10_0pct::Cv3bNK36xGBPoqj1R9,window_10_0pct,1784124676.679515,0,-0.033529069778163605,-0.09382555139428142,-0.325922501312248,-0.17748466999158366,-0.276744563161075,-0.24925128533006197,-0.23693421477720392,-0.11064442400374425,1.0,0.0,0.0,1.0,0.0,0.0,0.0,0.0,0.0,1.0
window_10_0pct::CzvrLI2cbVL16nP8sf,window_10_0pct,1784125891.658961,0,1.0425623969640625,-0.0074507470167059445,-0.15325170417914058,-0.054515563972766135,-0.07306518539771098,-0.24961989980018884,-0.23708229448412935,-0.14755835226930786,1.0,0.0,0.0,1.0,0.0,0.0,0.0,0.0,0.0,1.0
window_10_0pct::CbyoYj4yhybh6Gv2N,window_10_0pct,1784125625.47102,0,-0.3096170739118838,-0.10676090857159949,-0.5306291697638502,-0.26531974571931044,-0.45496401870401854,-0.24747876912740732,-0.23644609681800274,0.3306186046302633,1.0,0.0,0.0,1.0,0.0,0.0,0.0,0.0,0.0,1.0
window_10_0pct::CfYESN3D8Q3BLkAQnl,window_10_0pct,1784125394.184781,0,-0.38591569899606226,-0.27846734336083767,-0.5955506702607468,-0.3180207911559465,-0.53134378536528,-0.23280225947385644,-0.2258304690545439,-0.1313538665469751,1.0,0.0,0.0,1.0,0.0,0.0,0.0,0.0,0.0,1.0
window_10_0pct::CoHxoWrlCGXAF8C34,window_10_0pct,1784124923.485546,0,-0.31112334616591997,0.0691182220812897,-0.45149546906000854,-0.195051685137129,-0.37858425204275703,-0.24585373615886186,-0.23618902032528682,0.5246044646608197,1.0,0.0,0.0,1.0,0.0,0.0,0.0,0.0,0.0,1.0
window_06_15pct::CtTHCF1AxAh3OtxSZg,window_06_15pct,1783710630.182621,1,-0.38923926577288975,-0.3531585993201904,-0.6852426123739334,-0.38828885173812794,-0.6077235520265416,-0.22491311323590762,-0.18669550884771988,-0.37072068314587064,1.0,0.0,0.0,1.0,0.0,0.0,0.0,0.0,0.0,1.0
window_10_0pct::CY6tTH3CLdHxZpC4o9,window_10_0pct,1784124113.608609,0,0.17875854725438642,-0.0034866859462375044,-0.1271853818264926,-0.08964959426385685,-0.12398502983855199,-0.2493434365842969,-0.2369773784107023,-0.16226048685589567,1.0,0.0,0.0,1.0,0.0,0.0,0.0,0.0,0.0,1.0
window_10_0pct::CrGg29dVsRIa5CXFc,window_10_0pct,1784124769.706365,0,-0.3119915290405054,-0.18583349518778575,-0.4610764889304602,-0.26531974571931044,-0.4040441742631775,-0.24812643451441982,-0.23642421284667484,-0.11453133894351876,1.0,0.0,0.0,1.0,0.0,0.0,0.0,0.0,0.0,1.0
window_10_0pct::CmR0Nh3rRDiW98H7y3,window_10_0pct,1784124267.805428,0,-0.38715190976545916,-0.1756103903218408,-0.6610245133665831,-0.3355878063014919,-0.582263629806121,-0.19623330330255387,-0.22222744176902023,1.2560655400016927,1.0,0.0,0.0,1.0,0.0,0.0,0.0,0.0,0.0,1.0
window_10_0pct::C3q1lH1o7KSksgzL53,window_10_0pct,1784125394.423613,0,0.07919292644234976,-0.08506289008061435,-0.34075077596762554,-0.195051685137129,-0.3022044853814955,-0.24936965805823272,-0.23699926784300912,-0.07597645699734439,1.0,0.0,0.0,1.0,0.0,0.0,0.0,0.0,0.0,1.0
window_10_0pct::CPCKSw40MXq6iaAk04,window_10_0pct,1784125284.971638,0,-0.3066455649144033,-0.09507736015337671,-0.2470649719128761,-0.12478362455494757,-0.2003647964998135,-0.24746241823331463,-0.2360112616108704,-0.19178541185454812,1.0,0.0,0.0,1.0,0.0,0.0,0.0,0.0,0.0,1.0
window_08_22pct::COXl6O2YWKiCAcmOYi,window_08_22pct,1783718131.262416,1,-0.0916876399591256,-0.32624471099964153,-0.7379063557416712,-0.3355878063014919,-0.582263629806121,-0.24969526555548305,-0.23703406802130378,1511.0084867908329,1.0,0.0,0.0,1.0,0.0,0.0,0.0,1.0,0.0,0.0
window_10_0pct::CyRv974UzGXuZ1hAf5,window_10_0pct,1784125416.092896,0,-0.38969395502956,-0.271373760392631,-0.7164074818860234,-0.3707218365925826,-0.6331834742469621,3.4103350061831326,1.2725237504409672,2.7659452997964893,1.0,0.0,0.0,1.0,0.0,0.0,0.0,0.0,0.0,1.0
window_10_0pct::CaJMz31zsd6keNJyih,window_10_0pct,1784124133.207003,0,0.29300305272467225,0.18115510602031878,-0.03925668727261324,0.03331951175496066,-0.02214534095686998,-0.24922859347966464,-0.23695931940691795,-0.023232199400229085,1.0,0.0,0.0,1.0,0.0,0.0,0.0,0.0,0.0,1.0
window_10_0pct::Caz1eA22DnEfLgArP1,window_10_0pct,1784124440.695473,0,0.048279437295056245,-0.17999172097867436,-0.4391952240378543,-0.23018571542821972,-0.37858425204275703,-0.24949245552720858,-0.23700958536518746,-0.135984273817102,1.0,0.0,0.0,1.0,0.0,0.0,0.0,0.0,0.0,1.0
window_10_0pct::C0Dt8F1vd7s5yDeFIf,window_10_0pct,1784124996.325313,0,-0.38814928404201726,0.2441628135614487,1.5221521363600468,0.6305980267035028,1.2763106922845755,0.027530708108262397,-0.04453125057451933,-0.4039538111254468,1.0,0.0,0.0,1.0,0.0,0.0,0.0,0.0,0.0,1.0
window_10_0pct::Cw0Dew4JIapgYw3Ne2,window_10_0pct,1784125207.230867,0,-0.19718177115454832,-0.016422043123555573,-0.2055967883494133,-0.08964959426385685,-0.174904874279393,-0.24850212612016845,-0.23661608196523412,-0.11508389004950623,1.0,0.0,0.0,1.0,0.0,0.0,0.0,0.0,0.0,1.0
window_10_0pct::CyuELv2ocf8dC7CKYd,window_10_0pct,1784125781.075335,0,-0.25750685403155665,-0.36984938277479434,-0.7379063557416712,-0.4058558668836733,-0.684103318687803,-0.24979859986280267,-0.23701775268876724,-0.6040302242810942,1.0,0.0,0.0,0.0,1.0,0.0,0.0,0.0,0.0,1.0
window_10_0pct::CEis5B28ilBbdM0NEj,window_10_0pct,1784125290.672349,0,-0.38853086945463616,-0.002026242393959658,-0.35007686848010516,-0.1599176548460383,-0.3022044853814955,-0.03003583483757704,-0.16435848613709397,0.09439045554929278,1.0,0.0,0.0,1.0,0.0,0.0,0.0,0.0,0.0,1.0
window_10_0pct::C7oGLixcKfTXJoff6,window_10_0pct,1784125482.826989,0,-0.23048001700895493,-0.1895889214650716,-0.4767545214457448,-0.26531974571931044,-0.42950409648359805,-0.24899907452049372,-0.23680209675593197,-0.0957365241211927,1.0,0.0,0.0,1.0,0.0,0.0,0.0,0.0,0.0,1.0
window_10_0pct::CwFocRgUga4rTX9Pd,window_10_0pct,1784125867.926877,0,0.1795139678765311,-0.09507736015337671,0.1060094188784926,-0.019381533681675417,0.10515427014523254,-0.24945768043905575,-0.23694402650599447,-0.36425454497968524,1.0,0.0,0.0,1.0,0.0,0.0,0.0,0.0,0.0,1.0
window_10_0pct::CR52nb1olJpY6Fudoj,window_10_0pct,1784124225.378141,0,-0.3867709008142274,-0.36984938277479434,-0.7379063557416712,-0.4058558668836733,-0.684103318687803,-0.24979859986280267,-0.23066199727834663,-0.6040302242810942,1.0,0.0,0.0,0.0,1.0,0.0,0.0,0.0,0.0,1.0
window_10_0pct::Car3NF3gPw9cFNLf72,window_10_0pct,1784124493.595314,0,-0.06776246410495554,-0.1895889214650716,1.301831167232653,0.3319587692292318,1.0726313145212116,-0.2494031640003818,-0.23647928429354012,-0.538947709390182,1.0,0.0,0.0,1.0,0.0,0.0,0.0,0.0,0.0,1.0
window_10_0pct::CGowPf9ruruxU1cMa,window_10_0pct,1784125121.243722,0,-0.18450304738132747,-0.27784143898129005,-0.5815509095187786,-0.3355878063014919,-0.5058838631448596,-0.24948194098701199,-0.23697601959328785,-0.1707229648245473,1.0,0.0,0.0,1.0,0.0,0.0,0.0,0.0,0.0,1.0
window_10_0pct::CMLIgn2RBqQfuVKTod,window_10_0pct,1784125459.25363,0,0.8494787904014957,-0.008702555775801242,-0.09559563338444897,-0.0720825791183115,-0.07306518539771098,-0.24959276925313617,-0.23707366963065546,-0.18996674740395328,1.0,0.0,0.0,1.0,0.0,0.0,0.0,0.0,0.0,1.0
window_10_0pct::C5D5uR1YKA9mi0AZE9,window_10_0pct,1784124897.510706,0,-0.3889962552726,-0.1916752693968971,1.1531235417489236,0.3495257843747771,0.9453317034191091,-0.07422028273265964,0.07637643391567785,-0.5346422851239325,1.0,0.0,0.0,1.0,0.0,0.0,0.0,0.0,0.0,1.0
window_10_0pct::C1GdBl3qo9uTmqhQQ5,window_10_0pct,1784123915.492594,0,1.184983246163645,0.6295112765696176,2.1783988876197444,0.8941032538866832,1.9128087477950881,-0.24935038099099338,-0.2369255838154478,-0.35166543339566936,1.0,0.0,0.0,1.0,0.0,0.0,0.0,0.0,0.0,1.0
window_10_0pct::C92fjb4ftdI1YXsvI2,window_10_0pct,1784124247.315921,0,0.00012889865699606938,-0.17748810346048377,0.14325005708891797,-0.10721660940940221,0.10515427014523254,-0.24945010702210582,-0.23690485930601335,-0.44326325051781734,1.0,0.0,0.0,1.0,0.0,0.0,0.0,0.0,0.0,1.0
window_10_0pct::CeeHRuAwbvAcz3RWf,window_10_0pct,1784124578.684119,0,0.15992208429472557,-0.36984938277479434,-0.7379063557416712,-0.38828885173812794,-0.6586433964673826,-0.24979859986280267,-0.23711891618319722,-0.6040302242810942,1.0,0.0,0.0,0.0,1.0,0.0,0.0,0.0,0.0,1.0
window_10_0pct::CQQbwW3pMsMxPDjlOg,window_10_0pct,1784124593.490749,0,-0.3894034184904682,-0.10050186477612301,-0.5306291697638502,-0.26531974571931044,-0.45496401870401854,0.36475970742135794,-0.05180985339652934,0.3528545006392568,1.0,0.0,0.0,1.0,0.0,0.0,0.0,0.0,0.0,1.0
window_08_22pct::CI5zDJ4Z9sqywxSxi,window_08_22pct,1783719129.220925,1,-0.3892388601148767,-0.3531585993201904,-0.6852426123739334,-0.38828885173812794,-0.6077235520265416,-0.22493440635004203,-0.1867386905424268,-0.37072068314587064,1.0,0.0,0.0,1.0,0.0,0.0,0.0,0.0,0.0,1.0
window_10_0pct::CrQPZYdewPLPneN4i,window_10_0pct,1784125363.337803,0,0.40841894908394033,0.5535682118511696,0.2920214144121403,0.29682473893814104,0.28337372568817604,-0.24898147553224892,-0.2368988315503715,0.05624511297808426,1.0,0.0,0.0,1.0,0.0,0.0,0.0,0.0,0.0,1.0
window_10_0pct::Cv4jpc4Evs9J92Oit9,window_10_0pct,1784124998.19739,0,-0.3048744406786333,-0.015587503950825374,0.031528142457641906,-0.036948548827220776,0.003314581263550526,-0.24684945553768484,-0.23575351433164488,-0.2649648563551997,1.0,0.0,0.0,1.0,0.0,0.0,0.0,0.0,0.0,1.0
window_10_0pct::CZuvjx2DeAxC71tgZ7,window_10_0pct,1784124437.03422,0,-0.38844267086241185,-0.36984938277479434,-0.7379063557416712,-0.4058558668836733,-0.684103318687803,-0.24979859986280267,-0.2221070774268721,-0.6040302242810942,1.0,0.0,0.0,0.0,1.0,0.0,0.0,0.0,0.0,1.0
window_10_0pct::CTZnUc324tpk6TQruh,window_10_0pct,1784125578.325395,0,0.190852920659686,0.6741591223106832,1.1111667474160143,0.5954639964124121,0.9707916256395296,-0.2485285604479634,-0.23666005558894243,-0.18822722042015025,1.0,0.0,0.0,1.0,0.0,0.0,0.0,0.0,0.0,1.0
window_10_0pct::CG1i3c21LHaqBAHdW9,window_10_0pct,1784125825.411031,0,-0.3838827758888678,-0.18332987766959513,0.3099300613096808,-0.019381533681675417,0.23245388124733507,-0.22720388397167174,-0.21584064279218387,-0.4729417169719896,1.0,0.0,0.0,1.0,0.0,0.0,0.0,0.0,0.0,1.0
window_10_0pct::C4WKR60bJJD51YT12,window_10_0pct,1784125378.011947,0,-0.3863546316414854,-0.10050186477612301,-0.5306291697638502,-0.26531974571931044,-0.45496401870401854,-0.19315447247832085,-0.22007837793154808,0.3528545006392568,1.0,0.0,0.0,1.0,0.0,0.0,0.0,0.0,0.0,1.0
window_10_0pct::CwO3mYQcXXfZSayle,window_10_0pct,1784125798.320777,0,-0.18237736736686644,0.1112624503041647,-0.26348654255557935,-0.10721660940940221,-0.225824718720234,-0.24815975874365623,-0.23667815141265525,0.142773423128237,1.0,0.0,0.0,1.0,0.0,0.0,0.0,0.0,0.0,1.0
window_10_0pct::C4Pd1G4eBd2UPsUKYi,window_10_0pct,1784125171.336475,0,-0.042995035463408104,-0.27784143898129005,-0.5306929016033433,-0.3004537760104012,-0.480423940924439,-0.24961118082492692,-0.2370245127482708,-0.27706202983110534,1.0,0.0,0.0,1.0,0.0,0.0,0.0,0.0,0.0,1.0
window_10_0pct::Cfy1xX3uzMywaUCzc4,window_10_0pct,1784124070.242135,0,-0.389217648470874,-0.36984938277479434,-0.7379063557416712,-0.4058558668836733,-0.684103318687803,-0.24979859986280267,-0.198550955973774,-0.6040302242810942,1.0,0.0,0.0,0.0,1.0,0.0,0.0,0.0,0.0,1.0
window_10_0pct::CvjDZJ2sD2QQauSLli,window_10_0pct,1784124524.376943,0,0.7466033845098673,-0.188963017085524,-0.47615969094380994,-0.195051685137129,-0.35312432982233655,-0.24968617270021734,-0.23709508867653928,-0.09513065139589662,1.0,0.0,0.0,1.0,0.0,0.0,0.0,0.0,0.0,1.0
window_10_0pct::C9Ct79FO6mINF7xp6,window_10_0pct,1784124421.073034,0,-0.38922452330667556,-0.36984938277479434,-0.7379063557416712,-0.4058558668836733,-0.684103318687803,-0.24979859986280267,-0.1980074892519519,-0.6040302242810942,1.0,0.0,0.0,0.0,1.0,0.0,0.0,0.0,0.0,1.0
window_10_0pct::ClCIcf4xoE1thuWAw6,window_10_0pct,1784124869.08747,0,0.3116118668124882,-0.36984938277479434,-0.7379063557416712,-0.38828885173812794,-0.6331834742469621,-0.24979859986280267,-0.23712832347460633,-0.6040302242810942,1.0,0.0,0.0,0.0,1.0,0.0,0.0,0.0,0.0,1.0
window_10_0pct::CSbnbHMwoaIAX7lyd,window_10_0pct,1784124737.629148,0,-0.10433719905624422,-0.36984938277479434,-0.7379063557416712,-0.4058558668836733,-0.684103318687803,-0.24979859986280267,-0.2370953945669337,-0.6040302242810942,1.0,0.0,0.0,0.0,1.0,0.0,0.0,0.0,0.0,1.0
window_05_12pct::CbNZsv1ZPKw4Mp9T15,window_05_12pct,1783707880.694829,1,-0.38971289285364685,-0.36984938277479434,-0.7379063557416712,-0.4585569123203094,-0.7095632409082235,-0.24979859986280267,74.4084310782712,-0.6040302242810942,1.0,0.0,0.0,0.0,1.0,0.0,1.0,0.0,0.0,0.0
window_10_0pct::CWS0Od2TOQ95SrJCGj,window_10_0pct,1784124983.654702,0,0.010544787306472687,0.6249213111196015,0.2700551737335437,0.24412369350150498,0.25791380346775555,-0.2480433137845159,-0.23667265824013797,0.12276577673296608,1.0,0.0,0.0,1.0,0.0,0.0,0.0,0.0,0.0,1.0
window_10_0pct::CNJZ1F22zDHuq28pFa,window_10_0pct,1784125153.555948,0,0.09924721745828599,-0.09820688205111495,-0.33380400546288563,-0.17748466999158366,-0.276744563161075,-0.24940623609004664,-0.23699618079303025,-0.10900632167372967,1.0,0.0,0.0,1.0,0.0,0.0,0.0,0.0,0.0,1.0
window_10_0pct::C0fsNY3lo7sgMHr4Q9,window_10_0pct,1784125042.473066,0,1.332648612960413,0.6397343814355625,0.9421286651340094,0.47249489039359466,0.8689519367578475,-0.24938461667885053,-0.23701251010339353,-0.1614814033292739,1.0,0.0,0.0,1.0,0.0,0.0,0.0,0.0,0.0,1.0
window_10_0pct::CSkLAA3mE2uLlqe90f,window_10_0pct,1784124104.273257,0,-0.3895951986537833,-0.2795105173267504,1.1454757210097604,0.29682473893814104,0.9198717811986885,0.29201257010731313,1.5492972655459878,-0.5687058923615614,1.0,0.0,0.0,1.0,0.0,0.0,0.0,0.0,0.0,1.0
window_05_12pct::CTMg9l4pntcymD1Z7b,window_05_12pct,1783707882.016771,1,-0.0718827965956349,-0.32624471099964153,-0.7379063557416712,-0.35315482144703725,-0.6077235520265416,-0.24970170459125152,-0.23705710843195432,1511.0084867908329,1.0,0.0,0.0,1.0,0.0,0.0,0.0,1.0,0.0,0.0
window_10_0pct::CHuolyvS5EAKvzFoc,window_10_0pct,1784126117.22394,0,-0.2674968231176631,-0.0074507470167059445,-0.15325170417914058,-0.0018145185361300583,-0.12398502983855199,-0.24770437803230225,-0.23610615904860913,-0.14755835226930786,1.0,0.0,0.0,1.0,0.0,0.0,0.0,0.0,0.0,1.0
window_10_0pct::C55W0N1QP7o3HZg8Wc,window_10_0pct,1784125732.978567,0,-0.33549452165511046,-0.36984938277479434,-0.7379063557416712,-0.4058558668836733,-0.684103318687803,-0.24979859986280267,-0.2368096779640783,-0.6040302242810942,1.0,0.0,0.0,0.0,1.0,0.0,0.0,0.0,0.0,1.0
window_10_0pct::CrhiYT1qKQJDskF666,window_10_0pct,1784125765.989213,0,-0.34479822413510086,-0.36984938277479434,-0.7379063557416712,-0.4058558668836733,-0.684103318687803,-0.24979859986280267,-0.23673661254262715,-0.6040302242810942,1.0,0.0,0.0,0.0,1.0,0.0,0.0,0.0,0.0,1.0
window_10_0pct::CNlSHT2mscitPAT8K1,window_10_0pct,1784124756.264728,0,0.9196649391933314,0.45613576343491896,3.6520277243240087,1.2454435567975903,3.0839651699344315,-0.24935307504471574,-0.23680456663938804,-0.46546482626040725,1.0,0.0,0.0,1.0,0.0,0.0,0.0,0.0,0.0,1.0
window_10_0pct::CRXIdLaIwkA4tSpv,window_10_0pct,1784125363.342127,0,0.4083729602755039,0.18428462791805703,1.6774666292045533,0.6657320569945936,1.403610303386678,-0.24930822316103204,-0.23677301030939726,-0.43507585059897347,1.0,0.0,0.0,1.0,0.0,0.0,0.0,0.0,0.0,1.0
window_10_0pct::C6GNBg4quNkw5hafZi,window_10_0pct,1784125899.986255,0,-0.32913022781350854,0.29214881599343506,-0.1817398364325236,-0.019381533681675417,-0.12398502983855199,-0.24208117084179218,-0.23511050899632144,0.27252248167681414,1.0,0.0,0.0,1.0,0.0,0.0,0.0,0.0,0.0,1.0
window_10_0pct::Cekvsk2jvSfmcc3w14,window_10_0pct,1784125721.725569,0,-0.3180558067557613,-0.27784143898129005,-0.5940211061129143,-0.3355878063014919,-0.53134378536528,-0.2488917602924933,-0.23662862993939562,-0.1331747863035858,1.0,0.0,0.0,1.0,0.0,0.0,0.0,0.0,0.0,1.0
window_10_0pct::CFwrjE2aUL6K47uBpc,window_10_0pct,1784125825.278894,0,-0.3827485560841419,-0.36984938277479434,-0.7379063557416712,-0.4058558668836733,-0.684103318687803,-0.24979859986280267,-0.2344163620127594,-0.6040302242810942,1.0,0.0,0.0,0.0,1.0,0.0,0.0,0.0,0.0,1.0
window_10_0pct::Cxsl6d1avsmUcvF0O,window_10_0pct,1784125650.048384,0,-0.3893247742119743,-0.18124352973776964,-0.4767545214457448,-0.26531974571931044,-0.42950409648359805,0.09335113444063546,-0.0893615483740486,-0.07220440837304908,1.0,0.0,0.0,1.0,0.0,0.0,0.0,0.0,0.0,1.0
window_10_0pct::CZqv7h1WNgMdSAUNq8,window_10_0pct,1784124786.142335,0,-0.3893290122706905,-0.1916752693968971,1.1531235417489236,0.29682473893814104,0.9453317034191091,0.07794987028028841,0.3107560874990304,-0.5346422851239325,1.0,0.0,0.0,1.0,0.0,0.0,0.0,0.0,0.0,1.0
window_10_0pct::CronpG4DWGmBqjDaZ7,window_10_0pct,1784125596.746156,0,-0.01972913928226972,0.1905436717135335,-0.12378635038686452,-0.0018145185361300583,-0.09852510761813149,-0.2487288686101932,-0.2368135003924543,0.0679664636764806,1.0,0.0,0.0,1.0,0.0,0.0,0.0,0.0,0.0,1.0
window_10_0pct::ColYoh4sBz4Pt5oHab,window_10_0pct,1784124493.828553,0,0.3421476990247638,0.4696970249917847,0.3049802217757224,0.24412369350150498,0.3597534923494376,-0.24898842087305065,-0.23689456265173958,-0.011184844191215336,1.0,0.0,0.0,1.0,0.0,0.0,0.0,0.0,0.0,1.0
window_10_0pct::CXAiZk21yYCZJVo16a,window_10_0pct,1784123961.433546,0,22.8614907500318,21.652387576816032,12.95757734054035,22.22045964057875,15.763006435703842,-0.24912966988423,-0.2368967360531966,0.5801724543501128,1.0,0.0,0.0,1.0,0.0,0.0,0.0,0.0,0.0,1.0
window_10_0pct::CI0HuT7eUnu3TCPoc,window_10_0pct,1784124550.412743,0,-0.3885728870846282,-0.27784143898129005,-0.5815509095187786,-0.3180207911559465,-0.5058838631448596,-0.19280074052584373,-0.1994188423682092,-0.1707229648245473,1.0,0.0,0.0,1.0,0.0,0.0,0.0,0.0,0.0,1.0
window_10_0pct::Cuc1or3BWOgCNJdE68,window_10_0pct,1784124875.443979,0,-0.3897119854607228,-0.3631730693929528,-0.7368866463097827,-0.4585569123203094,-0.7095632409082235,4.604019853302974,4.68452507274699,4.119297628905474,0.0,1.0,1.0,0.0,0.0,0.0,0.0,0.0,0.0,1.0
window_10_0pct::CmPjPYjFg5y8GwmDd,window_10_0pct,1784124750.97216,0,0.5377719417235963,0.6280508330173398,1.4404904060229817,0.6481650418490482,1.2253908478437345,-0.2490387199945482,-0.23683249275228946,-0.26667413373622023,1.0,0.0,0.0,1.0,0.0,0.0,0.0,0.0,0.0,1.0
window_10_0pct::C2Yedg30o0DEEMCrne,window_10_0pct,1784124102.650275,0,-0.04309311930089987,-0.18771120832642868,1.3260280222935055,0.4022268298114132,1.0726313145212116,-0.24942748167889076,-0.23647272865221441,-0.5390407115257799,1.0,0.0,0.0,1.0,0.0,0.0,0.0,0.0,0.0,1.0
window_10_0pct::CyUbg72PKqMjz1f1n6,window_10_0pct,1784126054.144553,0,1.269904367171651,0.18115510602031878,0.3709851635440005,0.3495257843747771,0.3597534923494376,-0.24956411660108094,-0.23702700902245175,-0.23809820561633258,1.0,0.0,0.0,1.0,0.0,0.0,0.0,0.0,0.0,1.0
window_10_0pct::CaCSvU3HrMtVoFmwQa,window_10_0pct,1784124625.787017,0,0.7532900376941702,-0.08944422073744789,-0.31886951107501965,-0.1599176548460383,-0.276744563161075,-0.2496253378698768,-0.237087116575729,-0.11124868104587389,1.0,0.0,0.0,1.0,0.0,0.0,0.0,0.0,0.0,1.0
window_05_12pct::Cknt3a1tqzAIXybBRh,window_05_12pct,1783706881.158494,1,-0.3892718998925254,-0.3531585993201904,-0.6852426123739334,-0.38828885173812794,-0.6077235520265416,-0.22307181851670882,-0.18296142721324476,-0.37072068314587064,1.0,0.0,0.0,1.0,0.0,0.0,0.0,0.0,0.0,1.0
window_10_0pct::Cw5Blb3qSh3rEVVq91,window_10_0pct,1784125569.450606,0,-0.38924221213109045,-0.18374714725596025,-0.4767545214457448,-0.26531974571931044,-0.42950409648359805,0.02941126098400415,-0.11528376221588288,-0.07926404309749215,1.0,0.0,0.0,1.0,0.0,0.0,0.0,0.0,0.0,1.0
window_10_0pct::CZYO2r4oIdgcs0lqJg,window_10_0pct,1784124366.89628,0,-0.3893260659124898,-0.18917165187870652,1.1531235417489236,0.26169070864705035,0.9453317034191091,0.08002420329046409,0.28186770862458066,-0.5336672789531058,1.0,0.0,0.0,1.0,0.0,0.0,0.0,0.0,0.0,1.0
window_10_0pct::Crjy8z1CnuR2qycAgd,window_10_0pct,1784125780.198878,0,-0.21015030555252165,-0.2772155346017424,-0.5955506702607468,-0.3355878063014919,-0.53134378536528,-0.2494342502052011,-0.2369493971150591,-0.12487884794787756,1.0,0.0,0.0,1.0,0.0,0.0,0.0,0.0,0.0,1.0
window_10_0pct::CwQz5r2Oc899GUTqrd,window_10_0pct,1784125689.1793,0,0.709846082102246,0.355156523534565,0.17025111308746366,0.13872160262823283,0.20699395902691456,-0.24933291978279104,-0.2370102216560202,-0.016117468285960584,1.0,0.0,0.0,1.0,0.0,0.0,0.0,0.0,0.0,1.0
window_10_0pct::Carrpo1PbezKsPPePl,window_10_0pct,1784124551.236512,0,-0.3131038112868895,-0.18645939956733337,-0.4009986082350336,-0.21261870028267438,-0.35312432982233655,-0.2481079266909587,-0.2362262662753902,-0.2031820725538743,1.0,0.0,0.0,1.0,0.0,0.0,0.0,0.0,0.0,1.0
window_10_0pct::CvFAHh3gXz1te151Dh,window_10_0pct,1784125035.756112,0,-0.38929555615981776,-0.19584796526054812,1.1531235417489236,0.27925772379259567,0.9453317034191091,0.04461931708457862,0.25538396135891006,-0.5362672954086435,1.0,0.0,0.0,1.0,0.0,0.0,0.0,0.0,0.0,1.0
window_10_0pct::CG8t8d2kQuc3Wlc8Ed,window_10_0pct,1784124357.058598,0,-0.389643920316203,-0.27846734336083767,-0.5573540544579261,-0.3180207911559465,-0.5058838631448596,0.68506056931476,0.3861346440270551,-0.23133881845355705,1.0,0.0,0.0,1.0,0.0,0.0,0.0,0.0,0.0,1.0
window_10_0pct::CBm15v4BB9bY3Mkgob,window_10_0pct,1784124618.027766,0,0.1111692182336357,0.18866595857489055,0.40690867707157,0.17385563291932354,0.3852134145698581,-0.24901107513465812,-0.23680922842358965,-0.24474911665094387,1.0,0.0,0.0,1.0,0.0,0.0,0.0,0.0,0.0,1.0
window_10_0pct::C409M72nSteLL6pak9,window_10_0pct,1784125603.448343,0,-0.3890759457217594,-0.275546456256282,-0.5573540544579261,-0.3004537760104012,-0.5058838631448596,-0.14524408695494037,-0.16210651092604692,-0.2194263077650056,1.0,0.0,0.0,1.0,0.0,0.0,0.0,0.0,0.0,1.0
window_10_0pct::ChU0RB4zURfVX1iOWb,window_10_0pct,1784124131.023014,0,-0.3048317184847236,-0.36984938277479434,-0.7379063557416712,-0.4058558668836733,-0.684103318687803,-0.24979859986280267,-0.2369371001490607,-0.6040302242810942,1.0,0.0,0.0,0.0,1.0,0.0,0.0,0.0,0.0,1.0
window_10_0pct::Czyu312JaVVRi5Fnm9,window_10_0pct,1784125173.70489,0,0.04878854877675179,-0.36984938277479434,-0.7379063557416712,-0.4058558668836733,-0.684103318687803,-0.24979859986280267,-0.23711879651092527,-0.6040302242810942,1.0,0.0,0.0,0.0,1.0,0.0,0.0,0.0,0.0,1.0
window_10_0pct::CIw4qj2h6uWh2SqaK6,window_10_0pct,1784124187.681343,0,2.471224394781879,0.5846547960353694,2.1326606708102487,0.8765362387411378,1.9128087477950881,-0.24956296792457827,-0.2370337290437545,-0.3591523284697855,1.0,0.0,0.0,1.0,0.0,0.0,0.0,0.0,0.0,1.0
window_10_0pct::CWhXKf4Ukn606uwUK,window_10_0pct,1784124094.99034,0,0.1526972403543117,0.26293994494787815,-0.10012059398845388,0.03331951175496066,-0.07306518539771098,-0.24897465913705558,-0.23690678575210225,0.1266250395552023,1.0,0.0,0.0,1.0,0.0,0.0,0.0,0.0,0.0,1.0
window_10_0pct::CjTAdEdGuPoXsjbe7,window_10_0pct,1784124816.590819,0,1.513846002054473,0.44716446732806936,0.8558145105139534,0.4373608601025039,0.8180320923170066,-0.2494954706753418,-0.23703180226053308,-0.22649799922875416,1.0,0.0,0.0,1.0,0.0,0.0,0.0,0.0,0.0,1.0
window_10_0pct::CeHGm32s4dj1tikQyf,window_10_0pct,1784124441.368797,0,-0.2679004635159435,-0.0041125903257851525,-0.2219546271526235,-0.1599176548460383,-0.2003647964998135,-0.2476780841825428,-0.23645590935437685,-0.08201357433414694,1.0,0.0,0.0,1.0,0.0,0.0,0.0,0.0,0.0,1.0
window_10_0pct::CE0cqY2gb9bU141DA3,window_10_0pct,1784124296.982466,0,-0.2747333564139818,-0.09445145577382907,-0.3198042447209174,-0.17748466999158366,-0.2512846409406545,-0.24810697312523655,-0.23645550668721857,-0.11896638812352135,1.0,0.0,0.0,1.0,0.0,0.0,0.0,0.0,0.0,1.0
window_10_0pct::Cra0W2161psirmndj6,window_10_0pct,1784125654.652394,0,-0.13883826362044013,-0.015796138744007922,-0.2219546271526235,-0.0720825791183115,-0.2003647964998135,-0.24880187247281652,-0.23672407830600248,-0.09868951979736937,1.0,0.0,0.0,1.0,0.0,0.0,0.0,0.0,0.0,1.0
window_10_0pct::Cefb3c4DdJun0W30M1,window_10_0pct,1784125544.252238,0,0.3086604805875014,-0.08694060321925728,1.4823834685163981,0.3670927995203225,1.2253908478437345,-0.24951249622370725,-0.2368337964868317,-0.5101929772719542,1.0,0.0,0.0,1.0,0.0,0.0,0.0,0.0,0.0,1.0
window_10_0pct::C8Zsfj2Vc5wHz8QvY6,window_10_0pct,1784124875.448914,0,0.5140104702281482,-0.18666803436051593,-0.48463602559638247,-0.23018571542821972,-0.37858425204275703,-0.24965544359076094,-0.23708834305916826,-0.07142776763272414,1.0,0.0,0.0,1.0,0.0,0.0,0.0,0.0,0.0,1.0
window_10_0pct::CEJ63v3R34vOGX0Hhi,window_10_0pct,1784124503.446102,0,0.7075127158602706,0.4423658670848707,0.5529395652965922,0.3670927995203225,0.5125130256719606,-0.24927579472354874,-0.23695325070293727,-0.1406556052168096,1.0,0.0,0.0,1.0,0.0,0.0,0.0,0.0,0.0,1.0
window_10_0pct::ChvpjU22S9Js6GWkV1,window_10_0pct,1784125395.536732,0,-0.13798059582856365,-0.27784143898129005,-0.5573540544579261,-0.3355878063014919,-0.5058838631448596,-0.24954046245459263,-0.23701046625099265,-0.2287861375917246,1.0,0.0,0.0,1.0,0.0,0.0,0.0,0.0,0.0,1.0
window_10_0pct::CqevPY2LEnKIXinyLd,window_10_0pct,1784125022.04581,0,-0.38888847834363655,-0.19584796526054812,1.1531235417489236,0.3670927995203225,0.9453317034191091,-0.10074650357439474,0.04118921333378092,-0.5362672954086435,1.0,0.0,0.0,1.0,0.0,0.0,0.0,0.0,0.0,1.0
window_10_0pct::Cd62mHdewuF7LEqr9,window_10_0pct,1784125714.567416,0,-0.3453774717522253,-0.08485425528743179,-0.47962245422293104,-0.2477527305737651,-0.42950409648359805,-0.24525865436514108,-0.23576048824008913,0.20851404982962043,1.0,0.0,0.0,1.0,0.0,0.0,0.0,0.0,0.0,1.0
window_10_0pct::CzwufG1DqYT9hqpJ4i,window_10_0pct,1784124887.291267,0,0.3041162354730958,0.0008946447105960344,-0.18203725168349105,-0.10721660940940221,-0.14944495205897249,-0.24942121344629173,-0.2370176999722358,-0.11286491329718076,1.0,0.0,0.0,1.0,0.0,0.0,0.0,0.0,0.0,1.0
window_10_0pct::Ci9J9m30fFEBGq1Fl6,window_10_0pct,1784124936.365391,0,-0.2145034643923189,-0.36984938277479434,-0.7379063557416712,-0.4058558668836733,-0.684103318687803,-0.24979859986280267,-0.23705325735494373,-0.6040302242810942,1.0,0.0,0.0,0.0,1.0,0.0,0.0,0.0,0.0,1.0
window_10_0pct::Cs29Is3uLiGzwRIRCl,window_10_0pct,1784124151.399652,0,0.030191050412460164,-0.18833711270597633,-0.38833721612241895,-0.23018571542821972,-0.35312432982233655,-0.24949330419732188,-0.23700300207234604,-0.22165550840743228,1.0,0.0,0.0,1.0,0.0,0.0,0.0,0.0,0.0,1.0
window_10_0pct::CogY3x2DcFy7nimdZb,window_10_0pct,1784125404.807389,0,-0.38869709316312373,-0.1916752693968971,1.1531235417489236,0.3319587692292318,0.9453317034191091,-0.12592640981471143,-0.020664224785970322,-0.5346422851239325,1.0,0.0,0.0,1.0,0.0,0.0,0.0,0.0,0.0,1.0
window_10_0pct::CosxVy1Lk3w35klpbl,window_10_0pct,1784125468.883932,0,-0.3893604827923411,-0.36984938277479434,-0.7379063557416712,-0.4058558668836733,-0.684103318687803,-0.24979859986280267,-0.18290430097298682,-0.6040302242810942,1.0,0.0,0.0,0.0,1.0,0.0,0.0,0.0,0.0,1.0
window_10_0pct::CCfrRdk1Q7DA6pcvk,window_10_0pct,1784124634.962146,0,0.18599900902830602,0.18616234105669996,1.7289194676219237,0.7535671327223203,1.4290702256070986,-0.24911650722465117,-0.23658107740375314,-0.43803928610604687,1.0,0.0,0.0,1.0,0.0,0.0,0.0,0.0,0.0,1.0
window_10_0pct::CfDirz123iYSGtDDpc,window_10_0pct,1784125305.598572,0,-0.20715432897172256,-0.10446592584659145,-0.2610647326548443,-0.14235063970049294,-0.225824718720234,-0.24877191737735482,-0.23666480683980462,-0.19418205632795407,1.0,0.0,0.0,1.0,0.0,0.0,0.0,0.0,0.0,1.0
window_10_0pct::CReLdR3ibZBbnwo66f,window_10_0pct,1784124922.458809,0,-0.0031778226370754283,-0.09758097767156731,-0.31192274057027974,-0.1599176548460383,-0.2512846409406545,-0.2493011229377302,-0.23693976372885636,-0.1333506508194939,1.0,0.0,0.0,1.0,0.0,0.0,0.0,0.0,0.0,1.0
window_10_0pct::CSB4dF3rcgKcRr3zse,window_10_0pct,1784126014.307167,0,-0.389711878708614,-0.3631730693929528,-0.7368866463097827,-0.4585569123203094,-0.7095632409082235,4.123443768831115,4.197229282376408,4.119297628905474,0.0,1.0,1.0,0.0,0.0,0.0,0.0,0.0,0.0,1.0
window_07_17pct::CF2xqA1m9JzhZTooA6,window_07_17pct,1783714380.436291,1,-0.07487238940033258,-0.3258274414132764,-0.7379063557416712,-0.3355878063014919,-0.582263629806121,-0.24969984848271526,-0.2370409226095707,1525.4736783412168,1.0,0.0,0.0,1.0,0.0,0.0,0.0,1.0,0.0,0.0
window_10_0pct::C2B2x83BG87dECV1A3,window_10_0pct,1784126014.333857,0,-0.3889852918310345,-0.36984938277479434,-0.7379063557416712,-0.4058558668836733,-0.684103318687803,-0.24979859986280267,-0.21088029269470446,-0.6040302242810942,1.0,0.0,0.0,0.0,1.0,0.0,0.0,0.0,0.0,1.0
window_10_0pct::CdZ5Lf2LPznAtol4bf,window_10_0pct,1784124100.43535,0,0.4039116081735191,1.299437597478784,0.8772708964766057,0.683299072140139,0.7925721700965861,-0.2483130727818275,-0.2367647968617501,0.15708035952433574,1.0,0.0,0.0,1.0,0.0,0.0,0.0,0.0,0.0,1.0
window_07_17pct::CdAwV71HXDDJTCd764,window_07_17pct,1783715381.173335,1,-0.08267411106105733,-0.3258274414132764,-0.7379063557416712,-0.35315482144703725,-0.6077235520265416,-0.24969733925369914,-0.23705340745956735,1525.4736783412168,1.0,0.0,0.0,1.0,0.0,0.0,0.0,1.0,0.0,0.0
window_10_0pct::CmkgacP4Qgy36kSee,window_10_0pct,1784125207.232907,0,-0.19720327102924445,0.1529894089406746,-0.3360983516846346,-0.12478362455494757,-0.276744563161075,-0.2478804616987627,-0.23666569268163093,0.35419790221274566,1.0,0.0,0.0,1.0,0.0,0.0,0.0,0.0,0.0,1.0
window_10_0pct::CazhSi1M6xLgl018T3,window_10_0pct,1784125115.475895,0,0.2818439452190776,-0.08944422073744789,-0.30408372431263747,-0.195051685137129,-0.276744563161075,-0.24950370455886323,-0.23704849810686818,-0.12804311616935415,1.0,0.0,0.0,1.0,0.0,0.0,0.0,0.0,0.0,1.0
window_10_0pct::CnAAtE30bahysHMpw8,window_10_0pct,1784125416.09756,0,-0.2065453295418979,0.33846574007996105,0.6457968554379323,0.3495257843747771,0.5634328701128016,-0.24706746929058804,-0.23593558949022153,-0.22704914411257335,1.0,0.0,0.0,1.0,0.0,0.0,0.0,0.0,0.0,1.0
window_10_0pct::CzlAap3LTNlX94IBOd,window_10_0pct,1784125777.567865,0,-0.3876318672462633,-0.36984938277479434,-0.7379063557416712,-0.4058558668836733,-0.684103318687803,-0.24979859986280267,-0.22797271518954737,-0.6040302242810942,1.0,0.0,0.0,0.0,1.0,0.0,0.0,0.0,0.0,1.0
window_10_0pct::CtIRc926iJLXcUQM66,window_10_0pct,1784125128.476665,0,-0.260369892211367,-0.18332987766959513,0.008350996828677808,-0.12478362455494757,-0.02214534095686998,-0.24878013564159762,-0.236423113348142,-0.4199674663596735,1.0,0.0,0.0,1.0,0.0,0.0,0.0,0.0,0.0,1.0
window_10_0pct::CBoEZh17GNL9OBq3Uj,window_10_0pct,1784125193.115489,0,-0.3086971055893584,-0.10446592584659145,-0.34100570332559765,-0.12478362455494757,-0.276744563161075,-0.2474851051229108,-0.23598211141746453,-0.1116377052249961,1.0,0.0,0.0,1.0,0.0,0.0,0.0,0.0,0.0,1.0
window_10_0pct::Cr8RUF3DuDvCParvW3,window_10_0pct,1784124063.835245,0,-0.3892156308560192,-0.36984938277479434,-0.7379063557416712,-0.4058558668836733,-0.684103318687803,-0.24979859986280267,-0.19870759977591151,-0.6040302242810942,1.0,0.0,0.0,0.0,1.0,0.0,0.0,0.0,0.0,1.0
window_08_22pct::CEj0RB2w6w56e0ZWM3,window_08_22pct,1783718127.983018,1,-0.389712882178436,-0.36984938277479434,-0.7379063557416712,-0.4585569123203094,-0.7095632409082235,-0.24979859986280267,63.744774865661626,-0.6040302242810942,1.0,0.0,0.0,0.0,1.0,0.0,1.0,0.0,0.0,0.0
window_10_0pct::CB9Gw71xTNWqCJOfHf,window_10_0pct,1784124973.370263,0,-0.38922050942738773,-0.36984938277479434,-0.7379063557416712,-0.4058558668836733,-0.6586433964673826,-0.24979859986280267,-0.19832663623221905,-0.6040302242810942,1.0,0.0,0.0,0.0,1.0,0.0,0.0,0.0,0.0,1.0
window_08_22pct::CUlu3q4qHpu1dkd7n1,window_08_22pct,1783719129.211274,1,-0.3892379527219525,-0.3531585993201904,-0.6852426123739334,-0.38828885173812794,-0.6077235520265416,-0.22498190402283472,-0.18683501417047307,-0.37072068314587064,1.0,0.0,0.0,1.0,0.0,0.0,0.0,0.0,0.0,1.0
window_10_0pct::CM0Gfh1aBxNuEHmkV8,window_10_0pct,1784124922.459798,0,-0.003188476497525692,-0.18833711270597633,-0.45013585648415727,-0.2477527305737651,-0.4040441742631775,-0.24946693943804277,-0.2370016054819766,-0.13954669845124404,1.0,0.0,0.0,1.0,0.0,0.0,0.0,0.0,0.0,1.0
window_10_0pct::COBeBK1d7XzMOOtWy6,window_10_0pct,1784124533.134985,0,-0.3882848271944588,-0.18708530394688103,-0.4767545214457448,-0.2828867608648558,-0.42950409648359805,-0.15941536997685116,-0.2003362089925648,-0.08867688939674961,1.0,0.0,0.0,1.0,0.0,0.0,0.0,0.0,0.0,1.0
window_10_0pct::C85eMX3iVZxfNM32Db,window_10_0pct,1784124875.579075,0,-0.3892776751816072,-0.275546456256282,-0.5573540544579261,-0.3355878063014919,-0.5058838631448596,-0.09678874347437935,-0.149290221462804,-0.2194263077650056,1.0,0.0,0.0,1.0,0.0,0.0,0.0,0.0,0.0,1.0
window_10_0pct::CutY6p2lkUOy0jNO9l,window_10_0pct,1784124525.069119,0,0.1798560870345563,-0.2761723606358297,-0.5955506702607468,-0.3180207911559465,-0.5058838631448596,-0.24968244126291392,-0.23708686111763425,-0.11948299911529636,1.0,0.0,0.0,1.0,0.0,0.0,0.0,0.0,0.0,1.0
window_10_0pct::CNLE95W0qTatK74Tj,window_10_0pct,1784125610.54129,0,-0.38831906259572524,0.0918594145381876,-0.26068234161788617,-0.08964959426385685,-0.225824718720234,-0.015859414130998478,-0.16170103329128419,0.10844404460382653,1.0,0.0,0.0,1.0,0.0,0.0,0.0,0.0,0.0,1.0
window_10_0pct::Cw251C4BVwEOKcpXQf,window_10_0pct,1784125629.530599,0,-0.38866909208500655,-0.27909324774038535,-0.5573540544579261,-0.3180207911559465,-0.5058838631448596,-0.1883946369609708,-0.19594030772592916,-0.23389149931538947,1.0,0.0,0.0,1.0,0.0,0.0,0.0,0.0,0.0,1.0
window_10_0pct::CXErrvWBDBISKVPCc,window_10_0pct,1784124280.719959,0,0.17671214135586075,-0.18833711270597633,-0.447076728188492,-0.23018571542821972,-0.35312432982233655,-0.24957227713496868,-0.23704423722053292,-0.1444320704269579,1.0,0.0,0.0,1.0,0.0,0.0,0.0,0.0,0.0,1.0
window_10_0pct::ChCs6S1FaXvCM0Xs2d,window_10_0pct,1784124026.085003,0,0.9395767268193375,0.17343561867256443,0.09203090208302205,0.08602055719159674,0.15607411458607354,-0.24950994907270088,-0.23704731346539964,-0.12195590774070848,1.0,0.0,0.0,1.0,0.0,0.0,0.0,0.0,0.0,1.0
window_10_0pct::CyVI0v1IF5FP8wdsQk,window_10_0pct,1784125865.66322,0,-0.10671982072118291,-0.36984938277479434,-0.7379063557416712,-0.4058558668836733,-0.684103318687803,-0.24979859986280267,-0.2370948303397758,-0.6040302242810942,1.0,0.0,0.0,0.0,1.0,0.0,0.0,0.0,0.0,1.0
window_10_0pct::CQvjQS1hib23i1aG7a,window_10_0pct,1784125578.632626,0,-0.3893071921396682,-0.36984938277479434,-0.7379063557416712,-0.4058558668836733,-0.684103318687803,-0.24979859986280267,-0.19003022784071538,-0.6040302242810942,1.0,0.0,0.0,0.0,1.0,0.0,0.0,0.0,0.0,1.0
window_10_0pct::Cocl201gQRZUfscbt3,window_10_0pct,1784125737.508159,0,0.8287741121631842,0.3708041330232562,0.8967303514684767,0.3670927995203225,0.7416523256557451,-0.24936930189425882,-0.23697406581748198,-0.27034970389782575,1.0,0.0,0.0,1.0,0.0,0.0,0.0,0.0,0.0,1.0
window_08_22pct::Co6rIwZmG7KlfXCl,window_08_22pct,1783719130.994048,1,-0.08165077467165854,-0.3258274414132764,-0.7379063557416712,-0.3355878063014919,-0.582263629806121,-0.24969767562626316,-0.2370382494859041,1525.4736783412168,1.0,0.0,0.0,1.0,0.0,0.0,0.0,1.0,0.0,0.0
window_06_15pct::CACxu610MX6h3xuuJj,window_06_15pct,1783710629.648763,1,-0.3897129142040686,-0.36984938277479434,-0.7379063557416712,-0.4585569123203094,-0.7095632409082235,-0.24979859986280267,111.73122782240476,-0.6040302242810942,1.0,0.0,0.0,0.0,1.0,0.0,1.0,0.0,0.0,0.0
window_08_22pct::CzGzDf1BXlTbvFwG4f,window_08_22pct,1783719129.275527,1,-0.38956435796957417,-0.3531585993201904,-0.6852426123739334,-0.38828885173812794,-0.6077235520265416,-0.1704707479881465,-0.07628828609876846,-0.37072068314587064,1.0,0.0,0.0,1.0,0.0,0.0,0.0,0.0,0.0,1.0
window_10_0pct::CtoZ9H21JZo4AqLG99,window_10_0pct,1784124205.042048,0,0.3162753540323339,0.08101040529269503,1.5501941457369788,0.5251959358302307,1.2763106922845755,-0.24934756650652892,-0.23677639050510296,-0.4589176552726754,1.0,0.0,0.0,1.0,0.0,0.0,0.0,0.0,0.0,1.0
window_10_0pct::CoQP6e2BnKVH1EtRtf,window_10_0pct,1784125532.154068,0,0.43781110325465733,0.5798561957921708,1.4017202036647238,0.5427629509757761,1.1999309256233142,-0.2489880625192515,-0.23682730627341658,-0.2771494684214299,1.0,0.0,0.0,1.0,0.0,0.0,0.0,0.0,0.0,1.0
window_07_17pct::CqgjyKcPsy49EDN22,window_07_17pct,1783715379.327748,1,-0.3892328499711557,-0.3531585993201904,-0.6852426123739334,-0.38828885173812794,-0.6077235520265416,-0.22524566487602776,-0.18736991200487854,-0.37072068314587064,1.0,0.0,0.0,1.0,0.0,0.0,0.0,0.0,0.0,1.0
window_10_0pct::C674e23MJVN4cI4308,window_10_0pct,1784125826.32837,0,-0.3564768941538347,-0.0030694163598724055,-0.17587650719916512,-0.10721660940940221,-0.174904874279393,-0.24200459440648056,-0.2341414733826442,-0.12344272861690647,1.0,0.0,0.0,1.0,0.0,0.0,0.0,0.0,0.0,1.0
window_10_0pct::C8kctn3mHQSAuqPoGc,window_10_0pct,1784124381.111797,0,-0.37608774758535984,-0.27825870856765517,-0.5940211061129143,-0.3355878063014919,-0.53134378536528,-0.2450510149358141,-0.23435517549709278,-0.1353101851152752,1.0,0.0,0.0,1.0,0.0,0.0,0.0,0.0,0.0,1.0
window_10_0pct::CLWKlq4tQHrX1dOhc3,window_10_0pct,1784124618.027907,0,0.11116792653312019,0.4803373994440947,1.513569581974986,0.5954639964124121,1.2763106922845755,-0.24859980586087344,-0.2365801361723882,-0.3259400797870987,1.0,0.0,0.0,1.0,0.0,0.0,0.0,0.0,0.0,1.0
window_10_0pct::CNtNUU2eToSUkcUX7e,window_10_0pct,1784125790.451448,0,0.03885582017134092,-0.36984938277479434,-0.7379063557416712,-0.4058558668836733,-0.684103318687803,-0.24979859986280267,-0.2371177857025488,-0.6040302242810942,1.0,0.0,0.0,0.0,1.0,0.0,0.0,0.0,0.0,1.0
window_03_5pct::C8nr0QgWkSvXi6wUg,window_03_5pct,1783700381.328767,1,-0.3897129142040686,-0.36984938277479434,-0.7379063557416712,-0.4585569123203094,-0.7095632409082235,-0.24979859986280267,111.73122782240476,-0.6040302242810942,1.0,0.0,0.0,0.0,1.0,0.0,1.0,0.0,0.0,0.0
window_07_17pct::CpHLW11ARYDBPE2Wee,window_07_17pct,1783715379.31179,1,-0.38922994631379854,-0.3531585993201904,-0.6852426123739334,-0.38828885173812794,-0.6077235520265416,-0.2253932668367846,-0.18766924364642823,-0.37072068314587064,1.0,0.0,0.0,1.0,0.0,0.0,0.0,0.0,0.0,1.0
window_10_0pct::CLESocRYmbRWKMNTl,window_10_0pct,1784125295.355781,0,-0.3893373389351706,-0.18395578204914279,-0.4118967527883412,-0.23018571542821972,-0.37858425204275703,0.09973002480426513,-0.05896000412383206,-0.18412777848087192,1.0,0.0,0.0,1.0,0.0,0.0,0.0,0.0,0.0,1.0
window_10_0pct::Cz1lfR3yA3p8dB58s3,window_10_0pct,1784126046.148137,0,-0.38971213491367496,-0.3631730693929528,-0.7368866463097827,-0.4585569123203094,-0.7095632409082235,5.486532299333116,5.579377342336606,4.119297628905474,0.0,1.0,1.0,0.0,0.0,0.0,0.0,0.0,0.0,1.0
window_10_0pct::CMbIma49odRdT6sAE7,window_10_0pct,1784125506.522441,0,-0.22034958349819497,0.08580900553589367,1.5399970514180943,0.5778969812668668,1.301770614504996,-0.24789846448660485,-0.235468604088254,-0.4567166822346024,1.0,0.0,0.0,1.0,0.0,0.0,0.0,0.0,0.0,1.0
window_10_0pct::CmjR5P3q42QBS9ujYe,window_10_0pct,1784124726.671508,0,-0.3897116758796074,-0.3631730693929528,-0.7368866463097827,-0.4585569123203094,-0.7095632409082235,3.4310137271212455,3.49511726441746,4.119297628905474,0.0,1.0,1.0,0.0,0.0,0.0,0.0,0.0,0.0,1.0
window_10_0pct::C1tZl7OQbCdSgBxD7,window_10_0pct,1784124960.537458,0,0.27443411054946315,-0.19856021757192124,-0.552128043619498,-0.26531974571931044,-0.45496401870401854,-0.24961644939003488,-0.23707602289988292,0.0749042750823378,1.0,0.0,0.0,1.0,0.0,0.0,0.0,0.0,0.0,1.0
window_06_15pct::CBD08A4OyIQxIbiPdc,window_06_15pct,1783711631.287208,1,-0.0748348126580632,-0.32603607620645897,-0.7379063557416712,-0.35315482144703725,-0.6077235520265416,-0.24970032822761673,-0.23705612121860267,1518.2410825660247,1.0,0.0,0.0,1.0,0.0,0.0,0.0,1.0,0.0,0.0
window_10_0pct::Cwyv203blgujctlNJl,window_10_0pct,1784124321.651966,0,0.11244574927449606,-0.09507736015337671,0.27772423841920457,-0.019381533681675417,0.23245388124733507,-0.24941214730748568,-0.23691485924978734,-0.40479307989556484,1.0,0.0,0.0,1.0,0.0,0.0,0.0,0.0,0.0,1.0
window_10_0pct::CncIgN377ItcLLolAg,window_10_0pct,1784124192.019866,0,0.8642596339987831,0.17176654032710403,-0.08112850581953188,0.0157524966094153,-0.02214534095686998,-0.24949355195599604,-0.23705565164027903,0.0032673347446280465,1.0,0.0,0.0,1.0,0.0,0.0,0.0,0.0,0.0,1.0
window_10_0pct::CplNGx10MmnHSSpLca,window_10_0pct,1784125987.628598,0,0.24768584315456568,0.6470365991969518,1.9855675852603427,0.8941032538866832,1.6836694478113037,-0.2486718547362625,-0.23657733000028872,-0.3290583300814743,1.0,0.0,0.0,1.0,0.0,0.0,0.0,0.0,0.0,1.0
window_06_15pct::CkoLXB16WA75i3lM9d,window_06_15pct,1783710629.648468,1,-0.38971290352885773,-0.36984938277479434,-0.7379063557416712,-0.4585569123203094,-0.7095632409082235,-0.24979859986280267,89.33754977592461,-0.6040302242810942,1.0,0.0,0.0,0.0,1.0,0.0,1.0,0.0,0.0,0.0
window_10_0pct::C94Y5t4vapNbYdiOm6,window_10_0pct,1784125768.365604,0,0.3527899982216242,-0.279719152119933,-0.5573540544579261,-0.3180207911559465,-0.480423940924439,-0.2497128690452361,-0.23710445695737248,-0.23644418017722194,1.0,0.0,0.0,1.0,0.0,0.0,0.0,0.0,0.0,1.0
window_10_0pct::CFQHn44F0d6VTEgj7f,window_10_0pct,1784125703.294972,0,0.0052293863090970205,-0.188963017085524,-0.4118967527883412,-0.23018571542821972,-0.37858425204275703,-0.24947512778071357,-0.23699292696363353,-0.19543828207145034,1.0,0.0,0.0,1.0,0.0,0.0,0.0,0.0,0.0,1.0
window_10_0pct::CUKsu99psOWziJMLh,window_10_0pct,1784125926.479648,0,1.191337366529286,1.0882991867780438,0.8340607093003336,0.6481650418490482,0.7671122478761656,-0.2491472403620979,-0.23696887203147649,0.07908681928575863,1.0,0.0,0.0,1.0,0.0,0.0,0.0,0.0,0.0,1.0
window_10_0pct::CQQ45K1gpuT0bRNYUc,window_10_0pct,1784125165.314267,0,0.27786713026336113,-0.36984938277479434,-0.7379063557416712,-0.38828885173812794,-0.6331834742469621,-0.24979859986280267,-0.23712660047432077,-0.6040302242810942,1.0,0.0,0.0,0.0,1.0,0.0,0.0,0.0,0.0,1.0
window_10_0pct::CxFCp31hZsSrkOJxTg,window_10_0pct,1784124784.150165,0,-0.38957369877908715,-0.09799824725793241,-0.5306291697638502,-0.2477527305737651,-0.45496401870401854,1.1289188576094706,0.20916616739657903,0.36174885904285414,1.0,0.0,0.0,1.0,0.0,0.0,0.0,0.0,0.0,1.0
window_10_0pct::Cnqd47vE61UASNPi,window_10_0pct,1784124646.040688,0,-0.389205062397256,-0.18708530394688103,-0.4767545214457448,-0.26531974571931044,-0.42950409648359805,0.0043466487687334856,-0.12419852553165409,-0.08867688939674961,1.0,0.0,0.0,1.0,0.0,0.0,0.0,0.0,0.0,1.0
window_10_0pct::CekS0h1j3n6JbbNo56,window_10_0pct,1784125608.269732,0,-0.3892340989708277,-0.279719152119933,-0.5573540544579261,-0.3355878063014919,-0.5058838631448596,-0.1168669287810505,-0.15728661608554026,-0.23644418017722194,1.0,0.0,0.0,1.0,0.0,0.0,0.0,0.0,0.0,1.0
window_10_0pct::CKCZKO2xtGJCIV4qw1,window_10_0pct,1784125291.067595,0,-0.373390442054337,0.09331985809046545,-0.1987137496841664,-0.054515563972766135,-0.174904874279393,-0.22975769589144981,-0.23013239813704695,0.02855832748496394,1.0,0.0,0.0,1.0,0.0,0.0,0.0,0.0,0.0,1.0
window_08_22pct::CFL2TJLgmNbfkXMa,window_08_22pct,1783718128.555467,1,-0.3892392871233115,-0.3531585993201904,-0.6852426123739334,-0.38828885173812794,-0.6077235520265416,-0.22491199153539934,-0.18669323407811145,-0.37072068314587064,1.0,0.0,0.0,1.0,0.0,0.0,0.0,0.0,0.0,1.0
window_10_0pct::CYJK9t2r9SAy40vWO9,window_10_0pct,1784124542.952682,0,0.26499669037809037,-0.08944422073744789,-0.34100570332559765,-0.1599176548460383,-0.276744563161075,-0.24949611619300138,-0.23703096149031558,-0.08376643056144342,1.0,0.0,0.0,1.0,0.0,0.0,0.0,0.0,0.0,1.0
window_10_0pct::CZlgOL2zOpez3QBqLf,window_10_0pct,1784124757.968468,0,-0.3897119961359336,-0.3631730693929528,-0.7368866463097827,-0.4585569123203094,-0.7095632409082235,4.657951169449261,4.739210489221911,4.119297628905474,0.0,1.0,1.0,0.0,0.0,0.0,0.0,0.0,0.0,1.0
window_10_0pct::CcMcrk3QXXgYOPTEQb,window_10_0pct,1784124370.812767,0,0.16805204733934195,0.27378895419337074,1.2410097484098077,0.41979384495695854,1.0726313145212116,-0.24898360417386806,-0.23672523954203656,-0.364504304917605,1.0,0.0,0.0,1.0,0.0,0.0,0.0,0.0,0.0,1.0
window_10_0pct::CI2zKc1mbMoVdRgnB5,window_10_0pct,1784125182.196987,0,-0.38832799774722504,-0.09674643849883711,-0.5306291697638502,-0.26531974571931044,-0.45496401870401854,-0.11052971913514849,-0.19573610788117649,0.3661960382446528,1.0,0.0,0.0,1.0,0.0,0.0,0.0,0.0,0.0,1.0
window_10_0pct::C5wxpg2KuUwPfOy2q6,window_10_0pct,1784125779.520739,0,-0.3894658577988584,-0.275546456256282,-0.5955506702607468,-0.3355878063014919,-0.53134378536528,0.01973857101195262,-0.08236962961671838,-0.11624548981574759,1.0,0.0,0.0,1.0,0.0,0.0,0.0,0.0,0.0,1.0
window_10_0pct::CpXLAkLZ7BqbmkJU,window_10_0pct,1784124974.350637,0,0.5190454974871821,0.003398262228786628,0.444829121569921,0.06845354204605138,0.3597534923494376,-0.24950852287209313,-0.23699931331690727,-0.3716258445447967,1.0,0.0,0.0,1.0,0.0,0.0,0.0,0.0,0.0,1.0
window_10_0pct::CIVfpf1BTm9OBQE3Pk,window_10_0pct,1784124395.15699,0,-0.38908323689078494,0.00631914933334232,-0.3967498189354985,-0.1599176548460383,-0.35312432982233655,0.17209179234287791,-0.10049753863457685,0.20794799381797513,1.0,0.0,0.0,1.0,0.0,0.0,0.0,0.0,0.0,1.0
window_10_0pct::C7A0o34oZuRtaoHRQj,window_10_0pct,1784125230.482022,0,0.10006414864547497,-0.279719152119933,-0.5573540544579261,-0.3004537760104012,-0.480423940924439,-0.2496686317922922,-0.23706479120864088,-0.23644418017722194,1.0,0.0,0.0,1.0,0.0,0.0,0.0,0.0,0.0,1.0
window_10_0pct::CM9FMB2f7p96AEu8Fb,window_10_0pct,1784126000.67955,0,-0.3754987641759202,-0.1038400214670438,-0.2470649719128761,-0.14235063970049294,-0.2003647964998135,-0.23658140204258263,-0.23077149134414873,-0.204932171248561,1.0,0.0,0.0,1.0,0.0,0.0,0.0,0.0,0.0,1.0
window_10_0pct::CsEyru4mIixRPQtS4,window_10_0pct,1784123915.483473,0,1.1850826217016521,0.8318870259566905,4.048206082559161,1.667051920290679,3.4404040810203185,-0.24925964834212413,-0.23679201293473642,-0.4191173918705306,1.0,0.0,0.0,1.0,0.0,0.0,0.0,0.0,0.0,1.0
window_10_0pct::CsRsYn3vRWQxQWb7i6,window_10_0pct,1784124236.715993,0,-0.3698395466619907,-0.36984938277479434,-0.7379063557416712,-0.4058558668836733,-0.684103318687803,-0.24979859986280267,-0.23620009006218232,-0.6040302242810942,1.0,0.0,0.0,0.0,1.0,0.0,0.0,0.0,0.0,1.0
window_10_0pct::CCiiz51a1s8dkUKq0i,window_10_0pct,1784124526.696486,0,-0.26532130054364084,-0.007868016603071043,-0.38646774883062346,-0.1599176548460383,-0.327664407601916,-0.24774337363592583,-0.23647055808844647,0.15446552462835947,1.0,0.0,0.0,1.0,0.0,0.0,0.0,0.0,0.0,1.0
window_10_0pct::CK40PW3jvFoXHPxeX9,window_10_0pct,1784124330.274837,0,-0.3885411923835493,-0.18666803436051593,1.1531235417489236,0.26169070864705035,0.9453317034191091,-0.1393893201598466,-0.06579002755118843,-0.5326922727822792,1.0,0.0,0.0,1.0,0.0,0.0,0.0,0.0,0.0,1.0
window_07_17pct::CL2VDH3SLJ5zO7IwC,window_07_17pct,1783714381.316933,1,-0.08416010041443676,-0.32624471099964153,-0.7379063557416712,-0.35315482144703725,-0.6077235520265416,-0.24969781127897456,-0.23705287734962063,1511.0084867908329,1.0,0.0,0.0,1.0,0.0,0.0,0.0,1.0,0.0,0.0
window_10_0pct::C1Cj0kCL2OKZirbtl,window_10_0pct,1784124657.480611,0,-0.38877331416874966,-0.2761723606358297,-0.5815509095187786,-0.3180207911559465,-0.5058838631448596,-0.1793884959607862,-0.19136808763684035,-0.1628625156734081,1.0,0.0,0.0,1.0,0.0,0.0,0.0,0.0,0.0,1.0
window_10_0pct::C75Nib2Ddb6sQ8haw6,window_10_0pct,1784125213.868945,0,-0.32280411920119567,-0.279719152119933,-0.6191102069266692,-0.3180207911559465,-0.5568037075857005,-0.2488472250134821,-0.23651929163008725,-0.04538881986791441,1.0,0.0,0.0,1.0,0.0,0.0,0.0,0.0,0.0,1.0
window_10_0pct::Cv0Nrp3sgDHz5ocyLk,window_10_0pct,1784124030.051231,0,-0.389293026134841,-0.2767982650153773,-0.6106338722740966,-0.3355878063014919,-0.53134378536528,-0.0933006814429735,-0.14607797327126457,-0.06568948400479219,1.0,0.0,0.0,1.0,0.0,0.0,0.0,0.0,0.0,1.0
window_10_0pct::C7CyTbEPVczAgKmNl,window_10_0pct,1784125705.420798,0,-0.38915643681173406,-0.18666803436051593,1.1531235417489236,0.38465981466586785,0.9453317034191091,-0.017329586845942074,0.18380368540712974,-0.5326922727822792,1.0,0.0,0.0,1.0,0.0,0.0,0.0,0.0,0.0,1.0
window_10_0pct::C4wThs43wpDpAic1Xb,window_10_0pct,1784125571.081652,0,0.33706698186319767,0.6359789551582766,1.9688273554201743,0.7535671327223203,1.6836694478113037,-0.2488211699958071,-0.23670191279222946,-0.33036627921897105,1.0,0.0,0.0,1.0,0.0,0.0,0.0,0.0,0.0,1.0
window_10_0pct::CofS7W1tmwo1yaVjll,window_10_0pct,1784124927.677327,0,0.821891504808115,0.8896788636682568,0.8426432636853946,0.5427629509757761,0.7416523256557451,-0.2490644043651549,-0.23693353464774092,-0.017167403958333848,1.0,0.0,0.0,1.0,0.0,0.0,0.0,0.0,0.0,1.0
window_10_0pct::CFs3z33metVcSeMem8,window_10_0pct,1784124022.442726,0,0.7369633808617768,0.26377448412060833,0.020098899241892423,0.05088652690050602,0.02877450348397103,-0.24940141103554286,-0.23703510250180973,0.01155728116304836,1.0,0.0,0.0,1.0,0.0,0.0,0.0,0.0,0.0,1.0
window_10_0pct::Cxi25T3T7bC6CTYa1,window_10_0pct,1784125716.711563,0,-0.31542031069568716,0.0885212578472668,-0.25894033800507676,-0.10721660940940221,-0.225824718720234,-0.24544111753663223,-0.23581094327653446,0.10072042627537336,1.0,0.0,0.0,1.0,0.0,0.0,0.0,0.0,0.0,1.0
window_10_0pct::CA2Anq1QCQWP65SDZ5,window_10_0pct,1784124047.615782,0,-0.3578888615950279,-0.28034505649948066,1.1454757210097604,0.26169070864705035,0.9198717811986885,-0.2478122642423983,-0.23085247170119289,-0.5690322141344901,1.0,0.0,0.0,1.0,0.0,0.0,0.0,0.0,0.0,1.0
window_10_0pct::CPgPBH1msB8aVtN0Z7,window_10_0pct,1784125284.976506,0,-0.30669743576403025,-0.27825870856765517,-0.5573540544579261,-0.3355878063014919,-0.5058838631448596,-0.2490193860783973,-0.23670166293161676,-0.2304879248329462,1.0,0.0,0.0,1.0,0.0,0.0,0.0,0.0,0.0,1.0
window_04_7pct::CvfPzO2XUwXTHgCae3,window_04_7pct,1783703132.273586,1,-0.07272845477528049,-0.3258274414132764,-0.7379063557416712,-0.35315482144703725,-0.6077235520265416,-0.24970051639077265,-0.2370568275061416,1525.4736783412168,1.0,0.0,0.0,1.0,0.0,0.0,0.0,1.0,0.0,0.0
window_10_0pct::CEOxLT6gRWHW7IFvl,window_10_0pct,1784125185.336945,0,-0.3875303780165034,-0.10822135212387733,-0.6512947858706477,-0.3004537760104012,-0.5568037075857005,-0.16513845808135422,-0.2152564677534439,1.6200195800569837,1.0,0.0,0.0,1.0,0.0,0.0,0.0,0.0,0.0,1.0
window_10_0pct::CS006D33d6S0uZCWLa,window_10_0pct,1784125313.161545,0,-0.27856465757030235,-0.09445145577382907,-0.34948203797817023,-0.195051685137129,-0.3022044853814955,-0.24804866245818627,-0.23647415551275508,-0.08190682131399818,1.0,0.0,0.0,1.0,0.0,0.0,0.0,0.0,0.0,1.0
window_10_0pct::CxXd8w4PoxxB8iP81b,window_10_0pct,1784124599.381193,0,-0.38936601255157277,-0.18750257353324612,1.1531235417489236,0.3143917540836864,0.9453317034191091,0.12139716634305012,0.3829702128297078,-0.5330172748392215,1.0,0.0,0.0,1.0,0.0,0.0,0.0,0.0,0.0,1.0
window_07_17pct::CLNWep42vJHkbVjEbh,window_07_17pct,1783715380.844595,1,-0.07919265791543326,-0.32603607620645897,-0.7379063557416712,-0.35315482144703725,-0.6077235520265416,-0.24969894908241844,-0.2370546295607447,1518.2410825660247,1.0,0.0,0.0,1.0,0.0,0.0,0.0,1.0,0.0,0.0
window_10_0pct::Cxcgh33h4ddFuv8OC2,window_10_0pct,1784125942.682782,0,0.8173478468303073,-0.016213408330373023,-0.37926605096791144,-0.14235063970049294,-0.276744563161075,-0.2495916848701032,-0.23708715136008388,0.12209960092475332,1.0,0.0,0.0,1.0,0.0,0.0,0.0,0.0,0.0,1.0
window_10_0pct::CHUYc9M6exzOv7Ecc,window_10_0pct,1784124358.617319,0,-0.3482203231082768,-0.18791984311961124,-0.4767545214457448,-0.2828867608648558,-0.42950409648359805,-0.24670191588655635,-0.23589489364507196,-0.09103010097156401,1.0,0.0,0.0,1.0,0.0,0.0,0.0,0.0,0.0,1.0
window_06_15pct::Cn2eBv4DSqSshHdTz1,window_06_15pct,1783710629.646281,1,-0.3897129142040686,-0.36984938277479434,-0.7379063557416712,-0.4585569123203094,-0.7095632409082235,-0.24979859986280267,111.73122782240476,-0.6040302242810942,1.0,0.0,0.0,0.0,1.0,0.0,1.0,0.0,0.0,0.0
window_10_0pct::Cp6bMz37HBoZjrC8ae,window_10_0pct,1784124232.457235,0,0.4824038076133045,-0.08109882901014591,-0.5042866761067324,-0.2477527305737651,-0.42950409648359805,-0.24956476306224218,-0.23709114100564302,0.30612730916731773,1.0,0.0,0.0,1.0,0.0,0.0,0.0,0.0,0.0,1.0
window_10_0pct::CyvI873CExnLLIhBU8,window_10_0pct,1784124070.214907,0,-0.3889268557267213,-0.010371634121261637,-0.3967498189354985,-0.195051685137129,-0.35312432982233655,0.07316846398637411,-0.13984883582395144,0.17192011947081726,1.0,0.0,0.0,1.0,0.0,0.0,0.0,0.0,0.0,1.0
window_10_0pct::COiKRV2Hz74PV535Yc,window_10_0pct,1784125046.087522,0,0.20375045423014984,0.37810635078464544,0.4901212155029654,0.29682473893814104,0.4361332590106991,-0.24890848384460124,-0.23680793091065352,-0.1554884239098057,1.0,0.0,0.0,1.0,0.0,0.0,0.0,0.0,0.0,1.0
window_10_0pct::CeF0SQNpDlfybag6,window_10_0pct,1784124108.944413,0,0.003735134342502718,-0.09758097767156731,-0.28619632136159456,-0.1599176548460383,-0.2512846409406545,-0.24930986370089026,-0.23694367566565303,-0.16015618898079928,1.0,0.0,0.0,1.0,0.0,0.0,0.0,0.0,0.0,1.0
window_10_0pct::CTSm8d3ly2lComDX08,window_10_0pct,1784125394.426755,0,0.07915909669909647,-0.36984938277479434,-0.7379063557416712,-0.4058558668836733,-0.684103318687803,-0.24979859986280267,-0.23712162151494326,-0.6040302242810942,1.0,0.0,0.0,0.0,1.0,0.0,0.0,0.0,0.0,1.0
window_10_0pct::CrccXm2IF7MyJX1Cni,window_10_0pct,1784125889.466334,0,-0.38912083498347605,-0.09674643849883711,-0.5306291697638502,-0.2477527305737651,-0.45496401870401854,0.0759480154234566,-0.1321926749807547,0.3661960382446528,1.0,0.0,0.0,1.0,0.0,0.0,0.0,0.0,0.0,1.0
window_10_0pct::CcoGVN1di68yaCYVb5,window_10_0pct,1784124397.683589,0,0.10371719513065525,0.005901879746977222,-0.40722308455885253,-0.1599176548460383,-0.35312432982233655,-0.2492607767853381,-0.23698799705341697,0.23273376307168217,1.0,0.0,0.0,1.0,0.0,0.0,0.0,0.0,0.0,1.0
window_10_0pct::Cl0zrjmfE5fAVOqti,window_10_0pct,1784124888.996656,0,-0.3349275078296453,-0.36984938277479434,-0.7379063557416712,-0.4058558668836733,-0.684103318687803,-0.24979859986280267,-0.2368133286403455,-0.6040302242810942,1.0,0.0,0.0,0.0,1.0,0.0,0.0,0.0,0.0,1.0
window_10_0pct::CyoPj01HwQ1xZV9Bq5,window_10_0pct,1784124366.879299,0,-0.3891451317634207,-0.00536439908488045,-0.3967498189354985,-0.17748466999158366,-0.35312432982233655,0.20354729995397533,-0.09402070301909067,0.1827284817749646,1.0,0.0,0.0,1.0,0.0,0.0,0.0,0.0,0.0,1.0
window_10_0pct::CZR5711hv5Jyrmisxk,window_10_0pct,1784124025.432895,0,1.1366042473377134,0.33909164445950873,0.5816613809614496,0.3495257843747771,0.5379729478923811,-0.2494705574632105,-0.23701518384880135,-0.2083775672506643,1.0,0.0,0.0,1.0,0.0,0.0,0.0,0.0,0.0,1.0
window_10_0pct::CGVKMiSoRol9mXx36,window_10_0pct,1784124888.993921,0,-0.3348983858543866,-0.1895889214650716,-0.4767545214457448,-0.26531974571931044,-0.42950409648359805,-0.24747602817543463,-0.23611572231079103,-0.0957365241211927,1.0,0.0,0.0,1.0,0.0,0.0,0.0,0.0,0.0,1.0
window_10_0pct::Co6CTg1y66B3diIAqb,window_10_0pct,1784125214.801125,0,-0.02290184397905438,-0.0041125903257851525,1.4344996131106373,0.49006190553914,1.1744710034028936,-0.2490944082688717,-0.23644552070434086,-0.4800461013611985,1.0,0.0,0.0,1.0,0.0,0.0,0.0,0.0,0.0,1.0
window_10_0pct::Czdpog3dBj0OuCxQ3b,window_10_0pct,1784125394.184912,0,-0.38591699069657776,-0.27846734336083767,-0.5573540544579261,-0.3180207911559465,-0.5058838631448596,-0.23279647591825098,-0.22582661299441262,-0.23133881845355705,1.0,0.0,0.0,1.0,0.0,0.0,0.0,0.0,0.0,1.0
window_10_0pct::CB7IxpSBNB6FmpfJf,window_10_0pct,1784124243.354639,0,-0.386707724916287,-0.27846734336083767,-0.5573540544579261,-0.3355878063014919,-0.5058838631448596,-0.22832289076356713,-0.224434887528401,-0.23133881845355705,1.0,0.0,0.0,1.0,0.0,0.0,0.0,0.0,0.0,1.0
window_10_0pct::CifynB4N2mkYhQ9gW6,window_10_0pct,1784125121.243469,0,-0.18450072018535738,-0.09445145577382907,-0.29467265601416714,-0.195051685137129,-0.276744563161075,-0.24885078812616176,-0.2367896334181762,-0.14646844986205038,1.0,0.0,0.0,1.0,0.0,0.0,0.0,0.0,0.0,1.0
window_10_0pct::CUDSBu4bl4XGAXHgK7,window_10_0pct,1784123473.536902,0,13.262866610528468,13.947921934170845,8.190499478301437,14.315302825083338,10.03452393610923,-0.24905792880498293,-0.2368675408963728,0.5769513515415613,1.0,0.0,0.0,1.0,0.0,0.0,0.0,0.0,0.0,1.0
window_10_0pct::C6KBZ23dgq9AGph7qk,window_10_0pct,1784125583.020888,0,-0.1822200788098787,-0.36984938277479434,-0.7379063557416712,-0.4058558668836733,-0.684103318687803,-0.24979859986280267,-0.23707024018745132,-0.6040302242810942,1.0,0.0,0.0,0.0,1.0,0.0,0.0,0.0,0.0,1.0
window_07_17pct::CptyoG1wjZJk8ulUj8,window_07_17pct,1783714380.089937,1,-0.07120544379059701,-0.32603607620645897,-0.7379063557416712,-0.35315482144703725,-0.6077235520265416,-0.24970144802541933,-0.23705733237112928,1518.2410825660247,1.0,0.0,0.0,1.0,0.0,0.0,0.0,1.0,0.0,0.0
window_10_0pct::C1xyNJ3REHtoa2C10k,window_10_0pct,1784124763.893934,0,0.2658412169853835,-0.015796138744007922,-0.07498900528170363,-0.054515563972766135,-0.07306518539771098,-0.24941716124459196,-0.23698737110889614,-0.2107175590724578,1.0,0.0,0.0,1.0,0.0,0.0,0.0,0.0,0.0,1.0
window_05_12pct::CG9gbTNqcchzeAjK8,window_05_12pct,1783707882.626339,1,-0.07829520361263688,-0.3258274414132764,-0.7379063557416712,-0.35315482144703725,-0.6077235520265416,-0.24969876309942005,-0.23705494016607873,1525.4736783412168,1.0,0.0,0.0,1.0,0.0,0.0,0.0,1.0,0.0,0.0
window_10_0pct::CsUxKxJTR8CEHWrPh,window_10_0pct,1784124262.062446,0,0.09513675953766319,0.08580900553589367,-0.45149546906000854,-0.1599176548460383,-0.37858425204275703,-0.24913486154074385,-0.23698491044952966,0.5675183311605122,1.0,0.0,0.0,1.0,0.0,0.0,0.0,0.0,0.0,1.0
window_07_17pct::CZ3BINqaxTlEarsth,window_07_17pct,1783715378.761551,1,-0.3897128715032251,-0.36984938277479434,-0.7379063557416712,-0.4585569123203094,-0.7095632409082235,-0.24979859986280267,55.747032706204436,-0.6040302242810942,1.0,0.0,0.0,0.0,1.0,0.0,1.0,0.0,0.0,0.0
window_08_22pct::Cjl1QP1XMN23Otobya,window_08_22pct,1783719129.16857,1,-0.3892311526126271,-0.3531585993201904,-0.6852426123739334,-0.38828885173812794,-0.6077235520265416,-0.2253321629298442,-0.1875453270488723,-0.37072068314587064,1.0,0.0,0.0,1.0,0.0,0.0,0.0,0.0,0.0,1.0
window_10_0pct::CGHAmr2ZNn5T9QIVdj,window_10_0pct,1784124994.511966,0,0.07277108253893694,-0.016422043123555573,-0.19839509048670126,-0.12478362455494757,-0.174904874279393,-0.2492588804224005,-0.2369556506572317,-0.12161036196762683,1.0,0.0,0.0,1.0,0.0,0.0,0.0,0.0,0.0,1.0
window_10_0pct::CuMHyG2E06kCOVODEb,window_10_0pct,1784124292.93035,0,0.2471896913788688,-0.09069602949654318,-0.3243929371644153,-0.17748466999158366,-0.276744563161075,-0.2494890472573599,-0.23703479322395046,-0.10689608541297523,1.0,0.0,0.0,1.0,0.0,0.0,0.0,0.0,0.0,1.0
window_10_0pct::CoRaK01UDud3L8Z9mk,window_10_0pct,1784125496.204291,0,0.12106527748970136,-0.19313571294917498,-0.4034204181357686,-0.21261870028267438,-0.35312432982233655,-0.24955425543878915,-0.23702200234777315,-0.21497848913645012,1.0,0.0,0.0,1.0,0.0,0.0,0.0,0.0,0.0,1.0
window_10_0pct::CjNb9O3vNlAdN5grZf,window_10_0pct,1784125983.907924,0,-0.07375026460952452,0.15862254835660344,-0.08892503418417882,0.0157524966094153,-0.07306518539771098,-0.24861732547151055,-0.23673871423985307,-0.004352152315098711,1.0,0.0,0.0,1.0,0.0,0.0,0.0,0.0,0.0,1.0
window_10_0pct::CLuQnB4gKCjCAwflfg,window_10_0pct,1784126034.779895,0,0.1862887235761607,0.09165077974500505,0.28263159006016764,0.08602055719159674,0.23245388124733507,-0.2492327349351413,-0.23689679162045424,-0.27100562280889284,1.0,0.0,0.0,1.0,0.0,0.0,0.0,0.0,0.0,1.0
window_10_0pct::CJ5daXSS9AWbs8eI,window_10_0pct,1784125657.534639,0,-0.20885969390852116,-0.2761723606358297,-0.5815509095187786,-0.3355878063014919,-0.5058838631448596,-0.24943277653405638,-0.23695091722533954,-0.1628625156734081,1.0,0.0,0.0,1.0,0.0,0.0,0.0,0.0,0.0,1.0
window_07_17pct::Cgyh1o46oFLcyfxOd1,window_07_17pct,1783715381.380577,1,-0.08486921197181882,-0.32603607620645897,-0.7379063557416712,-0.35315482144703725,-0.6077235520265416,-0.24969709346605423,-0.23705262256051415,1518.2410825660247,1.0,0.0,0.0,1.0,0.0,0.0,0.0,1.0,0.0,0.0
window_10_0pct::CpyzX14Ay81p9TC8T4,window_10_0pct,1784125083.886048,0,-0.38876907611003353,-0.36984938277479434,-0.7379063557416712,-0.4058558668836733,-0.684103318687803,-0.24979859986280267,-0.21690076368271968,-0.6040302242810942,1.0,0.0,0.0,0.0,1.0,0.0,0.0,0.0,0.0,1.0
window_10_0pct::CRFwbLlZu8lEKMON7,window_10_0pct,1784124565.889075,0,-0.38929209739149523,-0.36984938277479434,-0.7379063557416712,-0.4058558668836733,-0.684103318687803,-0.24979859986280267,-0.19172069318079818,-0.6040302242810942,1.0,0.0,0.0,0.0,1.0,0.0,0.0,0.0,0.0,1.0
window_10_0pct::Cga5R22ORwSLruB1Wa,window_10_0pct,1784125173.703478,0,0.04881175668518743,-0.09153056866927338,1.224609421713602,0.3319587692292318,0.9962515478599501,-0.2493503572293058,-0.23666088146237899,-0.4995901038655755,1.0,0.0,0.0,1.0,0.0,0.0,0.0,0.0,0.0,1.0
window_10_0pct::CTbWFH36TSOsaMYK09,window_10_0pct,1784125127.960007,0,-0.38912729348605357,-0.27846734336083767,-0.5955506702607468,-0.3355878063014919,-0.53134378536528,-0.13959965984837924,-0.17185329827126275,-0.1313538665469751,1.0,0.0,0.0,1.0,0.0,0.0,0.0,0.0,0.0,1.0
window_06_15pct::CCMNsl3OEhcgEFaqe7,window_06_15pct,1783710630.133843,1,-0.38923125936473585,-0.3531585993201904,-0.6852426123739334,-0.4058558668836733,-0.6077235520265416,-0.22532674076444453,-0.19745994686803622,-0.37072068314587064,1.0,0.0,0.0,1.0,0.0,0.0,0.0,0.0,0.0,1.0
window_10_0pct::CIShhl1xJBixeWE2s7,window_10_0pct,1784125832.464149,0,-0.20621916982412636,-0.36984938277479434,-0.7379063557416712,-0.4058558668836733,-0.684103318687803,-0.24979859986280267,-0.23705818532904535,-0.6040302242810942,1.0,0.0,0.0,0.0,1.0,0.0,0.0,0.0,0.0,1.0
window_08_22pct::CG3cGe392eEpdcBJWa,window_08_22pct,1783719129.137296,1,-0.3892216089741075,-0.3531585993201904,-0.6852426123739334,-0.38828885173812794,-0.6077235520265416,-0.22580738387881036,-0.18850905860110556,-0.37072068314587064,1.0,0.0,0.0,1.0,0.0,0.0,0.0,0.0,0.0,1.0
window_10_0pct::Cudno21QCjpwgdnrP,window_10_0pct,1784125021.805676,0,-0.38844118700810065,-0.36984938277479434,-0.7379063557416712,-0.4058558668836733,-0.684103318687803,-0.24979859986280267,-0.22212464343483881,-0.6040302242810942,1.0,0.0,0.0,0.0,1.0,0.0,0.0,0.0,0.0,1.0
window_10_0pct::CM7uFc4tXHS6BJ9nPl,window_10_0pct,1784125109.637265,0,0.0008834118862166386,-0.36984938277479434,-0.7379063557416712,-0.4058558668836733,-0.684103318687803,-0.24979859986280267,-0.23711344748534613,-0.6040302242810942,1.0,0.0,0.0,0.0,1.0,0.0,0.0,0.0,0.0,1.0
window_10_0pct::CIorWa3sELocvOy8S9,window_10_0pct,1784125317.262518,0,-0.22822789979692615,-0.36984938277479434,-0.7379063557416712,-0.4058558668836733,-0.684103318687803,-0.24979859986280267,-0.2370439805933856,-0.6040302242810942,1.0,0.0,0.0,0.0,1.0,0.0,0.0,0.0,0.0,1.0
window_10_0pct::CNyHH01VRDvVcQEEth,window_10_0pct,1784124358.051637,0,-0.38841195828073316,-0.18708530394688103,-0.4767545214457448,-0.26531974571931044,-0.42950409648359805,-0.1505832943828887,-0.1930626427735441,-0.08867688939674961,1.0,0.0,0.0,1.0,0.0,0.0,0.0,0.0,0.0,1.0
window_10_0pct::CQwgXf4E9munOfWcG2,window_10_0pct,1784125935.748039,0,-0.38935305284557414,-0.19584796526054812,1.1531235417489236,0.29682473893814104,0.9453317034191091,0.09165422545138752,0.34735549594533077,-0.5362672954086435,1.0,0.0,0.0,1.0,0.0,0.0,0.0,0.0,0.0,1.0
window_10_0pct::CYUr8Z1OzFktbGw7G3,window_10_0pct,1784125764.510098,0,-0.38921901489786564,-0.18708530394688103,-0.4767545214457448,-0.2477527305737651,-0.42950409648359805,0.011525551728781417,-0.11132804016479936,-0.08867688939674961,1.0,0.0,0.0,1.0,0.0,0.0,0.0,0.0,0.0,1.0
window_10_0pct::CczhFh3CpXO7SNJxq7,window_10_0pct,1784124131.020447,0,-0.30480403766293257,-0.18374714725596025,-0.4767545214457448,-0.2828867608648558,-0.42950409648359805,-0.248250628413319,-0.23654300991112856,-0.07926404309749215,1.0,0.0,0.0,1.0,0.0,0.0,0.0,0.0,0.0,1.0
window_08_22pct::CITNxc1waXHeoa3H75,window_08_22pct,1783718128.573818,1,-0.3892383370295439,-0.3531585993201904,-0.6852426123739334,-0.38828885173812794,-0.6077235520265416,-0.22496180953227604,-0.18679426324267917,-0.37072068314587064,1.0,0.0,0.0,1.0,0.0,0.0,0.0,0.0,0.0,1.0
window_03_5pct::CLeIhj3cfYPSRNcd2,window_03_5pct,1783699382.170855,1,-0.3895009578922055,-0.3531585993201904,-0.6852426123739334,-0.38828885173812794,-0.6077235520265416,-0.19419440538698748,-0.12439903799085972,-0.37072068314587064,1.0,0.0,0.0,1.0,0.0,0.0,0.0,0.0,0.0,1.0
window_10_0pct::CtzNNj18q17eLnEpx8,window_10_0pct,1784124844.412778,0,0.31393581751847455,0.6762454702425087,1.8524955043989026,0.736000117576775,1.5818297589296217,-0.24874862283084573,-0.23669356957896065,-0.30662881849931883,1.0,0.0,0.0,1.0,0.0,0.0,0.0,0.0,0.0,1.0
window_10_0pct::CPDmc52ZQZI8sEpVg,window_10_0pct,1784125529.111564,0,-0.3140395575710837,-0.36984938277479434,-0.7379063557416712,-0.4058558668836733,-0.684103318687803,-0.24979859986280267,-0.2369096847450681,-0.6040302242810942,1.0,0.0,0.0,0.0,1.0,0.0,0.0,0.0,0.0,1.0
window_10_0pct::CA2m0d4gznz5qbLXBd,window_10_0pct,1784125103.485709,0,-0.37234477312379405,0.26293994494787815,-0.12678174684303678,-0.0018145185361300583,-0.09852510761813149,-0.22406684476309868,-0.22972980168673887,0.1584997738472821,1.0,0.0,0.0,1.0,0.0,0.0,0.0,0.0,0.0,1.0
window_10_0pct::CMppcw3LJM2gtl1KQ2,window_10_0pct,1784124455.689577,0,-0.20433414108835232,-0.36984938277479434,-0.7379063557416712,-0.4058558668836733,-0.684103318687803,-0.24979859986280267,-0.23705924513995807,-0.6040302242810942,1.0,0.0,0.0,0.0,1.0,0.0,0.0,0.0,0.0,1.0
window_10_0pct::CWvMh9b0RiXzL9yHc,window_10_0pct,1784124679.41872,0,-0.38805358077654994,-0.19376161732872263,-0.4767545214457448,-0.2828867608648558,-0.42950409648359805,-0.1748525041170936,-0.20546821428157394,-0.10750258199526445,1.0,0.0,0.0,1.0,0.0,0.0,0.0,0.0,0.0,1.0
window_10_0pct::CHfw5B4avUNq2o2EF5,window_10_0pct,1784125818.895804,0,-0.38911165430212613,-0.275546456256282,-0.5573540544579261,-0.3180207911559465,-0.5058838631448596,-0.13903507803068024,-0.16560060041316602,-0.2194263077650056,1.0,0.0,0.0,1.0,0.0,0.0,0.0,0.0,0.0,1.0
window_10_0pct::CEw1dAps0rmSqy403,window_10_0pct,1784125689.187015,0,0.7097639790554297,0.18741414981579527,-0.07696469230598746,-0.019381533681675417,-0.04760526317729048,-0.2494406360134839,-0.23704934735827807,0.016876255824895294,1.0,0.0,0.0,1.0,0.0,0.0,0.0,0.0,0.0,1.0
window_10_0pct::CQfr2M2PhWN9Bvmmjh,window_10_0pct,1784124719.908891,0,-0.1567428767478751,-0.27658963022219474,0.1535746150867883,-0.054515563972766135,0.07969434792481203,-0.24951587840010972,-0.23666986832321224,-0.5269905409375747,1.0,0.0,0.0,1.0,0.0,0.0,0.0,0.0,0.0,1.0
window_04_7pct::Cfwyna1qJFuwMZOVW4,window_04_7pct,1783703132.529483,1,-0.07540319291051999,-0.32603607620645897,-0.7379063557416712,-0.35315482144703725,-0.6077235520265416,-0.24970015051867092,-0.23705592901190406,1518.2410825660247,1.0,0.0,0.0,1.0,0.0,0.0,0.0,1.0,0.0,0.0
window_10_0pct::CCaPa34I7SKVBZuB01,window_10_0pct,1784126120.710169,0,0.3444913241443871,-0.36984938277479434,-0.7379063557416712,-0.38828885173812794,-0.6331834742469621,-0.24979859986280267,-0.23712984995211572,-0.6040302242810942,1.0,0.0,0.0,0.0,1.0,0.0,0.0,0.0,0.0,1.0
window_10_0pct::Ce7nxU1Q9HkZ1sfzv3,window_10_0pct,1784124431.496696,0,0.05481102236623296,-0.09570326453292437,0.2727531549387485,-0.019381533681675417,0.20699395902691456,-0.24936303626461892,-0.236882763074298,-0.40426919751068546,1.0,0.0,0.0,1.0,0.0,0.0,0.0,0.0,0.0,1.0
window_10_0pct::CsWx1T2ZPyEgl5tHq5,window_10_0pct,1784125523.310364,0,-0.38943550817434935,-0.279719152119933,-0.5573540544579261,-0.3180207911559465,-0.5058838631448596,-0.020367435195078255,-0.08206960320996189,-0.23644418017722194,1.0,0.0,0.0,1.0,0.0,0.0,0.0,0.0,0.0,1.0
window_10_0pct::CgKC8q1eRqMBy1Lrb5,window_10_0pct,1784125316.229988,0,0.3047106525648692,0.09790982354048154,0.06736668019922067,0.06845354204605138,0.07969434792481203,-0.24932286767624198,-0.23694897329257392,-0.17626016260435085,1.0,0.0,0.0,1.0,0.0,0.0,0.0,0.0,0.0,1.0
window_10_0pct::C7FeuhQGzv93Xg0V3,window_10_0pct,1784125378.039043,0,-0.38664309718966805,-0.1895889214650716,-0.4385579056429241,-0.2477527305737651,-0.4040441742631775,-0.20832739837923417,-0.21691559517202808,-0.160589779364416,1.0,0.0,0.0,1.0,0.0,0.0,0.0,0.0,0.0,1.0
window_10_0pct::CfiaH21ff1VFuUcTKa,window_10_0pct,1784124277.262224,0,-0.389312049360615,-0.1916752693968971,1.1531235417489236,0.3143917540836864,0.9453317034191091,0.06408241404124239,0.2994987600701971,-0.5346422851239325,1.0,0.0,0.0,1.0,0.0,0.0,0.0,0.0,0.0,1.0
window_10_0pct::CW3Uaj25WFJ62Q0Gge,window_10_0pct,1784124941.048464,0,-0.10014768052390355,0.17134927074073894,1.4822984927304075,0.49006190553914,1.2253908478437345,-0.24847859693300772,-0.23625427984242434,-0.4245146379710611,1.0,0.0,0.0,1.0,0.0,0.0,0.0,0.0,0.0,1.0
window_10_0pct::Cfocdp2nRBTb46s2d7,window_10_0pct,1784124277.26233,0,-0.3893136079414023,-0.1895889214650716,-0.4767545214457448,-0.26531974571931044,-0.42950409648359805,0.06899719632069098,-0.09349423572886835,-0.0957365241211927,1.0,0.0,0.0,1.0,0.0,0.0,0.0,0.0,0.0,1.0
window_10_0pct::CGFAWc1LHlqPcrwR48,window_10_0pct,1784125544.252366,0,0.3086586658016532,-0.08631469883970964,-0.28772588550942724,-0.17748466999158366,-0.2512846409406545,-0.2495118625059417,-0.23704602574233408,-0.14021851899203067,1.0,0.0,0.0,1.0,0.0,0.0,0.0,0.0,0.0,1.0
window_10_0pct::Cy3a0134tCBbnGqfA3,window_10_0pct,1784126002.891912,0,-0.05746879594475219,0.5654603950625748,0.742541787788347,0.3670927995203225,0.6907324812149042,-0.2478103874231115,-0.23647166814728565,-0.13876702836516158,1.0,0.0,0.0,1.0,0.0,0.0,0.0,0.0,0.0,1.0
window_10_0pct::CR4c3L3muyMlWSKVpb,window_10_0pct,1784125620.011357,0,-0.13310452245941337,0.44299177146441837,0.12825183086155897,0.15628861777377817,0.15607411458607354,-0.24756142760004785,-0.2364916557012422,0.08706910959543597,1.0,0.0,0.0,1.0,0.0,0.0,0.0,0.0,0.0,1.0
window_10_0pct::Cj5IsC2lA9C8FElxYi,window_10_0pct,1784124514.655989,0,-0.32930637946810704,-0.279719152119933,-0.5573540544579261,-0.3180207911559465,-0.5058838631448596,-0.2487448175084691,-0.23645006534423627,-0.23644418017722194,1.0,0.0,0.0,1.0,0.0,0.0,0.0,0.0,0.0,1.0
window_10_0pct::CEH2t93H7bncaPTgPe,window_10_0pct,1784125060.412055,0,-0.3879804342316551,-0.36984938277479434,-0.7379063557416712,-0.4058558668836733,-0.684103318687803,-0.24979859986280267,-0.22612383651986834,-0.6040302242810942,1.0,0.0,0.0,0.0,1.0,0.0,0.0,0.0,0.0,1.0
window_10_0pct::CzSAkv1K5iIrvO5iJg,window_10_0pct,1784124747.123923,0,0.4448639695479235,0.24687506587282185,-0.17997658887321652,0.03331951175496066,-0.14944495205897249,-0.24927669726193658,-0.23699627408666382,0.20999479519299008,1.0,0.0,0.0,1.0,0.0,0.0,0.0,0.0,0.0,1.0
window_10_0pct::CmgtyH2G5NJu8yhdy3,window_10_0pct,1784124265.750251,0,-0.3892622281514754,-0.36984938277479434,-0.7379063557416712,-0.4058558668836733,-0.684103318687803,-0.24979859986280267,-0.19473205985335382,-0.6040302242810942,1.0,0.0,0.0,0.0,1.0,0.0,0.0,0.0,0.0,1.0
window_10_0pct::CBcGAM0TPEEeofEC7,window_10_0pct,1784125341.469303,0,0.2368910592456099,-0.18583349518778575,-0.4610764889304602,-0.23018571542821972,-0.37858425204275703,-0.24959119123605922,-0.23705558650901826,-0.11453133894351876,1.0,0.0,0.0,1.0,0.0,0.0,0.0,0.0,0.0,1.0
window_10_0pct::C5Nkj84PByHmSJqrih,window_10_0pct,1784124638.494414,0,0.2559815068223369,0.17865148850212817,1.661108790401343,0.5251959358302307,1.3781503811662577,-0.24919865004137545,-0.2367403446637563,-0.4356530787283563,1.0,0.0,0.0,1.0,0.0,0.0,0.0,0.0,0.0,1.0
window_10_0pct::CPtHedBMCtouLuAqi,window_10_0pct,1784124251.711867,0,1.5525003534853101,0.9270244916479331,1.6424778493228815,0.9468042993233193,1.5054499922683602,-0.24932700888840462,-0.2369630123709348,-0.2028038600487978,1.0,0.0,0.0,1.0,0.0,0.0,0.0,0.0,0.0,1.0
window_10_0pct::C2dge4rJNzLF3xKwl,window_10_0pct,1784125548.281536,0,-0.38907985284893853,-0.2818055000517585,-0.5573540544579261,-0.3004537760104012,-0.5058838631448596,-0.151581125957089,-0.1616433122773509,-0.24495311638333006,1.0,0.0,0.0,1.0,0.0,0.0,0.0,0.0,0.0,1.0
window_10_0pct::CNjDhK2a1pYbltNQjh,window_10_0pct,1784125942.691212,0,0.8172583565375675,0.27629257171156135,-0.10381704067904943,-0.0018145185361300583,-0.09852510761813149,-0.24942050945256272,-0.23705545558393198,0.14639187078974278,1.0,0.0,0.0,1.0,0.0,0.0,0.0,0.0,0.0,1.0
window_10_0pct::CeGs8BrrgNPpyOPz8,window_10_0pct,1784124277.241087,0,-0.3890868878129031,-0.10050186477612301,-0.5306291697638502,-0.23018571542821972,-0.45496401870401854,0.05404870141452643,-0.1302476513038155,0.3528545006392568,1.0,0.0,0.0,1.0,0.0,0.0,0.0,0.0,0.0,1.0
window_10_0pct::CN0Vin39ckshw21Dk2,window_10_0pct,1784124020.971097,0,-0.182443361520477,-0.09758097767156731,-0.2470649719128761,-0.1599176548460383,-0.2003647964998135,-0.2488708597875091,-0.23674719905014807,-0.19554162882426607,1.0,0.0,0.0,1.0,0.0,0.0,0.0,0.0,0.0,1.0
window_10_0pct::CFux4R20xLEsvdZacj,window_10_0pct,1784124187.725465,0,-0.0620972150968834,-0.1739413119763804,-0.6610245133665831,-0.3355878063014919,-0.582263629806121,-0.24937626956756376,-0.23704565993546173,1.27204917707394,1.0,0.0,0.0,1.0,0.0,0.0,0.0,0.0,0.0,1.0
window_10_0pct::CyiBUh4yAiLrghGIm9,window_10_0pct,1784125188.271921,0,0.26030378227708156,0.2689903539501721,-0.14384063588067028,-0.036948548827220776,-0.09852510761813149,-0.2491044838703511,-0.236978524550387,0.18789569253055233,1.0,0.0,0.0,1.0,0.0,0.0,0.0,0.0,0.0,1.0
window_10_0pct::C8TDfD2SmkcazMzJH9,window_10_0pct,1784124492.130898,0,-0.388084848469194,0.0013119142969611334,-0.35007686848010516,-0.17748466999158366,-0.3022044853814955,-0.0887918710174431,-0.18723977693639768,0.10072893023862137,1.0,0.0,0.0,1.0,0.0,0.0,0.0,0.0,0.0,1.0
window_10_0pct::CBM93H13JRMbSsus0l,window_10_0pct,1784125610.904205,0,-0.2838068906723615,0.2677385451910768,-0.44384764832084533,-0.14235063970049294,-0.35312432982233655,-0.24554669128502754,-0.23630465224260747,0.9926477132314787,1.0,0.0,0.0,1.0,0.0,0.0,0.0,0.0,0.0,1.0
window_10_0pct::CxlvGG3bwLlBINCKA1,window_10_0pct,1784125818.341941,0,-0.3890887773252275,-0.279719152119933,-0.5573540544579261,-0.3180207911559465,-0.5058838631448596,-0.1478161136354355,-0.1682234319154029,-0.23644418017722194,1.0,0.0,0.0,1.0,0.0,0.0,0.0,0.0,0.0,1.0
window_10_0pct::Clb1dh4q8BX1SrJmE,window_10_0pct,1784124151.48555,0,0.11493882734632711,0.18741414981579527,-0.027190125661933493,0.03331951175496066,-0.02214534095686998,-0.24901870963251735,-0.236887659760531,-0.02660724139199661,1.0,0.0,0.0,1.0,0.0,0.0,0.0,0.0,0.0,1.0
window_10_0pct::C4RFmDJWhTjcBGEt8,window_10_0pct,1784125405.010233,0,-0.13699113188326165,0.447790371707617,0.850142376799074,0.4373608601025039,0.7671122478761656,-0.24751361188540436,-0.23617864246913833,-0.22485930576198915,1.0,0.0,0.0,1.0,0.0,0.0,0.0,0.0,0.0,1.0
window_10_0pct::CTWhFQ3WOORLaxk1Qb,window_10_0pct,1784125867.376463,0,-0.38863182492385245,-0.36984938277479434,-0.7379063557416712,-0.4058558668836733,-0.684103318687803,-0.24979859986280267,-0.21947300744128306,-0.6040302242810942,1.0,0.0,0.0,0.0,1.0,0.0,0.0,0.0,0.0,1.0
window_10_0pct::Cj4npbM6Os66mZRof,window_10_0pct,1784125578.326186,0,0.19084414563634924,0.4728265468895229,1.1542494709133004,0.5427629509757761,0.9962515478599501,-0.2487734666232086,-0.23668475432380645,-0.2760546734609412,1.0,0.0,0.0,1.0,0.0,0.0,0.0,0.0,0.0,1.0
window_10_0pct::CbtFQX34VjdqeI8QIj,window_10_0pct,1784124618.028016,0,0.1111657594653132,0.0914421449518225,-0.2156026871498185,-0.08964959426385685,-0.174904874279393,-0.24914815937056128,-0.23695240869195902,0.04636507644487326,1.0,0.0,0.0,1.0,0.0,0.0,0.0,0.0,0.0,1.0
window_02_3pct::C8H59w3TC27BwQTbb9,window_02_3pct,1783696631.48546,1,-0.38968253255392693,-0.3531585993201904,-0.6852426123739334,-0.38828885173812794,-0.6077235520265416,0.13765532929341284,0.5485806793542842,-0.37072068314587064,1.0,0.0,0.0,1.0,0.0,0.0,0.0,0.0,0.0,1.0
window_10_0pct::CNXntt4bfLscTJhWwc,window_10_0pct,1784124233.558002,0,-0.12242926888659113,0.07224774397902795,-0.05771767677909335,-0.036948548827220776,-0.04760526317729048,-0.24863041948612818,-0.23671521241882373,-0.12538097078686566,1.0,0.0,0.0,1.0,0.0,0.0,0.0,0.0,0.0,1.0
window_10_0pct::C3YYWm2urd7FRNnJOg,window_10_0pct,1784125172.034184,0,0.05535852190622416,0.5771439434807977,0.06927863538401147,0.15628861777377817,0.07969434792481203,-0.24829586686437702,-0.23677568287981904,0.2599525170825971,1.0,0.0,0.0,1.0,0.0,0.0,0.0,0.0,0.0,1.0
window_08_22pct::ChVhn81knXBFmtoNlh,window_08_22pct,1783718127.984956,1,-0.389712882178436,-0.36984938277479434,-0.7379063557416712,-0.4585569123203094,-0.7095632409082235,-0.24979859986280267,63.744774865661626,-0.6040302242810942,1.0,0.0,0.0,0.0,1.0,0.0,1.0,0.0,0.0,0.0
window_10_0pct::CgxsA12IYHcLuqkbJl,window_10_0pct,1784123972.250339,0,0.2238742301936518,0.08017586611996483,-0.39821565124383806,-0.14235063970049294,-0.35312432982233655,-0.24928060522025083,-0.23701435972473422,0.37156286477456185,1.0,0.0,0.0,1.0,0.0,0.0,0.0,0.0,0.0,1.0
window_10_0pct::CEcIq33AbB8nzjIJD7,window_10_0pct,1784126120.693299,0,0.34467316568638035,0.4490421804667123,0.01808072432461324,0.06845354204605138,0.02877450348397103,-0.2490110707734256,-0.23696058771010542,0.193675073092338,1.0,0.0,0.0,1.0,0.0,0.0,0.0,0.0,0.0,1.0
window_10_0pct::C0QN4S1x6rco1sasU6,window_10_0pct,1784125042.008641,0,0.2936343740204302,0.48221511258273764,0.35415995791784144,0.20898966321041426,0.33429357012901706,-0.2489179654835129,-0.236889540497281,-0.02944074919241272,1.0,0.0,0.0,1.0,0.0,0.0,0.0,0.0,0.0,1.0
window_10_0pct::CbHTtF2OSEfsFn6cMk,window_10_0pct,1784125886.515126,0,0.3516335633030736,0.17948602767485838,-0.028039883521840517,-0.036948548827220776,-0.02214534095686998,-0.24927526338067088,-0.23700117821775363,-0.03414080974672874,1.0,0.0,0.0,1.0,0.0,0.0,0.0,0.0,0.0,1.0
window_10_0pct::C9yvf9Re3oAqr4JO2,window_10_0pct,1784125975.354153,0,-0.049334317285936985,0.1790687580884933,0.22682374261077382,0.06845354204605138,0.20699395902691456,-0.24865963597393476,-0.2367269670254437,-0.18501013125641028,1.0,0.0,0.0,1.0,0.0,0.0,0.0,0.0,0.0,1.0
window_10_0pct::CDUbT84w9GxUV3L1Yg,window_10_0pct,1784124713.29029,0,-0.3186491136256041,-0.36984938277479434,-0.7379063557416712,-0.4058558668836733,-0.684103318687803,-0.24979859986280267,-0.2368932917221703,-0.6040302242810942,1.0,0.0,0.0,0.0,1.0,0.0,0.0,0.0,0.0,1.0
window_10_0pct::CQpK984b9vGCGX6ik3,window_10_0pct,1784124800.802018,0,-0.30701505531310425,-0.08798377718517003,-0.5306291697638502,-0.2477527305737651,-0.45496401870401854,-0.24739139936633692,-0.23641082041510347,0.3973262926572436,1.0,0.0,0.0,1.0,0.0,0.0,0.0,0.0,0.0,1.0
window_10_0pct::CGXF8R2ABV2w8uG2Lb,window_10_0pct,1784124409.490192,0,-0.38873030374414647,-0.1916752693968971,1.1531235417489236,0.3143917540836864,0.9453317034191091,-0.12173992004567709,-0.01821281475600321,-0.5346422851239325,1.0,0.0,0.0,1.0,0.0,0.0,0.0,0.0,0.0,1.0
window_10_0pct::C2PSYlRgvXXH7dgXg,window_10_0pct,1784124647.722439,0,-0.11631508456050879,-0.09758097767156731,-0.20468329865001325,-0.10721660940940221,-0.2003647964998135,-0.24909525748351086,-0.23679516485977214,-0.22800785518721467,1.0,0.0,0.0,1.0,0.0,0.0,0.0,0.0,0.0,1.0
window_10_0pct::CovpGg4cnatdfWg0Lc,window_10_0pct,1784124925.390422,0,0.21913103117422505,0.18219827998623153,0.6275270614499312,0.20898966321041426,0.5634328701128016,-0.24915822360363132,-0.23685614985829034,-0.3062869582965302,1.0,0.0,0.0,1.0,0.0,0.0,0.0,0.0,0.0,1.0
window_10_0pct::CR7D6R2OU0ixeFRZWe,window_10_0pct,1784126067.70009,0,0.21655444092774248,-0.10112776915567065,1.2244394701416206,0.4022268298114132,0.9962515478599501,-0.24948555754284432,-0.23676810009864593,-0.5031827541497008,1.0,0.0,0.0,1.0,0.0,0.0,0.0,0.0,0.0,1.0
window_10_0pct::CAkEfd1ZGv2m98Ptbk,window_10_0pct,1784124191.997407,0,0.8645024630204879,0.816865320847547,0.5525146863666387,0.41979384495695854,0.5125130256719606,-0.24913035003296116,-0.23696799492478568,0.07322192851246082,1.0,0.0,0.0,1.0,0.0,0.0,0.0,0.0,0.0,1.0
window_10_0pct::CEc0ue3vugGgRz2nIe,window_10_0pct,1784126013.347581,0,-0.026869350150890533,-0.0823506377692412,-0.48004733315288456,-0.2477527305737651,-0.42950409648359805,-0.24923899542834196,-0.23699111062604933,0.21700256080948013,1.0,0.0,0.0,1.0,0.0,0.0,0.0,0.0,0.0,1.0
window_07_17pct::CqEC4h411MVmQG48tj,window_07_17pct,1783715380.042274,1,-0.07072129095192013,-0.32603607620645897,-0.7379063557416712,-0.35315482144703725,-0.6077235520265416,-0.2497015954786066,-0.2370574918537608,1518.2410825660247,1.0,0.0,0.0,1.0,0.0,0.0,0.0,1.0,0.0,0.0
window_10_0pct::C4RaWt4XjN98k849he,window_10_0pct,1784125308.736093,0,-0.3363232169246804,-0.1895889214650716,-0.4385579056429241,-0.23018571542821972,-0.4040441742631775,-0.24741404487481597,-0.23590868548025878,-0.160589779364416,1.0,0.0,0.0,1.0,0.0,0.0,0.0,0.0,0.0,1.0
window_08_22pct::CMaqyjA8d0LvJVwSl,window_08_22pct,1783719128.507542,1,-0.38971289285364685,-0.36984938277479434,-0.7379063557416712,-0.4585569123203094,-0.7095632409082235,-0.24979859986280267,74.4084310782712,-0.6040302242810942,1.0,0.0,0.0,0.0,1.0,0.0,1.0,0.0,0.0,0.0
window_10_0pct::CrEckc3cSTjYjHCV23,window_10_0pct,1784125705.796802,0,-0.3041658628817948,0.1867882454362476,-0.02406726552677518,-0.0018145185361300583,-0.02214534095686998,-0.24520310834511355,-0.23565340599569432,-0.029778951233685513,1.0,0.0,0.0,1.0,0.0,0.0,0.0,0.0,0.0,1.0
window_10_0pct::CKV9Rw1hZQkX0aIJje,window_10_0pct,1784124381.112061,0,-0.37609027761033653,-0.18416441684232535,0.118819518616591,-0.0720825791183115,0.054234425704391534,-0.24017186791829873,-0.229090111890584,-0.4444177806320868,1.0,0.0,0.0,1.0,0.0,0.0,0.0,0.0,0.0,1.0
window_10_0pct::CCKu9m3YAwahLQ1uD4,window_10_0pct,1784125183.207463,0,0.3048527396215753,-0.36984938277479434,-0.7379063557416712,-0.38828885173812794,-0.6331834742469621,-0.24979859986280267,-0.2371279917635327,-0.6040302242810942,1.0,0.0,0.0,0.0,1.0,0.0,0.0,0.0,0.0,1.0
window_10_0pct::C1FNJm3JQYiC2azV9g,window_10_0pct,1784124160.056075,0,0.19935765833238492,0.4613516332644827,0.11049189158950216,0.17385563291932354,0.15607411458607354,-0.24880204003701972,-0.2368621024443397,0.11747268200542349,1.0,0.0,0.0,1.0,0.0,0.0,0.0,0.0,0.0,1.0
window_10_0pct::CJ0KIm1ThLBtCpxc39,window_10_0pct,1784125831.407722,0,0.2226729060133845,0.48096330382364233,0.9502438526961215,0.5251959358302307,0.8434920145374271,-0.2488173638702368,-0.23671738788680433,-0.23287116793960608,1.0,0.0,0.0,1.0,0.0,0.0,0.0,0.0,0.0,1.0
window_10_0pct::CrHn6ek8TOVG1dyo4,window_10_0pct,1784124595.783464,0,-0.3892603066135184,-0.36984938277479434,-0.7379063557416712,-0.4058558668836733,-0.684103318687803,-0.24979859986280267,-0.1949121802020557,-0.6040302242810942,1.0,0.0,0.0,0.0,1.0,0.0,0.0,0.0,0.0,1.0
window_10_0pct::CXTtW71G8YykrqXHdk,window_10_0pct,1784124309.932545,0,-0.3102500498653269,-0.18583349518778575,-0.4595469247826276,-0.26531974571931044,-0.4040441742631775,-0.2481630810610936,-0.23644039089767296,-0.11722089325856036,1.0,0.0,0.0,1.0,0.0,0.0,0.0,0.0,0.0,1.0
window_10_0pct::CICKxl2GdQtaI7gmV6,window_10_0pct,1784124869.691027,0,-0.3885508961502319,-0.2818055000517585,-0.6191102069266692,-0.3355878063014919,-0.5568037075857005,-0.19628859115908165,-0.2042474720279674,-0.0583203338589603,1.0,0.0,0.0,1.0,0.0,0.0,0.0,0.0,0.0,1.0
window_06_15pct::CwRePY1LkArVuSXzI7,window_06_15pct,1783710630.231715,1,-0.3896509339297459,-0.3531585993201904,-0.6852426123739334,-0.38828885173812794,-0.6077235520265416,-0.059739443564142736,0.14827094708637836,-0.37072068314587064,1.0,0.0,0.0,1.0,0.0,0.0,0.0,0.0,0.0,1.0
window_10_0pct::C1nJcLsGKZKrieSl,window_10_0pct,1784124877.268487,0,0.2318508865349356,0.2631485797410607,1.8441253894788185,0.6481650418490482,1.5563698367092011,-0.2490793475981642,-0.23667011420927372,-0.423487572035121,1.0,0.0,0.0,1.0,0.0,0.0,0.0,0.0,0.0,1.0
window_10_0pct::C3OGp04LEXp0iNM1rc,window_10_0pct,1784123915.49239,0,1.184987324094198,0.45780484178037933,0.3799076210730243,0.20898966321041426,0.3597534923494376,-0.2494273932532322,-0.2370439972123209,-0.05875746272754141,1.0,0.0,0.0,1.0,0.0,0.0,0.0,0.0,0.0,1.0
window_05_12pct::CW5ShF2VAl8m6cBj7i,window_05_12pct,1783707880.69379,1,-0.389712882178436,-0.36984938277479434,-0.7379063557416712,-0.4585569123203094,-0.7095632409082235,-0.24979859986280267,63.744774865661626,-0.6040302242810942,1.0,0.0,0.0,0.0,1.0,0.0,1.0,0.0,0.0,0.0
window_10_0pct::C2OR2u417x7OSvZQul,window_10_0pct,1784124679.453777,0,-0.3884322091557573,-0.36984938277479434,-0.7379063557416712,-0.4058558668836733,-0.684103318687803,-0.24979859986280267,-0.2222300559548669,-0.6040302242810942,1.0,0.0,0.0,0.0,1.0,0.0,0.0,0.0,0.0,1.0
window_10_0pct::CmALF81EzOxHpMh2Gh,window_10_0pct,1784124657.478747,0,-0.38875351165258215,0.0036068970219691773,-0.2055967883494133,-0.10721660940940221,-0.174904874279393,0.02510741225256093,-0.13251439740608703,-0.08737500688171841,1.0,0.0,0.0,1.0,0.0,0.0,0.0,0.0,0.0,1.0
window_10_0pct::CQJ9ns4u4vHEdQVOFc,window_10_0pct,1784125148.077547,0,-0.38692724995265837,-0.00536439908488045,-0.35007686848010516,-0.14235063970049294,-0.3022044853814955,-0.15739074644528658,-0.2045524653792343,0.0880519808599643,1.0,0.0,0.0,1.0,0.0,0.0,0.0,0.0,0.0,1.0
window_10_0pct::CUNM112cQ7eY8YPp5k,window_10_0pct,1784124652.453608,0,-0.3884090973242195,-0.27658963022219474,-0.5940211061129143,-0.3355878063014919,-0.53134378536528,-0.19928269861007417,-0.20782707494782093,-0.12676858986851766,1.0,0.0,0.0,1.0,0.0,0.0,0.0,0.0,0.0,1.0
window_10_0pct::CY1O4L1ex3T3m6aLva,window_10_0pct,1784125607.284734,0,0.11752790758952991,0.26210540577514796,1.6335341478473602,0.5954639964124121,1.352690458945837,-0.24891869352814514,-0.23658743694554427,-0.40777892442392,1.0,0.0,0.0,1.0,0.0,0.0,0.0,0.0,0.0,1.0
window_10_0pct::CDDr6v3t7H9x1efto8,window_10_0pct,1784124393.293118,0,-0.03806445446754554,0.19492500237036703,-0.0924302853562953,-0.019381533681675417,-0.07306518539771098,-0.24866429214097835,-0.23680890426071435,0.04032181664187962,1.0,0.0,0.0,1.0,0.0,0.0,0.0,0.0,0.0,1.0
window_10_0pct::Cv7fth3JDaES0Z3RZe,window_10_0pct,1784124542.95723,0,0.2649482462711533,0.09811845833366409,0.24963974114927742,0.05088652690050602,0.20699395902691456,-0.24929374787072167,-0.23694331294155482,-0.25505712806590497,1.0,0.0,0.0,1.0,0.0,0.0,0.0,0.0,0.0,1.0
window_10_0pct::CjDCZw4oWUJDXCpn0k,window_10_0pct,1784124383.182075,0,-0.38916594842462104,-0.1916752693968971,1.1531235417489236,0.27925772379259567,0.9453317034191091,-0.019752319010235175,0.1386804330394257,-0.5346422851239325,1.0,0.0,0.0,1.0,0.0,0.0,0.0,0.0,0.0,1.0
window_10_0pct::C9SKcXJokhtaC2Qi,window_10_0pct,1784124884.596781,0,-0.3890030447067146,-0.2776328041881075,-0.5573540544579261,-0.3180207911559465,-0.5058838631448596,-0.1580564240763324,-0.17654885458520395,-0.22793524397111378,1.0,0.0,0.0,1.0,0.0,0.0,0.0,0.0,0.0,1.0
window_10_0pct::CAQIE44CYj7OjDYDxl,window_10_0pct,1784125487.89175,0,-0.38971195343509013,-0.3631730693929528,-0.7368866463097827,-0.4585569123203094,-0.7095632409082235,4.449110753733854,4.527449940319026,4.119297628905474,0.0,1.0,1.0,0.0,0.0,0.0,0.0,0.0,0.0,1.0
window_10_0pct::CcCMuW6K1WZKh9na2,window_10_0pct,1784125405.004703,0,-0.13693200189024177,0.8218725558839282,1.066065849001449,0.6305980267035028,0.9453317034191091,-0.2464689754011803,-0.2359708166002712,-0.11753045900286915,1.0,0.0,0.0,1.0,0.0,0.0,0.0,0.0,0.0,1.0
window_08_22pct::CH7tHk4pkAznA7Fmfd,window_08_22pct,1783718130.496121,1,-0.08356818132200727,-0.32603607620645897,-0.7379063557416712,-0.35315482144703725,-0.6077235520265416,-0.24969752484017482,-0.23705308912675924,1518.2410825660247,1.0,0.0,0.0,1.0,0.0,0.0,0.0,1.0,0.0,0.0
window_10_0pct::CpdH2220GwpfIHHCMg,window_10_0pct,1784125950.770297,0,0.31122974763932565,0.1913782108862637,1.482256004837412,0.5251959358302307,1.2253908478437345,-0.24923311476420962,-0.23677361181520729,-0.41786747623770754,1.0,0.0,0.0,1.0,0.0,0.0,0.0,0.0,0.0,1.0
window_10_0pct::COYHeAwjc88PXWnt1,window_10_0pct,1784124279.397838,0,-0.3887714673572688,-0.36984938277479434,-0.7379063557416712,-0.4058558668836733,-0.684103318687803,-0.24979859986280267,-0.21684930203256036,-0.6040302242810942,1.0,0.0,0.0,0.0,1.0,0.0,0.0,0.0,0.0,1.0
window_10_0pct::COrsGu2WyTV2B2c6g3,window_10_0pct,1784124116.329054,0,0.23424341479556354,0.4484162760871646,0.8079518990546902,0.4549278752480493,0.7416523256557451,-0.24887239987623455,-0.23675629078474733,-0.21421271342051323,1.0,0.0,0.0,1.0,0.0,0.0,0.0,0.0,0.0,1.0
window_08_22pct::CqQoAu4ghpe3UknOQf,window_08_22pct,1783719130.341038,1,-0.07482142594362974,-0.3258274414132764,-0.7379063557416712,-0.35315482144703725,-0.6077235520265416,-0.2496998644650812,-0.23705612573716656,1525.4736783412168,1.0,0.0,0.0,1.0,0.0,0.0,0.0,1.0,0.0,0.0
window_10_0pct::CkWUNN3LVo8y9TcJf5,window_10_0pct,1784125214.802291,0,-0.02291376818959839,-0.27784143898129005,-0.5815509095187786,-0.3180207911559465,-0.5058838631448596,-0.24962144151226642,-0.23704509702551313,-0.1707229648245473,1.0,0.0,0.0,1.0,0.0,0.0,0.0,0.0,0.0,1.0
window_10_0pct::Cci9PF13JFc0OwD2id,window_10_0pct,1784124593.519875,0,0.45524914561572166,-0.09862415163748006,-0.5216217364488357,-0.23018571542821972,-0.4040441742631775,-0.24957189672746574,-0.23708319221122004,0.3194007821763317,1.0,0.0,0.0,1.0,0.0,0.0,0.0,0.0,0.0,1.0
window_10_0pct::Cqe73UXM0m1jbPsu,window_10_0pct,1784124679.418637,0,-0.3880525452810954,-0.19584796526054812,1.1531235417489236,0.3143917540836864,0.9453317034191091,-0.17578667646968194,-0.10758519629494549,-0.5362672954086435,1.0,0.0,0.0,1.0,0.0,0.0,0.0,0.0,0.0,1.0
window_10_0pct::CW2o7917DDGDOulHEj,window_10_0pct,1784125716.570488,0,-0.3894747395743039,-0.28034505649948066,1.1454757210097604,0.3143917540836864,0.9198717811986885,0.015561329827342334,0.6660108027234461,-0.5690322141344901,1.0,0.0,0.0,1.0,0.0,0.0,0.0,0.0,0.0,1.0
window_08_22pct::CZBFrh1lESAdswXqPl,window_08_22pct,1783718127.982471,1,-0.38971290352885773,-0.36984938277479434,-0.7379063557416712,-0.4585569123203094,-0.7095632409082235,-0.24979859986280267,89.33754977592461,-0.6040302242810942,1.0,0.0,0.0,0.0,1.0,0.0,1.0,0.0,0.0,0.0
window_10_0pct::C6QhHq2df2SrAugHdi,window_10_0pct,1784125138.962627,0,-0.21262132863869118,0.17176654032710403,-0.02406726552677518,-0.019381533681675417,-0.02214534095686998,-0.24763857842196388,-0.2364604583362007,-0.045275987088038386,1.0,0.0,0.0,1.0,0.0,0.0,0.0,0.0,0.0,1.0
window_10_0pct::CYItODb2jBy7K6AO2,window_10_0pct,1784124766.787624,0,-0.3891000289974865,-0.00536439908488045,-0.35007686848010516,-0.14235063970049294,-0.3022044853814955,0.170187497342754,-0.08895289248052646,0.0880519808599643,1.0,0.0,0.0,1.0,0.0,0.0,0.0,0.0,0.0,1.0
window_10_0pct::Cn3YRI1HV7IspNCMWk,window_10_0pct,1784124265.748518,0,-0.38924341842991894,-0.19000619105143673,1.1531235417489236,0.26169070864705035,0.9453317034191091,0.020713992147381323,0.19050877859639473,-0.5339922810100481,1.0,0.0,0.0,1.0,0.0,0.0,0.0,0.0,0.0,1.0
window_10_0pct::CqmOYh3XQwff6ajfV5,window_10_0pct,1784125052.557677,0,0.2558999055104315,-0.28117959567221085,-0.6034321744113845,-0.3180207911559465,-0.5058838631448596,-0.24970160066091204,-0.23709575967824081,-0.11850610416475067,1.0,0.0,0.0,1.0,0.0,0.0,0.0,0.0,0.0,1.0
window_10_0pct::CTxkYE2sUpk70ZWfpc,window_10_0pct,1784124845.37322,0,0.2743515377933684,-0.19000619105143673,0.6992466248260841,0.15628861777377817,0.5634328701128016,-0.2496073291791071,-0.23690321648258075,-0.5118734555974762,1.0,0.0,0.0,1.0,0.0,0.0,0.0,0.0,0.0,1.0
window_08_22pct::CYlC4A1fVwceVMSgE3,window_08_22pct,1783719128.516312,1,-0.3897128715032251,-0.36984938277479434,-0.7379063557416712,-0.4585569123203094,-0.7095632409082235,-0.24979859986280267,55.747032706204436,-0.6040302242810942,1.0,0.0,0.0,0.0,1.0,0.0,1.0,0.0,0.0,0.0
window_05_12pct::CMF6zB19gswNPHOlAa,window_05_12pct,1783707881.177972,1,-0.389234995688541,-0.3531585993201904,-0.6852426123739334,-0.38828885173812794,-0.6077235520265416,-0.2251354390718078,-0.18714637790852148,-0.37072068314587064,1.0,0.0,0.0,1.0,0.0,0.0,0.0,0.0,0.0,1.0
window_10_0pct::Cwo0Gs3FlWaBcqnQPh,window_10_0pct,1784125042.711747,0,0.138807734163991,0.15570166125204773,1.4849964739356123,0.5954639964124121,1.2253908478437345,-0.24909630809395328,-0.23661058708328386,-0.4299165298516472,1.0,0.0,0.0,1.0,0.0,0.0,0.0,0.0,0.0,1.0
window_10_0pct::CcJVkukidCvmph0k1,window_10_0pct,1784124500.101475,0,0.36739306753226053,-0.27492055187673436,-0.5955506702607468,-0.3180207911559465,-0.5058838631448596,-0.24971004628761664,-0.23710557475621571,-0.11300798051619883,1.0,0.0,0.0,1.0,0.0,0.0,0.0,0.0,0.0,1.0
window_10_0pct::CfRUQ8wX0f6BSK106,window_10_0pct,1784124606.749064,0,-0.3888161110891354,-0.18750257353324612,1.1531235417489236,0.3670927995203225,0.9453317034191091,-0.10620170416111463,0.018728783221988815,-0.5330172748392215,1.0,0.0,0.0,1.0,0.0,0.0,0.0,0.0,0.0,1.0
window_10_0pct::CKx0cK3oYqJeqqLKc7,window_10_0pct,1784124133.212341,0,0.29294596169692894,-0.09382555139428142,-0.3328692718169879,-0.1599176548460383,-0.3022044853814955,-0.24951303321679472,-0.2370363432261236,-0.1021828329463837,1.0,0.0,0.0,1.0,0.0,0.0,0.0,0.0,0.0,1.0
window_10_0pct::ClPrXi2GoLiNSHsuah,window_10_0pct,1784125859.036726,0,-0.3896961434477887,-0.36984938277479434,-0.7379063557416712,-0.4058558668836733,-0.684103318687803,-0.24979859986280267,0.9002942526824602,-0.6040302242810942,1.0,0.0,0.0,0.0,1.0,0.0,0.0,0.0,0.0,1.0
window_10_0pct::CHhpTw35AtN1CTATq8,window_10_0pct,1784124645.693548,0,-0.38932071763184295,-0.279719152119933,-0.5955506702607468,-0.3180207911559465,-0.53134378536528,-0.08751147116579487,-0.12745819291056196,-0.1378288851460726,1.0,0.0,0.0,1.0,0.0,0.0,0.0,0.0,0.0,1.0
window_10_0pct::C3vdY23eMHOIwyJXgd,window_10_0pct,1784124876.02016,0,0.12799080986768674,-0.08944422073744789,-0.28772588550942724,-0.1599176548460383,-0.2512846409406545,-0.2494160664731017,-0.23699617476592863,-0.14533785348749495,1.0,0.0,0.0,1.0,0.0,0.0,0.0,0.0,0.0,1.0
window_10_0pct::CU0J4h1okyBEcbPBmf,window_10_0pct,1784124974.350497,0,0.5190466397347454,0.10646385006096606,-0.21872554728497684,-0.0720825791183115,-0.14944495205897249,-0.24942842382177807,-0.2370414029345504,0.07158418466993609,1.0,0.0,0.0,1.0,0.0,0.0,0.0,0.0,0.0,1.0
window_10_0pct::CWHjGk4o8mG5pq1P8i,window_10_0pct,1784125106.780113,0,-0.14596862126942614,-0.27533782146309943,-0.06173278266715404,-0.14235063970049294,-0.09852510761813149,-0.24952474839369468,-0.23678971723487477,-0.5010969573580045,1.0,0.0,0.0,1.0,0.0,0.0,0.0,0.0,0.0,1.0
window_06_15pct::C2pzIV36gm4dbK6UF7,window_06_15pct,1783711632.383434,1,-0.08641177994281976,-0.32603607620645897,-0.7379063557416712,-0.35315482144703725,-0.6077235520265416,-0.2496965772118213,-0.2370520641895143,1518.2410825660247,1.0,0.0,0.0,1.0,0.0,0.0,0.0,1.0,0.0,0.0
window_10_0pct::CvBYirXxsUZAHInn6,window_10_0pct,1784124904.471529,0,1.1967514064751186,-0.18583349518778575,-0.3501406003195982,-0.195051685137129,-0.276744563161075,-0.2497166799145822,-0.23711419062389086,-0.25456438261793635,1.0,0.0,0.0,1.0,0.0,0.0,0.0,0.0,0.0,1.0
window_10_0pct::CEWNRAkt8WtEfqJ9a,window_10_0pct,1784124998.69896,0,0.6935809892109511,0.16300387901343696,1.014655498477074,0.3670927995203225,0.8689519367578475,-0.2494512029283201,-0.2369505608050512,-0.3801211645482499,1.0,0.0,0.0,1.0,0.0,0.0,0.0,0.0,0.0,1.0
window_10_0pct::CbBl5nx0yWoVwIJKb,window_10_0pct,1784124752.444366,0,14.41729470686244,13.767244203274757,8.05162780004613,14.104498643336793,9.856304480566285,-0.249124293122017,-0.23689440512976453,0.5804720034901975,1.0,0.0,0.0,1.0,0.0,0.0,0.0,0.0,0.0,1.0
window_10_0pct::CKXJHP1yfmLA4J7fBj,window_10_0pct,1784125035.745352,0,-0.38918100047195053,-0.10676090857159949,-0.5306291697638502,-0.2477527305737651,-0.45496401870401854,0.0994948377809495,-0.12032035801851562,0.3306186046302633,1.0,0.0,0.0,1.0,0.0,0.0,0.0,0.0,0.0,1.0
window_10_0pct::C2HLMB2ahg62sYiW2e,window_10_0pct,1784124634.964167,0,0.1859771034955967,-0.36984938277479434,-0.7379063557416712,-0.38828885173812794,-0.6586433964673826,-0.24979859986280267,-0.23712088465929737,-0.6040302242810942,1.0,0.0,0.0,0.0,1.0,0.0,0.0,0.0,0.0,1.0
window_10_0pct::CRLVsw2Igouehb3Rji,window_10_0pct,1784126000.725568,0,-0.37599929278807465,-0.2767982650153773,-0.6106338722740966,-0.3355878063014919,-0.53134378536528,-0.24500642391065405,-0.23437328250018166,-0.06568948400479219,1.0,0.0,0.0,1.0,0.0,0.0,0.0,0.0,0.0,1.0
window_08_22pct::Cf4Cim3o4FQIawIQ6l,window_08_22pct,1783718128.52361,1,-0.38923713073071536,-0.3531585993201904,-0.6852426123739334,-0.38828885173812794,-0.6077235520265416,-0.2250247749442373,-0.18692195490765828,-0.37072068314587064,1.0,0.0,0.0,1.0,0.0,0.0,0.0,0.0,0.0,1.0
window_10_0pct::CCflayYkTsSo4kU41,window_10_0pct,1784125717.763684,0,0.8148147794185497,0.2863070417843237,0.10358760897775758,0.06845354204605138,0.10515427014523254,-0.2494138705737449,-0.23703936136742135,-0.029797322307484567,1.0,0.0,0.0,1.0,0.0,0.0,0.0,0.0,0.0,1.0
window_04_7pct::C55D9j39IgYGDaX7oi,window_04_7pct,1783704131.386235,1,-0.3893091350280469,-0.3531585993201904,-0.6852426123739334,-0.38828885173812794,-0.6077235520265416,-0.22060742670812322,-0.17796372635816685,-0.37072068314587064,1.0,0.0,0.0,1.0,0.0,0.0,0.0,0.0,0.0,1.0
window_10_0pct::CD4y2e2mZliIxdcHuc,window_10_0pct,1784124592.379577,0,0.09801346198738967,0.008614132058350365,-0.10717358422568218,-0.10721660940940221,-0.09852510761813149,-0.24925055967447848,-0.23695654860525583,-0.16214787824363627,1.0,0.0,0.0,1.0,0.0,0.0,0.0,0.0,0.0,1.0
window_05_12pct::CbXhgA4JNffvLdbPWc,window_05_12pct,1783707882.303262,1,-0.0748993870086278,-0.3264533457928241,-0.7379063557416712,-0.35315482144703725,-0.6077235520265416,-0.24970124418251463,-0.23705609941671918,1503.7758910156408,1.0,0.0,0.0,1.0,0.0,0.0,0.0,1.0,0.0,0.0
window_10_0pct::Cs4Vod3sF5krlT0UQ3,window_10_0pct,1784125774.663238,0,0.44159046951008574,0.2796307284024821,-0.16429855635793192,0.0157524966094153,-0.12398502983855199,-0.24924681350978387,-0.23700137126137416,0.22979951604082582,1.0,0.0,0.0,1.0,0.0,0.0,0.0,0.0,0.0,1.0
window_10_0pct::CrJt2f32Kova0slUv1,window_10_0pct,1784124967.944713,0,0.8293760552786225,0.6136550322877438,3.7490063400858977,1.4913817688352256,3.160344936595693,-0.24922882200735058,-0.23672315724091078,-0.4426057818576542,1.0,0.0,0.0,1.0,0.0,0.0,0.0,0.0,0.0,1.0
window_10_0pct::Cb5ndk3u1Dn92gb7Ob,window_10_0pct,1784124054.819761,0,-0.25298606235543675,-0.18374714725596025,-0.4300815709903515,-0.26531974571931044,-0.37858425204275703,-0.24883729240953098,-0.23674278709235563,-0.15882454962294756,1.0,0.0,0.0,1.0,0.0,0.0,0.0,0.0,0.0,1.0
window_10_0pct::CGNiJl1dv2AQKdt7Ta,window_10_0pct,1784125646.577172,0,0.1032517879622696,0.07495999629040109,0.2505532308486775,0.0157524966094153,0.23245388124733507,-0.24916133093394316,-0.23689084483188097,-0.2726334008830887,1.0,0.0,0.0,1.0,0.0,0.0,0.0,0.0,0.0,1.0
window_10_0pct::CKFQeh3RFxAs6qQy9b,window_10_0pct,1784124679.441068,0,-0.3882967407297919,-0.09799824725793241,-0.5306291697638502,-0.26531974571931044,-0.45496401870401854,-0.11422776502648081,-0.19665041931903376,0.36174885904285414,1.0,0.0,0.0,1.0,0.0,0.0,0.0,0.0,0.0,1.0
window_10_0pct::CrmaKj16ry9Qft1n8b,window_10_0pct,1784124726.846297,0,-0.3885131913054321,-0.18708530394688103,-0.4767545214457448,-0.26531974571931044,-0.42950409648359805,-0.14221177124993836,-0.18934162191215712,-0.08867688939674961,1.0,0.0,0.0,1.0,0.0,0.0,0.0,0.0,0.0,1.0
window_10_0pct::CKkEYe2KgmVdLKsC3d,window_10_0pct,1784124625.786587,0,0.7532947988382193,0.0042328014015168254,-0.17744855923999311,-0.08964959426385685,-0.09852510761813149,-0.24956745591988458,-0.23707038508790773,-0.11249991215134646,1.0,0.0,0.0,1.0,0.0,0.0,0.0,0.0,0.0,1.0
window_10_0pct::CEOMfM2CcFjWLF9ARb,window_10_0pct,1784125705.424404,0,-0.38918865459814567,-0.19104936501734948,-0.5497062337187629,-0.2477527305737651,-0.480423940924439,-0.008946488125925559,-0.11861461726704392,0.09555607135541654,1.0,0.0,0.0,1.0,0.0,0.0,0.0,0.0,0.0,1.0
window_10_0pct::Cul8XC1dcEy2u42DWg,window_10_0pct,1784124557.537813,0,0.5163469109308545,0.36830051550506565,0.24022867285080712,0.17385563291932354,0.23245388124733507,-0.24922322307280817,-0.23696716643591106,-0.04828085731408318,1.0,0.0,0.0,1.0,0.0,0.0,0.0,0.0,0.0,1.0
window_10_0pct::CXprQf2EbEgJl66Ch2,window_10_0pct,1784124904.795029,0,-0.21541151917951115,-0.27492055187673436,-0.5940211061129143,-0.3355878063014919,-0.53134378536528,-0.24941395332096267,-0.23694296741323906,-0.11822699462176012,1.0,0.0,0.0,1.0,0.0,0.0,0.0,0.0,0.0,1.0
window_10_0pct::CQEkvD3ErWe8VV4qa3,window_10_0pct,1784124321.637266,0,0.1126023439427771,-0.007868016603071043,-0.38646774883062346,-0.14235063970049294,-0.3022044853814955,-0.24928965061493602,-0.23698156392316438,0.15446552462835947,1.0,0.0,0.0,1.0,0.0,0.0,0.0,0.0,0.0,1.0
window_10_0pct::CF5SYS3o3eYEgiJBJ3,window_10_0pct,1784125832.46098,0,-0.20617612737389052,0.012369558335636254,0.3392891953694685,0.06845354204605138,0.25791380346775555,-0.24832779976848532,-0.23635485825659175,-0.3427228020287105,1.0,0.0,0.0,1.0,0.0,0.0,0.0,0.0,0.0,1.0
window_10_0pct::COxFuB1LpQezMdvVDb,window_10_0pct,1784124225.887501,0,-0.3086369934769383,0.1719751751202866,-0.24615148221347605,-0.054515563972766135,-0.2003647964998135,-0.24507871682598642,-0.23574710183162445,0.20736772933130573,1.0,0.0,0.0,1.0,0.0,0.0,0.0,0.0,0.0,1.0
window_08_22pct::Cnh4aF4J2BhWBpot45,window_08_22pct,1783719129.21717,1,-0.3892359030814651,-0.3531585993201904,-0.6852426123739334,-0.38828885173812794,-0.6077235520265416,-0.22508852785028893,-0.18705124358325684,-0.37072068314587064,1.0,0.0,0.0,1.0,0.0,0.0,0.0,0.0,0.0,1.0
window_10_0pct::CxNbF52bWjg5aIhRV,window_10_0pct,1784125414.029786,0,-0.060302135687916675,-0.09445145577382907,-0.23134445150459615,-0.08964959426385685,-0.225824718720234,-0.2492081439520146,-0.23684309691697708,-0.2036684687139823,1.0,0.0,0.0,1.0,0.0,0.0,0.0,0.0,0.0,1.0
window_10_0pct::CJsdjr1v2vgJaiJpTh,window_10_0pct,1784125284.977393,0,-0.3067072356076107,-0.36984938277479434,-0.7379063557416712,-0.4058558668836733,-0.684103318687803,-0.24979859986280267,-0.236932009265335,-0.6040302242810942,1.0,0.0,0.0,0.0,1.0,0.0,0.0,0.0,0.0,1.0
window_10_0pct::C5VT1l1LKdawUULt55,window_10_0pct,1784124211.04712,0,-0.3896574351331669,-0.36984938277479434,-0.7379063557416712,-0.4058558668836733,-0.6586433964673826,-0.24979859986280267,0.10728947304936673,-0.6040302242810942,1.0,0.0,0.0,0.0,1.0,0.0,0.0,0.0,0.0,1.0
window_10_0pct::CyEMtk4lZdP2CTWJP4,window_10_0pct,1784124754.675911,0,2.7958512163234945,0.6407775554014753,1.108511254103805,0.5251959358302307,1.0726313145212116,-0.2495745373608591,-0.23707685992266736,-0.20094340557073342,1.0,0.0,0.0,1.0,0.0,0.0,0.0,0.0,0.0,1.0
window_08_22pct::CuWKH62zBQQnRTJYD5,window_08_22pct,1783719130.93068,1,-0.08097932525823286,-0.32624471099964153,-0.7379063557416712,-0.35315482144703725,-0.6077235520265416,-0.2496988496686756,-0.23705400582635386,1511.0084867908329,1.0,0.0,0.0,1.0,0.0,0.0,0.0,1.0,0.0,0.0
window_10_0pct::CLr35A36EIOHOMvKoe,window_10_0pct,1784126037.941896,0,-0.3886454998689794,-0.36984938277479434,-0.7379063557416712,-0.4058558668836733,-0.684103318687803,-0.24979859986280267,-0.21924639259766787,-0.6040302242810942,1.0,0.0,0.0,0.0,1.0,0.0,0.0,0.0,0.0,1.0
window_10_0pct::CCvUw4AYzS8w4JM48,window_10_0pct,1784125404.808985,0,-0.388714248226995,-0.279719152119933,-0.5573540544579261,-0.3004537760104012,-0.5058838631448596,-0.18606090858595553,-0.1892891431201233,-0.23644418017722194,1.0,0.0,0.0,1.0,0.0,0.0,0.0,0.0,0.0,1.0
window_10_0pct::CvRolb2fFdp5dWnyH5,window_10_0pct,1784124884.59534,0,-0.3889875549757394,-0.18750257353324612,1.1531235417489236,0.3143917540836864,0.9453317034191091,-0.07226353979554614,0.05943386740332891,-0.5330172748392215,1.0,0.0,0.0,1.0,0.0,0.0,0.0,0.0,0.0,1.0
window_10_0pct::CL3aMb2T5BdUdmGRb2,window_10_0pct,1784125021.796726,0,-0.389712049511988,-0.3631730693929528,-0.7368866463097827,-0.4585569123203094,-0.7095632409082235,4.94664233234997,5.031938306822958,4.119297628905474,0.0,1.0,1.0,0.0,0.0,0.0,0.0,0.0,0.0,1.0
window_08_22pct::CrfRul364Ec4UuLxA7,window_08_22pct,1783718128.535778,1,-0.3892345366544735,-0.3531585993201904,-0.6852426123739334,-0.4058558668836733,-0.6077235520265416,-0.2251591028506817,-0.19718797578225764,-0.37072068314587064,1.0,0.0,0.0,1.0,0.0,0.0,0.0,0.0,0.0,1.0
window_10_0pct::CwxTpC1m7h38Vn59Ng,window_10_0pct,1784124684.752605,0,-0.3893625004071959,-0.275546456256282,-0.5573540544579261,-0.3180207911559465,-0.5058838631448596,-0.05975391698370307,-0.1143788330253386,-0.2194263077650056,1.0,0.0,0.0,1.0,0.0,0.0,0.0,0.0,0.0,1.0
window_08_22pct::CuEdV81Jvem4ORGXLc,window_08_22pct,1783718127.976559,1,-0.3897129142040686,-0.36984938277479434,-0.7379063557416712,-0.4585569123203094,-0.7095632409082235,-0.24979859986280267,111.73122782240476,-0.6040302242810942,1.0,0.0,0.0,0.0,1.0,0.0,1.0,0.0,0.0,0.0
window_10_0pct::CWO1X44QUhS7F1Cjzj,window_10_0pct,1784124258.994371,0,-0.3850509108385341,0.4567616678144666,-0.6461112629252148,0.05088652690050602,-0.174904874279393,-0.12457409715701041,-0.20639601705060617,6.0261281425191,1.0,0.0,0.0,0.0,0.0,1.0,0.0,0.0,0.0,1.0
window_10_0pct::CFFbAqzR1yOQ7jfU9,window_10_0pct,1784125290.698672,0,-0.3888123000388541,-0.36984938277479434,-0.7379063557416712,-0.4058558668836733,-0.684103318687803,-0.24979859986280267,-0.21592837565012418,-0.6040302242810942,1.0,0.0,0.0,0.0,1.0,0.0,0.0,0.0,0.0,1.0
window_10_0pct::CmzTgA42IyhK46r1j1,window_10_0pct,1784124622.576584,0,-0.3849036676549769,-0.36984938277479434,-0.7379063557416712,-0.4058558668836733,-0.684103318687803,-0.24979859986280267,-0.23318581848023937,-0.6040302242810942,1.0,0.0,0.0,0.0,1.0,0.0,0.0,0.0,0.0,1.0
window_10_0pct::CQRE7s3TlMsGp3qb4e,window_10_0pct,1784125171.336374,0,-0.04299411739527308,-0.09445145577382907,-0.2822024594200316,-0.14235063970049294,-0.2512846409406545,-0.24923761919402732,-0.2369004059191641,-0.15898890304049426,1.0,0.0,0.0,1.0,0.0,0.0,0.0,0.0,0.0,1.0
window_10_0pct::CyeymD1jgm6HrHWZIj,window_10_0pct,1784125623.059433,0,0.09801352603865489,0.2011840461658435,0.5400869776654984,0.15628861777377817,0.4615931812311196,-0.24897170581734743,-0.23680950480114435,-0.274975309194402,1.0,0.0,0.0,1.0,0.0,0.0,0.0,0.0,0.0,1.0
window_10_0pct::CgmMsS2vFLq1wipiJ1,window_10_0pct,1784124205.362583,0,0.11641921221399876,-0.27784143898129005,-0.5815509095187786,-0.3180207911559465,-0.5058838631448596,-0.24967021138403048,-0.23707739207965262,-0.1707229648245473,1.0,0.0,0.0,1.0,0.0,0.0,0.0,0.0,0.0,1.0
window_10_0pct::CZsj7I1vAUrlqMfN02,window_10_0pct,1784124550.389788,0,-0.38971173993087266,-0.3631730693929528,-0.7368866463097827,-0.4585569123203094,-0.7095632409082235,3.624740691699352,3.691553036755004,4.119297628905474,0.0,1.0,1.0,0.0,0.0,0.0,0.0,0.0,0.0,1.0
window_10_0pct::CaInP41cwV8nhYALVk,window_10_0pct,1784125236.564458,0,0.18097582057812905,0.3672573415391529,0.043573460121823976,0.12115458748268745,0.02877450348397103,-0.24888638801162785,-0.23687756311183444,0.09058365762700094,1.0,0.0,0.0,1.0,0.0,0.0,0.0,0.0,0.0,1.0
window_10_0pct::CXDp0M3jCivpMStx81,window_10_0pct,1784125777.568082,0,-0.38763384216027463,-0.36984938277479434,-0.7379063557416712,-0.4058558668836733,-0.684103318687803,-0.24979859986280267,-0.22796398606236495,-0.6040302242810942,1.0,0.0,0.0,0.0,1.0,0.0,0.0,0.0,0.0,1.0
window_10_0pct::C19Dor4oUnopTZfwx6,window_10_0pct,1784124124.71406,0,-0.38926992497851415,-0.36984938277479434,-0.7379063557416712,-0.4058558668836733,-0.684103318687803,-0.24979859986280267,-0.19399491418330314,-0.6040302242810942,1.0,0.0,0.0,0.0,1.0,0.0,0.0,0.0,0.0,1.0
window_10_0pct::CXAVR9157pg7cFsgYk,window_10_0pct,1784126064.587081,0,-0.3846240198309746,0.4567616678144666,-0.6461112629252148,0.05088652690050602,-0.174904874279393,-0.13507869042561185,-0.20897688930203406,6.0261281425191,1.0,0.0,0.0,0.0,0.0,1.0,0.0,0.0,0.0,1.0
window_10_0pct::CMcOrG2XP5AldH6vj2,window_10_0pct,1784125015.2022,0,-0.31899453142378875,-0.36984938277479434,-0.7379063557416712,-0.4058558668836733,-0.684103318687803,-0.24979859986280267,-0.23689197723813124,-0.6040302242810942,1.0,0.0,0.0,0.0,1.0,0.0,0.0,0.0,0.0,1.0
window_10_0pct::CIhxSU1BlyZFFNdE6l,window_10_0pct,1784124759.226995,0,-0.12794099768711337,-0.08756650759880494,1.4066275553056868,0.3670927995203225,1.1490110811824732,-0.2490370013660711,-0.23628571202328902,-0.5070931364066756,1.0,0.0,0.0,1.0,0.0,0.0,0.0,0.0,0.0,1.0
window_02_3pct::CzgEMt2W3sgKqZMTN8,window_02_3pct,1783695630.902763,1,-0.38971290352885773,-0.36984938277479434,-0.7379063557416712,-0.4585569123203094,-0.7095632409082235,-0.24979859986280267,89.33754977592461,-0.6040302242810942,1.0,0.0,0.0,0.0,1.0,0.0,1.0,0.0,0.0,0.0
window_10_0pct::C6NFgh12gF7EjHqn8d,window_10_0pct,1784126049.515617,0,0.25356688087520407,-0.2761723606358297,-0.5815509095187786,-0.2828867608648558,-0.480423940924439,-0.24969575139966374,-0.23708065305484596,-0.1628625156734081,1.0,0.0,0.0,1.0,0.0,0.0,0.0,0.0,0.0,1.0
window_10_0pct::Cr67kQ1oIwg6Ib3TB,window_10_0pct,1784124516.903547,0,0.41368193479593457,0.2835947894729506,1.7949456533366994,0.7535671327223203,1.5309099144887806,-0.24922416063144257,-0.23674582764898175,-0.4140371860023247,1.0,0.0,0.0,1.0,0.0,0.0,0.0,0.0,0.0,1.0
window_10_0pct::CIgqO31mj4StZ2thje,window_10_0pct,1784125576.120165,0,-0.3893740082845159,-0.18374714725596025,-0.4300815709903515,-0.23018571542821972,-0.37858425204275703,0.13797870585234454,-0.03968107545479678,-0.15882454962294756,1.0,0.0,0.0,1.0,0.0,0.0,0.0,0.0,0.0,1.0
window_10_0pct::CvR0ly2fOggQjmyDi9,window_10_0pct,1784125716.684402,0,-0.2642404994941182,0.27045079750244994,-0.10893683178498925,-0.0018145185361300583,-0.07306518539771098,-0.2461944744924764,-0.23613357139856236,0.14566027943628077,1.0,0.0,0.0,1.0,0.0,0.0,0.0,0.0,0.0,1.0
window_10_0pct::C1M1wr3SA9Sr1AHfxh,window_10_0pct,1784125764.487332,0,-0.3889762392522151,-0.09674643849883711,-0.5306291697638502,-0.2477527305737651,-0.45496401870401854,0.012013657571889028,-0.15279510732266752,0.3661960382446528,1.0,0.0,0.0,1.0,0.0,0.0,0.0,0.0,0.0,1.0
window_10_0pct::ChKCEE4tgBUo1xrDec,window_10_0pct,1784124236.715173,0,-0.3698310491941366,-0.36984938277479434,-0.7379063557416712,-0.4058558668836733,-0.684103318687803,-0.24979859986280267,-0.23620050135484202,-0.6040302242810942,1.0,0.0,0.0,0.0,1.0,0.0,0.0,0.0,0.0,1.0
window_10_0pct::Cu1Prz1cjKHb3BUOE1,window_10_0pct,1784124928.528179,0,0.7423640234179651,0.2908970072343398,1.6051309913799678,0.6481650418490482,1.3781503811662577,-0.24938638513076736,-0.23689211630866375,-0.3963504003572473,1.0,0.0,0.0,1.0,0.0,0.0,0.0,0.0,0.0,1.0
window_10_0pct::Ced1tfS3dVIy8hXD,window_10_0pct,1784123939.370312,0,0.3411039943330213,-0.09820688205111495,-0.2822024594200316,-0.17748466999158366,-0.2512846409406545,-0.24953608507244973,-0.23705119273433706,-0.16505764833013883,1.0,0.0,0.0,1.0,0.0,0.0,0.0,0.0,0.0,1.0
window_02_3pct::CfUspTVVjNyiVxzfd,window_02_3pct,1783695631.409348,1,-0.3895988709263233,-0.3531585993201904,-0.6852426123739334,-0.38828885173812794,-0.6077235520265416,-0.14647271812843246,-0.027621116401059777,-0.37072068314587064,1.0,0.0,0.0,1.0,0.0,0.0,0.0,0.0,0.0,1.0
window_10_0pct::CgIRt01tCVs4xjmYMk,window_10_0pct,1784124708.753382,0,-0.38914587902818176,-0.18332987766959513,1.1531235417489236,0.3670927995203225,0.9453317034191091,-0.01750019948980483,0.16753499638992006,-0.5313922645545104,1.0,0.0,0.0,1.0,0.0,0.0,0.0,0.0,0.0,1.0
window_10_0pct::Ck2jI246tEqPnrjanb,window_10_0pct,1784124383.159171,0,-0.38971183600777054,-0.3631730693929528,-0.7368866463097827,-0.4585569123203094,-0.7095632409082235,3.956844059547537,4.028300075047938,4.119297628905474,0.0,1.0,1.0,0.0,0.0,0.0,0.0,0.0,0.0,1.0
window_10_0pct::CjmdwP2tm1NvkOnith,window_10_0pct,1784125974.99534,0,-0.10192964009870858,0.08101040529269503,1.6150519143943822,0.5778969812668668,1.3272305367254167,-0.2486921275317936,-0.23616558820094927,-0.4629175530081639,1.0,0.0,0.0,1.0,0.0,0.0,0.0,0.0,0.0,1.0
window_10_0pct::CQl5ns2l3hQ0989iR6,window_10_0pct,1784124763.888786,0,0.2658960555436328,0.33909164445950873,0.7199169847683226,0.27925772379259567,0.6652725589944836,-0.24903488742335864,-0.2368488248887766,-0.2458995346666418,1.0,0.0,0.0,1.0,0.0,0.0,0.0,0.0,0.0,1.0
window_10_0pct::CYTsae1kCHVYskUZRa,window_10_0pct,1784125042.016319,0,0.29355265528120517,-0.275546456256282,-0.5573540544579261,-0.3004537760104012,-0.480423940924439,-0.24970112328446545,-0.23709243508977393,-0.2194263077650056,1.0,0.0,0.0,1.0,0.0,0.0,0.0,0.0,0.0,1.0
window_10_0pct::C8gxAN1xHHpLAgfGz9,window_10_0pct,1784124247.31288,0,0.0001611911698838152,0.022592663201581178,-0.27340746556999385,-0.1599176548460383,-0.2512846409406545,-0.24908768799911163,-0.236941670546642,0.018146335361091122,1.0,0.0,0.0,1.0,0.0,0.0,0.0,0.0,0.0,1.0
window_10_0pct::CrnQOv4J76Fdnvb80g,window_10_0pct,1784125182.222285,0,-0.3885977816763817,-0.27846734336083767,-0.5573540544579261,-0.3180207911559465,-0.5058838631448596,-0.19192474621875977,-0.19857627459646232,-0.23133881845355705,1.0,0.0,0.0,1.0,0.0,0.0,0.0,0.0,0.0,1.0
window_10_0pct::CG05Kf2IGkOxHVSm5e,window_10_0pct,1784124381.110729,0,-0.37607630375930506,-0.27825870856765517,-0.5306929016033433,-0.3004537760104012,-0.480423940924439,-0.24505499909054068,-0.23365631164767486,-0.278544878785527,1.0,0.0,0.0,1.0,0.0,0.0,0.0,0.0,0.0,1.0
window_10_0pct::CK8E9s18ZaDqSBdWwe,window_10_0pct,1784125724.997709,0,-0.38971192140945754,-0.3631730693929528,-0.7368866463097827,-0.4585569123203094,-0.7095632409082235,4.3037836603236475,4.380090795463925,4.119297628905474,0.0,1.0,1.0,0.0,0.0,0.0,0.0,0.0,0.0,1.0
window_10_0pct::CnOpX91OoqEBCOhtQi,window_10_0pct,1784124475.250501,0,-0.38971218828972926,-0.3631730693929528,-0.7368866463097827,-0.4585569123203094,-0.7095632409082235,5.884888611777276,5.983303714026363,4.119297628905474,0.0,1.0,1.0,0.0,0.0,0.0,0.0,0.0,0.0,1.0
window_10_0pct::CZM33zhpEwLOWKwye,window_10_0pct,1784124267.804451,0,-0.38971224166578367,-0.3631730693929528,-0.7368866463097827,-0.4585569123203094,-0.7095632409082235,6.342701090257879,6.4475176038787705,4.119297628905474,0.0,1.0,1.0,0.0,0.0,0.0,0.0,0.0,0.0,1.0
window_10_0pct::CGuHje1mFRSvNyxNz5,window_10_0pct,1784125620.019284,0,-0.13318946511232171,0.08163630967224268,1.5783848627393942,0.5603299661213215,1.301770614504996,-0.2485555701253262,-0.23606275422660816,-0.4604847498647163,1.0,0.0,0.0,1.0,0.0,0.0,0.0,0.0,0.0,1.0
window_10_0pct::C1NBxwnMfmHfPzSr2,window_10_0pct,1784125394.423921,0,0.07918974522950992,0.11752149409964119,-0.2109927507598229,-0.08964959426385685,-0.174904874279393,-0.2490645230470693,-0.23693808801380198,0.07712377228592536,1.0,0.0,0.0,1.0,0.0,0.0,0.0,0.0,0.0,1.0
window_10_0pct::CyA28h4h3E4PoHrnId,window_10_0pct,1784124276.509577,0,-0.2676564602210426,-0.36984938277479434,-0.7379063557416712,-0.4058558668836733,-0.684103318687803,-0.24979859986280267,-0.2370057237125171,-0.6040302242810942,1.0,0.0,0.0,0.0,1.0,0.0,0.0,0.0,0.0,1.0
window_10_0pct::CaY8Q74HBNYq8lZfml,window_10_0pct,1784125107.024655,0,-0.24473535200064744,-0.2761723606358297,-0.5573540544579261,-0.3180207911559465,-0.5058838631448596,-0.24934225115482353,-0.2368656034484944,-0.22197898862683804,1.0,0.0,0.0,1.0,0.0,0.0,0.0,0.0,0.0,1.0
window_10_0pct::CDuXW84nN5xWCXg3Sa,window_10_0pct,1784125621.887672,0,-0.3888851583530553,-0.36984938277479434,-0.7379063557416712,-0.4058558668836733,-0.684103318687803,-0.24979859986280267,-0.2140594717451168,-0.6040302242810942,1.0,0.0,0.0,0.0,1.0,0.0,0.0,0.0,0.0,1.0
window_04_7pct::CtQKis4SJCyHHBdKf1,window_04_7pct,1783703130.878563,1,-0.38971289285364685,-0.36984938277479434,-0.7379063557416712,-0.4585569123203094,-0.7095632409082235,-0.24979859986280267,74.4084310782712,-0.6040302242810942,1.0,0.0,0.0,0.0,1.0,0.0,1.0,0.0,0.0,0.0
window_10_0pct::CN2lpJ3EJnWA3bXGzi,window_10_0pct,1784124500.101312,0,0.36739518122401316,-0.07233616769647883,-0.4535136439772877,-0.23018571542821972,-0.37858425204275703,-0.2495210678942872,-0.2370739998698838,0.16633738667078027,1.0,0.0,0.0,1.0,0.0,0.0,0.0,0.0,0.0,1.0
window_10_0pct::CKomofRYrbSFUh7we,window_10_0pct,1784124983.66418,0,0.010443020521230141,-0.006824842637158296,-0.11318562108452437,-0.10721660940940221,-0.09852510761813149,-0.24915787534244646,-0.2369114977404027,-0.17609508252259443,1.0,0.0,0.0,1.0,0.0,0.0,0.0,0.0,0.0,1.0
window_07_17pct::CEsGpm263blGSDPv93,window_07_17pct,1783714380.245929,1,-0.07285590611788102,-0.32603607620645897,-0.7379063557416712,-0.3355878063014919,-0.582263629806121,-0.2497009419756179,-0.23704169575721865,1518.2410825660247,1.0,0.0,0.0,1.0,0.0,0.0,0.0,1.0,0.0,0.0
window_10_0pct::CtycMv1pPwjwCL7Z1h,window_10_0pct,1784125330.970009,0,0.8654614065379069,0.6007196751104258,1.9653008603015603,0.929237284177774,1.7091293700317243,-0.24925248115903928,-0.23685767816923278,-0.33961506678274167,1.0,0.0,0.0,1.0,0.0,0.0,0.0,0.0,0.0,1.0
window_10_0pct::CDFvOs3aHwWvZYgJPc,window_10_0pct,1784125047.579683,0,0.2532691278935628,-0.18249533849686495,-0.4667486226453396,-0.2477527305737651,-0.4040441742631775,-0.24959280768212408,-0.23706574341270595,-0.09522716857233166,1.0,0.0,0.0,1.0,0.0,0.0,0.0,0.0,0.0,1.0
window_08_22pct::CfvlN61iPYoSMDoTy6,window_08_22pct,1783719129.130216,1,-0.3892142003777624,-0.3531585993201904,-0.6852426123739334,-0.38828885173812794,-0.6077235520265416,-0.22616375261862526,-0.1892317620078816,-0.37072068314587064,1.0,0.0,0.0,1.0,0.0,0.0,0.0,0.0,0.0,1.0
window_10_0pct::CAOS634x0KkVRKLbwb,window_10_0pct,1784124634.962427,0,0.18599591321715314,-0.09820688205111495,-0.28772588550942724,-0.1599176548460383,-0.2512846409406545,-0.24946535806526024,-0.23701292366836005,-0.15967199007479488,1.0,0.0,0.0,1.0,0.0,0.0,0.0,0.0,0.0,1.0
window_10_0pct::Cj9Zp92Y5nPhiLo1T9,window_10_0pct,1784125560.657412,0,-0.2330275600066548,-0.36984938277479434,-0.7379063557416712,-0.4058558668836733,-0.684103318687803,-0.24979859986280267,-0.23704035280865177,-0.6040302242810942,1.0,0.0,0.0,0.0,1.0,0.0,0.0,0.0,0.0,1.0
window_10_0pct::C1ssH71orDoRE7A0Pb,window_10_0pct,1784123939.37015,0,0.3411058304692912,-0.09820688205111495,-0.31886951107501965,-0.17748466999158366,-0.276744563161075,-0.24953608573200164,-0.23705119301376346,-0.1266481042719745,1.0,0.0,0.0,1.0,0.0,0.0,0.0,0.0,0.0,1.0
window_10_0pct::C5dimu2ri4L4bvKANc,window_10_0pct,1784124063.627562,0,-0.31438175145558495,0.32406993935036515,1.629412822226811,0.5778969812668668,1.3781503811662577,-0.2432928294533521,-0.23335431107190585,-0.38816090423830407,1.0,0.0,0.0,1.0,0.0,0.0,0.0,0.0,0.0,1.0
window_10_0pct::CreFfg2NEeeGJv1x2h,window_10_0pct,1784125521.065486,0,0.178209403731921,-0.09445145577382907,-0.3198042447209174,-0.14235063970049294,-0.2512846409406545,-0.24945611895353362,-0.23700245547441975,-0.11896638812352135,1.0,0.0,0.0,1.0,0.0,0.0,0.0,0.0,0.0,1.0
window_10_0pct::C3h6qMpu2FoEsJU0f,window_10_0pct,1784125578.608115,0,-0.3890453612426112,-0.010371634121261637,-0.35007686848010516,-0.17748466999158366,-0.3022044853814955,0.13049864253330967,-0.11541287714649077,0.0785442688259715,1.0,0.0,0.0,1.0,0.0,0.0,0.0,0.0,0.0,1.0
window_10_0pct::CnT9Ms3JpIb9C75pI7,window_10_0pct,1784124104.573709,0,-0.10549728489691303,-0.2776328041881075,-0.5573540544579261,-0.3180207911559465,-0.5058838631448596,-0.24956944680723805,-0.2370110098213096,-0.22793524397111378,1.0,0.0,0.0,1.0,0.0,0.0,0.0,0.0,0.0,1.0
window_10_0pct::C3Hd3l2MbFRh1nPQH7,window_10_0pct,1784124504.563556,0,0.07275757839718393,-0.08109882901014591,-0.48004733315288456,-0.26531974571931044,-0.42950409648359805,-0.24935763556699755,-0.23703835077027316,0.2205774495689456,1.0,0.0,0.0,1.0,0.0,0.0,0.0,0.0,0.0,1.0
window_10_0pct::CoXfa02TMjY0mKttn,window_10_0pct,1784125578.632414,0,-0.38930482224285456,-0.36984938277479434,-0.7379063557416712,-0.4058558668836733,-0.684103318687803,-0.24979859986280267,-0.19030390812002196,-0.6040302242810942,1.0,0.0,0.0,0.0,1.0,0.0,0.0,0.0,0.0,1.0
window_10_0pct::CwZQtm3NAUU3UYcUg1,window_10_0pct,1784125587.473084,0,0.2626877169929575,0.5596186208534635,1.8432118997794185,0.6481650418490482,1.5563698367092011,-0.248792398937384,-0.23669338340919127,-0.33883504585739005,1.0,0.0,0.0,1.0,0.0,0.0,0.0,0.0,0.0,1.0
window_10_0pct::CAtC0o4DeOB1G4hYVg,window_10_0pct,1784124884.596962,0,-0.38900516907367816,-0.36984938277479434,-0.7379063557416712,-0.4058558668836733,-0.684103318687803,-0.24979859986280267,-0.2101421957682947,-0.6040302242810942,1.0,0.0,0.0,0.0,1.0,0.0,0.0,0.0,0.0,1.0
window_10_0pct::CJ0Gto34Jk92ar0gBf,window_10_0pct,1784124768.409884,0,-0.3892785932497421,-0.36984938277479434,-0.7379063557416712,-0.4058558668836733,-0.684103318687803,-0.24979859986280267,-0.1931334526924868,-0.6040302242810942,1.0,0.0,0.0,0.0,1.0,0.0,0.0,0.0,0.0,1.0
window_10_0pct::CS65we3KIVW0xXmH2k,window_10_0pct,1784125285.717702,0,-0.0770066736347564,-0.09507736015337671,-0.3328692718169879,-0.1599176548460383,-0.3022044853814955,-0.24917801586574226,-0.23688719773017372,-0.10445878483452296,1.0,0.0,0.0,1.0,0.0,0.0,0.0,0.0,0.0,1.0
window_10_0pct::CWEMB73Nqg8I7owcRa,window_10_0pct,1784125832.983042,0,-0.3885646244714133,-0.36984938277479434,-0.7379063557416712,-0.4058558668836733,-0.684103318687803,-0.24979859986280267,-0.2205081918707828,-0.6040302242810942,1.0,0.0,0.0,0.0,1.0,0.0,0.0,0.0,0.0,1.0
window_10_0pct::CzDQ175f7zvbnHJPe,window_10_0pct,1784124486.156828,0,-0.2809192995075456,-0.275546456256282,-0.5573540544579261,-0.3180207911559465,-0.5058838631448596,-0.24918640981822932,-0.23676688783595046,-0.2194263077650056,1.0,0.0,0.0,1.0,0.0,0.0,0.0,0.0,0.0,1.0
window_10_0pct::CZBOBN2Vho64oTczj6,window_10_0pct,1784125573.183082,0,-0.38894125658618767,-0.09173920346245593,-0.5306291697638502,-0.2477527305737651,-0.45496401870401854,0.0047278235143571315,-0.15661964011272092,0.38398475505184754,1.0,0.0,0.0,1.0,0.0,0.0,0.0,0.0,0.0,1.0
window_10_0pct::C5oako41QZ7764YWW7,window_10_0pct,1784125134.399174,0,-0.3884124813660659,-0.36984938277479434,-0.7379063557416712,-0.4058558668836733,-0.684103318687803,-0.24979859986280267,-0.2224565748945315,-0.6040302242810942,1.0,0.0,0.0,0.0,1.0,0.0,0.0,0.0,0.0,1.0
window_10_0pct::C2Fwi92tTgAElbxsFc,window_10_0pct,1784125805.579361,0,-0.2107155152673494,0.08893852743363191,-0.04140232586887848,-0.019381533681675417,-0.04760526317729048,-0.24798838631608897,-0.236467932123797,-0.11894533973395491,1.0,0.0,0.0,1.0,0.0,0.0,0.0,0.0,0.0,1.0
window_02_3pct::Cpb9TX2TmMBKisZ3vg,window_02_3pct,1783695631.4103,1,-0.3896090337270734,-0.3531585993201904,-0.6852426123739334,-0.4058558668836733,-0.6077235520265416,-0.13636832784480432,-0.0531362935379184,-0.37072068314587064,1.0,0.0,0.0,1.0,0.0,0.0,0.0,0.0,0.0,1.0
window_10_0pct::Cdsrui1AasdcxZ2pQ9,window_10_0pct,1784126123.713164,0,-0.268994864784117,-0.36984938277479434,-0.7379063557416712,-0.4058558668836733,-0.684103318687803,-0.24979859986280267,-0.2370039865277011,-0.6040302242810942,1.0,0.0,0.0,0.0,1.0,0.0,0.0,0.0,0.0,1.0
window_10_0pct::CNU2BH3GhDf8zXseVe,window_10_0pct,1784124573.141771,0,-0.23732373457081737,-0.09486872536019417,-0.5288234343115478,-0.26531974571931044,-0.45496401870401854,-0.24852417990952624,-0.2367859152831851,0.36443073596506714,1.0,0.0,0.0,1.0,0.0,0.0,0.0,0.0,0.0,1.0
window_10_0pct::CGeHAc42eCSENyVGy2,window_10_0pct,1784123997.780781,0,-0.056638542094394895,-0.0041125903257851525,1.3617603403025957,0.4373608601025039,1.1235511589620526,-0.24902308156780004,-0.23641597162145445,-0.47575093217478326,1.0,0.0,0.0,1.0,0.0,0.0,0.0,0.0,0.0,1.0
window_10_0pct::C3dYb9WMFrbarEy36,window_10_0pct,1784124500.091761,0,0.36749657437687533,0.2923574507866176,0.0028063267927844735,0.06845354204605138,0.054234425704391534,-0.24918095013340816,-0.23696667093056314,0.054345908289147656,1.0,0.0,0.0,1.0,0.0,0.0,0.0,0.0,0.0,1.0
window_10_0pct::CYjuMg3PVvkXSDFP64,window_10_0pct,1784124047.615968,0,-0.3578914343208481,-0.279719152119933,-0.6106338722740966,-0.3355878063014919,-0.53134378536528,-0.24779821206801922,-0.23596041981600374,-0.08258807226458642,1.0,0.0,0.0,1.0,0.0,0.0,0.0,0.0,0.0,1.0
window_10_0pct::CV5jhBaMwXe5isCA4,window_10_0pct,1784124121.458641,0,-0.389711878708614,-0.3631730693929528,-0.7368866463097827,-0.4585569123203094,-0.7095632409082235,4.123443768831115,4.197229282376408,4.119297628905474,0.0,1.0,1.0,0.0,0.0,0.0,0.0,0.0,0.0,1.0
window_10_0pct::COlgNx1b7srfrMl9xk,window_10_0pct,1784124578.685124,0,0.15991198554524066,-0.36984938277479434,-0.7379063557416712,-0.38828885173812794,-0.6586433964673826,-0.24979859986280267,-0.2371189153840466,-0.6040302242810942,1.0,0.0,0.0,0.0,1.0,0.0,0.0,0.0,0.0,1.0
window_10_0pct::C93eSl3NE9OSKSLN6g,window_10_0pct,1784125160.327737,0,0.8460072758771935,-0.0074507470167059445,-0.20007336226001765,-0.10721660940940221,-0.14944495205897249,-0.24959147555697145,-0.23708115856358825,-0.10782124799906621,1.0,0.0,0.0,1.0,0.0,0.0,0.0,0.0,0.0,1.0
window_10_0pct::CvqMy74XeW8IXPiR16,window_10_0pct,1784124058.920255,0,-0.388951728968053,-0.27909324774038535,1.1454757210097604,0.3143917540836864,0.9198717811986885,-0.1655959142119258,0.04547502538066945,-0.5685427314750969,1.0,0.0,0.0,1.0,0.0,0.0,0.0,0.0,0.0,1.0
window_08_22pct::COPFIWK3CCBg7ufye,window_08_22pct,1783718127.97227,1,-0.389712796776749,-0.36984938277479434,-0.7379063557416712,-0.4585569123203094,-0.7095632409082235,-0.24979859986280267,29.62107498531095,-0.6040302242810942,1.0,0.0,0.0,0.0,1.0,0.0,1.0,0.0,0.0,0.0
window_10_0pct::CM2ADJ15qJ2l4pirQ,window_10_0pct,1784124375.798524,0,-0.38689962250692167,-0.004738494705332801,-0.19312659175527772,-0.10721660940940221,-0.14944495205897249,-0.15814108087763232,-0.2014737841017335,-0.11048206258930712,1.0,0.0,0.0,1.0,0.0,0.0,0.0,0.0,0.0,1.0
window_10_0pct::C6vNnG3ZyqpqmNlJQg,window_10_0pct,1784124952.038277,0,0.1262637422271854,-0.27909324774038535,-0.5940211061129143,-0.3180207911559465,-0.5058838631448596,-0.24967437441466941,-0.2370790141711725,-0.13958098273865396,1.0,0.0,0.0,1.0,0.0,0.0,0.0,0.0,0.0,1.0
window_10_0pct::CL1MOt3Re4NvOQJDje,window_10_0pct,1784124766.810741,0,-0.38934707472748586,-0.36984938277479434,-0.7379063557416712,-0.4058558668836733,-0.684103318687803,-0.24979859986280267,-0.18489263571456277,-0.6040302242810942,1.0,0.0,0.0,0.0,1.0,0.0,0.0,0.0,0.0,1.0
window_10_0pct::CcVC1n1TFxgMOnfD0h,window_10_0pct,1784125673.76272,0,-0.3889028151518376,-0.1895889214650716,-0.4767545214457448,-0.2477527305737651,-0.42950409648359805,-0.09265230997706919,-0.1604414152392107,-0.0957365241211927,1.0,0.0,0.0,1.0,0.0,0.0,0.0,0.0,0.0,1.0
window_10_0pct::CER6ip1ToRmjfqvTx1,window_10_0pct,1784125083.885703,0,-0.38877544921092405,-0.2767982650153773,-0.5955506702607468,-0.3180207911559465,-0.53134378536528,-0.17969966433621087,-0.19126379749585118,-0.12272050841484512,1.0,0.0,0.0,1.0,0.0,0.0,0.0,0.0,0.0,1.0
window_10_0pct::CJvyBZ2Bn0Go4aHQge,window_10_0pct,1784125627.615676,0,-0.37834644072728574,-0.08568879446016199,-0.23134445150459615,-0.12478362455494757,-0.225824718720234,-0.2321422413662513,-0.22874972728433882,-0.1909296855823015,1.0,0.0,0.0,1.0,0.0,0.0,0.0,0.0,0.0,1.0
window_10_0pct::CNl55O1dVXChiIn0G2,window_10_0pct,1784125038.57424,0,-0.3869640153789015,-0.2767982650153773,-0.5573540544579261,-0.3180207911559465,-0.5058838631448596,-0.22589183765097615,-0.22150900232788517,-0.2245316694886705,1.0,0.0,0.0,1.0,0.0,0.0,0.0,0.0,0.0,1.0
window_10_0pct::COdd0K2zxFk2OmxzO6,window_10_0pct,1784125921.665158,0,-0.3131804593009503,-0.18583349518778575,-0.4595469247826276,-0.23018571542821972,-0.4040441742631775,-0.2481004574713936,-0.2362878008038232,-0.11722089325856036,1.0,0.0,0.0,1.0,0.0,0.0,0.0,0.0,0.0,1.0
window_10_0pct::CsgUZE2joAHruPzv2h,window_10_0pct,1784124769.751427,0,0.16327942743875198,0.48221511258273764,1.707739252963741,0.6481650418490482,1.4290702256070986,-0.2487103766437379,-0.23660906917257643,-0.34745316195745907,1.0,0.0,0.0,1.0,0.0,0.0,0.0,0.0,0.0,1.0
window_10_0pct::C6IAUn3Lbdg4ZEchM3,window_10_0pct,1784124335.689779,0,-0.30132831710554675,0.21870936879317768,0.02893638098492548,-0.0018145185361300583,0.02877450348397103,-0.2450955704501328,-0.23570185183353254,-0.038814625582649996,1.0,0.0,0.0,1.0,0.0,0.0,0.0,0.0,0.0,1.0
window_10_0pct::CPVe9T2CyOlE9An7C3,window_10_0pct,1784123950.838731,0,0.15929033599053272,-0.016422043123555573,-0.16340631060502953,-0.08964959426385685,-0.14944495205897249,-0.24934393660268428,-0.2369708170038079,-0.15099009548449857,1.0,0.0,0.0,1.0,0.0,0.0,0.0,0.0,0.0,1.0
window_10_0pct::CMvgmeUXiYTqLXRwc,window_10_0pct,1784125926.47926,0,1.1913333419747871,0.5364601588102005,0.7269062431660578,0.5076289206846853,0.6652725589944836,-0.24939374754150206,-0.23699306384595925,-0.14838078121938908,1.0,0.0,0.0,1.0,0.0,0.0,0.0,0.0,0.0,1.0
window_02_3pct::CGa00bWxBDcBURCC6,window_02_3pct,1783696631.482561,1,-0.38965328247613773,-0.3531585993201904,-0.6852426123739334,-0.38828885173812794,-0.6077235520265416,-0.052259476768846645,0.1634400595296879,-0.37072068314587064,1.0,0.0,0.0,1.0,0.0,0.0,0.0,0.0,0.0,1.0
window_10_0pct::Cnuq7r4rCaAFzbGcAi,window_10_0pct,1784124052.41056,0,0.686301637643825,0.35265290601637445,0.151237780972044,0.12115458748268745,0.18153403680649405,-0.24932437345481728,-0.23701133498180366,-0.005619540504014762,1.0,0.0,0.0,1.0,0.0,0.0,0.0,0.0,0.0,1.0
window_10_0pct::CKyBNp4uvLa3wYWSD7,window_10_0pct,1784126008.122597,0,0.261852723348973,0.000268740331048386,-0.2156026871498185,-0.08964959426385685,-0.2003647964998135,-0.2493974128923764,-0.23700097549015123,-0.08218433396546052,1.0,0.0,0.0,1.0,0.0,0.0,0.0,0.0,0.0,1.0
window_10_0pct::CoDO3Z3wZ7LStjncP5,window_10_0pct,1784124514.657062,0,-0.32931807949922276,-0.36984938277479434,-0.7379063557416712,-0.4058558668836733,-0.684103318687803,-0.24979859986280267,-0.23684575103988598,-0.6040302242810942,1.0,0.0,0.0,0.0,1.0,0.0,0.0,0.0,0.0,1.0
window_10_0pct::CQ3cZf1dUVRo6Znml5,window_10_0pct,1784125774.437917,0,-0.38938679718714053,-0.18458168642869044,-0.4767545214457448,-0.26531974571931044,-0.42950409648359805,0.15137657275058647,-0.06125553567405409,-0.08161725467230654,1.0,0.0,0.0,1.0,0.0,0.0,0.0,0.0,0.0,1.0
window_10_0pct::CzqdQx1nWdm8dJHzc8,window_10_0pct,1784124722.259631,0,-0.35940381279550304,-0.18833711270597633,-0.4667486226453396,-0.2477527305737651,-0.4040441742631775,-0.24556902238317263,-0.2351117126563262,-0.1110918518238298,1.0,0.0,0.0,1.0,0.0,0.0,0.0,0.0,0.0,1.0
window_04_7pct::CW6dBW3foHQNRF9pLh,window_04_7pct,1783704130.89636,1,-0.3897128394775925,-0.36984938277479434,-0.7379063557416712,-0.4585569123203094,-0.7095632409082235,-0.24979859986280267,40.47861585633162,-0.6040302242810942,1.0,0.0,0.0,0.0,1.0,0.0,1.0,0.0,0.0,0.0
window_10_0pct::CUQ6yBL6ptUQrDCC7,window_10_0pct,1784123976.111371,0,0.04381525626219041,-0.18395578204914279,-0.6587726550378294,-0.3355878063014919,-0.582263629806121,-0.24949576090474537,-0.23707418238695702,1.1255035480474112,1.0,0.0,0.0,1.0,0.0,0.0,0.0,0.0,0.0,1.0
window_10_0pct::C238qf2TQhHW8xK79l,window_10_0pct,1784125867.37466,0,-0.3886126308947046,-0.18708530394688103,-0.4767545214457448,-0.2828867608648558,-0.42950409648359805,-0.13248884372741712,-0.1893651287464355,-0.08867688939674961,1.0,0.0,0.0,1.0,0.0,0.0,0.0,0.0,0.0,1.0
window_10_0pct::C3M77f3C1owDU59Gjc,window_10_0pct,1784125929.269036,0,-0.15140463079923344,-0.36984938277479434,-0.7379063557416712,-0.4058558668836733,-0.684103318687803,-0.24979859986280267,-0.2370821585873943,-0.6040302242810942,1.0,0.0,0.0,0.0,1.0,0.0,0.0,0.0,0.0,1.0
window_10_0pct::CkUPiD1PO9XgS08G93,window_10_0pct,1784124833.333068,0,-0.3887601302833228,-0.1916752693968971,1.1531235417489236,0.38465981466586785,0.9453317034191091,-0.11773127131159701,0.008712427388151487,-0.5346422851239325,1.0,0.0,0.0,1.0,0.0,0.0,0.0,0.0,0.0,1.0
window_10_0pct::CqbnSy4jip5zab4VPa,window_10_0pct,1784124599.446656,0,0.2852995109783371,0.0017291838833262323,0.3899347638199272,0.1035875723371421,0.3088336479085966,-0.24940982020792943,-0.23692866946096514,-0.36140429755873393,1.0,0.0,0.0,1.0,0.0,0.0,0.0,0.0,0.0,1.0
window_10_0pct::CQioka1mX47CivDJVj,window_10_0pct,1784124245.4353,0,0.11072983722935592,-0.27784143898129005,-0.5815509095187786,-0.3355878063014919,-0.5058838631448596,-0.24966875177624315,-0.23708597936665396,-0.1707229648245473,1.0,0.0,0.0,1.0,0.0,0.0,0.0,0.0,0.0,1.0
window_10_0pct::C2SGzB1m5HHqyOs6Ji,window_10_0pct,1784125685.823924,0,1.2586916594322681,0.5892447614853855,2.036701764480248,0.929237284177774,1.7600492144725652,-0.24938767531427597,-0.2369303725623909,-0.34946509214097027,1.0,0.0,0.0,1.0,0.0,0.0,0.0,0.0,0.0,1.0
window_07_17pct::CpiDwE2HqvX1kphiqj,window_07_17pct,1783714380.85549,1,-0.07929797954589618,-0.3258274414132764,-0.7379063557416712,-0.35315482144703725,-0.6077235520265416,-0.24969844058307622,-0.23705459299159695,1525.4736783412168,1.0,0.0,0.0,1.0,0.0,0.0,0.0,1.0,0.0,0.0
window_10_0pct::CkilkE3oZgT5U4Zqfj,window_10_0pct,1784125657.535153,0,-0.20886562932576597,-0.36984938277479434,-0.7379063557416712,-0.4058558668836733,-0.684103318687803,-0.24979859986280267,-0.23705666014001667,-0.6040302242810942,1.0,0.0,0.0,0.0,1.0,0.0,0.0,0.0,0.0,1.0
window_10_0pct::Ce0fuZ1tlDGBKWEgO6,window_10_0pct,1784124898.773141,0,-0.38925680514435246,-0.18124352973776964,-0.4767545214457448,-0.23018571542821972,-0.42950409648359805,0.04221997697960132,-0.09042171603347045,-0.07220440837304908,1.0,0.0,0.0,1.0,0.0,0.0,0.0,0.0,0.0,1.0
window_10_0pct::CCAdB74PZn5W2g2LF7,window_10_0pct,1784124729.427707,0,0.3485628602461706,0.3522356364300093,-0.02362114265032399,0.06845354204605138,0.003314581263550526,-0.24910782844186902,-0.2369616510349887,0.14043842840565557,1.0,0.0,0.0,1.0,0.0,0.0,0.0,0.0,0.0,1.0
window_10_0pct::COtf992VGPSLAjJl17,window_10_0pct,1784124786.143991,0,-0.38934709607790763,-0.36984938277479434,-0.7379063557416712,-0.4058558668836733,-0.684103318687803,-0.24979859986280267,-0.18488958542428022,-0.6040302242810942,1.0,0.0,0.0,0.0,1.0,0.0,0.0,0.0,0.0,1.0
window_10_0pct::CTc4f248KjvTXSEFDi,window_10_0pct,1784125086.159893,0,0.19188963308830742,0.30091147730710216,0.5362205794029214,0.17385563291932354,0.4615931812311196,-0.24898407180217036,-0.23685824636733008,-0.21633501749779294,1.0,0.0,0.0,1.0,0.0,0.0,0.0,0.0,0.0,1.0
window_08_22pct::Cims77LfQqfAekgHi,window_08_22pct,1783719129.202139,1,-0.3892396180548486,-0.3531585993201904,-0.6852426123739334,-0.38828885173812794,-0.6077235520265416,-0.22489459223774147,-0.18665794890775844,-0.37072068314587064,1.0,0.0,0.0,1.0,0.0,0.0,0.0,0.0,0.0,1.0
window_10_0pct::C92srl2RgKggaZYI1h,window_10_0pct,1784124187.667969,0,1.6499896244323249,0.3937539602733367,0.14862477555282988,0.17385563291932354,0.25791380346775555,-0.24953419730941684,-0.23707568051103164,0.03028638017597636,1.0,0.0,0.0,1.0,0.0,0.0,0.0,0.0,0.0,1.0
window_10_0pct::CLmUxVTK1CYzcWNO1,window_10_0pct,1784124187.680174,0,2.6567232960455374,0.7926636848383712,0.7401624657806074,0.5427629509757761,0.7416523256557451,-0.24952909263435688,-0.23707138350790288,-0.02481548867350198,1.0,0.0,0.0,1.0,0.0,0.0,0.0,0.0,0.0,1.0
window_10_0pct::CNKEnZ1ubCPf5ez5N,window_10_0pct,1784124211.040849,0,-0.3895906723643736,-0.09674643849883711,-0.5306291697638502,-0.2477527305737651,-0.45496401870401854,1.327520257412007,0.27111836626642055,0.3661960382446528,1.0,0.0,0.0,1.0,0.0,0.0,0.0,0.0,0.0,1.0
window_08_22pct::CweSdi16VvsFgz22eb,window_08_22pct,1783718127.983519,1,-0.38971290352885773,-0.36984938277479434,-0.7379063557416712,-0.4585569123203094,-0.7095632409082235,-0.24979859986280267,89.33754977592461,-0.6040302242810942,1.0,0.0,0.0,0.0,1.0,0.0,1.0,0.0,0.0,0.0
window_10_0pct::C2aD7N3o5sm0gsDKDb,window_10_0pct,1784124327.772624,0,-0.3844491705521024,-0.18708530394688103,-0.4767545214457448,-0.2828867608648558,-0.42950409648359805,-0.22527652254521524,-0.2271710106018246,-0.08867688939674961,1.0,0.0,0.0,1.0,0.0,0.0,0.0,0.0,0.0,1.0
window_10_0pct::Cqrfzf28pjYlhER3lf,window_10_0pct,1784125464.031149,0,0.7268756695449266,0.18115510602031878,0.342794446541585,0.13872160262823283,0.3088336479085966,-0.2494500807447129,-0.23701254274776362,-0.22855284099988074,1.0,0.0,0.0,1.0,0.0,0.0,0.0,0.0,0.0,1.0
window_10_0pct::C5qNMQ3b7qRWx0OWJf,window_10_0pct,1784125107.023121,0,-0.24471879474858496,-0.18249533849686495,-0.4667486226453396,-0.23018571542821972,-0.4040441742631775,-0.2488860066700831,-0.23670076364475148,-0.09522716857233166,1.0,0.0,0.0,1.0,0.0,0.0,0.0,0.0,0.0,1.0
window_10_0pct::CCwMSjRIXU3VxJUX7,window_10_0pct,1784125618.29937,0,-0.36275139879679247,-0.2776328041881075,-0.5573540544579261,-0.3180207911559465,-0.5058838631448596,-0.24738297946657725,-0.23556642276883685,-0.22793524397111378,1.0,0.0,0.0,1.0,0.0,0.0,0.0,0.0,0.0,1.0
window_10_0pct::CiUgkiIXi73KxmrPa,window_10_0pct,1784126014.308206,0,-0.3887108428347268,0.08455719677679836,-0.3424290477409419,-0.1599176548460383,-0.276744563161075,0.07045359917890484,-0.15128335961151645,0.24211005602013735,1.0,0.0,0.0,1.0,0.0,0.0,0.0,0.0,0.0,1.0
window_10_0pct::ChPItm25MY1uJ7Nw9,window_10_0pct,1784125903.814835,0,-0.3059313612814353,-0.36984938277479434,-0.7379063557416712,-0.4058558668836733,-0.684103318687803,-0.24979859986280267,-0.23693414293216533,-0.6040302242810942,1.0,0.0,0.0,0.0,1.0,0.0,0.0,0.0,0.0,1.0
window_10_0pct::Cdy2Im2tyqEQWuKidl,window_10_0pct,1784124504.558568,0,0.07281078364816987,0.3666314371596052,0.5395771229495542,0.1914226480648689,0.48705310345154007,-0.24867401539446143,-0.2367696009724169,-0.1794677716922937,1.0,0.0,0.0,1.0,0.0,0.0,0.0,0.0,0.0,1.0
window_06_15pct::CUvV2S3BgyNjYspOe5,window_06_15pct,1783710631.796597,1,-0.08011011756340372,-0.32603607620645897,-0.7379063557416712,-0.35315482144703725,-0.6077235520265416,-0.2496986537828983,-0.23705431017026268,1518.2410825660247,1.0,0.0,0.0,1.0,0.0,0.0,0.0,1.0,0.0,0.0
window_10_0pct::CakJXoDuBFd79FlXg,window_10_0pct,1784125481.198872,0,0.6038004054619116,0.18240691477941406,2.3883952987492676,0.7887011630134111,1.9891885144563497,-0.24940601673236037,-0.23681592002209492,-0.4739385503077922,1.0,0.0,0.0,1.0,0.0,0.0,0.0,0.0,0.0,1.0
window_10_0pct::CCKekM118yoA7blrsk,window_10_0pct,1784124621.099359,0,-0.02839175264855432,-0.27909324774038535,-0.5306929016033433,-0.3004537760104012,-0.480423940924439,-0.24962120247809086,-0.2370300860511457,-0.28151057669437046,1.0,0.0,0.0,1.0,0.0,0.0,0.0,0.0,0.0,1.0
window_10_0pct::COALq04bSf5gyuU9i3,window_10_0pct,1784125212.906323,0,-0.26605666244455706,0.09165077974500505,0.20043876106066072,0.03331951175496066,0.18153403680649405,-0.24716275224436435,-0.23604113107430588,-0.24183552969132824,1.0,0.0,0.0,1.0,0.0,0.0,0.0,0.0,0.0,1.0
window_08_22pct::C9QBgY1ZYUYjxjNOU7,window_08_22pct,1783719131.632614,1,-0.08839378229415482,-0.32624471099964153,-0.7379063557416712,-0.35315482144703725,-0.6077235520265416,-0.24969639515004222,-0.23705133836233128,1511.0084867908329,1.0,0.0,0.0,1.0,0.0,0.0,0.0,1.0,0.0,0.0
window_10_0pct::CNAnZU1PaFOa0QktI6,window_10_0pct,1784125405.009023,0,-0.1369787379634393,0.6388998422628323,2.2251355699146305,1.0522063901965915,1.9128087477950881,-0.24697967281811115,-0.2355165719639779,-0.3533125442666619,1.0,0.0,0.0,1.0,0.0,0.0,0.0,0.0,0.0,1.0
window_10_0pct::CVYPKc109cK4vFfKoa,window_10_0pct,1784124459.030985,0,-0.3890328925963127,-0.1895889214650716,-0.4767545214457448,-0.26531974571931044,-0.42950409648359805,-0.06259458229073903,-0.15279724664678304,-0.0957365241211927,1.0,0.0,0.0,1.0,0.0,0.0,0.0,0.0,0.0,1.0
window_10_0pct::CnF5587VXjfvpfMcj,window_10_0pct,1784124104.273468,0,-0.3896235413386484,-0.2788846129472028,-0.6106338722740966,-0.3355878063014919,-0.53134378536528,0.46869807571252176,0.19060603406294147,-0.07775990419035954,1.0,0.0,0.0,1.0,0.0,0.0,0.0,0.0,0.0,1.0
window_10_0pct::COkPGfnPjhs3tSTBd,window_10_0pct,1784125596.770619,0,-0.019947874353036514,-0.2767982650153773,-0.5573540544579261,-0.3180207911559465,-0.5058838631448596,-0.24962087001621197,-0.2370460379954214,-0.2245316694886705,1.0,0.0,0.0,1.0,0.0,0.0,0.0,0.0,0.0,1.0
window_10_0pct::CbYNeB12ywOlPAjvoh,window_10_0pct,1784124161.392428,0,0.3662024719389196,-0.08506289008061435,-0.24232757184389445,-0.14235063970049294,-0.225824718720234,-0.24953252071148269,-0.23704223550816225,-0.18084477984982897,1.0,0.0,0.0,1.0,0.0,0.0,0.0,0.0,0.0,1.0
window_10_0pct::C6uaV64s9GXfD3To46,window_10_0pct,1784126046.160562,0,-0.3886779525100303,-0.09674643849883711,-0.5155459677505005,-0.26531974571931044,-0.45496401870401854,-0.06344024940709231,-0.1817290835611409,0.30038970977758367,1.0,0.0,0.0,1.0,0.0,0.0,0.0,0.0,0.0,1.0
window_10_0pct::CO1E8Fbrq5uhnIu32,window_10_0pct,1784125457.431974,0,-0.2004885778503068,-0.180617625358222,-0.4752249572979122,-0.26531974571931044,-0.42950409648359805,-0.2490923122274677,-0.23685920521451653,-0.07354628702579076,1.0,0.0,0.0,1.0,0.0,0.0,0.0,0.0,0.0,1.0
window_10_0pct::CCFyfU2LH3wNzoBkP7,window_10_0pct,1784124550.770413,0,-0.3081323228829655,0.37852362037101056,0.488379211890156,0.1914226480648689,0.4361332590106991,-0.24331978297613946,-0.23493536798965683,-0.15460066957146304,1.0,0.0,0.0,1.0,0.0,0.0,0.0,0.0,0.0,1.0
window_10_0pct::CYF8Rk351u5z3lRZh9,window_10_0pct,1784125213.870074,0,-0.3228111968660038,-0.279719152119933,-0.5573540544579261,-0.3004537760104012,-0.5058838631448596,-0.24884712436572207,-0.23644775843753224,-0.23644418017722194,1.0,0.0,0.0,1.0,0.0,0.0,0.0,0.0,0.0,1.0
window_10_0pct::CO3R7F1D69iJjdHYoh,window_10_0pct,1784124800.295686,0,0.1377168236897726,-0.36984938277479434,-0.7379063557416712,-0.38828885173812794,-0.6586433964673826,-0.24979859986280267,-0.2371170850551851,-0.6040302242810942,1.0,0.0,0.0,0.0,1.0,0.0,0.0,0.0,0.0,1.0
window_10_0pct::CcKcw348M6QyJ8kHfa,window_10_0pct,1784124041.399302,0,-0.310704578993834,-0.18979755625825417,-0.6587726550378294,-0.3355878063014919,-0.582263629806121,-0.24818910700001848,-0.23667829478347738,1.071152318389501,1.0,0.0,0.0,1.0,0.0,0.0,0.0,0.0,0.0,1.0
window_10_0pct::CA1KFJs8FApNiMmsa,window_10_0pct,1784124936.26265,0,-0.3891138427203549,-0.36984938277479434,-0.7379063557416712,-0.4058558668836733,-0.684103318687803,-0.24979859986280267,-0.20524098446369082,-0.6040302242810942,1.0,0.0,0.0,0.0,1.0,0.0,0.0,0.0,0.0,1.0
window_10_0pct::CEYWtZ3dIqfJjyqOQl,window_10_0pct,1784125836.124064,0,0.0946206024167921,-0.09758097767156731,-0.2680115031595843,-0.14235063970049294,-0.2512846409406545,-0.2494015753198465,-0.2369748496922934,-0.17733323121484323,1.0,0.0,0.0,1.0,0.0,0.0,0.0,0.0,0.0,1.0
window_10_0pct::CzBX4c1nurahcESJti,window_10_0pct,1784125068.710951,0,-0.3897120388367771,-0.3631730693929528,-0.7368866463097827,-0.4585569123203094,-0.7095632409082235,4.886218600580054,4.970669693836692,4.119297628905474,0.0,1.0,1.0,0.0,0.0,0.0,0.0,0.0,0.0,1.0
window_10_0pct::CxYtI63KORhkDxAY45,window_10_0pct,1784125524.223564,0,-0.14340302649014178,0.08393129239725072,-0.04076500747394821,-0.0018145185361300583,0.003314581263550526,-0.24849744573214966,-0.23663831051330853,-0.12467818689064253,1.0,0.0,0.0,1.0,0.0,0.0,0.0,0.0,0.0,1.0
window_10_0pct::ClkWNA47K1gq6n0HZd,window_10_0pct,1784124200.990559,0,-0.18286797870812083,-0.0041125903257851525,1.3696418444532334,0.41979384495695854,1.1235511589620526,-0.24854981294742923,-0.23598356397227954,-0.47623064769542117,1.0,0.0,0.0,1.0,0.0,0.0,0.0,0.0,0.0,1.0
window_07_17pct::CzlMhn3LENiOzBapsk,window_07_17pct,1783715380.663883,1,-0.0772839408867343,-0.32603607620645897,-0.7379063557416712,-0.35315482144703725,-0.6077235520265416,-0.249699557877158,-0.2370552880218395,1518.2410825660247,1.0,0.0,0.0,1.0,0.0,0.0,0.0,1.0,0.0,0.0
window_10_0pct::Cb1I7D28l62FuZWbMg,window_10_0pct,1784124475.251406,0,0.9127678882779523,0.7133824634290025,0.6345800516871596,0.4373608601025039,0.5888927923332221,-0.24921122582891525,-0.23697152847492864,-0.022798511544138353,1.0,0.0,0.0,1.0,0.0,0.0,0.0,0.0,0.0,1.0
window_10_0pct::C8yWuW22oOzWi4Z8Nj,window_10_0pct,1784125497.922053,0,-0.3413399788979125,-0.18979755625825417,-0.6587726550378294,-0.3355878063014919,-0.582263629806121,-0.24716978878713072,-0.23637169668381228,1.071152318389501,1.0,0.0,0.0,1.0,0.0,0.0,0.0,0.0,0.0,1.0
window_10_0pct::CTAOEK3riadGt6whg,window_10_0pct,1784123939.370015,0,0.3411070901441741,0.08413992719043327,0.19404433316486036,0.0157524966094153,0.15607411458607354,-0.24935986732515017,-0.23697922939988736,-0.24528556034634053,1.0,0.0,0.0,1.0,0.0,0.0,0.0,0.0,0.0,1.0
window_10_0pct::CxnYHa3YsO80HcMLHk,window_10_0pct,1784125377.914553,0,-0.3059047373055206,1.1060331441985605,1.0909212664037293,0.7535671327223203,0.9453317034191091,-0.2373611928790884,-0.23316900539807336,-0.00971530798953528,1.0,0.0,0.0,1.0,0.0,0.0,0.0,0.0,0.0,1.0
window_10_0pct::CIxbeG4LZw8IdR9Bd6,window_10_0pct,1784124566.12804,0,-0.32606533207131994,0.19429909799081937,-0.06653391457562872,-0.054515563972766135,-0.04760526317729048,-0.2435385774120521,-0.23535955445704754,0.014781918995674043,1.0,0.0,0.0,1.0,0.0,0.0,0.0,0.0,0.0,1.0
window_10_0pct::CWinoDQ9N8s868Lq5,window_10_0pct,1784124438.450085,0,0.11863973080184646,-0.18583349518778575,-0.4118967527883412,-0.21261870028267438,-0.35312432982233655,-0.249542944524207,-0.23702133240874443,-0.18836921732733883,1.0,0.0,0.0,1.0,0.0,0.0,0.0,0.0,0.0,1.0
window_10_0pct::CrRq4d1f9szRip9NRa,window_10_0pct,1784125805.398376,0,-0.38933890819116884,-0.18917165187870652,1.1531235417489236,0.3143917540836864,0.9453317034191091,0.09134806619161369,0.3380340922396736,-0.5336672789531058,1.0,0.0,0.0,1.0,0.0,0.0,0.0,0.0,0.0,1.0
window_10_0pct::CSSZmztkHcdUCU7Id,window_10_0pct,1784124169.279943,0,-0.38873552392226285,-0.17915718180594414,-0.4767545214457448,-0.23018571542821972,-0.42950409648359805,-0.11201084906565299,-0.16868096207577227,-0.06632137943601324,1.0,0.0,0.0,1.0,0.0,0.0,0.0,0.0,0.0,1.0
window_10_0pct::CTpHzc31OPPMFLhEI6,window_10_0pct,1784124606.744935,0,-0.3887722146220298,-0.002026242393959658,-0.35007686848010516,-0.1599176548460383,-0.3022044853814955,0.02634377334737036,-0.14568081478082562,0.09439045554929278,1.0,0.0,0.0,1.0,0.0,0.0,0.0,0.0,0.0,1.0
window_10_0pct::CSqf464Ya06jtey7y,window_10_0pct,1784125146.795883,0,0.6123718952281929,0.10291705857686272,-0.15461131675499182,-0.0018145185361300583,-0.12398502983855199,-0.2494653984660137,-0.23703358766432212,-0.007152737698498295,1.0,0.0,0.0,1.0,0.0,0.0,0.0,0.0,0.0,1.0
window_10_0pct::C2Gk641nStnfWrlxH4,window_10_0pct,1784124491.790278,0,-0.38869718924002156,0.08101040529269503,-0.2156026871498185,-0.10721660940940221,-0.174904874279393,0.06368280772502499,-0.13831693350016633,0.03165690591737508,1.0,0.0,0.0,1.0,0.0,0.0,0.0,0.0,0.0,1.0
window_10_0pct::C2k3aa4VqyVYGuJRN,window_10_0pct,1784124105.361794,0,0.19663683531181111,0.08288811843133798,-0.24258249920186653,-0.054515563972766135,-0.174904874279393,-0.24925327617465826,-0.23696671201068473,0.06907235461698413,1.0,0.0,0.0,1.0,0.0,0.0,0.0,0.0,0.0,1.0
window_10_0pct::C6gMYh3mTZQxZLrZXk,window_10_0pct,1784124139.935913,0,-0.3884350167362166,-0.36984938277479434,-0.7379063557416712,-0.4058558668836733,-0.684103318687803,-0.24979859986280267,-0.22219725020507955,-0.6040302242810942,1.0,0.0,0.0,0.0,1.0,0.0,0.0,0.0,0.0,1.0
window_10_0pct::CrujB91qh7F2TG32R4,window_10_0pct,1784125410.458442,0,-0.38365861781097804,-0.18666803436051593,1.1531235417489236,0.41979384495695854,0.9453317034191091,-0.2284298468448618,-0.19688743096530423,-0.5326922727822792,1.0,0.0,0.0,1.0,0.0,0.0,0.0,0.0,0.0,1.0
window_10_0pct::CWJ2ttnGnlh8GlsZi,window_10_0pct,1784124881.344514,0,-0.10648399463781003,-0.1814521645309522,-0.6587726550378294,-0.3355878063014919,-0.582263629806121,-0.24932881232254345,-0.23702736322190388,1.1487969321865157,1.0,0.0,0.0,1.0,0.0,0.0,0.0,0.0,0.0,1.0
window_10_0pct::Cesovvl7379iUm9O,window_10_0pct,1784125310.158901,0,0.36952057300778063,0.9489311449321008,2.2606342045122467,0.9468042993233193,1.963728592235929,-0.24857183362303634,-0.23665232619953872,-0.2801367649226276,1.0,0.0,0.0,1.0,0.0,0.0,0.0,0.0,0.0,1.0
window_08_22pct::COKD4NSoZAlPxg3M4,window_08_22pct,1783718130.261259,1,-0.08109690203077682,-0.32603607620645897,-0.7379063557416712,-0.35315482144703725,-0.6077235520265416,-0.2496983342102848,-0.23705396452645322,1518.2410825660247,1.0,0.0,0.0,1.0,0.0,0.0,0.0,1.0,0.0,0.0
window_10_0pct::CgLMYv39Evk7LFiBu4,window_10_0pct,1784124192.02125,0,0.8642480193693544,0.2658608320524339,0.5511125858977921,0.20898966321041426,0.48705310345154007,-0.2494405530287422,-0.2370137094804114,-0.24083896341208375,1.0,0.0,0.0,1.0,0.0,0.0,0.0,0.0,0.0,1.0
window_02_3pct::CNAnfqRYEwM4UxNc8,window_02_3pct,1783696631.470718,1,-0.38953717888269407,-0.3531585993201904,-0.6852426123739334,-0.38828885173812794,-0.6077235520265416,-0.18273655090767005,-0.10116290770948672,-0.37072068314587064,1.0,0.0,0.0,1.0,0.0,0.0,0.0,0.0,0.0,1.0
window_10_0pct::C78O8SUONJgJ9gHS1,window_10_0pct,1784124219.894558,0,-0.11207202984564514,-0.36984938277479434,-0.7379063557416712,-0.4058558668836733,-0.684103318687803,-0.24979859986280267,-0.2370935275763254,-0.6040302242810942,1.0,0.0,0.0,0.0,1.0,0.0,0.0,0.0,0.0,1.0
window_08_22pct::Cyu2Ym3nKwaoxNDFxh,window_08_22pct,1783719128.503875,1,-0.38971289285364685,-0.36984938277479434,-0.7379063557416712,-0.4585569123203094,-0.7095632409082235,-0.24979859986280267,74.4084310782712,-0.6040302242810942,1.0,0.0,0.0,0.0,1.0,0.0,1.0,0.0,0.0,0.0
window_06_15pct::C6wi2Xr0454xeQuGi,window_06_15pct,1783710631.068972,1,-0.07244895640423031,-0.3258274414132764,-0.7379063557416712,-0.35315482144703725,-0.6077235520265416,-0.2497006027988448,-0.2370569205205834,1525.4736783412168,1.0,0.0,0.0,1.0,0.0,0.0,0.0,1.0,0.0,0.0
window_10_0pct::Ca8lT640mDt9vK4Lv7,window_10_0pct,1784124577.438839,0,-0.3896718680182658,-0.36984938277479434,-0.7379063557416712,-0.4058558668836733,-0.684103318687803,-0.24979859986280267,0.22828166475557476,-0.6040302242810942,1.0,0.0,0.0,0.0,1.0,0.0,0.0,0.0,0.0,1.0
window_06_15pct::C3XQJa3PWLamv5gHOi,window_06_15pct,1783710629.643676,1,-0.3897128394775925,-0.36984938277479434,-0.7379063557416712,-0.4585569123203094,-0.7095632409082235,-0.24979859986280267,40.47861585633162,-0.6040302242810942,1.0,0.0,0.0,0.0,1.0,0.0,1.0,0.0,0.0,0.0
window_10_0pct::CGot882N3k2l4DK91,window_10_0pct,1784125466.626974,0,0.306390066064038,0.17844285370894564,-0.22773298059999128,-0.0720825791183115,-0.174904874279393,-0.2492423073098283,-0.2370044357814041,0.18741138536265983,1.0,0.0,0.0,1.0,0.0,0.0,0.0,0.0,0.0,1.0
window_10_0pct::C2fJ17ceX0Ze4WsT5,window_10_0pct,1784125705.797808,0,-0.30417630323802763,0.374142289714177,2.1771242508298836,0.7184331024312297,1.8364289811338266,-0.24365560025049074,-0.23336149160439718,-0.41607065240033203,1.0,0.0,0.0,1.0,0.0,0.0,0.0,0.0,0.0,1.0
window_08_22pct::CEdS3U2K5us3baf6q3,window_08_22pct,1783718129.874207,1,-0.077008627198346,-0.32624471099964153,-0.7379063557416712,-0.3355878063014919,-0.582263629806121,-0.24970011628977634,-0.23704009266920212,1511.0084867908329,1.0,0.0,0.0,1.0,0.0,0.0,0.0,1.0,0.0,0.0
window_10_0pct::CqcA6d1OePthiEiwdi,window_10_0pct,1784125431.970283,0,1.4302770673067768,0.28276025030022034,0.18682139135565065,0.1035875723371421,0.20699395902691456,-0.24954535004482614,-0.23707571843537686,-0.08430682467621571,1.0,0.0,0.0,1.0,0.0,0.0,0.0,0.0,0.0,1.0
window_10_0pct::CjJ0B64SETPLZbdFni,window_10_0pct,1784125764.643748,0,-0.2428445373005808,0.5644172210966621,0.8947759083906904,0.4022268298114132,0.7671122478761656,-0.24530590345150022,-0.23553471334068976,-0.18261894484176733,1.0,0.0,0.0,1.0,0.0,0.0,0.0,0.0,0.0,1.0
window_06_15pct::C9RBzy2x0kyz3VnJI7,window_06_15pct,1783711631.126546,1,-0.07310058195106676,-0.32603607620645897,-0.7379063557416712,-0.35315482144703725,-0.6077235520265416,-0.24970086650628442,-0.23705670341082247,1518.2410825660247,1.0,0.0,0.0,1.0,0.0,0.0,0.0,1.0,0.0,0.0
window_10_0pct::CsGGuY2ixuhxen6pcb,window_10_0pct,1784124536.894747,0,-0.3893694286190518,-0.18583349518778575,1.1531235417489236,0.38465981466586785,0.9453317034191091,0.1285198206312849,0.44480789719958364,-0.5323672707253371,1.0,0.0,0.0,1.0,0.0,0.0,0.0,0.0,0.0,1.0
window_10_0pct::Cj25DHalmzHRLitak,window_10_0pct,1784124679.407669,0,-0.3879360467048495,-0.10676090857159949,-0.5306291697638502,-0.2477527305737651,-0.45496401870401854,-0.14523006784621043,-0.20218321904544267,0.3306186046302633,1.0,0.0,0.0,1.0,0.0,0.0,0.0,0.0,0.0,1.0
window_02_3pct::CLtBytxqBV2vx51l7,window_02_3pct,1783696631.483421,1,-0.3896624631574876,-0.3531585993201904,-0.6852426123739334,-0.38828885173812794,-0.6077235520265416,-0.016343272569945506,0.2362768721707032,-0.37072068314587064,1.0,0.0,0.0,1.0,0.0,0.0,0.0,0.0,0.0,1.0
window_10_0pct::Cr1piR3HT2fqsC0y17,window_10_0pct,1784124813.138367,0,-0.38892821147850204,-0.18833711270597633,-0.4118967527883412,-0.2477527305737651,-0.37858425204275703,-0.08644005193411915,-0.15795853177243496,-0.19402446912262805,1.0,0.0,0.0,1.0,0.0,0.0,0.0,0.0,0.0,1.0
window_10_0pct::CyLA1A4M1RlfYXyoQf,window_10_0pct,1784125663.934883,0,0.21721521513029624,-0.08568879446016199,-0.34075077596762554,-0.14235063970049294,-0.3022044853814955,-0.24946793258826166,-0.23701273536615072,-0.0771370147276383,1.0,0.0,0.0,1.0,0.0,0.0,0.0,0.0,0.0,1.0
window_10_0pct::C2aZa34v5dgb5WLNef,window_10_0pct,1784124737.625975,0,-0.10430257934738638,-0.18833711270597633,-0.4667486226453396,-0.2477527305737651,-0.4040441742631775,-0.24934944004440687,-0.2369446362704914,-0.1110918518238298,1.0,0.0,0.0,1.0,0.0,0.0,0.0,0.0,0.0,1.0
window_10_0pct::COlQyC2Q32EJ8JhKbh,window_10_0pct,1784125456.481729,0,-0.38926393618521493,0.00631914933334232,-0.35007686848010516,-0.17748466999158366,-0.3022044853814955,0.3418730359562475,-0.05614746691655476,0.11023664227261415,1.0,0.0,0.0,1.0,0.0,0.0,0.0,0.0,0.0,1.0
window_07_17pct::CDV6ha5tGNmYGqv7e,window_07_17pct,1783714379.312256,1,-0.38922208935859676,-0.3531585993201904,-0.6852426123739334,-0.38828885173812794,-0.6077235520265416,-0.2257839050236218,-0.18846144429957962,-0.37072068314587064,1.0,0.0,0.0,1.0,0.0,0.0,0.0,0.0,0.0,1.0
window_10_0pct::CCogaSLKKG55kMmCc,window_10_0pct,1784124102.6494,0,-0.04308390659391732,0.17656514057030268,1.4318866076914232,0.5603299661213215,1.1999309256233142,-0.24868527490180453,-0.23634860764016585,-0.41857360348151257,1.0,0.0,0.0,1.0,0.0,0.0,0.0,0.0,0.0,1.0
window_10_0pct::CRMjEd2GiXNj0Ha5U,window_10_0pct,1784125587.510488,0,-0.3852191414866657,-0.279719152119933,-0.6191102069266692,-0.3355878063014919,-0.5568037075857005,-0.23563349082647567,-0.22865089937622163,-0.04538881986791441,1.0,0.0,0.0,1.0,0.0,0.0,0.0,0.0,0.0,1.0
window_10_0pct::CcomRd3EUjxZhhk2S3,window_10_0pct,1784124085.112728,0,-0.38110791495086005,-0.1916752693968971,1.1531235417489236,0.27925772379259567,0.9453317034191091,-0.23517493304540632,-0.2132706935470046,-0.5346422851239325,1.0,0.0,0.0,1.0,0.0,0.0,0.0,0.0,0.0,1.0
window_10_0pct::CgFdtJ2g6Uw3LbMTr5,window_10_0pct,1784124647.666089,0,-0.389308708019612,-0.1895889214650716,-0.4767545214457448,-0.26531974571931044,-0.42950409648359805,0.06513305587365859,-0.09523564515076983,-0.0957365241211927,1.0,0.0,0.0,1.0,0.0,0.0,0.0,0.0,0.0,1.0
window_10_0pct::C8pwX21Sny3TO2Txlj,window_10_0pct,1784125007.454244,0,-0.3893517824954804,-0.1916752693968971,1.1531235417489236,0.3670927995203225,0.9453317034191091,0.09861275819490464,0.39825067558980226,-0.5346422851239325,1.0,0.0,0.0,1.0,0.0,0.0,0.0,0.0,0.0,1.0
window_10_0pct::C2iTQA4qbKTovpIV0e,window_10_0pct,1784125193.121706,0,-0.30876328122155383,-0.2818055000517585,-0.5573540544579261,-0.3180207911559465,-0.5058838631448596,-0.24903044507314773,-0.2366308414380367,-0.24495311638333006,1.0,0.0,0.0,1.0,0.0,0.0,0.0,0.0,0.0,1.0
window_10_0pct::Cd2Xr04iUNbhnAG93g,window_10_0pct,1784125867.926716,0,0.17951553713252935,-0.18833711270597633,-0.4118967527883412,-0.23018571542821972,-0.35312432982233655,-0.24957339175271187,-0.23704481921012557,-0.19402446912262805,1.0,0.0,0.0,1.0,0.0,0.0,0.0,0.0,0.0,1.0
window_10_0pct::CA9dtq4E6JUpZPKiJ8,window_10_0pct,1784125620.017789,0,-0.13317371917628557,0.26419175370697345,0.30555380833115964,0.15628861777377817,0.28337372568817604,-0.24805306589255322,-0.2364914747776711,-0.15654842373938366,1.0,0.0,0.0,1.0,0.0,0.0,0.0,0.0,0.0,1.0
window_10_0pct::C9XAgh2cx6NzWt6Xx3,window_10_0pct,1784124904.770341,0,-0.21514782012055153,0.21140715103178845,-0.26365649412756076,-0.0720825791183115,-0.225824718720234,-0.24744693730779982,-0.23653246560788949,0.2985458935099347,1.0,0.0,0.0,1.0,0.0,0.0,0.0,0.0,0.0,1.0
window_10_0pct::CooPZQ2ecZRDxPAxJd,window_10_0pct,1784124409.492134,0,-0.3887516114650469,-0.36984938277479434,-0.7379063557416712,-0.4058558668836733,-0.684103318687803,-0.24979859986280267,-0.2172688545323028,-0.6040302242810942,1.0,0.0,0.0,0.0,1.0,0.0,0.0,0.0,0.0,1.0
window_02_3pct::CScXNI2u55VuejEIM,window_02_3pct,1783695632.105032,1,-0.07114922813014515,-0.3258274414132764,-0.7379063557416712,-0.35315482144703725,-0.6077235520265416,-0.24970100262325448,-0.2370573509137553,1525.4736783412168,1.0,0.0,0.0,1.0,0.0,0.0,0.0,1.0,0.0,0.0
window_10_0pct::C7J3O22LgidyQtFxN7,window_10_0pct,1784125654.658422,0,-0.1389020907062437,-0.2818055000517585,-0.5573540544579261,-0.3355878063014919,-0.5058838631448596,-0.2495506764692128,-0.2370099080001292,-0.24495311638333006,1.0,0.0,0.0,1.0,0.0,0.0,0.0,0.0,0.0,1.0
window_10_0pct::C8lx824WY4NbMByGy5,window_10_0pct,1784125160.329311,0,0.8459902595910633,0.08539173594952856,0.3429856420600641,0.05088652690050602,0.28337372568817604,-0.24953840904020716,-0.23704633492277763,-0.29386485839856846,1.0,0.0,0.0,1.0,0.0,0.0,0.0,0.0,0.0,1.0
window_10_0pct::CmmN8eQyh7Bw2jxXk,window_10_0pct,1784125230.481776,0,0.10007055377199822,-0.10050186477612301,-0.5316701231422363,-0.2477527305737651,-0.45496401870401854,-0.24941020499063324,-0.23703550723205252,0.3576837674557256,1.0,0.0,0.0,1.0,0.0,0.0,0.0,0.0,0.0,1.0
window_10_0pct::CjDGIg1Rrxm6Z0BvZ,window_10_0pct,1784125160.329091,0,0.8459927682656183,-0.18833711270597633,-0.4149983689770018,-0.2477527305737651,-0.35312432982233655,-0.24969485762810978,-0.23711211089965983,-0.19008651502400717,1.0,0.0,0.0,1.0,0.0,0.0,0.0,0.0,0.0,1.0
window_07_17pct::CTTV9V3BlovfxPXZui,window_07_17pct,1783714380.691664,1,-0.07756937467502929,-0.32603607620645897,-0.7379063557416712,-0.3355878063014919,-0.582263629806121,-0.24969946731008957,-0.23703987293336193,1518.2410825660247,1.0,0.0,0.0,1.0,0.0,0.0,0.0,1.0,0.0,0.0
window_10_0pct::Cco2jd3h9OXslS0qC,window_10_0pct,1784125052.546324,0,0.25602150683747427,0.07183047439266285,-0.27461837052036137,-0.12478362455494757,-0.2512846409406545,-0.24931552070874602,-0.2370143260705251,0.09803797032119477,1.0,0.0,0.0,1.0,0.0,0.0,0.0,0.0,0.0,1.0
window_10_0pct::C0N1NWZ6867gGUaPl,window_10_0pct,1784124833.425862,0,-0.02151976712830277,0.3614155673300415,0.7485750685936869,0.29682473893814104,0.6398126367740631,-0.24839590348362756,-0.23659105133705818,-0.24174408259719155,1.0,0.0,0.0,1.0,0.0,0.0,0.0,0.0,0.0,1.0
window_10_0pct::CP5pje3qOZ8NzkxxZe,window_10_0pct,1784125646.586443,0,0.10315207081751446,-0.28117959567221085,-0.5940211061129143,-0.3004537760104012,-0.5058838631448596,-0.24967153884434493,-0.23706540281466004,-0.1502579767971009,1.0,0.0,0.0,1.0,0.0,0.0,0.0,0.0,0.0,1.0
window_10_0pct::Cmxz8uFXMFnpYLBg9,window_10_0pct,1784125284.958968,0,-0.30651090780446416,-0.09612053411928946,-0.5137402322981981,-0.23018571542821972,-0.45496401870401854,-0.2474750541674483,-0.2363579102675791,0.29516106322500024,1.0,0.0,0.0,1.0,0.0,0.0,0.0,0.0,0.0,1.0
window_10_0pct::C21H0R1EeF4Ajr0Eh5,window_10_0pct,1784124657.846148,0,0.04787654416153685,0.3899985339960508,1.7540935442216692,0.5778969812668668,1.4799900700479396,-0.24857222157534165,-0.2365068442619938,-0.379477870901025,1.0,0.0,0.0,1.0,0.0,0.0,0.0,0.0,0.0,1.0
window_10_0pct::CXw66v4w2IIEstjGDd,window_10_0pct,1784125980.425437,0,0.16299729229061646,0.6530870081992457,2.4546339239290202,1.0873404204876822,2.091028203338032,-0.24849147889819925,-0.23639252762166066,-0.3680628226417251,1.0,0.0,0.0,1.0,0.0,0.0,0.0,0.0,0.0,1.0
window_10_0pct::CyvtsW1SBRBt5B33Uk,window_10_0pct,1784125121.122855,0,-0.38907772848197497,-0.09674643849883711,-0.5306291697638502,-0.23018571542821972,-0.45496401870401854,0.05384290102086999,-0.13178925054686744,0.3661960382446528,1.0,0.0,0.0,1.0,0.0,0.0,0.0,0.0,0.0,1.0
window_10_0pct::C7QIAOLtUEkVu3Rv6,window_10_0pct,1784125623.982981,0,-0.3876698603217567,-0.18332987766959513,1.1531235417489236,0.41979384495695854,0.9453317034191091,-0.1853223118901921,-0.11781495375587048,-0.5313922645545104,1.0,0.0,0.0,1.0,0.0,0.0,0.0,0.0,0.0,1.0
window_10_0pct::CQ5mmq35FiVdA7PMw2,window_10_0pct,1784124287.295534,0,-0.1742315836597378,-0.27909324774038535,1.1454757210097604,0.26169070864705035,0.9198717811986885,-0.24950113825064246,-0.2362305054202663,-0.5685427314750969,1.0,0.0,0.0,1.0,0.0,0.0,0.0,0.0,0.0,1.0
window_07_17pct::C8eTUm1jgE2QDbap4j,window_07_17pct,1783715381.125378,1,-0.0821649568785183,-0.32603607620645897,-0.7379063557416712,-0.35315482144703725,-0.6077235520265416,-0.24969798600702475,-0.2370535879162677,1518.2410825660247,1.0,0.0,0.0,1.0,0.0,0.0,0.0,1.0,0.0,0.0
window_10_0pct::CJH7Va20dLPNuIaHl3,window_10_0pct,1784124726.679903,0,-0.205374579165568,-0.36984938277479434,-0.7379063557416712,-0.4058558668836733,-0.684103318687803,-0.24979859986280267,-0.23705866285944946,-0.6040302242810942,1.0,0.0,0.0,0.0,1.0,0.0,0.0,0.0,0.0,1.0
window_10_0pct::CwDVnO2vb7Unab8dB5,window_10_0pct,1784123961.497192,0,0.01059110704644622,-0.08944422073744789,-0.2962022201619998,-0.1599176548460383,-0.276744563161075,-0.24930387848823138,-0.2369474219094027,-0.13653593669113814,1.0,0.0,0.0,1.0,0.0,0.0,0.0,0.0,0.0,1.0
window_10_0pct::CX7EgZ3MeORUcaX9O3,window_10_0pct,1784124514.772708,0,0.586635061362572,-0.016422043123555573,-0.13984677393910727,-0.0720825791183115,-0.12398502983855199,-0.24954294140670574,-0.2370497797388549,-0.16883620434804508,1.0,0.0,0.0,1.0,0.0,0.0,0.0,0.0,0.0,1.0
window_04_7pct::C9HgdC1bn3MF0KYU44,window_04_7pct,1783703130.878674,1,-0.38971290352885773,-0.36984938277479434,-0.7379063557416712,-0.4585569123203094,-0.7095632409082235,-0.24979859986280267,89.33754977592461,-0.6040302242810942,1.0,0.0,0.0,0.0,1.0,0.0,1.0,0.0,0.0,0.0
window_10_0pct::Cmvcbf4uW2qdaekTYg,window_10_0pct,1784124072.177608,0,-0.26382170029639956,0.08330538801770307,-0.07806937752386658,-0.036948548827220776,-0.07306518539771098,-0.24725636507450538,-0.23621295074913984,-0.0982770925816359,1.0,0.0,0.0,1.0,0.0,0.0,0.0,0.0,0.0,1.0
window_10_0pct::CaQ2el3IVEVdpaIjb,window_10_0pct,1784124622.549359,0,-0.38461329124404825,-0.10050186477612301,-0.5306291697638502,-0.2477527305737651,-0.45496401870401854,-0.21249627130429863,-0.22497437938306752,0.3528545006392568,1.0,0.0,0.0,1.0,0.0,0.0,0.0,0.0,0.0,1.0
window_07_17pct::CQMuxs2LCwdecJABl8,window_07_17pct,1783714378.740184,1,-0.3897129142040686,-0.36984938277479434,-0.7379063557416712,-0.4585569123203094,-0.7095632409082235,-0.24979859986280267,111.73122782240476,-0.6040302242810942,1.0,0.0,0.0,0.0,1.0,0.0,1.0,0.0,0.0,0.0
window_08_22pct::CaHYEv497AsxE4rEa5,window_08_22pct,1783718129.540027,1,-0.07347438513495999,-0.32603607620645897,-0.7379063557416712,-0.35315482144703725,-0.6077235520265416,-0.2497007509826162,-0.23705657846256634,1518.2410825660247,1.0,0.0,0.0,1.0,0.0,0.0,0.0,1.0,0.0,0.0
window_10_0pct::C8NhExgMd20GaL2Dl,window_10_0pct,1784124800.294493,0,0.13772991149830166,-0.188963017085524,-0.45319498477982256,-0.23018571542821972,-0.37858425204275703,-0.249556388185069,-0.23703550331100814,-0.136175226363359,1.0,0.0,0.0,1.0,0.0,0.0,0.0,0.0,0.0,1.0
window_10_0pct::C7SDPi1gXfdSQbTngh,window_10_0pct,1784124196.976425,0,-0.389622911501207,-0.275546456256282,-0.5573540544579261,-0.3180207911559465,-0.5058838631448596,0.4898548552928536,0.24071098044469977,-0.2194263077650056,1.0,0.0,0.0,1.0,0.0,0.0,0.0,0.0,0.0,1.0
window_10_0pct::CgIRxr2ZXOLEmaRy7c,window_10_0pct,1784125372.096854,0,-0.3886971251887564,-0.36984938277479434,-0.7379063557416712,-0.4058558668836733,-0.684103318687803,-0.24979859986280267,-0.2183358873312916,-0.6040302242810942,1.0,0.0,0.0,0.0,1.0,0.0,0.0,0.0,0.0,1.0
window_10_0pct::CcxcA03SwPWUcmKgac,window_10_0pct,1784124915.424257,0,-0.3897116652043966,-0.3631730693929528,-0.7368866463097827,-0.4585569123203094,-0.7095632409082235,3.4005937905346,3.46427197785206,4.119297628905474,0.0,1.0,1.0,0.0,0.0,0.0,0.0,0.0,0.0,1.0
window_10_0pct::CsVXG916Kw2Nf5bEN3,window_10_0pct,1784124068.543852,0,-0.3896481156740757,-0.2776328041881075,-0.5573540544579261,-0.3355878063014919,-0.5058838631448596,0.7546377570644377,0.35272703475827294,-0.22793524397111378,1.0,0.0,0.0,1.0,0.0,0.0,0.0,0.0,0.0,1.0
window_10_0pct::Ckovtt1u2tsiwizm3g,window_10_0pct,1784125341.469613,0,0.23688781398150482,0.09165077974500505,0.20290305885439108,0.03331951175496066,0.18153403680649405,-0.24927842950170156,-0.23694113162704836,-0.2427842185745764,1.0,0.0,0.0,1.0,0.0,0.0,0.0,0.0,0.0,1.0
window_10_0pct::CKRcZzSOIApDtxNri,window_10_0pct,1784125245.340766,0,-0.3883061989666245,-0.2818055000517585,-0.5573540544579261,-0.3180207911559465,-0.5058838631448596,-0.20559633918611725,-0.20657413237469638,-0.24495311638333006,1.0,0.0,0.0,1.0,0.0,0.0,0.0,0.0,0.0,1.0
window_10_0pct::CHBGAf9ge1rTm5hha,window_10_0pct,1784124441.358814,0,-0.26779363668074757,0.2673212756047117,-0.07263092722046163,0.03331951175496066,-0.07306518539771098,-0.24610756705711667,-0.23602515630841311,0.10128470043826455,1.0,0.0,0.0,1.0,0.0,0.0,0.0,0.0,0.0,1.0
window_10_0pct::CbwIgZHFhC2wHyUR4,window_10_0pct,1784124726.678517,0,-0.20535962319513634,-0.19376161732872263,-0.4767545214457448,-0.26531974571931044,-0.42950409648359805,-0.2491240052694109,-0.23685119383653302,-0.10750258199526445,1.0,0.0,0.0,1.0,0.0,0.0,0.0,0.0,0.0,1.0
window_10_0pct::CTufqzzdDR4DQlfph,window_10_0pct,1784125093.133704,0,-0.3891481955489409,-0.1895889214650716,-0.4767545214457448,-0.26531974571931044,-0.42950409648359805,-0.024374587700616176,-0.13557306455594365,-0.0957365241211927,1.0,0.0,0.0,1.0,0.0,0.0,0.0,0.0,0.0,1.0
window_10_0pct::CQCqBa18tw1PxmXMdj,window_10_0pct,1784124108.442291,0,-0.38445123086780075,0.4567616678144666,-0.6461112629252148,0.05088652690050602,-0.174904874279393,-0.13884595882142753,-0.20990246901919493,6.0261281425191,1.0,0.0,0.0,0.0,0.0,1.0,0.0,0.0,0.0,1.0
window_10_0pct::CK42JU36Ljji9lN6j1,window_10_0pct,1784126004.226046,0,-0.3893602692881237,-0.36984938277479434,-0.7379063557416712,-0.4058558668836733,-0.684103318687803,-0.24979859986280267,-0.18293714685289655,-0.6040302242810942,1.0,0.0,0.0,0.0,1.0,0.0,0.0,0.0,0.0,1.0
window_10_0pct::CoRiwu2BK5F8uIW5o9,window_10_0pct,1784125781.06876,0,-0.2574365791183864,-0.10112776915567065,1.2244394701416206,0.3495257843747771,0.9962515478599501,-0.2483638209861167,-0.23546358965484213,-0.5031827541497008,1.0,0.0,0.0,1.0,0.0,0.0,0.0,0.0,0.0,1.0
window_10_0pct::Caw2Bo1U66F1xQAJlk,window_10_0pct,1784125744.352653,0,0.687788086031272,0.5758921347217023,0.5939828699301014,0.3670927995203225,0.5379729478923811,-0.24917870301938747,-0.23694942185315943,-0.0811044132413943,1.0,0.0,0.0,1.0,0.0,0.0,0.0,0.0,0.0,1.0
window_10_0pct::CguY4K3vhqXzEUIIy4,window_10_0pct,1784125301.167276,0,1.0482109072414874,0.09624074519502114,1.525997290676126,0.5603299661213215,1.3272305367254167,-0.24956967198497326,-0.2369662330321906,-0.4524122999343975,1.0,0.0,0.0,1.0,0.0,0.0,0.0,0.0,0.0,1.0
window_10_0pct::CVTfoX1sC7raU5T5Gh,window_10_0pct,1784124386.04547,0,0.11846066481467991,-0.36984938277479434,-0.7379063557416712,-0.38828885173812794,-0.6586433964673826,-0.24979859986280267,-0.23711536756293042,-0.6040302242810942,1.0,0.0,0.0,0.0,1.0,0.0,0.0,0.0,0.0,1.0
window_07_17pct::CtZnZk1KAap7N1skgh,window_07_17pct,1783714379.279259,1,-0.38921985823952454,-0.3531585993201904,-0.6852426123739334,-0.38828885173812794,-0.6077235520265416,-0.2258925640961985,-0.1886818011186684,-0.37072068314587064,1.0,0.0,0.0,1.0,0.0,0.0,0.0,0.0,0.0,1.0
window_10_0pct::CkqYFK2TJYl2VvH9xd,window_10_0pct,1784124276.508941,0,-0.2676501191457847,-0.36984938277479434,-0.7379063557416712,-0.4058558668836733,-0.684103318687803,-0.24979859986280267,-0.237005731852255,-0.6040302242810942,1.0,0.0,0.0,0.0,1.0,0.0,0.0,0.0,0.0,1.0
window_10_0pct::CeXAUy4v2KlDpvlw2k,window_10_0pct,1784124535.722122,0,0.6254935121500704,0.6220004240150457,2.1878099559182145,0.8941032538866832,1.8873488255746678,-0.24910858855822066,-0.23679506670317046,-0.3543677885213884,1.0,0.0,0.0,1.0,0.0,0.0,0.0,0.0,0.0,1.0
window_10_0pct::CUnjNC4qkxUqGii9Ig,window_10_0pct,1784125831.40753,0,0.22267448594459358,0.1872055150226127,0.07429220675746291,0.06845354204605138,0.07969434792481203,-0.2491561542176506,-0.23692038105221855,-0.09894219248232197,1.0,0.0,0.0,1.0,0.0,0.0,0.0,0.0,0.0,1.0
window_06_15pct::Cb5P33pL25aaYXufd,window_06_15pct,1783711632.255081,1,-0.08505401054722364,-0.32624471099964153,-0.7379063557416712,-0.3355878063014919,-0.582263629806121,-0.24969751555177724,-0.23703686253335604,1511.0084867908329,1.0,0.0,0.0,1.0,0.0,0.0,0.0,1.0,0.0,0.0
window_08_22pct::CZcwUs9BsQGJkIZX1,window_08_22pct,1783718128.587103,1,-0.38923927644810064,-0.3531585993201904,-0.6852426123739334,-0.38828885173812794,-0.6077235520265416,-0.2249125523982932,-0.1866943714885486,-0.37072068314587064,1.0,0.0,0.0,1.0,0.0,0.0,0.0,0.0,0.0,1.0
window_10_0pct::Cz83iP3aGnu2NkTd4d,window_10_0pct,1784125738.936665,0,0.3902484805049496,0.15987435711569872,1.733210744814454,0.5954639964124121,1.4545301478275192,-0.24931893161044716,-0.23678848147439116,-0.4461618874814148,1.0,0.0,0.0,1.0,0.0,0.0,0.0,0.0,0.0,1.0
window_10_0pct::CY9i8F2Ax4dwCbThFj,window_10_0pct,1784124551.235916,0,-0.31310291456917627,-0.27784143898129005,-0.5955506702607468,-0.3180207911559465,-0.53134378536528,-0.24895038809748246,-0.23660073033810908,-0.12811635724742632,1.0,0.0,0.0,1.0,0.0,0.0,0.0,0.0,0.0,1.0
window_10_0pct::C5C9NjsXdoNsu4UC8,window_10_0pct,1784125282.01914,0,-0.38282293027828695,0.2635658493274258,1.454617630443936,0.5427629509757761,1.2253908478437345,-0.1848705629897545,-0.19691490326942815,-0.39127384131191834,1.0,0.0,0.0,1.0,0.0,0.0,0.0,0.0,0.0,1.0
window_10_0pct::Cme9K37fKH7erdlN3,window_10_0pct,1784124833.328366,0,-0.38871012759559836,-0.010371634121261637,-0.3967498189354985,-0.17748466999158366,-0.35312432982233655,0.0033698975581647264,-0.1561122659060167,0.17192011947081726,1.0,0.0,0.0,1.0,0.0,0.0,0.0,0.0,0.0,1.0
window_10_0pct::CBZM7U26e7xsQM4zk,window_10_0pct,1784124605.362287,0,-0.005303758856597419,-0.27366874311763906,0.1535746150867883,-0.10721660940940221,0.07969434792481203,-0.2496218909074017,-0.23690121947455864,-0.5245776649491872,1.0,0.0,0.0,1.0,0.0,0.0,0.0,0.0,0.0,1.0
window_10_0pct::CKkjfJqRM4FtjHIlj,window_10_0pct,1784125353.02164,0,-0.38686470389215943,-0.2788846129472028,-0.5955506702607468,-0.3355878063014919,-0.53134378536528,-0.22724274305601538,-0.22373342124945897,-0.13351220608000763,1.0,0.0,0.0,1.0,0.0,0.0,0.0,0.0,0.0,1.0
window_10_0pct::Ccduyy4KYWgFZx5tgd,window_10_0pct,1784126034.779309,0,0.18629526748042516,-0.18583349518778575,-0.45013585648415727,-0.23018571542821972,-0.37858425204275703,-0.24957297273978654,-0.23704620327685444,-0.13314002912945297,1.0,0.0,0.0,1.0,0.0,0.0,0.0,0.0,0.0,1.0
window_10_0pct::CQosad2ZT2oBR2fQoe,window_10_0pct,1784124046.579438,0,-0.34682611921797457,0.16884565322254835,-0.3177860698036382,-0.10721660940940221,-0.276744563161075,-0.24092737436426218,-0.23482127121625487,0.3402263511118152,1.0,0.0,0.0,1.0,0.0,0.0,0.0,0.0,0.0,1.0
window_10_0pct::CbYKQV1CtTtjOLLqvi,window_10_0pct,1784124939.527573,0,-0.23604111865976002,-0.09820688205111495,-0.23134445150459615,-0.14235063970049294,-0.225824718720234,-0.24855015863289723,-0.23657126883126475,-0.2091279471989884,1.0,0.0,0.0,1.0,0.0,0.0,0.0,0.0,0.0,1.0
window_10_0pct::C2O8Xr2wuTxAnM6m5i,window_10_0pct,1784124972.811318,0,-0.3887436264073147,-0.36984938277479434,-0.7379063557416712,-0.4058558668836733,-0.684103318687803,-0.24979859986280267,-0.21743273175402442,-0.6040302242810942,1.0,0.0,0.0,0.0,1.0,0.0,0.0,0.0,0.0,1.0
window_10_0pct::CGI9DpbVnqjHXLEz9,window_10_0pct,1784124931.908359,0,0.5103034178511666,0.447790371707617,0.8861721100591319,0.38465981466586785,0.7925721700965861,-0.249156982278948,-0.2369021079645001,-0.23327099808126192,1.0,0.0,0.0,1.0,0.0,0.0,0.0,0.0,0.0,1.0
window_07_17pct::CJmFu326kt5QA92DF6,window_07_17pct,1783714380.499809,1,-0.07554381746333655,-0.32666198058600665,-0.7379063557416712,-0.3355878063014919,-0.582263629806121,-0.24970151350070408,-0.23704066297222812,1496.543295240449,1.0,0.0,0.0,1.0,0.0,0.0,0.0,1.0,0.0,0.0
window_10_0pct::CYiZPk15qtbQ330F02,window_10_0pct,1784124218.470567,0,0.46836652447888294,0.08205357925860778,1.735653798661687,0.6305980267035028,1.4799900700479396,-0.2494266517665691,-0.23681137944095304,-0.46948705974520166,1.0,0.0,0.0,1.0,0.0,0.0,0.0,0.0,0.0,1.0
window_10_0pct::CJndMr3iBfXjhDkJ33,window_10_0pct,1784125576.1213,0,-0.3893863168026513,-0.36984938277479434,-0.7379063557416712,-0.4058558668836733,-0.684103318687803,-0.24979859986280267,-0.17861301971815186,-0.6040302242810942,1.0,0.0,0.0,0.0,1.0,0.0,0.0,0.0,0.0,1.0
window_07_17pct::CBW1eG2r4r5Bx3vdSe,window_07_17pct,1783714379.275631,1,-0.3892194419063005,-0.3531585993201904,-0.6852426123739334,-0.38828885173812794,-0.6077235520265416,-0.22591273142033644,-0.18872269975042724,-0.37072068314587064,1.0,0.0,0.0,1.0,0.0,0.0,0.0,0.0,0.0,1.0
window_10_0pct::CLgc8Q1DB3y6vpd9wc,window_10_0pct,1784125083.884795,0,-0.3887656280169218,-0.18374714725596025,-0.4385579056429241,-0.2477527305737651,-0.4040441742631775,-0.11105419497935942,-0.1715517419609984,-0.14621902420507923,1.0,0.0,0.0,1.0,0.0,0.0,0.0,0.0,0.0,1.0
window_10_0pct::C9dPxV2c1SmDkFvGj7,window_10_0pct,1784126049.508553,0,0.2536422158383276,0.19116957609308113,-0.11199596008065454,-0.0018145185361300583,-0.04760526317729048,-0.24918272651516385,-0.23696175736643763,0.05604478384716759,1.0,0.0,0.0,1.0,0.0,0.0,0.0,0.0,0.0,1.0
window_10_0pct::CKjYjl1gfOVrCwi1i,window_10_0pct,1784126120.706875,0,0.34453017123675017,-0.09632916891247202,1.4363053485629398,0.6130310115579575,1.2253908478437345,-0.2495355038865532,-0.23675868681420462,-0.511384365514981,1.0,0.0,0.0,1.0,0.0,0.0,0.0,0.0,0.0,1.0
window_10_0pct::CJI5BY2hmr6fs5peYi,window_10_0pct,1784125411.887016,0,-0.3351407344916022,-0.36984938277479434,-0.7379063557416712,-0.4058558668836733,-0.684103318687803,-0.24979859986280267,-0.2368119646964029,-0.6040302242810942,1.0,0.0,0.0,0.0,1.0,0.0,0.0,0.0,0.0,1.0
window_10_0pct::C5BY1N17zs8HBJyZP4,window_10_0pct,1784125975.356112,0,-0.04935548622909611,0.45154579798490285,0.36278500019589777,0.27925772379259567,0.3597534923494376,-0.24809416059084172,-0.23655837088963266,-0.05446294257706949,1.0,0.0,0.0,1.0,0.0,0.0,0.0,0.0,0.0,1.0
window_10_0pct::CurebU3voO9hQso0ne,window_10_0pct,1784124915.4522,0,-0.3887920064629865,-0.36984938277479434,-0.7379063557416712,-0.4058558668836733,-0.684103318687803,-0.24979859986280267,-0.21639627757769242,-0.6040302242810942,1.0,0.0,0.0,0.0,1.0,0.0,0.0,0.0,0.0,1.0
window_10_0pct::CB3WRk4Jwgje3OKXwk,window_10_0pct,1784125685.825101,0,1.258679841973833,0.40105617803472593,0.1992491000567909,0.1914226480648689,0.20699395902691456,-0.24946830247492063,-0.23705219142482098,0.001760127964948773,1.0,0.0,0.0,1.0,0.0,0.0,0.0,0.0,0.0,1.0
window_08_22pct::CYA3JH3vIKxKFPGUVe,window_08_22pct,1783718129.986238,1,-0.07819309522064638,-0.32603607620645897,-0.7379063557416712,-0.35315482144703725,-0.6077235520265416,-0.2496992688283314,-0.23705497539199163,1518.2410825660247,1.0,0.0,0.0,1.0,0.0,0.0,0.0,1.0,0.0,0.0
window_10_0pct::CDE8LI2yzXyPhHUzce,window_10_0pct,1784125335.035727,0,-0.17383196781595617,0.009240036437898013,-0.16740017254659253,-0.0720825791183115,-0.14944495205897249,-0.24855839927414633,-0.23665302596572746,-0.11469352024759184,1.0,0.0,0.0,1.0,0.0,0.0,0.0,0.0,0.0,1.0
window_10_0pct::CLgLD63wwJLGenejb7,window_10_0pct,1784124151.614333,0,0.042582621688435615,0.3912503427551461,-0.011065970270197702,0.05088652690050602,0.003314581263550526,-0.24855515812496967,-0.23683061307658906,0.1671084396937755,1.0,0.0,0.0,1.0,0.0,0.0,0.0,0.0,0.0,1.0
window_10_0pct::CvsvYQ1YfXzdO7uep4,window_10_0pct,1784125764.648617,0,-0.24289789200451897,-0.09382555139428142,-0.3243929371644153,-0.14235063970049294,-0.276744563161075,-0.2484707755153162,-0.23654366048614445,-0.11246933809086888,1.0,0.0,0.0,1.0,0.0,0.0,0.0,0.0,0.0,1.0
window_10_0pct::C5IUAe2G35q8mqGc12,window_10_0pct,1784125405.107077,0,-0.11798875479622849,-0.27846734336083767,-0.5955506702607468,-0.3355878063014919,-0.53134378536528,-0.2495610814987314,-0.23702164536264483,-0.1313538665469751,1.0,0.0,0.0,1.0,0.0,0.0,0.0,0.0,0.0,1.0
window_10_0pct::Co4Bvo4zVpcbjF3xue,window_10_0pct,1784124063.630412,0,-0.3144123999859984,-0.2818055000517585,-0.5573540544579261,-0.3004537760104012,-0.5058838631448596,-0.2489728173767031,-0.23652746851570783,-0.24495311638333006,1.0,0.0,0.0,1.0,0.0,0.0,0.0,0.0,0.0,1.0
window_10_0pct::ChC11Oa5NzBRxn0i5,window_10_0pct,1784125048.347018,0,0.26922612352388137,-0.1038400214670438,-0.28619632136159456,-0.1599176548460383,-0.2512846409406545,-0.24951348731942224,-0.23703180519906347,-0.1703601897923003,1.0,0.0,0.0,1.0,0.0,0.0,0.0,0.0,0.0,1.0
window_10_0pct::CEdAxK1vt1o7LRSW94,window_10_0pct,1784124591.241058,0,-0.38922035997443555,-0.279719152119933,-0.5573540544579261,-0.3180207911559465,-0.5058838631448596,-0.12057451938182666,-0.149808430098912,-0.23644418017722194,1.0,0.0,0.0,1.0,0.0,0.0,0.0,0.0,0.0,1.0
window_10_0pct::C4Vv823QL5EWn0uljg,window_10_0pct,1784125311.80202,0,-0.38907309544045654,-0.00536439908488045,-0.3967498189354985,-0.17748466999158366,-0.35312432982233655,0.15250910892703773,-0.1101357573022699,0.1827284817749646,1.0,0.0,0.0,1.0,0.0,0.0,0.0,0.0,0.0,1.0
window_10_0pct::CVNM6h3vSEnVD6mrG7,window_10_0pct,1784126004.224691,0,-0.38934529196727025,-0.19376161732872263,-0.4385579056429241,-0.2828867608648558,-0.4040441742631775,0.08845438393280465,-0.0941175166935635,-0.17085460447822803,1.0,0.0,0.0,1.0,0.0,0.0,0.0,0.0,0.0,1.0
window_10_0pct::CpX5Wy4vjP9hwwe3b2,window_10_0pct,1784125608.263428,0,-0.38916700527049736,-0.10050186477612301,-0.5306291697638502,-0.2477527305737651,-0.45496401870401854,0.09863776707653328,-0.12331554651607819,0.3528545006392568,1.0,0.0,0.0,1.0,0.0,0.0,0.0,0.0,0.0,1.0
window_10_0pct::C2kyTL35a1C51l8syd,window_10_0pct,1784124397.686443,0,0.10368648254897658,-0.18583349518778575,0.7234434798869367,0.17385563291932354,0.5634328701128016,-0.249535196485925,-0.23680387218654736,-0.5112965497103821,1.0,0.0,0.0,1.0,0.0,0.0,0.0,0.0,0.0,1.0
window_10_0pct::Cgd8iD2xZIXV703TQa,window_10_0pct,1784125397.543135,0,0.17145051139564724,0.2491700485978299,0.052878308687805894,0.06845354204605138,0.054234425704391534,-0.2490195243385475,-0.23689828823051617,-0.027559796745984442,1.0,0.0,0.0,1.0,0.0,0.0,0.0,0.0,0.0,1.0
window_10_0pct::CzZxtT3LAfaPH9P1vi,window_10_0pct,1784124573.158581,0,-0.2375028539340383,-0.36984938277479434,-0.7379063557416712,-0.4058558668836733,-0.684103318687803,-0.24979859986280267,-0.2370367640732248,-0.6040302242810942,1.0,0.0,0.0,0.0,1.0,0.0,0.0,0.0,0.0,1.0
window_06_15pct::CvqEvw2QPiVk928Ctb,window_06_15pct,1783710630.195084,1,-0.3892933570663781,-0.3531585993201904,-0.6852426123739334,-0.38828885173812794,-0.6077235520265416,-0.22170508492627355,-0.1801897390385862,-0.37072068314587064,1.0,0.0,0.0,1.0,0.0,0.0,0.0,0.0,0.0,1.0
window_10_0pct::C1Hj5FMzvx1HSrsxl,window_10_0pct,1784125689.184749,0,0.7097886067669111,0.2679471799842594,0.7010098723853913,0.26169070864705035,0.6652725589944836,-0.24938891398625196,-0.2369797744414547,-0.27760560319328403,1.0,0.0,0.0,1.0,0.0,0.0,0.0,0.0,0.0,1.0
window_10_0pct::CaVsBi2UcFRnXbhEMa,window_10_0pct,1784123928.024553,0,0.48629419606180135,-0.18833711270597633,-0.4752249572979122,-0.26531974571931044,-0.37858425204275703,-0.24965225987811435,-0.2370969153977198,-0.09518675635153084,1.0,0.0,0.0,1.0,0.0,0.0,0.0,0.0,0.0,1.0
window_08_22pct::CM4q8RAneKqGivWIg,window_08_22pct,1783718128.509572,1,-0.38923796339716343,-0.3531585993201904,-0.6852426123739334,-0.38828885173812794,-0.6077235520265416,-0.22498134628160898,-0.18683388309067026,-0.37072068314587064,1.0,0.0,0.0,1.0,0.0,0.0,0.0,0.0,0.0,1.0
window_10_0pct::CQCmmLQV1D2DrUKTl,window_10_0pct,1784124437.033955,0,-0.3884400874613808,-0.36984938277479434,-0.7379063557416712,-0.4058558668836733,-0.684103318687803,-0.24979859986280267,-0.22213763355490143,-0.6040302242810942,1.0,0.0,0.0,0.0,1.0,0.0,0.0,0.0,0.0,1.0
window_10_0pct::CJ5G8L1njyZmEkatDh,window_10_0pct,1784124922.460073,0,-0.0031912093515089213,0.09665801478138623,-0.15403773019955458,-0.019381533681675417,-0.14944495205897249,-0.24894618842245525,-0.2368407986941607,-0.015633493215816422,1.0,0.0,0.0,1.0,0.0,0.0,0.0,0.0,0.0,1.0
window_10_0pct::CNKhiW25uHD6xDWyDd,window_10_0pct,1784126067.687276,0,0.216690902148319,-0.010371634121261637,-0.3967498189354985,-0.10721660940940221,-0.327664407601916,-0.24937992708290802,-0.2369968371068944,0.17192011947081726,1.0,0.0,0.0,1.0,0.0,0.0,0.0,0.0,0.0,1.0
window_10_0pct::CyJWPDIZOqUWdYOah,window_10_0pct,1784125744.364599,0,0.6876604852357191,0.5742230563762419,2.0288839921691033,0.8765362387411378,1.7345892922521446,-0.24917972374633296,-0.23682070105075945,-0.35274416867034875,1.0,0.0,0.0,1.0,0.0,0.0,0.0,0.0,0.0,1.0
window_10_0pct::CkKT1u4x3aYwZLePMi,window_10_0pct,1784125322.356444,0,0.2518516840691924,-0.36984938277479434,-0.7379063557416712,-0.38828885173812794,-0.6331834742469621,-0.24979859986280267,-0.23712514839822077,-0.6040302242810942,1.0,0.0,0.0,0.0,1.0,0.0,0.0,0.0,0.0,1.0
window_10_0pct::CDT9DCwTrNSgv0hUc,window_10_0pct,1784125764.649888,0,-0.24291046740292616,0.3804013335096535,0.4706830044575922,0.24412369350150498,0.41067333679027856,-0.24618917780881786,-0.23582709930976092,-0.14687606539073725,1.0,0.0,0.0,1.0,0.0,0.0,0.0,0.0,0.0,1.0
window_10_0pct::CwBasQ3M9RBGpT5wp9,window_10_0pct,1784126003.22903,0,-0.38877969794485107,-0.09319964701473378,-0.6512947858706477,-0.3004537760104012,-0.5568037075857005,-0.04043905722610321,-0.18593177721852575,1.74771621954051,1.0,0.0,0.0,1.0,0.0,0.0,0.0,0.0,0.0,1.0
window_10_0pct::Cdjpftaglkktv7C46,window_10_0pct,1784125384.487431,0,-0.38752385546266066,-0.09382555139428142,-0.33227444131505296,-0.14235063970049294,-0.276744563161075,-0.16074625446210042,-0.19566513276701877,-0.10291871809733275,1.0,0.0,0.0,1.0,0.0,0.0,0.0,0.0,0.0,1.0
window_10_0pct::CmMSoC38yaXI5sxPx1,window_10_0pct,1784124225.887258,0,-0.3086342072469007,0.17427015784529465,-0.07543512815815481,-0.0018145185361300583,-0.07306518539771098,-0.2450588879059866,-0.23557024302697976,0.0008314009137288705,1.0,0.0,0.0,1.0,0.0,0.0,0.0,0.0,0.0,1.0
window_10_0pct::CWw7NI35w4TatEMrIi,window_10_0pct,1784124973.369993,0,-0.38921804345367633,-0.36984938277479434,-0.7379063557416712,-0.4058558668836733,-0.6586433964673826,-0.24979859986280267,-0.1985201407670524,-0.6040302242810942,1.0,0.0,0.0,0.0,1.0,0.0,0.0,0.0,0.0,1.0
window_10_0pct::Cgc3ZD1tnnsGSXDJ66,window_10_0pct,1784124533.136353,0,-0.38829955898546215,-0.36984938277479434,-0.7379063557416712,-0.4058558668836733,-0.684103318687803,-0.24979859986280267,-0.2236314867049713,-0.6040302242810942,1.0,0.0,0.0,0.0,1.0,0.0,0.0,0.0,0.0,1.0
window_07_17pct::CcoAOUwD4olSg5FYe,window_07_17pct,1783715379.277414,1,-0.389246087232637,-0.3531585993201904,-0.6852426123739334,-0.38828885173812794,-0.6077235520265416,-0.22454950995345951,-0.18595813404016318,-0.37072068314587064,1.0,0.0,0.0,1.0,0.0,0.0,0.0,0.0,0.0,1.0
window_10_0pct::CxNzHe2SwPVgX1ZA4h,window_10_0pct,1784124652.45345,0,-0.3884074533417452,-0.09069602949654318,-0.2962022201619998,-0.1599176548460383,-0.276744563161075,-0.09878034165797936,-0.1712410236799755,-0.13862296476073618,1.0,0.0,0.0,1.0,0.0,0.0,0.0,0.0,0.0,1.0
window_10_0pct::CmYwquOZPFvz4Idlc,window_10_0pct,1784124279.631146,0,-0.38034566219375726,-0.09820688205111495,-0.29467265601416714,-0.195051685137129,-0.276744563161075,-0.22931773909601727,-0.22899587764377238,-0.15270792860412824,1.0,0.0,0.0,1.0,0.0,0.0,0.0,0.0,0.0,1.0
window_10_0pct::CLiUPF3Qr6rW97NcSh,window_10_0pct,1784125703.482017,0,0.18023163027782166,0.3399261836322389,0.47471935429215056,0.26169070864705035,0.4361332590106991,-0.24891906495500926,-0.23681008087091424,-0.1729785647876821,1.0,0.0,0.0,1.0,0.0,0.0,0.0,0.0,0.0,1.0
window_10_0pct::C3mGb51tVBnRNvQwRd,window_10_0pct,1784124713.193498,0,-0.38883379991355027,-0.08631469883970964,-0.6512947858706477,-0.3004537760104012,-0.5568037075857005,-0.022024453528124103,-0.1827791228937645,1.8062438459704593,1.0,0.0,0.0,1.0,0.0,0.0,0.0,0.0,0.0,1.0
window_10_0pct::CmBfNl48zXWPohtQze,window_10_0pct,1784125633.581641,0,-0.3893073202421986,-0.2818055000517585,-0.5573540544579261,-0.3004537760104012,-0.5058838631448596,-0.09650407100727723,-0.11929474303194967,-0.24495311638333006,1.0,0.0,0.0,1.0,0.0,0.0,0.0,0.0,0.0,1.0
window_10_0pct::CgDGRu3H7RBe1ZPlLj,window_10_0pct,1784124590.049417,0,0.3103518930236904,0.2990337641684592,0.12829431875455433,0.1035875723371421,0.13061419236565305,-0.24912379741289847,-0.23693703405344704,-0.0353557410127844,1.0,0.0,0.0,1.0,0.0,0.0,0.0,0.0,0.0,1.0
window_10_0pct::C4o39r4gFArWdA4SMb,window_10_0pct,1784124414.959934,0,-0.1386646313156074,-0.36984938277479434,-0.7379063557416712,-0.4058558668836733,-0.684103318687803,-0.24979859986280267,-0.23708623112163832,-0.6040302242810942,1.0,0.0,0.0,0.0,1.0,0.0,0.0,0.0,0.0,1.0
window_10_0pct::C7G4oF1r3qWCSThtNj,window_10_0pct,1784124727.090687,0,-0.34137010434299325,0.26961625832971975,1.5970795356573488,0.49006190553914,1.352690458945837,-0.24045639017965648,-0.23172286836886624,-0.4023461253404381,1.0,0.0,0.0,1.0,0.0,0.0,0.0,0.0,0.0,1.0
window_10_0pct::CRI2Xc4NMuHdPFEJXc,window_10_0pct,1784124318.816158,0,0.43032625387824547,-0.0030694163598724055,-0.13831720979127463,-0.08964959426385685,-0.12398502983855199,-0.24948271002360686,-0.2370341415153539,-0.15354649096710252,1.0,0.0,0.0,1.0,0.0,0.0,0.0,0.0,0.0,1.0
window_10_0pct::ClBEqv2f7BC9wirql9,window_10_0pct,1784124080.82516,0,-0.38828760274928553,-0.36984938277479434,-0.7379063557416712,-0.4058558668836733,-0.684103318687803,-0.24979859986280267,-0.22374498755941885,-0.6040302242810942,1.0,0.0,0.0,0.0,1.0,0.0,0.0,0.0,0.0,1.0
window_10_0pct::CFjP8w2emJO8so0ew8,window_10_0pct,1784126307.927302,0,-0.05141420064575721,-0.10509183022613909,-0.3328692718169879,-0.0720825791183115,-0.3022044853814955,-0.2492458703859147,-0.23683735314533316,-0.12266639993963716,1.0,0.0,0.0,1.0,0.0,0.0,0.0,0.0,0.0,1.0
window_10_0pct::C3zelm2V2kk1X6BNGe,window_10_0pct,1784124845.372833,0,0.27435509263858876,0.07495999629040109,0.20832026521129837,0.03331951175496066,0.18153403680649405,-0.24932552919610976,-0.23695361633898732,-0.2578424870284069,1.0,0.0,0.0,1.0,0.0,0.0,0.0,0.0,0.0,1.0
window_10_0pct::CdMAHy1pTeQcJ9Z8m9,window_10_0pct,1784124233.557484,0,-0.1224234615718768,0.2479182398387346,1.8918817812055932,0.6130310115579575,1.5818297589296217,-0.248166270017065,-0.236053384100737,-0.4310312494740137,1.0,0.0,0.0,1.0,0.0,0.0,0.0,0.0,0.0,1.0
window_10_0pct::CSyWWlkVyT8k11T83,window_10_0pct,1784125800.270243,0,-0.3626829066438379,-0.36984938277479434,-0.7379063557416712,-0.4058558668836733,-0.684103318687803,-0.24979859986280267,-0.23645487972336907,-0.6040302242810942,1.0,0.0,0.0,0.0,1.0,0.0,0.0,0.0,0.0,1.0
window_10_0pct::CbfMc73nrRzSPxUwQ1,window_10_0pct,1784125423.243217,0,-0.12748037301319837,0.17927739288167582,0.4568531952876054,0.17385563291932354,0.3852134145698581,-0.24831965958870886,-0.23648780903086616,-0.2655548756865606,1.0,0.0,0.0,1.0,0.0,0.0,0.0,0.0,0.0,1.0
window_10_0pct::COvt8dVREQpZjFSld,window_10_0pct,1784124289.920261,0,-0.38963038414881734,-0.36984938277479434,-0.7379063557416712,-0.4058558668836733,-0.684103318687803,-0.24979859986280267,-0.00555358727858357,-0.6040302242810942,1.0,0.0,0.0,0.0,1.0,0.0,0.0,0.0,0.0,1.0
window_10_0pct::C4QADm1JgktrBYveL7,window_10_0pct,1784124726.67843,0,-0.20535859837489265,-0.28243140443130615,1.1454757210097604,0.24412369350150498,0.9198717811986885,-0.24946370227588335,-0.23609909402904666,-0.5698480185668119,1.0,0.0,0.0,1.0,0.0,0.0,0.0,0.0,0.0,1.0
window_10_0pct::CH1Dwz13l7IMhudSw,window_10_0pct,1784124431.928535,0,-0.38859720521499463,-0.36984938277479434,-0.7379063557416712,-0.4058558668836733,-0.684103318687803,-0.24979859986280267,-0.2200218768464057,-0.6040302242810942,1.0,0.0,0.0,0.0,1.0,0.0,0.0,0.0,0.0,1.0
window_10_0pct::ClkFTu3gRA1FPzjK8e,window_10_0pct,1784125214.801882,0,-0.022910031865793223,-0.09445145577382907,-0.33439883596482056,-0.21261870028267438,-0.3022044853814955,-0.2492683353714702,-0.2369668903702114,-0.10142288428355009,1.0,0.0,0.0,1.0,0.0,0.0,0.0,0.0,0.0,1.0
window_10_0pct::COppGO2ODVGOSjAef,window_10_0pct,1784124199.517075,0,-0.3892994739622077,-0.279719152119933,-0.5573540544579261,-0.3180207911559465,-0.5058838631448596,-0.09584935839650373,-0.13309450799072134,-0.23644418017722194,1.0,0.0,0.0,1.0,0.0,0.0,0.0,0.0,0.0,1.0
window_10_0pct::C8J6UF2OBOGfaMjzQj,window_10_0pct,1784125974.995017,0,-0.10192471882649663,-0.09883278643066261,-0.3203990752228523,-0.17748466999158366,-0.276744563161075,-0.2491334989930408,-0.2368799819836875,-0.12600326223905087,1.0,0.0,0.0,1.0,0.0,0.0,0.0,0.0,0.0,1.0
window_10_0pct::CtxEgy1jLy3kGwdbV7,window_10_0pct,1784125386.712708,0,0.17149373532446782,-0.09758097767156731,-0.32828057937349,-0.14235063970049294,-0.276744563161075,-0.24945595906273638,-0.23700054138190912,-0.11455568781760456,1.0,0.0,0.0,1.0,0.0,0.0,0.0,0.0,0.0,1.0
window_08_22pct::Cj2PAq3MuSNMPU6Y31,window_08_22pct,1783719130.632952,1,-0.07783626562203963,-0.32603607620645897,-0.7379063557416712,-0.35315482144703725,-0.6077235520265416,-0.24969938247662302,-0.2370550983118752,1518.2410825660247,1.0,0.0,0.0,1.0,0.0,0.0,0.0,1.0,0.0,0.0
window_07_17pct::CF5NXW10XMc2SZChNe,window_07_17pct,1783714378.74206,1,-0.3897129142040686,-0.36984938277479434,-0.7379063557416712,-0.4585569123203094,-0.7095632409082235,-0.24979859986280267,111.73122782240476,-0.6040302242810942,1.0,0.0,0.0,0.0,1.0,0.0,1.0,0.0,0.0,0.0
window_08_22pct::CZ1Azm4EqmZdpAD40d,window_08_22pct,1783718129.762894,1,-0.07582988108907299,-0.32603607620645897,-0.7379063557416712,-0.35315482144703725,-0.6077235520265416,-0.24970001668803601,-0.23705578426317242,1518.2410825660247,1.0,0.0,0.0,1.0,0.0,0.0,0.0,1.0,0.0,0.0
window_10_0pct::ClyG2u2DqXC20EeEl6,window_10_0pct,1784125966.356534,0,-0.38971180398213795,-0.3631730693929528,-0.7368866463097827,-0.4585569123203094,-0.7095632409082235,3.8399928745639165,3.909815006018943,4.119297628905474,0.0,1.0,1.0,0.0,0.0,0.0,0.0,0.0,0.0,1.0
window_10_0pct::CFi5kF3b0axToeXoW5,window_10_0pct,1784125644.127016,0,0.30069256724392174,0.5158053142851281,0.7010311163318889,0.38465981466586785,0.6143527145536426,-0.24889260686329487,-0.23682307886014445,-0.1507583697643783,1.0,0.0,0.0,1.0,0.0,0.0,0.0,0.0,0.0,1.0
window_10_0pct::CncGXg23EzJe4ktbt6,window_10_0pct,1784125610.57113,0,-0.38863797384531473,-0.36984938277479434,-0.7379063557416712,-0.4058558668836733,-0.684103318687803,-0.24979859986280267,-0.21937182375652495,-0.6040302242810942,1.0,0.0,0.0,0.0,1.0,0.0,0.0,0.0,0.0,1.0
window_10_0pct::CbdRus4QCc32Yz9Nna,window_10_0pct,1784124026.065963,0,0.9397796092019595,0.8035126940838638,0.746280722371938,0.47249489039359466,0.7161924034353246,-0.2491752802334862,-0.2369682142397443,-0.021819981102400625,1.0,0.0,0.0,1.0,0.0,0.0,0.0,0.0,0.0,1.0
window_10_0pct::CxGAjvoy2aZvSU9H,window_10_0pct,1784124936.24067,0,-0.388879020106804,-0.018717025848563617,-0.35007686848010516,-0.1599176548460383,-0.3022044853814955,0.0475749814513216,-0.1339644159517728,0.06269808210265013,1.0,0.0,0.0,1.0,0.0,0.0,0.0,0.0,0.0,1.0
window_10_0pct::Caf5rl2hCsFUYygK55,window_10_0pct,1784124974.347527,0,0.5190774377181111,0.18365872353850937,1.678996193352386,0.6130310115579575,1.4290702256070986,-0.24936844491087756,-0.23683622810226873,-0.43537349059396935,1.0,0.0,0.0,1.0,0.0,0.0,0.0,0.0,0.0,1.0
window_10_0pct::CMJGxR34k19C1BIyEb,window_10_0pct,1784125603.425938,0,-0.3888370878784988,-0.08798377718517003,-0.5306291697638502,-0.2477527305737651,-0.45496401870401854,-0.022515268947803563,-0.1661987392695459,0.3973262926572436,1.0,0.0,0.0,1.0,0.0,0.0,0.0,0.0,0.0,1.0
window_10_0pct::C1qvu02uFWtKfa273d,window_10_0pct,1784124675.036423,0,-0.11237900620947978,-0.36984938277479434,-0.7379063557416712,-0.4058558668836733,-0.684103318687803,-0.24979859986280267,-0.23709345133151427,-0.6040302242810942,1.0,0.0,0.0,0.0,1.0,0.0,0.0,0.0,0.0,1.0
window_10_0pct::CUiIjU1Mj3cxs0qVc7,window_10_0pct,1784124105.372253,0,0.19652538611030762,-0.27909324774038535,-0.5573540544579261,-0.3180207911559465,-0.480423940924439,-0.24968926304196915,-0.23708900929995902,-0.23389149931538947,1.0,0.0,0.0,1.0,0.0,0.0,0.0,0.0,0.0,1.0
window_10_0pct::CctEfU3GFDt7zFkSrl,window_10_0pct,1784125903.811458,0,-0.30589483070983137,-0.09132193387609083,-0.28772588550942724,-0.1599176548460383,-0.2512846409406545,-0.247451699116723,-0.23613565589590516,-0.14840945418477347,1.0,0.0,0.0,1.0,0.0,0.0,0.0,0.0,0.0,1.0
window_10_0pct::CITwPc3oiESfyW9Dx2,window_10_0pct,1784125457.432138,0,-0.200489730773081,0.02134085444248588,1.4037596225285007,0.4549278752480493,1.1490110811824732,-0.2483385145430149,-0.23582324738543725,-0.4695140154362426,1.0,0.0,0.0,1.0,0.0,0.0,0.0,0.0,0.0,1.0
window_10_0pct::CMHVkQ1kJJoNlGlAO9,window_10_0pct,1784125397.549001,0,0.17138762372840036,0.33700529652768324,0.06407386849208094,0.13872160262823283,0.054234425704391534,-0.24890887835625264,-0.23686417458050404,0.045048883748950955,1.0,0.0,0.0,1.0,0.0,0.0,0.0,0.0,0.0,1.0
window_10_0pct::Cu0aDa3zBwDYd3Bp11,window_10_0pct,1784125480.980594,0,0.35344263791349356,0.8602613578295173,1.479388072060226,0.7008660872856843,1.2763106922845755,-0.2486295605172492,-0.2367313607007061,-0.19546693562173814,1.0,0.0,0.0,1.0,0.0,0.0,0.0,0.0,0.0,1.0
window_10_0pct::Cm7QK22UDu2CJJswl7,window_10_0pct,1784125043.693962,0,-0.13195869870046956,0.09165077974500505,0.27475008590953,0.06845354204605138,0.23245388124733507,-0.24853406537352293,-0.2365873836628815,-0.26841374701652915,1.0,0.0,0.0,1.0,0.0,0.0,0.0,0.0,0.0,1.0
window_10_0pct::CJChvl3X2DpnW64nY1,window_10_0pct,1784124722.046872,0,-0.3659853898791932,0.36537962840050997,0.4313817034368923,0.17385563291932354,0.41067333679027856,-0.22791422749005155,-0.22970684769724845,-0.14097169603400353,1.0,0.0,0.0,1.0,0.0,0.0,0.0,0.0,0.0,1.0
window_08_22pct::CfyyQh3bdzeFpw10l6,window_08_22pct,1783719130.1508,1,-0.07282363495541504,-0.32603607620645897,-0.7379063557416712,-0.35315482144703725,-0.6077235520265416,-0.24970095192083638,-0.23705679579361713,1518.2410825660247,1.0,0.0,0.0,1.0,0.0,0.0,0.0,1.0,0.0,0.0
window_10_0pct::Cm6swSIvS5f3cqOEa,window_10_0pct,1784124769.749699,0,0.16329755394681264,0.4728265468895229,0.8458723435530412,0.3670927995203225,0.7416523256557451,-0.2487224026267305,-0.23674741798140755,-0.21219549816678343,1.0,0.0,0.0,1.0,0.0,0.0,0.0,0.0,0.0,1.0
window_10_0pct::CfYoq11Ay0h13Ey8Bl,window_10_0pct,1784125458.441898,0,-0.037723050548648766,-0.2761723606358297,-0.5940211061129143,-0.3355878063014919,-0.53134378536528,-0.2496106389540117,-0.23705374450019684,-0.12463319105682827,1.0,0.0,0.0,1.0,0.0,0.0,0.0,0.0,0.0,1.0
window_10_0pct::C8YpIU3tadE4GqgpA6,window_10_0pct,1784124323.212731,0,0.19516235383575165,-0.0074507470167059445,-0.2219546271526235,-0.12478362455494757,-0.2003647964998135,-0.24936098916063013,-0.23699891720968633,-0.08677813018078187,1.0,0.0,0.0,1.0,0.0,0.0,0.0,0.0,0.0,1.0
window_06_15pct::CbR7j54CFZKZtv69Xd,window_06_15pct,1783711631.031615,1,-0.07209309824981289,-0.3258274414132764,-0.7379063557416712,-0.3355878063014919,-0.582263629806121,-0.24970071259378798,-0.23704198566910084,1525.4736783412168,1.0,0.0,0.0,1.0,0.0,0.0,0.0,1.0,0.0,0.0
window_10_0pct::C7OUSA231Lvbfvgy2e,window_10_0pct,1784124696.27091,0,-0.16550122540525963,-0.36984938277479434,-0.7379063557416712,-0.4058558668836733,-0.684103318687803,-0.24979859986280267,-0.2370771130370806,-0.6040302242810942,1.0,0.0,0.0,0.0,1.0,0.0,0.0,0.0,0.0,1.0
window_10_0pct::CvHWLg1meYqZdpzC84,window_10_0pct,1784124218.46951,0,0.46837762669818966,0.08101040529269503,1.5501941457369788,0.5251959358302307,1.301770614504996,-0.24942751517377715,-0.23684481503156307,-0.4589176552726754,1.0,0.0,0.0,1.0,0.0,0.0,0.0,0.0,0.0,1.0
window_10_0pct::C4kVME4pZA6e3zvYUd,window_10_0pct,1784125589.069588,0,0.2365483849766194,0.2719112410547278,0.091903438404036,0.1035875723371421,0.10515427014523254,-0.2490748606029696,-0.23691047399924958,-0.03448784026362505,1.0,0.0,0.0,1.0,0.0,0.0,0.0,0.0,0.0,1.0
window_10_0pct::COqUXw19FhoFz85mq1,window_10_0pct,1784124283.70934,0,0.49612025796017944,-0.09758097767156731,-0.23134445150459615,-0.14235063970049294,-0.225824718720234,-0.2495815247895257,-0.23705986050022687,-0.20821803411815404,1.0,0.0,0.0,1.0,0.0,0.0,0.0,0.0,0.0,1.0
window_10_0pct::CKnL3S1OyewaeggcT2,window_10_0pct,1784125192.366854,0,0.09447374354082631,-0.27784143898129005,-0.5815509095187786,-0.3355878063014919,-0.5058838631448596,-0.24966439225406203,-0.23708341328322274,-0.1707229648245473,1.0,0.0,0.0,1.0,0.0,0.0,0.0,0.0,0.0,1.0
window_10_0pct::CihFv61eJ0URL9Dyed,window_10_0pct,1784124000.201405,0,-0.15469466673871207,-0.18395578204914279,-0.6587726550378294,-0.3355878063014919,-0.582263629806121,-0.24923996575704385,-0.23699966028978484,1.1255035480474112,1.0,0.0,0.0,1.0,0.0,0.0,0.0,0.0,0.0,1.0
window_10_0pct::CPK0qw27KK0BGASC52,window_10_0pct,1784125714.566843,0,0.27523499689471165,0.0960321104018386,-0.059247240926925994,-0.036948548827220776,-0.04760526317729048,-0.2493037739047859,-0.23698265364505713,-0.09849335490357576,1.0,0.0,0.0,1.0,0.0,0.0,0.0,0.0,0.0,1.0
window_10_0pct::CH9F5a1I5mLFbC4Qrb,window_10_0pct,1784124477.634886,0,0.4886488379990446,-0.09570326453292437,-0.34948203797817023,-0.17748466999158366,-0.276744563161075,-0.24957816852686157,-0.23706987470976545,-0.0842801095093032,1.0,0.0,0.0,1.0,0.0,0.0,0.0,0.0,0.0,1.0
window_06_15pct::CmSbs64TBNnYHmILt7,window_06_15pct,1783711630.205836,1,-0.38925450997401495,-0.3531585993201904,-0.6852426123739334,-0.38828885173812794,-0.6077235520265416,-0.22408562517203043,-0.18501739184132576,-0.37072068314587064,1.0,0.0,0.0,1.0,0.0,0.0,0.0,0.0,0.0,1.0
window_10_0pct::CNtgb024tiqjDOrM7g,window_10_0pct,1784125185.380686,0,-0.08711775298820545,0.004858705781064474,-0.20406722420158066,-0.12478362455494757,-0.174904874279393,-0.24892402760484733,-0.23684640071055213,-0.08712843310541932,1.0,0.0,0.0,1.0,0.0,0.0,0.0,0.0,0.0,1.0
window_10_0pct::CXAaf6WIcmtmyv9Ui,window_10_0pct,1784124658.358301,0,0.555128649653027,0.6741591223106832,0.9282138801780319,0.5427629509757761,0.8180320923170066,-0.24901821345485867,-0.23686891488404227,-0.1425694220388059,1.0,0.0,0.0,1.0,0.0,0.0,0.0,0.0,0.0,1.0
window_10_0pct::CmgyPp3IWFNL03LM65,window_10_0pct,1784125983.925016,0,-0.07392950140006505,-0.002443511980324757,-0.3459980307525514,-0.14235063970049294,-0.3022044853814955,-0.24897688453480635,-0.2368747389737202,0.08633788022933953,1.0,0.0,0.0,1.0,0.0,0.0,0.0,0.0,0.0,1.0
window_10_0pct::CDremE3b2TMbpbKp77,window_10_0pct,1784124283.708999,0,0.4961233537713322,0.3530701756027395,0.07195537264271859,0.1035875723371421,0.054234425704391534,-0.24922223013081327,-0.23698429833640935,0.05334050627631319,1.0,0.0,0.0,1.0,0.0,0.0,0.0,0.0,0.0,1.0
window_10_0pct::CMRkzN3xPnmdD0aOtc,window_10_0pct,1784125301.164396,0,1.0482417052248532,0.4671934074735941,1.6762132363611904,0.7887011630134111,1.4545301478275192,-0.24938748125296065,-0.23692301272700872,-0.34868501488933584,1.0,0.0,0.0,1.0,0.0,0.0,0.0,0.0,0.0,1.0
window_10_0pct::CLyAq9lq5Bf2jAMRi,window_10_0pct,1784125524.221677,0,-0.143383074521022,-0.09758097767156731,-0.33380400546288563,-0.17748466999158366,-0.276744563161075,-0.24901797061812034,-0.23683244816085242,-0.1078657136032058,1.0,0.0,0.0,1.0,0.0,0.0,0.0,0.0,0.0,1.0
window_10_0pct::CEIIYOSNsldsagoG1,window_10_0pct,1784126046.440149,0,-0.37465337287654643,0.3630846456755019,0.027406816837092833,0.06845354204605138,0.02877450348397103,-0.21542566787512693,-0.22732047242079678,0.1012412174068328,1.0,0.0,0.0,1.0,0.0,0.0,0.0,0.0,0.0,1.0
window_10_0pct::C8SJSw23wYBoZNI3i9,window_10_0pct,1784124571.910599,0,-0.28404488382354137,-0.09758097767156731,-0.2610647326548443,-0.12478362455494757,-0.225824718720234,-0.24797882304260882,-0.2362574735155598,-0.18354920291407542,1.0,0.0,0.0,1.0,0.0,0.0,0.0,0.0,0.0,1.0
window_04_7pct::CnteRg2ubhfpL1nAll,window_04_7pct,1783704130.898673,1,-0.38971289285364685,-0.36984938277479434,-0.7379063557416712,-0.4585569123203094,-0.7095632409082235,-0.24979859986280267,74.4084310782712,-0.6040302242810942,1.0,0.0,0.0,0.0,1.0,0.0,1.0,0.0,0.0,0.0
window_07_17pct::C7l3KI2QcaDvxdc363,window_07_17pct,1783714378.757258,1,-0.3897129142040686,-0.36984938277479434,-0.7379063557416712,-0.4585569123203094,-0.7095632409082235,-0.24979859986280267,111.73122782240476,-0.6040302242810942,1.0,0.0,0.0,0.0,1.0,0.0,1.0,0.0,0.0,0.0
window_10_0pct::CoOo1G3cwdapMjriUd,window_10_0pct,1784125316.229785,0,0.3047129584104176,0.4740783556486182,0.9558310106250102,0.47249489039359466,0.8180320923170066,-0.24894029018177405,-0.23679061826335981,-0.2370890872964166,1.0,0.0,0.0,1.0,0.0,0.0,0.0,0.0,0.0,1.0
window_10_0pct::C0uQ803lo0dVgVIlfa,window_10_0pct,1784125121.24332,0,-0.1844994498352636,0.28463796343886333,1.626927280486583,0.5076289206846853,1.352690458945837,-0.2475461248536597,-0.23585770005058043,-0.40021368849854955,1.0,0.0,0.0,1.0,0.0,0.0,0.0,0.0,0.0,1.0
window_07_17pct::CNwSrG2Y7yI5nCeww5,window_07_17pct,1783715379.330658,1,-0.38923545472260845,-0.3531585993201904,-0.6852426123739334,-0.38828885173812794,-0.6077235520265416,-0.2251117297958406,-0.18709829632167244,-0.37072068314587064,1.0,0.0,0.0,1.0,0.0,0.0,0.0,0.0,0.0,1.0
window_10_0pct::CYPJLg24KlU2xMArS8,window_10_0pct,1784124288.839938,0,0.24320352493842842,-0.18833711270597633,-0.45013585648415727,-0.23018571542821972,-0.37858425204275703,-0.24959605359164438,-0.23705665192541275,-0.13954669845124404,1.0,0.0,0.0,1.0,0.0,0.0,0.0,0.0,0.0,1.0
window_10_0pct::CKxvys4ai1ySV0GDI8,window_10_0pct,1784124043.692477,0,-0.13420005529993934,0.09749255395411643,0.8840477154093643,0.3143917540836864,0.7161924034353246,-0.24850682571284433,-0.23632037223396918,-0.3918361897502504,1.0,0.0,0.0,1.0,0.0,0.0,0.0,0.0,0.0,1.0
window_10_0pct::C0QarR3qcb7QvEJ611,window_10_0pct,1784124085.092976,0,-0.38089786950174304,-0.10050186477612301,-0.5306291697638502,-0.2477527305737651,-0.45496401870401854,-0.22821862052514177,-0.23011144403866066,0.3528545006392568,1.0,0.0,0.0,1.0,0.0,0.0,0.0,0.0,0.0,1.0
window_10_0pct::CvG8ks2tSoOGrkPec7,window_10_0pct,1784124813.117575,0,-0.38870557995576693,0.08142767487906012,-0.3334216144259275,-0.1599176548460383,-0.276744563161075,0.06658642214988576,-0.15173202090731683,0.21757077680814216,1.0,0.0,0.0,1.0,0.0,0.0,0.0,0.0,0.0,1.0
window_10_0pct::CTcL2LEQAKC5hARfa,window_10_0pct,1784124035.672574,0,0.7108236325122148,-0.18583349518778575,-0.45319498477982256,-0.23018571542821972,-0.35312432982233655,-0.24968050921524818,-0.2371015887323955,-0.12808084923675458,1.0,0.0,0.0,1.0,0.0,0.0,0.0,0.0,0.0,1.0
window_08_22pct::CK4Zbp3Ei0lc9L5NHa,window_08_22pct,1783718127.980542,1,-0.38971282880238167,-0.36984938277479434,-0.7379063557416712,-0.4585569123203094,-0.7095632409082235,-0.24979859986280267,37.08563433413766,-0.6040302242810942,1.0,0.0,0.0,0.0,1.0,0.0,1.0,0.0,0.0,0.0
window_10_0pct::Cg4JYpALBNslMXpOk,window_10_0pct,1784124795.596246,0,0.4997905662613397,-0.0074507470167059445,-0.15231697053324286,-0.054515563972766135,-0.14944495205897249,-0.24951085766870146,-0.23703340828878924,-0.14828695860931063,1.0,0.0,0.0,1.0,0.0,0.0,0.0,0.0,0.0,1.0
window_10_0pct::Cj4cjF4hXpq6xmpUg8,window_10_0pct,1784125973.868229,0,0.16569085082262325,-0.010162999328079087,1.4051617229973472,0.4022268298114132,1.1490110811824732,-0.24934121707877538,-0.23673198940457243,-0.48042797292868655,1.0,0.0,0.0,1.0,0.0,0.0,0.0,0.0,0.0,1.0
window_10_0pct::C2YlrB1RxrRKeyZFJ4,window_10_0pct,1784124215.996075,0,2.168958659898314,0.20473083764994687,0.21035968407507522,0.26169070864705035,0.28337372568817604,-0.2496400007369175,-0.23708392861658506,-0.15780573472335013,1.0,0.0,0.0,1.0,0.0,0.0,0.0,0.0,0.0,1.0
window_10_0pct::CKMmqt9wzMOOAWhye,window_10_0pct,1784125042.460908,0,0.9859776517715347,0.08726944908817151,-0.23979954221067104,-0.0720825791183115,-0.12398502983855199,-0.249563921521459,-0.23708247463283869,0.07178934853729209,1.0,0.0,0.0,1.0,0.0,0.0,0.0,0.0,0.0,1.0
window_10_0pct::CqMu7n2kAOG98nKcV7,window_10_0pct,1784125305.598694,0,-0.2071555245953402,-0.28117959567221085,-0.5573540544579261,-0.3180207911559465,-0.5058838631448596,-0.24945556298069746,-0.23692670169403282,-0.24240043552149762,1.0,0.0,0.0,1.0,0.0,0.0,0.0,0.0,0.0,1.0
window_10_0pct::C91RTs4OfM1lr4o6H6,window_10_0pct,1784125303.407348,0,-0.3856046447016745,-0.18332987766959513,-0.42287987312763947,-0.23018571542821972,-0.37858425204275703,-0.21773402513365384,-0.2208695815579897,-0.1680261364171976,1.0,0.0,0.0,1.0,0.0,0.0,0.0,0.0,0.0,1.0
window_10_0pct::CAkjWB2uUgIkjrN0X9,window_10_0pct,1784124081.59144,0,-0.30348363150538843,-0.36984938277479434,-0.7379063557416712,-0.4058558668836733,-0.684103318687803,-0.24979859986280267,-0.23694062258495394,-0.6040302242810942,1.0,0.0,0.0,0.0,1.0,0.0,0.0,0.0,0.0,1.0
window_10_0pct::CrUb9C4Yj5LLCI8zOg,window_10_0pct,1784126028.74831,0,-0.38971206018719884,-0.3631730693929528,-0.7368866463097827,-0.4585569123203094,-0.7095632409082235,5.008504724400122,5.094665696308897,4.119297628905474,0.0,1.0,1.0,0.0,0.0,0.0,0.0,0.0,0.0,1.0
window_10_0pct::CHo2T62pFaViJWyRZc,window_10_0pct,1784124896.020593,0,-0.31323320551786876,-0.1831212428764126,-0.4610764889304602,-0.2477527305737651,-0.4040441742631775,-0.2480742397323268,-0.23634971277784073,-0.10731650276507369,1.0,0.0,0.0,1.0,0.0,0.0,0.0,0.0,0.0,1.0
window_10_0pct::CRX1A31ZClbDm4IKaj,window_10_0pct,1784125433.372944,0,0.03572031858444501,0.17969466246804092,-0.25405423031061136,-0.10721660940940221,-0.225824718720234,-0.24888630396890726,-0.23692640579822333,0.23236865493282985,1.0,0.0,0.0,1.0,0.0,0.0,0.0,0.0,0.0,1.0
window_10_0pct::CrRcT14eWPhpH9P5D6,window_10_0pct,1784125716.716409,0,-0.315471690485614,0.3536960799822872,1.714622291628988,0.7008660872856843,1.4545301478275192,-0.24291548333065313,-0.232847603543732,-0.38676479383798507,1.0,0.0,0.0,1.0,0.0,0.0,0.0,0.0,0.0,1.0
window_10_0pct::Cuzeos2aiWjBJDZoya,window_10_0pct,1784124555.656068,0,0.2696776742685552,0.549186881194336,1.107257861260442,0.47249489039359466,0.9707916256395296,-0.248814238530268,-0.2367708639199173,-0.23722519544380466,1.0,0.0,0.0,1.0,0.0,0.0,0.0,0.0,0.0,1.0
window_10_0pct::CmvH381YuAyZju25L5,window_10_0pct,1784124151.456746,0,-0.389267683184231,-0.2776328041881075,-0.5573540544579261,-0.3180207911559465,-0.5058838631448596,-0.10353151367508098,-0.1405245435250267,-0.22793524397111378,1.0,0.0,0.0,1.0,0.0,0.0,0.0,0.0,0.0,1.0
window_10_0pct::CqBRRb2lxLiQ5hxu6c,window_10_0pct,1784124318.817,0,0.43031652876114107,0.28463796343886333,1.6190457763359454,0.49006190553914,1.352690458945837,-0.24923491489257565,-0.23684173499154973,-0.3995321445790979,1.0,0.0,0.0,1.0,0.0,0.0,0.0,0.0,0.0,1.0
window_10_0pct::CZkQCM1nw3ILZviFO8,window_10_0pct,1784124225.375924,0,-0.386746668085548,-0.19584796526054812,1.1531235417489236,0.29682473893814104,0.9453317034191091,-0.20836964085492263,-0.16624201757469248,-0.5362672954086435,1.0,0.0,0.0,1.0,0.0,0.0,0.0,0.0,0.0,1.0
window_10_0pct::C3H6ma1KSDgFZQkSPi,window_10_0pct,1784125386.714356,0,0.17147640945722267,-0.004321225118967703,0.3296231997130261,0.08602055719159674,0.28337372568817604,-0.249338580540756,-0.23688978075558642,-0.35187095105542626,1.0,0.0,0.0,1.0,0.0,0.0,0.0,0.0,0.0,1.0
window_10_0pct::CTuZK61UtMDlPIunh7,window_10_0pct,1784124012.529925,0,0.9578806675598606,0.4686538510258719,0.15395700612374646,0.13872160262823283,0.18153403680649405,-0.24935914885623542,-0.23703823304692265,0.08834055485561283,1.0,0.0,0.0,1.0,0.0,0.0,0.0,0.0,0.0,1.0
window_10_0pct::CGLk3X1nG4eurnsmj,window_10_0pct,1784125633.20527,0,-8.010922437051967e-06,-0.18583349518778575,0.08215246696160289,-0.054515563972766135,0.02877450348397103,-0.24946510889780082,-0.2368679629426862,-0.4387801278191798,1.0,0.0,0.0,1.0,0.0,0.0,0.0,0.0,0.0,1.0
window_10_0pct::CirWzC3NEXxCb0jlJe,window_10_0pct,1784124346.193625,0,-0.15222892788192416,0.18532780188396977,-0.2558599657629138,-0.12478362455494757,-0.225824718720234,-0.24814754360628175,-0.23675976020705933,0.24410732894408346,1.0,0.0,0.0,1.0,0.0,0.0,0.0,0.0,0.0,1.0
window_10_0pct::C5yQUA2vYZYwHWhrr5,window_10_0pct,1784124358.618387,0,-0.34823191638728374,-0.36984938277479434,-0.7379063557416712,-0.4058558668836733,-0.684103318687803,-0.24979859986280267,-0.23670136614094478,-0.6040302242810942,1.0,0.0,0.0,0.0,1.0,0.0,0.0,0.0,0.0,1.0
window_10_0pct::C6a77x1srdnoXY0hce,window_10_0pct,1784124197.959767,0,-0.3889981874857679,-0.09674643849883711,-0.5306291697638502,-0.26531974571931044,-0.45496401870401854,0.020053056599395512,-0.15689353594196145,0.3661960382446528,1.0,0.0,0.0,1.0,0.0,0.0,0.0,0.0,0.0,1.0
window_10_0pct::CAdVkf1gRjrmjhRAA5,window_10_0pct,1784124283.708744,0,0.4961267271379679,0.08226221405179032,-0.19083224553352876,-0.0720825791183115,-0.174904874279393,-0.24943814143482884,-0.23703827203928843,0.00456042709315018,1.0,0.0,0.0,1.0,0.0,0.0,0.0,0.0,0.0,1.0
window_10_0pct::CdL8DF13QpjwhVhrNk,window_10_0pct,1784125627.090311,0,-0.3727383040973787,0.19534227195673212,-0.3076102194312516,-0.0720825791183115,-0.2512846409406545,-0.2262828132916756,-0.23068414328224207,0.36324376638808736,1.0,0.0,0.0,1.0,0.0,0.0,0.0,0.0,0.0,1.0
window_10_0pct::Ce7NNO3TrQaXYkKrW9,window_10_0pct,1784124419.327604,0,0.18471817587746425,0.169471557602096,-0.32566757395427587,-0.08964959426385685,-0.276744563161075,-0.24913550756576336,-0.23697929808299784,0.3593965550073292,1.0,0.0,0.0,1.0,0.0,0.0,0.0,0.0,0.0,1.0
window_10_0pct::CpWvT52JD5nMKeQKSh,window_10_0pct,1784125832.983142,0,-0.3885655745651809,-0.36984938277479434,-0.7379063557416712,-0.4058558668836733,-0.684103318687803,-0.24979859986280267,-0.22049440128999984,-0.6040302242810942,1.0,0.0,0.0,0.0,1.0,0.0,0.0,0.0,0.0,1.0
window_08_22pct::Cs91nQ7XFHbY751X4,window_08_22pct,1783719131.185798,1,-0.08367662011404484,-0.3264533457928241,-0.7379063557416712,-0.35315482144703725,-0.6077235520265416,-0.24969845198630358,-0.23705305039076105,1503.7758910156408,1.0,0.0,0.0,1.0,0.0,0.0,0.0,1.0,0.0,0.0
window_08_22pct::Cp2Tn5S5aPjBQ4uQ5,window_08_22pct,1783718128.540224,1,-0.38923439787673214,-0.3531585993201904,-0.6852426123739334,-0.4058558668836733,-0.6077235520265416,-0.2251662480794657,-0.1971995680025788,-0.37072068314587064,1.0,0.0,0.0,1.0,0.0,0.0,0.0,0.0,0.0,1.0
window_10_0pct::CI9SJl4q5pEakbzz96,window_10_0pct,1784124840.681097,0,-0.3887807654659383,-0.18332987766959513,1.1531235417489236,0.3670927995203225,0.9453317034191091,-0.10848504757744808,0.009026233598814888,-0.5313922645545104,1.0,0.0,0.0,1.0,0.0,0.0,0.0,0.0,0.0,1.0
window_10_0pct::CdHNvY5WbsF2hCFT4,window_10_0pct,1784124020.970293,0,-0.18243488540304464,-0.09758097767156731,-0.34075077596762554,-0.14235063970049294,-0.3022044853814955,-0.24887089772511517,-0.23672414969767408,-0.09918761160322348,1.0,0.0,0.0,1.0,0.0,0.0,0.0,0.0,0.0,1.0
window_10_0pct::Cemm0uV0XDmAClcha,window_10_0pct,1784125200.120115,0,-0.22968548241417527,0.19742861988855764,0.6399335262045738,0.26169070864705035,0.5379729478923811,-0.24729499341580138,-0.23590757498503812,-0.300827462709888,1.0,0.0,0.0,1.0,0.0,0.0,0.0,0.0,0.0,1.0
window_10_0pct::CSFoBe3pG9Kcl8JUq5,window_10_0pct,1784124346.190913,0,-0.15219954970160446,0.0019378186765087817,1.627840770185983,0.5603299661213215,1.352690458945837,-0.24869306873586652,-0.23597474004063274,-0.4882951829618648,1.0,0.0,0.0,1.0,0.0,0.0,0.0,0.0,0.0,1.0
window_05_12pct::CPPS2h2B6H4C1WAVCj,window_05_12pct,1783706880.636014,1,-0.3897129142040686,-0.36984938277479434,-0.7379063557416712,-0.4585569123203094,-0.7095632409082235,-0.24979859986280267,111.73122782240476,-0.6040302242810942,1.0,0.0,0.0,0.0,1.0,0.0,1.0,0.0,0.0,0.0
window_10_0pct::CyE2ebfL0V2TzxpZb,window_10_0pct,1784124116.328811,0,0.23424579536758797,0.17468742743165974,0.2134188123707405,0.12115458748268745,0.20699395902691456,-0.24918223761344666,-0.23690188168462076,-0.18249757783272338,1.0,0.0,0.0,1.0,0.0,0.0,0.0,0.0,0.0,1.0
window_10_0pct::CIMAE74mmaOpyv02Ci,window_10_0pct,1784125973.435746,0,-0.38934885748770154,-0.36984938277479434,-0.7379063557416712,-0.4058558668836733,-0.684103318687803,-0.24979859986280267,-0.18463670431323803,-0.6040302242810942,1.0,0.0,0.0,0.0,1.0,0.0,0.0,0.0,0.0,1.0
window_10_0pct::C4dQct2qiWRPM5Dcjc,window_10_0pct,1784125975.356409,0,-0.049360578304682046,0.7540662480995997,0.5911574250459106,0.41979384495695854,0.5125130256719606,-0.2474663794592224,-0.23644598080255477,0.01873392451226508,1.0,0.0,0.0,1.0,0.0,0.0,0.0,0.0,0.0,1.0
window_10_0pct::ClelME3BnRRhEo5kEj,window_10_0pct,1784124888.99377,0,-0.3348963148634774,-0.28034505649948066,1.1454757210097604,0.26169070864705035,0.9198717811986885,-0.24864542207322948,-0.23349914150275597,-0.5690322141344901,1.0,0.0,0.0,1.0,0.0,0.0,0.0,0.0,0.0,1.0
window_10_0pct::Ct0pjk4XF9ZNMQXnG9,window_10_0pct,1784124425.169172,0,-0.389711964110301,-0.3631730693929528,-0.7368866463097827,-0.4585569123203094,-0.7095632409082235,4.499636660761776,4.578682331182628,4.119297628905474,0.0,1.0,1.0,0.0,0.0,0.0,0.0,0.0,0.0,1.0
window_10_0pct::C4XBxH3utklxJyxcq2,window_10_0pct,1784124514.77182,0,0.5866445836506697,0.0707873004267501,1.539635904327634,0.5251959358302307,1.2763106922845755,-0.249479859961263,-0.23688328555943314,-0.46155058360200313,1.0,0.0,0.0,1.0,0.0,0.0,0.0,0.0,0.0,1.0
window_10_0pct::CdZVms42PvaAFgG3Ij,window_10_0pct,1784124041.308476,0,-0.09115530989378352,-0.36984938277479434,-0.7379063557416712,-0.4058558668836733,-0.684103318687803,-0.24979859986280267,-0.2370983534258529,-0.6040302242810942,1.0,0.0,0.0,0.0,1.0,0.0,0.0,0.0,0.0,1.0
window_10_0pct::CerhRw1AvOYlLojJR,window_10_0pct,1784125160.327505,0,0.84600956037232,-0.00911982536216634,1.3617603403025957,0.5603299661213215,1.1744710034028936,-0.24959242987850488,-0.23693413258428964,-0.47750718032683775,1.0,0.0,0.0,1.0,0.0,0.0,0.0,0.0,0.0,1.0
window_02_3pct::Cqf72L11J345Ac4TGb,window_02_3pct,1783695632.102759,1,-0.07112810188782952,-0.3258274414132764,-0.7379063557416712,-0.35315482144703725,-0.6077235520265416,-0.2497010090951972,-0.2370573578805134,1525.4736783412168,1.0,0.0,0.0,1.0,0.0,0.0,0.0,1.0,0.0,0.0
window_06_15pct::C6ZYtm3glLPnGNkuZ2,window_06_15pct,1783710629.646174,1,-0.3897129142040686,-0.36984938277479434,-0.7379063557416712,-0.4585569123203094,-0.7095632409082235,-0.24979859986280267,111.73122782240476,-0.6040302242810942,1.0,0.0,0.0,0.0,1.0,0.0,1.0,0.0,0.0,0.0
window_10_0pct::CGZB0SmRCgsYBmLl7,window_10_0pct,1784124375.774282,0,-0.386640599190324,0.08518310115634602,-0.2156026871498185,-0.08964959426385685,-0.174904874279393,-0.14519773114593462,-0.20292642795105525,0.03754017412837435,1.0,0.0,0.0,1.0,0.0,0.0,0.0,0.0,0.0,1.0
window_05_12pct::Ci0i22w2vjyvdfoCc,window_05_12pct,1783706881.185301,1,-0.38952689865462437,-0.3531585993201904,-0.6852426123739334,-0.38828885173812794,-0.6077235520265416,-0.18644191284144665,-0.10867725280684237,-0.37072068314587064,1.0,0.0,0.0,1.0,0.0,0.0,0.0,0.0,0.0,1.0
window_10_0pct::CpBMIe46De2Sp9pzK9,window_10_0pct,1784125978.256736,0,-0.3893685639269712,-0.2788846129472028,-0.6106338722740966,-0.3355878063014919,-0.53134378536528,-0.06325360266436128,-0.1260998735761686,-0.07775990419035954,1.0,0.0,0.0,1.0,0.0,0.0,0.0,0.0,0.0,1.0
window_10_0pct::ClEIlk4AZCEgHhZTk2,window_10_0pct,1784125973.433595,0,-0.38932595916038115,-0.1916752693968971,1.1531235417489236,0.38465981466586785,0.9453317034191091,0.07536419052576658,0.3682056934342743,-0.5346422851239325,1.0,0.0,0.0,1.0,0.0,0.0,0.0,0.0,0.0,1.0
window_10_0pct::CKtvie2VYjDE2ftKkf,window_10_0pct,1784124302.680006,0,-0.38971206018719884,-0.3631730693929528,-0.7368866463097827,-0.4585569123203094,-0.7095632409082235,5.008504724400122,5.094665696308897,4.119297628905474,0.0,1.0,1.0,0.0,0.0,0.0,0.0,0.0,0.0,1.0
window_10_0pct::C942nF45sibZ32nT82,window_10_0pct,1784124993.905281,0,11.83967665107715,1.8635860782443976,0.665065114911324,1.912990132328314,1.0217114700803707,-0.24966961661878886,-0.23710924007483009,0.5683288468165351,1.0,0.0,0.0,1.0,0.0,0.0,0.0,0.0,0.0,1.0
window_10_0pct::CEuTE71kw38QGVGOij,window_10_0pct,1784125378.040958,0,-0.38666397790213364,-0.36984938277479434,-0.7379063557416712,-0.4058558668836733,-0.684103318687803,-0.24979859986280267,-0.23088995655813774,-0.6040302242810942,1.0,0.0,0.0,0.0,1.0,0.0,0.0,0.0,0.0,1.0
window_10_0pct::C5Tt4x3nVvt6c9R7xe,window_10_0pct,1784124511.210747,0,0.8871570432510426,1.0860042040530358,4.037647841149816,1.7021859505817698,3.414944158799898,-0.24899334067869225,-0.23669810122242316,-0.3795207632149354,1.0,0.0,0.0,1.0,0.0,0.0,0.0,0.0,0.0,1.0
window_10_0pct::CaDSmM2S0a1CPqZe7,window_10_0pct,1784125665.554288,0,-0.3888783475685191,-0.279719152119933,-0.6106338722740966,-0.3180207911559465,-0.53134378536528,-0.17352892180757057,-0.18560499206892517,-0.08258807226458642,1.0,0.0,0.0,1.0,0.0,0.0,0.0,0.0,0.0,1.0
window_10_0pct::CzfE1oay5Hwy6QLI7,window_10_0pct,1784124936.357269,0,-0.21441637602202526,0.07495999629040109,0.9882705169269609,0.24412369350150498,0.8180320923170066,-0.24800648781278561,-0.23604415125978181,-0.41426092487293725,1.0,0.0,0.0,1.0,0.0,0.0,0.0,0.0,0.0,1.0
window_10_0pct::CrQaQw3gV3q7vd9Ilj,window_10_0pct,1784124022.952346,0,0.6506851202956161,0.0042328014015168254,-0.13379224918726973,-0.0720825791183115,-0.07306518539771098,-0.24954465925560804,-0.23705671359884486,-0.1480191044794509,1.0,0.0,0.0,1.0,0.0,0.0,0.0,0.0,0.0,1.0
window_10_0pct::CITx7y2SL5DkhrcLJ3,window_10_0pct,1784124768.385033,0,-0.3890133889860496,-0.10050186477612301,-0.5306291697638502,-0.2477527305737651,-0.45496401870401854,0.022125539153426337,-0.14831488066541862,0.3528545006392568,1.0,0.0,0.0,1.0,0.0,0.0,0.0,0.0,0.0,1.0
window_10_0pct::CxZ1cW2AkLNmLhweaa,window_10_0pct,1784124110.057247,0,-0.16253997528542707,-0.1895889214650716,-0.4767545214457448,-0.26531974571931044,-0.42950409648359805,-0.2492381865166838,-0.23690985471368808,-0.0957365241211927,1.0,0.0,0.0,1.0,0.0,0.0,0.0,0.0,0.0,1.0
window_10_0pct::Cy1MtH3iHoK3jU1mad,window_10_0pct,1784124657.401029,0,0.19965964937274233,-0.279719152119933,-0.5573540544579261,-0.3004537760104012,-0.480423940924439,-0.24969059452846823,-0.23708128738083056,-0.23644418017722194,1.0,0.0,0.0,1.0,0.0,0.0,0.0,0.0,0.0,1.0
window_10_0pct::C34toU3Fqc3VJsGz63,window_10_0pct,1784125129.594061,0,-0.051047314998509036,0.38478266416648704,-0.13442956758219998,0.05088652690050602,-0.09852510761813149,-0.24822487511410912,-0.236738882116304,0.3168476593738346,1.0,0.0,0.0,1.0,0.0,0.0,0.0,0.0,0.0,1.0
window_06_15pct::CAFmnu2alF9d5z5Hed,window_06_15pct,1783711629.659631,1,-0.3897128394775925,-0.36984938277479434,-0.7379063557416712,-0.4585569123203094,-0.7095632409082235,-0.24979859986280267,40.47861585633162,-0.6040302242810942,1.0,0.0,0.0,0.0,1.0,0.0,1.0,0.0,0.0,0.0
window_10_0pct::C6Ea2Eetwwg1752Jg,window_10_0pct,1784125548.28173,0,-0.389082148019276,-0.36984938277479434,-0.7379063557416712,-0.4058558668836733,-0.684103318687803,-0.24979859986280267,-0.20684486174458158,-0.6040302242810942,1.0,0.0,0.0,0.0,1.0,0.0,0.0,0.0,0.0,1.0
window_10_0pct::CZ6tj12iHhXL3t3tD9,window_10_0pct,1784124129.028478,0,-0.2821187448506993,0.1757306013975725,1.4317166561194419,0.4549278752480493,1.1999309256233142,-0.24621735357784819,-0.23480725850002895,-0.4188423465553828,1.0,0.0,0.0,1.0,0.0,0.0,0.0,0.0,0.0,1.0
window_10_0pct::CIVi2l392GW6ZaI6t2,window_10_0pct,1784126149.854569,0,0.2958013457505441,0.09498893643592585,1.5152690976948,0.6130310115579575,1.2763106922845755,-0.24931969409110283,-0.23672998871645648,-0.45209954735202734,1.0,0.0,0.0,1.0,0.0,0.0,0.0,0.0,0.0,1.0
window_10_0pct::Cn3wKO2tCBwqSuGHXg,window_10_0pct,1784125974.685104,0,-0.38881050660342764,-0.010371634121261637,-0.3967498189354985,-0.14235063970049294,-0.35312432982233655,0.031529678260689746,-0.13650118878314343,0.17192011947081726,1.0,0.0,0.0,1.0,0.0,0.0,0.0,0.0,0.0,1.0
window_10_0pct::Co8cRC1DanoTCcApV5,window_10_0pct,1784125267.653087,0,-0.38900864919242245,-0.09424282098064653,-0.5306291697638502,-0.2477527305737651,-0.45496401870401854,0.02657196011047887,-0.14891279965145493,0.37509039664825017,1.0,0.0,0.0,1.0,0.0,0.0,0.0,0.0,0.0,1.0
window_10_0pct::CsE1Ki3PxKT05rS6Lb,window_10_0pct,1784124599.446486,0,0.28530190222557245,-0.09257374263518613,-0.3328692718169879,-0.17748466999158366,-0.3022044853814955,-0.24950848962644487,-0.237041998631734,-0.09990688105824444,1.0,0.0,0.0,1.0,0.0,0.0,0.0,0.0,0.0,1.0
window_10_0pct::CxVDJK1WTZxvcMZznf,window_10_0pct,1784124974.347107,0,0.5190795620850746,0.3672573415391529,1.7165979786532717,0.6481650418490482,1.4545301478275192,-0.2492257638685858,-0.23682570689276933,-0.38287079141149843,1.0,0.0,0.0,1.0,0.0,0.0,0.0,0.0,0.0,1.0
window_10_0pct::Cz0sfx1cUJSOUNvaOh,window_10_0pct,1784124763.894916,0,0.26582840673233715,-0.36984938277479434,-0.7379063557416712,-0.38828885173812794,-0.6331834742469621,-0.24979859986280267,-0.23712594284849586,-0.6040302242810942,1.0,0.0,0.0,0.0,1.0,0.0,0.0,0.0,0.0,1.0
window_10_0pct::CUlIgZ33adXsdOj6gi,window_10_0pct,1784125790.866727,0,0.5221723201276391,-0.017673851882650866,-0.2306858891631682,-0.054515563972766135,-0.174904874279393,-0.2495258380026725,-0.23703657456916413,-0.09271717538366231,1.0,0.0,0.0,1.0,0.0,0.0,0.0,0.0,0.0,1.0
window_10_0pct::CWYSiG4NOs2DBkhgsg,window_10_0pct,1784124041.308158,0,-0.09114817885292104,-0.279719152119933,-0.5573540544579261,-0.3355878063014919,-0.5058838631448596,-0.2495853952584153,-0.2370342999157155,-0.23644418017722194,1.0,0.0,0.0,1.0,0.0,0.0,0.0,0.0,0.0,1.0
window_10_0pct::Ca6kyF2nCvwajwvRi2,window_10_0pct,1784126049.513808,0,0.2535863524598346,0.004858705781064474,-0.13226268503943708,-0.036948548827220776,-0.07306518539771098,-0.24938721846244455,-0.23697660439042936,-0.14840966966009422,1.0,0.0,0.0,1.0,0.0,0.0,0.0,0.0,0.0,1.0
window_07_17pct::CnY74k46iAVNIMAm8l,window_07_17pct,1783715378.759165,1,-0.3897128394775925,-0.36984938277479434,-0.7379063557416712,-0.4585569123203094,-0.7095632409082235,-0.24979859986280267,40.47861585633162,-0.6040302242810942,1.0,0.0,0.0,0.0,1.0,0.0,1.0,0.0,0.0,0.0
window_10_0pct::C3ILAgPQ0TBvhwfQf,window_10_0pct,1784125230.482022,0,0.10006366826098574,-0.279719152119933,-0.5955506702607468,-0.3180207911559465,-0.5058838631448596,-0.24966863166481643,-0.23707455300119423,-0.1378288851460726,1.0,0.0,0.0,1.0,0.0,0.0,0.0,0.0,0.0,1.0
window_10_0pct::CLJh3k20aeeb3qrX1k,window_10_0pct,1784124440.695585,0,0.048251500268204274,-0.17999172097867436,-0.45013585648415727,-0.2477527305737651,-0.4040441742631775,-0.2494924359987688,-0.23702049235812456,-0.11819113404527386,1.0,0.0,0.0,1.0,0.0,0.0,0.0,0.0,0.0,1.0
window_10_0pct::CnwNnU2rBL30WJp27f,window_10_0pct,1784125030.992574,0,0.3387203798734715,1.1992928967511602,2.4877532365188966,1.1049074356332276,2.1419480477788726,-0.24827722169185693,-0.23657168603819678,-0.2457823790149027,1.0,0.0,0.0,1.0,0.0,0.0,0.0,0.0,0.0,1.0
window_10_0pct::C4c2CLRJhqr8UB333,window_10_0pct,1784124151.485186,0,0.11494337498615854,-0.004321225118967703,0.46925966004224795,0.12115458748268745,0.3852134145698581,-0.24928704787080383,-0.23684029193304362,-0.381038446047284,1.0,0.0,0.0,1.0,0.0,0.0,0.0,0.0,0.0,1.0
window_10_0pct::CmzTYj4jimPzOtIiCb,window_10_0pct,1784124129.028632,0,-0.2821206236878128,-0.09570326453292437,-0.3579583726307428,-0.21261870028267438,-0.327664407601916,-0.24799904353661345,-0.23649584604603796,-0.07268554975340784,1.0,0.0,0.0,1.0,0.0,0.0,0.0,0.0,0.0,1.0
window_10_0pct::CoVSSnoVGAwGGBku9,window_10_0pct,1784126016.486827,0,-0.36258289059317833,-0.2818055000517585,-0.6191102069266692,-0.35315482144703725,-0.5568037075857005,-0.24750660837326136,-0.23592879661051766,-0.0583203338589603,1.0,0.0,0.0,1.0,0.0,0.0,0.0,0.0,0.0,1.0
window_10_0pct::CurFI022mDa2Py4elb,window_10_0pct,1784126018.044869,0,-0.3872182882266611,-0.18791984311961124,-0.4767545214457448,-0.26531974571931044,-0.42950409648359805,-0.1982929328656191,-0.21416387035691042,-0.09103010097156401,1.0,0.0,0.0,1.0,0.0,0.0,0.0,0.0,0.0,1.0
window_03_5pct::CbeOWq3ejod1vUbhxk,window_03_5pct,1783700381.330586,1,-0.3897128394775925,-0.36984938277479434,-0.7379063557416712,-0.4585569123203094,-0.7095632409082235,-0.24979859986280267,40.47861585633162,-0.6040302242810942,1.0,0.0,0.0,0.0,1.0,0.0,1.0,0.0,0.0,0.0
window_10_0pct::ClWfMR2PbhLnExrJm3,window_10_0pct,1784125714.566672,0,0.27523617116790755,0.0036068970219691773,-0.2150078566478836,-0.08964959426385685,-0.174904874279393,-0.24940194204790264,-0.23700422468650711,-0.07807668222976133,1.0,0.0,0.0,1.0,0.0,0.0,0.0,0.0,0.0,1.0
window_10_0pct::Ch4VIC4oaNV4GbIU99,window_10_0pct,1784125045.325044,0,-0.38936848920049505,-0.18374714725596025,-0.4385579056429241,-0.2477527305737651,-0.4040441742631775,0.13176571257557715,-0.056724939682122624,-0.14621902420507923,1.0,0.0,0.0,1.0,0.0,0.0,0.0,0.0,0.0,1.0
window_10_0pct::CZDHmx8ckE9bYIh9j,window_10_0pct,1784124565.886908,0,-0.3892686439532095,-0.18917165187870652,1.1531235417489236,0.3143917540836864,0.9453317034191091,0.03739868112229369,0.24707175645450466,-0.5336672789531058,1.0,0.0,0.0,1.0,0.0,0.0,0.0,0.0,0.0,1.0
window_10_0pct::CqV9NR39FHdBkqTj8,window_10_0pct,1784124286.809039,0,-0.3893228419988065,-0.2772155346017424,-0.5573540544579261,-0.3355878063014919,-0.5058838631448596,-0.08209521423374073,-0.1391165341356501,-0.22623345672989212,1.0,0.0,0.0,1.0,0.0,0.0,0.0,0.0,0.0,1.0
window_10_0pct::CLxCwM1SANPQtdo4G2,window_10_0pct,1784125431.162607,0,-0.34627275898721466,-0.36984938277479434,-0.7379063557416712,-0.4058558668836733,-0.684103318687803,-0.24979859986280267,-0.23672215926628673,-0.6040302242810942,1.0,0.0,0.0,0.0,1.0,0.0,0.0,0.0,0.0,1.0
window_10_0pct::CdHQOA3GVSB37Njj8k,window_10_0pct,1784125798.319829,0,-0.38971185735819225,-0.3631730693929528,-0.7368866463097827,-0.4585569123203094,-0.7095632409082235,4.03852644128366,4.111124589320634,4.119297628905474,0.0,1.0,1.0,0.0,0.0,0.0,0.0,0.0,0.0,1.0
window_10_0pct::CDZUc83BmzbwhgAN03,window_10_0pct,1784124570.835298,0,-0.2834585478663979,-0.10509183022613909,-0.3328692718169879,-0.1599176548460383,-0.3022044853814955,-0.2480387887051198,-0.2363524614440843,-0.12266639993963716,1.0,0.0,0.0,1.0,0.0,0.0,0.0,0.0,0.0,1.0
window_10_0pct::CmikAn2zU0MTxDQD4l,window_10_0pct,1784124928.529492,0,0.7423498574131382,0.009240036437898013,-0.14384063588067028,-0.054515563972766135,-0.09852510761813149,-0.2495620973239315,-0.2370610485948194,-0.13409900584648882,1.0,0.0,0.0,1.0,0.0,0.0,0.0,0.0,0.0,1.0
window_10_0pct::CRBX4W3i5DYNYxSAOj,window_10_0pct,1784125567.69398,0,-0.27698696815553264,-0.09257374263518613,1.4448241711085077,0.41979384495695854,1.1744710034028936,-0.2480613898147917,-0.23499930295414345,-0.5104788818065688,1.0,0.0,0.0,1.0,0.0,0.0,0.0,0.0,0.0,1.0
window_10_0pct::CeCUde21zGVazG4Ihe,window_10_0pct,1784124089.452863,0,0.05683520247572317,-0.2767982650153773,-0.5573540544579261,-0.3004537760104012,-0.5058838631448596,-0.24965143031341364,-0.23705534103577428,-0.2245316694886705,1.0,0.0,0.0,1.0,0.0,0.0,0.0,0.0,0.0,1.0
window_10_0pct::CjpqM03REsC5QYkhY3,window_10_0pct,1784125867.745037,0,0.5690893915254964,0.5779784826535278,1.0770277253942495,0.4373608601025039,0.9453317034191091,-0.24910042364256288,-0.23690310783089158,-0.21943296081810587,1.0,0.0,0.0,1.0,0.0,0.0,0.0,0.0,0.0,1.0
window_10_0pct::C4zxmO2etx94ZCi7tb,window_10_0pct,1784125121.145382,0,-0.38931799545307066,-0.36984938277479434,-0.7379063557416712,-0.4058558668836733,-0.684103318687803,-0.24979859986280267,-0.18874102928022446,-0.6040302242810942,1.0,0.0,0.0,0.0,1.0,0.0,0.0,0.0,0.0,1.0
window_10_0pct::CJM3me1cnoWsy4F2J6,window_10_0pct,1784124570.923257,0,-0.28439834005551257,-0.36984938277479434,-0.7379063557416712,-0.4058558668836733,-0.684103318687803,-0.24979859986280267,-0.23698081527144296,-0.6040302242810942,1.0,0.0,0.0,0.0,1.0,0.0,0.0,0.0,0.0,1.0
window_10_0pct::CQkckn3f62pO0fJbGk,window_10_0pct,1784124080.799613,0,-0.3880146055816564,-0.10050186477612301,-0.5306291697638502,-0.2477527305737651,-0.45496401870401854,-0.13779032370978828,-0.20056522286582204,0.3528545006392568,1.0,0.0,0.0,1.0,0.0,0.0,0.0,0.0,0.0,1.0
window_10_0pct::CXgjzQ286gP0HLXBA8,window_10_0pct,1784125160.323341,0,0.8460538838478604,0.35265290601637445,0.2680369988162645,0.1914226480648689,0.3088336479085966,-0.249385678493427,-0.2370153891397999,-0.07509902310081717,1.0,0.0,0.0,1.0,0.0,0.0,0.0,0.0,0.0,1.0
window_10_0pct::C81JPx2UF4egSN5S53,window_10_0pct,1784125867.738466,0,0.5691592287550209,0.669151887274302,1.449519083284494,0.5251959358302307,1.2253908478437345,-0.24903332045633686,-0.23687819563201148,-0.25422905342747154,1.0,0.0,0.0,1.0,0.0,0.0,0.0,0.0,0.0,1.0
window_10_0pct::Cg79Z32BYBAYlTrNfh,window_10_0pct,1784124657.84771,0,0.047862047225172746,0.016333619406104696,1.4029098646685936,0.49006190553914,1.1490110811824732,-0.2491752881064997,-0.23656145483072893,-0.47118311312265787,1.0,0.0,0.0,1.0,0.0,0.0,0.0,0.0,0.0,1.0
window_10_0pct::C1SB1tgXXAwSE83ki,window_10_0pct,1784125942.691408,0,0.8172560079911757,-0.28117959567221085,-0.5306929016033433,-0.2477527305737651,-0.42950409648359805,-0.2497467145747746,-0.23711091332696937,-0.2889248214664791,1.0,0.0,0.0,1.0,0.0,0.0,0.0,0.0,0.0,1.0
window_10_0pct::CHJGhd2DevIM184Jj,window_10_0pct,1784125022.4925,0,-0.3880819875126803,-0.18124352973776964,-0.4767545214457448,-0.23018571542821972,-0.42950409648359805,-0.16812644306008556,-0.19612177108782194,-0.07220440837304908,1.0,0.0,0.0,1.0,0.0,0.0,0.0,0.0,0.0,1.0
window_10_0pct::CpJq8wjZFEFNCoHnd,window_10_0pct,1784125282.728021,0,0.9639268614678992,0.5606617948193763,2.0451780991328206,0.8062681781589565,1.7600492144725652,-0.24931310667248302,-0.23690456920334013,-0.35780386112984264,1.0,0.0,0.0,1.0,0.0,0.0,0.0,0.0,0.0,1.0
window_10_0pct::CGbzMV2utNvSIzw9Qh,window_10_0pct,1784125774.437705,0,-0.3893848649739727,-0.18666803436051593,1.1531235417489236,0.3319587692292318,0.9453317034191091,0.1445228222298301,0.43317610118916694,-0.5326922727822792,1.0,0.0,0.0,1.0,0.0,0.0,0.0,0.0,0.0,1.0
window_10_0pct::CC6IKs13htGscGk6A,window_10_0pct,1784125689.184368,0,0.709792375116349,0.7334114035745272,1.2082728268568894,0.5778969812668668,1.047171392300791,-0.24908992747477413,-0.2369015029551932,-0.18655253075606545,1.0,0.0,0.0,1.0,0.0,0.0,0.0,0.0,0.0,1.0
window_10_0pct::C7nAZt3lSVJCUrAjfc,window_10_0pct,1784125069.062123,0,-0.38356132393909087,-0.279719152119933,-0.5573540544579261,-0.3355878063014919,-0.5058838631448596,-0.23945087825095415,-0.23094468571556664,-0.23644418017722194,1.0,0.0,0.0,1.0,0.0,0.0,0.0,0.0,0.0,1.0
window_10_0pct::Ca1nJuSMdeWN6xYGl,window_10_0pct,1784125043.17925,0,-0.3888937091969638,-0.18917165187870652,1.1531235417489236,0.26169070864705035,0.9453317034191091,-0.0940392728638491,0.007950363273891755,-0.5336672789531058,1.0,0.0,0.0,1.0,0.0,0.0,0.0,0.0,0.0,1.0
window_10_0pct::CQQWOO5HzcCgVFJl2,window_10_0pct,1784125810.685895,0,-0.3895160633155893,-0.10050186477612301,-0.5306291697638502,-0.2477527305737651,-0.45496401870401854,0.7163547658936233,0.07851511614186359,0.3528545006392568,1.0,0.0,0.0,1.0,0.0,0.0,0.0,0.0,0.0,1.0
window_10_0pct::CZRPST3qUeVMaaPPWc,window_10_0pct,1784123950.838486,0,0.15929329302394424,0.07057866563356756,-0.19263798098583118,-0.12478362455494757,-0.174904874279393,-0.24923201841504067,-0.23698823548667936,-0.009203604309527701,1.0,0.0,0.0,1.0,0.0,0.0,0.0,0.0,0.0,1.0
window_10_0pct::C8THlW1gSJsjsyuXqh,window_10_0pct,1784124334.407928,0,0.22391706981488105,-0.36984938277479434,-0.7379063557416712,-0.38828885173812794,-0.6586433964673826,-0.24979859986280267,-0.23712345211819497,-0.6040302242810942,1.0,0.0,0.0,0.0,1.0,0.0,0.0,0.0,0.0,1.0
window_10_0pct::CXzWET2g4R9ygAF0vb,window_10_0pct,1784125214.801601,0,-0.022906615798314166,-0.18645939956733337,-0.4752249572979122,-0.23018571542821972,-0.42950409648359805,-0.24944549520593245,-0.23697992671140636,-0.08992285840743186,1.0,0.0,0.0,1.0,0.0,0.0,0.0,0.0,0.0,1.0
window_10_0pct::CcPkrd119wNYA0JbR1,window_10_0pct,1784124800.293073,0,0.13774488881915506,0.17176654032710403,-0.02406726552677518,0.0157524966094153,0.003314581263550526,-0.24907338226077233,-0.23690860383322584,-0.045275987088038386,1.0,0.0,0.0,1.0,0.0,0.0,0.0,0.0,0.0,1.0
window_10_0pct::CRK8WG1HNJUwioPhI2,window_10_0pct,1784125630.696472,0,-0.149776799918998,0.08518310115634602,0.38751295391919216,0.12115458748268745,0.3597534923494376,-0.2484591965398856,-0.23648490093649888,-0.3062728694725244,1.0,0.0,0.0,1.0,0.0,0.0,0.0,0.0,0.0,1.0
window_10_0pct::CsEQDG2dTGC6ryL8vk,window_10_0pct,1784125702.878333,0,-0.05500645180502157,-0.27909324774038535,-0.5573540544579261,-0.3004537760104012,-0.5058838631448596,-0.24960709645399717,-0.23701956411049901,-0.23389149931538947,1.0,0.0,0.0,1.0,0.0,0.0,0.0,0.0,0.0,1.0
window_10_0pct::CLqcLo3dENK310o4M5,window_10_0pct,1784125341.469929,0,0.23688469681993027,-0.27784143898129005,-0.5815509095187786,-0.3004537760104012,-0.480423940924439,-0.2496948944964251,-0.23708610673049924,-0.1707229648245473,1.0,0.0,0.0,1.0,0.0,0.0,0.0,0.0,0.0,1.0
window_10_0pct::CqtEy63imj415NVwGi,window_10_0pct,1784125768.365394,0,0.3527924535201248,-0.010162999328079087,1.4051617229973472,0.4022268298114132,1.1744710034028936,-0.24945647152774802,-0.23684044973541973,-0.48042797292868655,1.0,0.0,0.0,1.0,0.0,0.0,0.0,0.0,0.0,1.0
window_10_0pct::CajXhdKP5lLtTrbb7,window_10_0pct,1784125409.741197,0,-0.38700794387163967,-0.18917165187870652,1.1531235417489236,0.38465981466586785,0.9453317034191091,-0.2026249004883919,-0.15055429101206633,-0.5336672789531058,1.0,0.0,0.0,1.0,0.0,0.0,0.0,0.0,0.0,1.0
window_10_0pct::CrBrKW3KJKCTpR3HL2,window_10_0pct,1784124657.847352,0,0.04786458792536023,0.0036068970219691773,-0.20007336226001765,-0.0720825791183115,-0.174904874279393,-0.2491958329446251,-0.23691110293144968,-0.09268073231515864,1.0,0.0,0.0,1.0,0.0,0.0,0.0,0.0,0.0,1.0
window_10_0pct::C7U4tq1WhBEGeV7Ml7,window_10_0pct,1784125391.468864,0,-0.33639559485439247,-0.36984938277479434,-0.7379063557416712,-0.4058558668836733,-0.684103318687803,-0.24979859986280267,-0.23680371672803482,-0.6040302242810942,1.0,0.0,0.0,0.0,1.0,0.0,0.0,0.0,0.0,1.0
window_10_0pct::CVavAr1A0GnaaeWBY7,window_10_0pct,1784124730.43487,0,0.07344321516585853,0.10145661502458488,-0.4498596851796875,-0.195051685137129,-0.37858425204275703,-0.2490799122159565,-0.23699724256442561,0.6008690276480041,1.0,0.0,0.0,1.0,0.0,0.0,0.0,0.0,0.0,1.0
window_10_0pct::CUkzbi1kgauSAjfqXa,window_10_0pct,1784124113.609971,0,0.17874355925832217,0.272745780227458,0.8825818831010247,0.3495257843747771,0.7671122478761656,-0.2490002286438128,-0.23676710482331845,-0.31199950906247953,1.0,0.0,0.0,1.0,0.0,0.0,0.0,0.0,0.0,1.0
window_10_0pct::CJCu2p10vH9pCRFLlg,window_10_0pct,1784125713.90557,0,-0.36885457698046586,-0.28243140443130615,1.1454757210097604,0.24412369350150498,0.9198717811986885,-0.24683864659541563,-0.22776441582313353,-0.5698480185668119,1.0,0.0,0.0,1.0,0.0,0.0,0.0,0.0,0.0,1.0
window_10_0pct::CHOWmO3L1hBQKdGlRc,window_10_0pct,1784125430.567018,0,-0.388327752217375,-0.2818055000517585,-0.5573540544579261,-0.3180207911559465,-0.5058838631448596,-0.20490856905605898,-0.20609819057091244,-0.24495311638333006,1.0,0.0,0.0,1.0,0.0,0.0,0.0,0.0,0.0,1.0
window_07_17pct::C3Mrl24KfqEyij3NQg,window_07_17pct,1783714379.339679,1,-0.3892343765263104,-0.3531585993201904,-0.6852426123739334,-0.4058558668836733,-0.6077235520265416,-0.22516734697762913,-0.19720135082437593,-0.37072068314587064,1.0,0.0,0.0,1.0,0.0,0.0,0.0,0.0,0.0,1.0
window_10_0pct::C8vVQo2sxFgzNjsG73,window_10_0pct,1784125022.494555,0,-0.3881038289941244,-0.275546456256282,-0.5573540544579261,-0.3180207911559465,-0.5058838631448596,-0.2084082333637284,-0.21042102910647784,-0.2194263077650056,1.0,0.0,0.0,1.0,0.0,0.0,0.0,0.0,0.0,1.0
window_10_0pct::Cdg2lc3FTR0JwFdQHa,window_10_0pct,1784125717.762404,0,0.814824109552852,0.3632932804686845,0.26217366958290605,0.17385563291932354,0.25791380346775555,-0.24936873396459375,-0.2370155466414324,-0.06416274007384977,1.0,0.0,0.0,1.0,0.0,0.0,0.0,0.0,0.0,1.0
window_10_0pct::CEz2xI1YQXkk6c2j4c,window_10_0pct,1784125267.675239,0,-0.389245083762815,-0.18750257353324612,1.1531235417489236,0.3319587692292318,0.9453317034191091,0.025456086677541748,0.23290658249205073,-0.5330172748392215,1.0,0.0,0.0,1.0,0.0,0.0,0.0,0.0,0.0,1.0
window_10_0pct::CZjEHP189YI2zLCBQi,window_10_0pct,1784125580.715868,0,-0.33268835032361516,-0.27909324774038535,-0.5940211061129143,-0.3355878063014919,-0.53134378536528,-0.2486745686678723,-0.23649166170058353,-0.13958098273865396,1.0,0.0,0.0,1.0,0.0,0.0,0.0,0.0,0.0,1.0
window_10_0pct::CvEferzdYkkMBlg5k,window_10_0pct,1784124486.155783,0,-0.2809083894420344,-0.18124352973776964,-0.4767545214457448,-0.2828867608648558,-0.42950409648359805,-0.2485743425448529,-0.23667904249577756,-0.07220440837304908,1.0,0.0,0.0,1.0,0.0,0.0,0.0,0.0,0.0,1.0
window_10_0pct::CuLdf4jiGtqnGSxr9,window_10_0pct,1784124196.974706,0,-0.3896046355401941,-0.18124352973776964,-0.4767545214457448,-0.26531974571931044,-0.42950409648359805,0.9799199167899934,0.2924998282178848,-0.07220440837304908,1.0,0.0,0.0,1.0,0.0,0.0,0.0,0.0,0.0,1.0
window_10_0pct::CBz60I3N8TOq5OWvNj,window_10_0pct,1784124156.838778,0,0.040893173491047194,-0.36984938277479434,-0.7379063557416712,-0.4058558668836733,-0.684103318687803,-0.24979859986280267,-0.2371179968362178,-0.6040302242810942,1.0,0.0,0.0,0.0,1.0,0.0,0.0,0.0,0.0,1.0
window_08_22pct::CgAz9p35DZvKayDjke,window_08_22pct,1783718127.979356,1,-0.3897129142040686,-0.36984938277479434,-0.7379063557416712,-0.4585569123203094,-0.7095632409082235,-0.24979859986280267,111.73122782240476,-0.6040302242810942,1.0,0.0,0.0,0.0,1.0,0.0,1.0,0.0,0.0,0.0
window_10_0pct::C0sVdO1nvEa5IGN3o4,window_10_0pct,1784124757.972714,0,0.18408895759824814,0.0712045700131152,1.505645589931353,0.49006190553914,1.2508507700641551,-0.24925573167200515,-0.2367041282226334,-0.4592550375681338,1.0,0.0,0.0,1.0,0.0,0.0,0.0,0.0,0.0,1.0
window_10_0pct::CBoolux5QXyYN5z0k,window_10_0pct,1784123994.067312,0,-0.009026952152417469,-0.09820688205111495,-0.2956073896600649,-0.1599176548460383,-0.2512846409406545,-0.24929464054634362,-0.23693634283385165,-0.1517541712913293,1.0,0.0,0.0,1.0,0.0,0.0,0.0,0.0,0.0,1.0
window_10_0pct::CBnlhv1Jb7ESzepVbi,window_10_0pct,1784125045.326556,0,-0.38938491835002703,-0.36984938277479434,-0.7379063557416712,-0.4058558668836733,-0.684103318687803,-0.24979859986280267,-0.1788626200997583,-0.6040302242810942,1.0,0.0,0.0,0.0,1.0,0.0,0.0,0.0,0.0,1.0
window_10_0pct::CcrM3t4MNFRLUkHtri,window_10_0pct,1784125397.550656,0,0.17137010570735944,0.2504218573569252,0.5881407846432407,0.27925772379259567,0.5125130256719606,-0.24901783698645708,-0.23679599504578158,-0.2595546913731688,1.0,0.0,0.0,1.0,0.0,0.0,0.0,0.0,0.0,1.0
window_10_0pct::Czjbta2hSL6Qu4G3L9,window_10_0pct,1784125579.12168,0,-0.38932058952931253,-0.1916752693968971,1.1531235417489236,0.3143917540836864,0.9453317034191091,0.07091426851337505,0.3111795908701664,-0.5346422851239325,1.0,0.0,0.0,1.0,0.0,0.0,0.0,0.0,0.0,1.0
window_10_0pct::C5xT6H2xJKwmW60I5c,window_10_0pct,1784124243.355131,0,-0.3867131158977773,-0.36984938277479434,-0.7379063557416712,-0.4058558668836733,-0.684103318687803,-0.24979859986280267,-0.2307872125163812,-0.6040302242810942,1.0,0.0,0.0,0.0,1.0,0.0,0.0,0.0,0.0,1.0
window_10_0pct::CXT43i1MbmXsx4EA8h,window_10_0pct,1784124238.611548,0,0.18357449783590574,0.833973373888516,0.4548350203703262,0.38465981466586785,0.4361332590106991,-0.24831555332287164,-0.23675375620676944,0.13924761604337144,1.0,0.0,0.0,1.0,0.0,0.0,0.0,0.0,0.0,1.0
window_08_22pct::CjXmp71Hp82krOA7sl,window_08_22pct,1783719128.51606,1,-0.38971289285364685,-0.36984938277479434,-0.7379063557416712,-0.4585569123203094,-0.7095632409082235,-0.24979859986280267,74.4084310782712,-0.6040302242810942,1.0,0.0,0.0,0.0,1.0,0.0,1.0,0.0,0.0,0.0
window_10_0pct::CiwrkV1WuC6xJzDgE4,window_10_0pct,1784125774.43959,0,-0.38940539340447955,-0.2772155346017424,-0.5573540544579261,-0.3004537760104012,-0.5058838631448596,-0.037082882795417334,-0.08171013102966676,-0.22623345672989212,1.0,0.0,0.0,1.0,0.0,0.0,0.0,0.0,0.0,1.0
window_10_0pct::CGmGol2MmDi0h2hcMf,window_10_0pct,1784125474.29476,0,-0.37761264808236766,-0.27784143898129005,-0.5940211061129143,-0.3355878063014919,-0.53134378536528,-0.24442836178013644,-0.23400140326324145,-0.1331747863035858,1.0,0.0,0.0,1.0,0.0,0.0,0.0,0.0,0.0,1.0
window_10_0pct::CJIDw60dUb6HCY6df,window_10_0pct,1784124629.072692,0,0.7298158894993413,0.26690400601834663,0.8616353518543165,0.3670927995203225,0.7416523256557451,-0.2493969009595717,-0.23695741755941807,-0.3108649104370704,1.0,0.0,0.0,1.0,0.0,0.0,0.0,0.0,0.0,1.0
window_10_0pct::Cj8ewV37WPeKy3vvyc,window_10_0pct,1784124929.636695,0,-0.3894940296803496,-0.36984938277479434,-0.7379063557416712,-0.4058558668836733,-0.684103318687803,-0.24979859986280267,-0.14980653698446564,-0.6040302242810942,1.0,0.0,0.0,0.0,1.0,0.0,0.0,0.0,0.0,1.0
window_10_0pct::CRXPQL3LdLbIWRHQUk,window_10_0pct,1784124110.056515,0,-0.16253202225332747,-0.1895889214650716,-0.49183772345909454,-0.26531974571931044,-0.42950409648359805,-0.249238206135343,-0.23690986355501217,-0.06458247309274569,1.0,0.0,0.0,1.0,0.0,0.0,0.0,0.0,0.0,1.0
window_10_0pct::CGZpuU1kDyEpMR0VI9,window_10_0pct,1784126054.138311,0,1.2699708417097508,0.46656750309404643,0.40327596222046747,0.38465981466586785,0.3852134145698581,-0.2494426719017559,-0.23702125293282517,-0.0642681947804621,1.0,0.0,0.0,1.0,0.0,0.0,0.0,0.0,0.0,1.0
window_10_0pct::CxUnuf1dL70FirW6qj,window_10_0pct,1784124169.281522,0,-0.38875226265291013,-0.27450328229036924,-0.5573540544579261,-0.3180207911559465,-0.5058838631448596,-0.17970434669456836,-0.19237157017094922,-0.21517183966195153,1.0,0.0,0.0,1.0,0.0,0.0,0.0,0.0,0.0,1.0
window_08_22pct::CV1qis1lWsqu18B0Ik,window_08_22pct,1783718128.469505,1,-0.3892423188831992,-0.3531585993201904,-0.6852426123739334,-0.38828885173812794,-0.6077235520265416,-0.2247516767767407,-0.18636812132467728,-0.37072068314587064,1.0,0.0,0.0,1.0,0.0,0.0,0.0,0.0,0.0,1.0
window_10_0pct::CxU1IF4CYrw56SqRYd,window_10_0pct,1784125080.616085,0,0.2964925336288721,-0.27909324774038535,-0.5306929016033433,-0.3004537760104012,-0.480423940924439,-0.24970519134660715,-0.2370927348800178,-0.28151057669437046,1.0,0.0,0.0,1.0,0.0,0.0,0.0,0.0,0.0,1.0
window_10_0pct::CJceL13Hylsnvv0Et,window_10_0pct,1784124308.628654,0,-0.38945984765513747,-0.10050186477612301,-0.5306291697638502,-0.2477527305737651,-0.45496401870401854,0.50177173662018,0.008403017759685539,0.3528545006392568,1.0,0.0,0.0,1.0,0.0,0.0,0.0,0.0,0.0,1.0
window_10_0pct::CwCpan4VnRBAQQUgGh,window_10_0pct,1784125141.358389,0,0.18833148922777904,0.2698248931229023,-0.13646898644597685,-0.036948548827220776,-0.09852510761813149,-0.24901703986552817,-0.23695562898022762,0.17921146287412132,1.0,0.0,0.0,1.0,0.0,0.0,0.0,0.0,0.0,1.0
window_10_0pct::C7riXs4vSjZ1GAbQa3,window_10_0pct,1784125969.599941,0,-0.38868671685815614,-0.279719152119933,-0.5955506702607468,-0.3355878063014919,-0.53134378536528,-0.18777082615643592,-0.19989124933892247,-0.1378288851460726,1.0,0.0,0.0,1.0,0.0,0.0,0.0,0.0,0.0,1.0
window_10_0pct::CHdSDG2ljCulKk2Pxl,window_10_0pct,1784124984.597642,0,0.22096236359931298,0.1162696853405459,1.5483671663381786,0.5251959358302307,1.2763106922845755,-0.24923639194581448,-0.23671614135011415,-0.44744416620509414,1.0,0.0,0.0,1.0,0.0,0.0,0.0,0.0,0.0,1.0
window_10_0pct::COZ22C1fDMJbHCmTNd,window_10_0pct,1784124251.710553,0,1.0440466996341244,0.3749768288869072,0.2621524256364084,0.20898966321041426,0.28337372568817604,-0.24943170361932734,-0.23703235706636963,-0.05554762343490513,1.0,0.0,0.0,1.0,0.0,0.0,0.0,0.0,0.0,1.0
window_08_22pct::CCs4Bu4FnxAEkHgud7,window_08_22pct,1783718128.605584,1,-0.3894050304473099,-0.3531585993201904,-0.6852426123739334,-0.38828885173812794,-0.6077235520265416,-0.2115166203829894,-0.15952788738719373,-0.37072068314587064,1.0,0.0,0.0,1.0,0.0,0.0,0.0,0.0,0.0,1.0
window_10_0pct::CwnObq4yRPOX3nvao2,window_10_0pct,1784125805.499551,0,-0.2098598330646951,0.8323042955430556,2.113116240032387,0.9995053447599554,1.8109690589134062,-0.24507789691042908,-0.2349293870335756,-0.29350366523593263,1.0,0.0,0.0,1.0,0.0,0.0,0.0,0.0,0.0,1.0
window_10_0pct::CCFa634OlFqNbYyw5g,window_10_0pct,1784125823.004452,0,0.339079227086933,-0.09758097767156731,-0.3422803401154582,-0.17748466999158366,-0.3022044853814955,-0.24953474918732646,-0.23705088374492508,-0.09723590047173687,1.0,0.0,0.0,1.0,0.0,0.0,0.0,0.0,0.0,1.0
window_10_0pct::CYHB9h1lEnMhbgZR6,window_10_0pct,1784125344.740578,0,-0.3877276986142611,-0.27825870856765517,1.1454757210097604,0.26169070864705035,0.9198717811986885,-0.21721501177394115,-0.1360128121648417,-0.5682164097021682,1.0,0.0,0.0,1.0,0.0,0.0,0.0,0.0,0.0,1.0
window_10_0pct::CXu0qy1WOAZCZaIfO3,window_10_0pct,1784124080.798699,0,-0.389711878708614,-0.3631730693929528,-0.7368866463097827,-0.4585569123203094,-0.7095632409082235,4.123443768831115,4.197229282376408,4.119297628905474,0.0,1.0,1.0,0.0,0.0,0.0,0.0,0.0,0.0,1.0
window_07_17pct::CMAxCG4AjIc0GgFDha,window_07_17pct,1783714380.294134,1,-0.07336480409535913,-0.3258274414132764,-0.7379063557416712,-0.35315482144703725,-0.6077235520265416,-0.24970031909121457,-0.2370566151219536,1525.4736783412168,1.0,0.0,0.0,1.0,0.0,0.0,0.0,1.0,0.0,0.0
window_10_0pct::CKMrBG4ntGD831NUkg,window_10_0pct,1784126049.379176,0,0.0870473302687277,0.36704870674597034,0.7119292608851965,0.38465981466586785,0.6652725589944836,-0.24870697849725504,-0.23667101820647624,-0.22972580103091983,1.0,0.0,0.0,1.0,0.0,0.0,0.0,0.0,0.0,1.0
window_10_0pct::CYFgYE5a8HnwHwp94,window_10_0pct,1784125107.20262,0,-0.3883386409324644,-0.00932846015534889,-0.17740607134699776,-0.08964959426385685,-0.174904874279393,-0.06452712906641131,-0.16062601977652755,-0.13035482160792167,1.0,0.0,0.0,1.0,0.0,0.0,0.0,0.0,0.0,1.0
window_10_0pct::CNGnLJ37LPMv3SQfB1,window_10_0pct,1784124131.586428,0,0.003393943927823377,-0.36984938277479434,-0.7379063557416712,-0.4058558668836733,-0.684103318687803,-0.24979859986280267,-0.23711376017879238,-0.6040302242810942,1.0,0.0,0.0,0.0,1.0,0.0,0.0,0.0,0.0,1.0
window_10_0pct::CVF2vl4oE85XJyLY82,window_10_0pct,1784125464.01829,0,0.7270135398933381,0.7536489785132345,0.42917233300113405,0.4022268298114132,0.41067333679027856,-0.24908805698305975,-0.2369483403593011,0.10490581724587349,1.0,0.0,0.0,1.0,0.0,0.0,0.0,0.0,0.0,1.0
window_10_0pct::ChJKEx398eoYy1ZLXj,window_10_0pct,1784126019.764192,0,0.09560384271415574,0.1757306013975725,1.4849964739356123,0.47249489039359466,1.2253908478437345,-0.2490046414164761,-0.23663042384916516,-0.42328099405759123,1.0,0.0,0.0,1.0,0.0,0.0,0.0,0.0,0.0,1.0
window_10_0pct::CYPaTw4LAczGl2Gmij,window_10_0pct,1784125363.338398,0,0.40841440144410884,0.5687985517534957,2.2094362934528484,0.8589692235955926,1.9128087477950881,-0.24896799360207594,-0.23670713554135692,-0.3694930833719879,1.0,0.0,0.0,1.0,0.0,0.0,0.0,0.0,0.0,1.0
window_10_0pct::CJJHAZ1iiEYjaVy82j,window_10_0pct,1784125657.533722,0,-0.20884986203930808,0.188457323781708,1.450305109304908,0.4373608601025039,1.1999309256233142,-0.24761844393507007,-0.2357877817172858,-0.4161322941377652,1.0,0.0,0.0,1.0,0.0,0.0,0.0,0.0,0.0,1.0
window_10_0pct::C6kqOz32SSDlBOgJ7k,window_10_0pct,1784125311.824978,0,-0.38931784600011843,-0.18917165187870652,1.1531235417489236,0.26169070864705035,0.9453317034191091,0.07316254873442779,0.2710697730540152,-0.5336672789531058,1.0,0.0,0.0,1.0,0.0,0.0,0.0,0.0,0.0,1.0
window_10_0pct::C31RQu1OItXXCCvpub,window_10_0pct,1784124366.878207,0,-0.3897120708624098,-0.3631730693929528,-0.7368866463097827,-0.4585569123203094,-0.7095632409082235,5.071857776499676,5.158904589155943,4.119297628905474,0.0,1.0,1.0,0.0,0.0,0.0,0.0,0.0,0.0,1.0
window_10_0pct::CJQQG91NsZkbNg64Vj,window_10_0pct,1784125442.712978,0,0.9707559219652345,0.36767461112551797,0.7134800689795268,0.3143917540836864,0.6143527145536426,-0.2494157290929521,-0.2370042648775823,-0.229808153976159,1.0,0.0,0.0,1.0,0.0,0.0,0.0,0.0,0.0,1.0
window_10_0pct::CCDzmA45fYtCzIRc03,window_10_0pct,1784124634.956718,0,0.1860564736884299,0.35473925394819994,0.5181844688263949,0.20898966321041426,0.4615931812311196,-0.24890979261946444,-0.2368385570199273,-0.17920940965449464,1.0,0.0,0.0,1.0,0.0,0.0,0.0,0.0,0.0,1.0
window_10_0pct::CZaPQH1TKjomBj1Ovd,window_10_0pct,1784124375.894957,0,-0.38792919321946967,-0.36984938277479434,-0.7379063557416712,-0.4058558668836733,-0.684103318687803,-0.24979859986280267,-0.2264409343970209,-0.6040302242810942,1.0,0.0,0.0,0.0,1.0,0.0,0.0,0.0,0.0,1.0
window_10_0pct::CwmAiL3P5Nf8YAByF8,window_10_0pct,1784126132.377833,0,0.6375172903858737,-0.0018176076007771086,-0.18838919168629606,0.03331951175496066,-0.12398502983855199,-0.24954556393664207,-0.23702743227608475,-0.11082244063185312,1.0,0.0,0.0,1.0,0.0,0.0,0.0,0.0,0.0,1.0
window_10_0pct::C4Xfk8dylrT3Oc9N4,window_10_0pct,1784125794.570242,0,-0.30183448222904163,0.3217749566253571,-0.27177168168967286,-0.019381533681675417,-0.225824718720234,-0.24424016619174063,-0.23574784558933215,0.4886214183731124,1.0,0.0,0.0,1.0,0.0,0.0,0.0,0.0,0.0,1.0
window_10_0pct::C1lGhNYSMNPqY4SQb,window_10_0pct,1784124688.315242,0,0.9368237180379847,0.6426552685401182,0.8483791292397669,0.4549278752480493,0.7671122478761656,-0.24925953324962488,-0.23697138574888285,-0.13397106748653617,1.0,0.0,0.0,1.0,0.0,0.0,0.0,0.0,0.0,1.0
window_10_0pct::CKgWnc3CXVP5aiLyf7,window_10_0pct,1784125520.000666,0,-0.38968140098157455,-0.3631730693929528,-0.7368866463097827,-0.4585569123203094,-0.7095632409082235,-0.10037455411243537,-0.08564902673148359,4.119297628905474,0.0,1.0,1.0,0.0,0.0,0.0,0.0,0.0,0.0,1.0
window_08_22pct::C4O1bx3e3MsiKXcEjf,window_08_22pct,1783719130.602156,1,-0.07752934263425937,-0.32666198058600665,-0.7379063557416712,-0.35315482144703725,-0.6077235520265416,-0.249700896019815,-0.23705520381524303,1496.543295240449,1.0,0.0,0.0,1.0,0.0,0.0,0.0,1.0,0.0,0.0
window_10_0pct::CMs0go4NYd5GjiYsU4,window_10_0pct,1784124336.320218,0,0.20671267579417177,-0.36984938277479434,-0.7379063557416712,-0.38828885173812794,-0.6586433964673826,-0.24979859986280267,-0.23712232834577235,-0.6040302242810942,1.0,0.0,0.0,0.0,1.0,0.0,0.0,0.0,0.0,1.0
window_10_0pct::CP1Q1p3ZOLMN3v0bQe,window_10_0pct,1784124133.214103,0,0.29292702387284203,0.17969466246804092,-0.25405423031061136,-0.0720825791183115,-0.225824718720234,-0.24923004097190204,-0.23700132021012973,0.23236865493282985,1.0,0.0,0.0,1.0,0.0,0.0,0.0,0.0,0.0,1.0
window_10_0pct::CulLhIIj2lCfH1Ead,window_10_0pct,1784124184.861146,0,0.6687761226048757,0.6388998422628323,0.45041627949880964,0.3143917540836864,0.4361332590106991,-0.24912552789759823,-0.23695914714134614,0.021119058372075165,1.0,0.0,0.0,1.0,0.0,0.0,0.0,0.0,0.0,1.0
window_10_0pct::CJcwGp146jJkuoyhI,window_10_0pct,1784125468.117571,0,0.3369943690788464,0.0774636138085917,0.004654550138082252,-0.019381533681675417,0.003314581263550526,-0.24936387282926273,-0.2369913510868484,-0.16041170498452717,1.0,0.0,0.0,1.0,0.0,0.0,0.0,0.0,0.0,1.0
window_10_0pct::C0wRVx274ByMV0hFR5,window_10_0pct,1784125705.796929,0,-0.3041678698214388,0.09582347560865605,-0.07112260701912666,-0.054515563972766135,-0.04760526317729048,-0.2459540055201712,-0.23582104163825057,-0.08972049539653991,1.0,0.0,0.0,1.0,0.0,0.0,0.0,0.0,0.0,1.0
window_03_5pct::CAiiaz1j4PKBYTj0hc,window_03_5pct,1783700382.546438,1,-0.07120015956121538,-0.32624471099964153,-0.7379063557416712,-0.35315482144703725,-0.6077235520265416,-0.24970191225732138,-0.2370573341144008,1511.0084867908329,1.0,0.0,0.0,1.0,0.0,0.0,0.0,1.0,0.0,0.0
window_10_0pct::C2b8qA1zN1NjwW4knb,window_10_0pct,1784125825.407792,0,-0.38384894614561454,0.08580900553589367,1.4421474338498006,0.5427629509757761,1.1999309256233142,-0.1949192092116063,-0.1898728663058606,-0.45010472001764734,1.0,0.0,0.0,1.0,0.0,0.0,0.0,0.0,0.0,1.0
window_10_0pct::CRfU8G3wMJC6vOXMhb,window_10_0pct,1784123961.495883,0,0.010605262376062453,0.0025637230560564303,1.4344996131106373,0.41979384495695854,1.1744710034028936,-0.2491415712706797,-0.23655329862322275,-0.4777828429850225,1.0,0.0,0.0,1.0,0.0,0.0,0.0,0.0,0.0,1.0
window_10_0pct::CXF5v23aSYDHvayNL4,window_10_0pct,1784126132.3739,0,0.6375581444178808,-0.0041125903257851525,1.3696418444532334,0.5603299661213215,1.1490110811824732,-0.24954715182542456,-0.23688781107323142,-0.47623064769542117,1.0,0.0,0.0,1.0,0.0,0.0,0.0,0.0,0.0,1.0
window_03_5pct::CqLsqP1Ts3t4jVGCA8,window_03_5pct,1783700381.328076,1,-0.38971290352885773,-0.36984938277479434,-0.7379063557416712,-0.4585569123203094,-0.7095632409082235,-0.24979859986280267,89.33754977592461,-0.6040302242810942,1.0,0.0,0.0,0.0,1.0,0.0,1.0,0.0,0.0,0.0
window_10_0pct::CWxjln4eojXppaWxOk,window_10_0pct,1784126087.466351,0,-0.15003125424534247,-0.36984938277479434,-0.7379063557416712,-0.4058558668836733,-0.684103318687803,-0.24979859986280267,-0.23708261842809816,-0.6040302242810942,1.0,0.0,0.0,0.0,1.0,0.0,0.0,0.0,0.0,1.0
window_10_0pct::CXc5pHOtcRX3rDE05,window_10_0pct,1784125335.034361,0,-0.17381756695648987,0.47115746854406254,-0.09427850870159309,0.05088652690050602,-0.04760526317729048,-0.24704740827873853,-0.23649804036187316,0.3582310989019104,1.0,0.0,0.0,1.0,0.0,0.0,0.0,0.0,0.0,1.0
window_10_0pct::CV5KAzsYQeqmIY1aj,window_10_0pct,1784125587.511229,0,-0.38522663548469777,-0.279719152119933,-0.5573540544579261,-0.3180207911559465,-0.5058838631448596,-0.23560982928079038,-0.22757096561826312,-0.23644418017722194,1.0,0.0,0.0,1.0,0.0,0.0,0.0,0.0,0.0,1.0
window_10_0pct::C1ZCtNUDh6rJdJ7Ka,window_10_0pct,1784125861.708833,0,-0.03984059605242533,-0.09236510784200358,-0.451729152471483,-0.21261870028267438,-0.4040441742631775,-0.24923846395987215,-0.23695742904104455,0.10999533844198098,1.0,0.0,0.0,1.0,0.0,0.0,0.0,0.0,0.0,1.0
window_10_0pct::CRInrQ1rgeceX15Chc,window_10_0pct,1784124072.961725,0,-0.3875749576971048,-0.19250980856962732,-0.4682781867931723,-0.26531974571931044,-0.4040441742631775,-0.1912167892092496,-0.2103271631569916,-0.11969189536648445,1.0,0.0,0.0,1.0,0.0,0.0,0.0,0.0,0.0,1.0
window_07_17pct::CJVsb51kfEDKl9XFl,window_07_17pct,1783714379.348853,1,-0.38932429382748507,-0.3531585993201904,-0.6852426123739334,-0.4058558668836733,-0.6077235520265416,-0.21946890039853068,-0.18795634968721617,-0.37072068314587064,1.0,0.0,0.0,1.0,0.0,0.0,0.0,0.0,0.0,1.0
window_10_0pct::Czv8JK3ir72Kg4EPGh,window_10_0pct,1784124175.995264,0,-0.16545093448684176,-0.1831212428764126,-0.4752249572979122,-0.2828867608648558,-0.42950409648359805,-0.249210543835043,-0.23692789596088937,-0.08056481761792274,1.0,0.0,0.0,1.0,0.0,0.0,0.0,0.0,0.0,1.0
window_10_0pct::CqQxLt2cuU2IYUWte6,window_10_0pct,1784124644.42144,0,-0.38971197478551184,-0.3631730693929528,-0.7368866463097827,-0.4585569123203094,-0.7095632409082235,4.551260957072912,4.631028469673698,4.119297628905474,0.0,1.0,1.0,0.0,0.0,0.0,0.0,0.0,0.0,1.0
window_05_12pct::CEie7z1LjB715c8oOa,window_05_12pct,1783706880.64082,1,-0.3897129142040686,-0.36984938277479434,-0.7379063557416712,-0.4585569123203094,-0.7095632409082235,-0.24979859986280267,111.73122782240476,-0.6040302242810942,1.0,0.0,0.0,0.0,1.0,0.0,1.0,0.0,0.0,0.0
window_10_0pct::CMFDm33Fo5qSNpvGkc,window_10_0pct,1784124472.607279,0,-0.10243737447820163,-0.36984938277479434,-0.7379063557416712,-0.4058558668836733,-0.684103318687803,-0.24979859986280267,-0.23709583775656357,-0.6040302242810942,1.0,0.0,0.0,0.0,1.0,0.0,0.0,0.0,0.0,1.0
window_10_0pct::CiFBSU3ZI9MSqyUpRd,window_10_0pct,1784124089.453215,0,0.056830889690530934,-0.36984938277479434,-0.7379063557416712,-0.4058558668836733,-0.684103318687803,-0.24979859986280267,-0.23711958199821223,-0.6040302242810942,1.0,0.0,0.0,0.0,1.0,0.0,0.0,0.0,0.0,1.0
window_10_0pct::CB19jG2NZBU7nZo0Si,window_10_0pct,1784124493.835449,0,0.3420739760184819,-0.18249533849686495,-0.45013585648415727,-0.21261870028267438,-0.37858425204275703,-0.24961778126736897,-0.23706440719292543,-0.12459780336706494,1.0,0.0,0.0,1.0,0.0,0.0,0.0,0.0,0.0,1.0
window_10_0pct::CQDWfj3qXnKp16Y3j9,window_10_0pct,1784125565.839112,0,-0.38925326097434293,-0.36984938277479434,-0.7379063557416712,-0.4058558668836733,-0.684103318687803,-0.24979859986280267,-0.19555973841263427,-0.6040302242810942,1.0,0.0,0.0,0.0,1.0,0.0,0.0,0.0,0.0,1.0
window_10_0pct::Cg0GWB3CvzgS3fgeO7,window_10_0pct,1784125230.482071,0,0.10006276086806164,-0.36984938277479434,-0.7379063557416712,-0.38828885173812794,-0.6586433964673826,-0.24979859986280267,-0.23711360046396715,-0.6040302242810942,1.0,0.0,0.0,0.0,1.0,0.0,0.0,0.0,0.0,1.0
window_10_0pct::CEBpoD1Hnmpt0FSdK6,window_10_0pct,1784125037.329401,0,0.2710736822694948,0.08789535346771916,1.5517237098848113,0.6305980267035028,1.2763106922845755,-0.249309354435659,-0.23670657130504172,-0.4568001040278807,1.0,0.0,0.0,1.0,0.0,0.0,0.0,0.0,0.0,1.0
window_10_0pct::ClNaFi1dwOspZJXF36,window_10_0pct,1784125468.113331,0,-0.3896731276931487,-0.2680356037017102,-0.7164074818860234,-0.3707218365925826,-0.6331834742469621,1.5555850930830046,0.48308453869818513,2.880181758239797,1.0,0.0,0.0,1.0,0.0,0.0,0.0,0.0,0.0,1.0
window_10_0pct::CY4mUv40PbgRkRPFNc,window_10_0pct,1784124502.872592,0,-0.38148930820968324,-0.2767982650153773,-0.5573540544579261,-0.3355878063014919,-0.5058838631448596,-0.24180722111693287,-0.23251129233841963,-0.2245316694886705,1.0,0.0,0.0,1.0,0.0,0.0,0.0,0.0,0.0,1.0
window_10_0pct::CLnQZ73BeA1Q7UreAh,window_10_0pct,1784125376.453203,0,-0.3888677470841232,-0.36984938277479434,-0.7379063557416712,-0.4058558668836733,-0.684103318687803,-0.24979859986280267,-0.21453539081410347,-0.6040302242810942,1.0,0.0,0.0,0.0,1.0,0.0,0.0,0.0,0.0,1.0
window_10_0pct::Cu66A11pvbPi5gakR2,window_10_0pct,1784125182.896175,0,-0.3893909071433262,-0.36984938277479434,-0.7379063557416712,-0.4058558668836733,-0.684103318687803,-0.24979859986280267,-0.1777784851842275,-0.6040302242810942,1.0,0.0,0.0,0.0,1.0,0.0,0.0,0.0,0.0,1.0
window_10_0pct::CCVjAA3vZdsfC8fZs2,window_10_0pct,1784125824.516838,0,0.26017984307885783,-0.18833711270597633,-0.4118967527883412,-0.23018571542821972,-0.35312432982233655,-0.24960134444874787,-0.237059414508181,-0.19402446912262805,1.0,0.0,0.0,1.0,0.0,0.0,0.0,0.0,0.0,1.0
window_10_0pct::CllBd83zPSouzJlVOh,window_10_0pct,1784126516.069919,0,-0.38536719598624913,0.4567616678144666,-0.6461112629252148,0.05088652690050602,-0.174904874279393,-0.11546023859987126,-0.20415683424246583,6.0261281425191,1.0,0.0,0.0,0.0,0.0,1.0,0.0,0.0,0.0,1.0
window_10_0pct::Cu8QhU13rUhH8EFP5h,window_10_0pct,1784124357.080776,0,-0.3729369911221279,-0.18645939956733337,-0.4752249572979122,-0.2477527305737651,-0.42950409648359805,-0.24207796971302034,-0.23345741428986133,-0.08992285840743186,1.0,0.0,0.0,1.0,0.0,0.0,0.0,0.0,0.0,1.0
window_10_0pct::CiSa6i2agMdu0MZZL9,window_10_0pct,1784124073.876323,0,1.4467035266856123,0.6397343814355625,3.0216985877914753,1.2103095265064998,2.5747667255260214,-0.24941032806662736,-0.2369124721980355,-0.4062693613512076,1.0,0.0,0.0,1.0,0.0,0.0,0.0,0.0,0.0,1.0
window_10_0pct::CjMJ3cvExUHxbqLw3,window_10_0pct,1784125899.201474,0,-0.3894524283835814,-0.36984938277479434,-0.7379063557416712,-0.4058558668836733,-0.684103318687803,-0.24979859986280267,-0.16375555714941314,-0.6040302242810942,1.0,0.0,0.0,0.0,1.0,0.0,0.0,0.0,0.0,1.0
window_10_0pct::CbvpHOME037kTxomc,window_10_0pct,1784124061.049911,0,0.35407615830269107,-0.18249533849686495,-0.4767545214457448,-0.23018571542821972,-0.4040441742631775,-0.24962069905373935,-0.23707241671079915,-0.07573422573527061,1.0,0.0,0.0,1.0,0.0,0.0,0.0,0.0,0.0,1.0
window_10_0pct::CAmBADa7Liw6d8Ni,window_10_0pct,1784124838.479545,0,-0.3887492415682333,-0.19584796526054812,1.1531235417489236,0.27925772379259567,0.9453317034191091,-0.12228142417222479,-0.023832586787369617,-0.5362672954086435,1.0,0.0,0.0,1.0,0.0,0.0,0.0,0.0,0.0,1.0
window_10_0pct::CZulKx4y8SBTRkQula,window_10_0pct,1784124225.180587,0,-0.38818404252861644,-0.36984938277479434,-0.7379063557416712,-0.4058558668836733,-0.684103318687803,-0.24979859986280267,-0.22465380969483378,-0.6040302242810942,1.0,0.0,0.0,0.0,1.0,0.0,0.0,0.0,0.0,1.0
window_10_0pct::CHCkVH1gERyawcKEq3,window_10_0pct,1784125086.153859,0,0.1919538871825458,0.1087588327859741,-0.07433044294027569,0.0157524966094153,-0.04760526317729048,-0.24921747359115135,-0.23693225754152406,-0.07287887465436013,1.0,0.0,0.0,1.0,0.0,0.0,0.0,0.0,0.0,1.0
window_10_0pct::CHZ2p6Ya8Ly88vssk,window_10_0pct,1784124713.28344,0,-0.3185635624856761,0.10834156319960901,-0.25894033800507676,-0.0720825791183115,-0.225824718720234,-0.2450518667901436,-0.23561684057599447,0.13119439614467898,1.0,0.0,0.0,1.0,0.0,0.0,0.0,0.0,0.0,1.0
window_10_0pct::CaX5KaI7SIq3FqDce,window_10_0pct,1784124279.372687,0,-0.388502697573145,-0.09820688205111495,-0.29467265601416714,-0.21261870028267438,-0.276744563161075,-0.09127864161510608,-0.1779047213987763,-0.15270792860412824,1.0,0.0,0.0,1.0,0.0,0.0,0.0,0.0,0.0,1.0
window_10_0pct::CVEw5lZJmLAvj3U3,window_10_0pct,1784124708.755201,0,-0.3891658096468797,-0.36984938277479434,-0.7379063557416712,-0.4058558668836733,-0.684103318687803,-0.24979859986280267,-0.2022091528117071,-0.6040302242810942,1.0,0.0,0.0,0.0,1.0,0.0,0.0,0.0,0.0,1.0
window_10_0pct::CiCJwy24R2yuvY5coa,window_10_0pct,1784125973.409689,0,-0.3890701811078885,-0.010371634121261637,-0.35007686848010516,-0.17748466999158366,-0.3022044853814955,0.14518327497486552,-0.11071169359711745,0.0785442688259715,1.0,0.0,0.0,1.0,0.0,0.0,0.0,0.0,0.0,1.0
window_10_0pct::CWcR5E3L1kWTNe3Jfc,window_10_0pct,1784125810.69286,0,-0.3895901172534082,-0.28034505649948066,1.1454757210097604,0.29682473893814104,0.9198717811986885,0.2648018025909722,1.4753983513582813,-0.5690322141344901,1.0,0.0,0.0,1.0,0.0,0.0,0.0,0.0,0.0,1.0
window_10_0pct::CDiT7G4CSwtNDyUUW7,window_10_0pct,1784125376.555727,0,-0.38940682388273634,-0.36984938277479434,-0.7379063557416712,-0.4058558668836733,-0.684103318687803,-0.24979859986280267,-0.174690943534327,-0.6040302242810942,1.0,0.0,0.0,0.0,1.0,0.0,0.0,0.0,0.0,1.0
window_10_0pct::CY6qtOapMExrLewI4,window_10_0pct,1784124425.192914,0,-0.38892476338539045,-0.19376161732872263,-0.4767545214457448,-0.26531974571931044,-0.42950409648359805,-0.09201531553709215,-0.16437097608800474,-0.10750258199526445,1.0,0.0,0.0,1.0,0.0,0.0,0.0,0.0,0.0,1.0
window_10_0pct::CLWC6LgRQcrcFf8Yh,window_10_0pct,1784124658.371156,0,0.5549916333214853,0.2925660855798002,0.35280034534199023,0.12115458748268745,0.28337372568817604,-0.2493033787986093,-0.23699033618391627,-0.15677370272539268,1.0,0.0,0.0,1.0,0.0,0.0,0.0,0.0,0.0,1.0
window_10_0pct::CW6lkq31BluVOryxla,window_10_0pct,1784124386.045682,0,0.11845836964434239,-0.36984938277479434,-0.7379063557416712,-0.38828885173812794,-0.6586433964673826,-0.24979859986280267,-0.23711536735046193,-0.6040302242810942,1.0,0.0,0.0,0.0,1.0,0.0,0.0,0.0,0.0,1.0
window_10_0pct::CPzFoo4l2Ap9JbVgbc,window_10_0pct,1784125867.376359,0,-0.3886304157960173,-0.27846734336083767,-0.5573540544579261,-0.3355878063014919,-0.5058838631448596,-0.1901800898282755,-0.2018296569567879,-0.23133881845355705,1.0,0.0,0.0,1.0,0.0,0.0,0.0,0.0,0.0,1.0
window_10_0pct::CY35nL22ehSxqUJ5z2,window_10_0pct,1784125457.229807,0,0.2517532159241092,0.48409282572138057,0.9326326210495485,0.41979384495695854,0.8180320923170066,-0.2488584017167162,-0.23678228335729715,-0.22757875095606178,1.0,0.0,0.0,1.0,0.0,0.0,0.0,0.0,0.0,1.0
window_08_22pct::CvgHxj1Fhhuoe27Xa4,window_08_22pct,1783718128.547455,1,-0.38923406694519513,-0.3531585993201904,-0.6852426123739334,-0.38828885173812794,-0.6077235520265416,-0.22518326998997135,-0.18724337734658658,-0.37072068314587064,1.0,0.0,0.0,1.0,0.0,0.0,0.0,0.0,0.0,1.0
window_10_0pct::CdfNkb2SuEnQOAFzQ2,window_10_0pct,1784125192.364536,0,0.09449775209007738,-0.18645939956733337,-0.48463602559638247,-0.26531974571931044,-0.42950409648359805,-0.24953111088577634,-0.23704392080220996,-0.07082115891216798,1.0,0.0,0.0,1.0,0.0,0.0,0.0,0.0,0.0,1.0
window_08_22pct::CGFcy6jedsrQz9uqa,window_08_22pct,1783718127.98058,1,-0.38971289285364685,-0.36984938277479434,-0.7379063557416712,-0.4585569123203094,-0.7095632409082235,-0.24979859986280267,74.4084310782712,-0.6040302242810942,1.0,0.0,0.0,0.0,1.0,0.0,1.0,0.0,0.0,0.0
window_10_0pct::CyYT8q46lf87OOLmC1,window_10_0pct,1784124629.074141,0,0.7298006452982161,-0.006824842637158296,-0.1171794830260874,0.0157524966094153,-0.07306518539771098,-0.24956958098692703,-0.23704282944633404,-0.1733417694955377,1.0,0.0,0.0,1.0,0.0,0.0,0.0,0.0,0.0,1.0
window_10_0pct::Ca49GJB3QrlEjhvd8,window_10_0pct,1784124492.1536,0,-0.3883272825080966,-0.18374714725596025,-0.4767545214457448,-0.26531974571931044,-0.42950409648359805,-0.1549447271960566,-0.19575749076324922,-0.07926404309749215,1.0,0.0,0.0,1.0,0.0,0.0,0.0,0.0,0.0,1.0
window_10_0pct::Ci8aeV2u0lDwm2Ji17,window_10_0pct,1784124953.619288,0,-0.3892128232755599,-0.36984938277479434,-0.7379063557416712,-0.4058558668836733,-0.684103318687803,-0.24979859986280267,-0.19892347202965444,-0.6040302242810942,1.0,0.0,0.0,0.0,1.0,0.0,0.0,0.0,0.0,1.0
window_10_0pct::Crj4Ji3UYLoF7RdRkk,window_10_0pct,1784124844.407745,0,0.31398887331650827,0.49869726124415903,0.18452704513390167,0.1914226480648689,0.15607411458607354,-0.24892689566911338,-0.23690422749435922,0.08938086254410989,1.0,0.0,0.0,1.0,0.0,0.0,0.0,0.0,0.0,1.0
window_10_0pct::CJxy1q1eGuhhcmc4W1,window_10_0pct,1784125529.109067,0,-0.3140129549455907,-0.27784143898129005,-0.6106338722740966,-0.3180207911559465,-0.53134378536528,-0.2489401911762908,-0.23659397801110818,-0.07172469409757591,1.0,0.0,0.0,1.0,0.0,0.0,0.0,0.0,0.0,1.0
window_10_0pct::CuYcUp13y4lfeQ8f6l,window_10_0pct,1784125308.741396,0,-0.3363800944482063,-0.36984938277479434,-0.7379063557416712,-0.4058558668836733,-0.684103318687803,-0.24979859986280267,-0.23680382097691802,-0.6040302242810942,1.0,0.0,0.0,0.0,1.0,0.0,0.0,0.0,0.0,1.0
window_10_0pct::C45HJT3bgT1uMWdcx3,window_10_0pct,1784125030.183323,0,-0.36699834996362446,-0.19250980856962732,-0.4118967527883412,-0.23018571542821972,-0.37858425204275703,-0.24428462090234998,-0.2342155826054981,-0.20344988878144335,1.0,0.0,0.0,1.0,0.0,0.0,0.0,0.0,0.0,1.0
window_10_0pct::C8BE4D24U5WYvbTKgb,window_10_0pct,1784125791.962682,0,0.22614236022198847,0.3998043692756306,-0.22129606481119557,-0.036948548827220776,-0.174904874279393,-0.2489159644158372,-0.23696832444633803,0.49309736380571195,1.0,0.0,0.0,1.0,0.0,0.0,0.0,0.0,0.0,1.0
window_10_0pct::Cw1r2I1XGreM5tOhg4,window_10_0pct,1784125397.551408,0,0.17136224875215772,-0.19313571294917498,-0.4149983689770018,-0.2477527305737651,-0.37858425204275703,-0.24957615942661263,-0.23705163183182246,-0.20102985446413704,1.0,0.0,0.0,1.0,0.0,0.0,0.0,0.0,0.0,1.0
window_10_0pct::CnJWXCcE6hpRwg4Nj,window_10_0pct,1784124895.762599,0,-0.3876176798910145,-0.09173920346245593,-0.5306291697638502,-0.23018571542821972,-0.45496401870401854,-0.15605532833300262,-0.2052162637571266,0.38398475505184754,1.0,0.0,0.0,1.0,0.0,0.0,0.0,0.0,0.0,1.0
window_04_7pct::CjmHkV3kVo7QnjL568,window_04_7pct,1783704132.444422,1,-0.07428258399965575,-0.3258274414132764,-0.7379063557416712,-0.35315482144703725,-0.6077235520265416,-0.24970003313233147,-0.23705630729995034,1525.4736783412168,1.0,0.0,0.0,1.0,0.0,0.0,0.0,1.0,0.0,0.0
window_10_0pct::CVZEzL1TrwHJVxLvw,window_10_0pct,1784124621.095885,0,-0.028353919701223973,0.17614787098393758,0.3859196579318665,0.1914226480648689,0.33429357012901706,-0.24873147261992518,-0.23665963165037995,-0.24624217952518168,1.0,0.0,0.0,1.0,0.0,0.0,0.0,0.0,0.0,1.0
window_10_0pct::CetXGI2WVuHG56jJW9,window_10_0pct,1784125716.667233,0,-0.3895810967002214,-0.27846734336083767,-0.6191102069266692,-0.3180207911559465,-0.5568037075857005,0.23965527376667423,0.08917033355708535,-0.037629911473286974,1.0,0.0,0.0,1.0,0.0,0.0,0.0,0.0,0.0,1.0
window_10_0pct::C44XyL1PbHezxsTSFf,window_10_0pct,1784124514.773279,0,0.586592616724145,0.07495999629040109,0.2132488607987591,0.1035875723371421,0.20699395902691456,-0.24947682446438998,-0.23700080303636423,-0.25963628599751004,1.0,0.0,0.0,1.0,0.0,0.0,0.0,0.0,0.0,1.0
window_10_0pct::C6VmsE4mULYWzKKC14,window_10_0pct,1784125372.09693,0,-0.3886977550261978,-0.36984938277479434,-0.7379063557416712,-0.4058558668836733,-0.684103318687803,-0.24979859986280267,-0.2183242072417301,-0.6040302242810942,1.0,0.0,0.0,0.0,1.0,0.0,0.0,0.0,0.0,1.0
window_10_0pct::CtaHNv24OzIpGWgvNf,window_10_0pct,1784125353.02046,0,-0.38685178688700433,-0.19000619105143673,1.1531235417489236,0.38465981466586785,0.9453317034191091,-0.20540554767648847,-0.15528119036470964,-0.5339922810100481,1.0,0.0,0.0,1.0,0.0,0.0,0.0,0.0,0.0,1.0
window_10_0pct::CZ2s1Q1ngVS27mac7e,window_10_0pct,1784123980.378972,0,0.26478379464767043,-0.09507736015337671,-0.27742257145805455,-0.10721660940940221,-0.2512846409406545,-0.2495020964581374,-0.23700900352198004,-0.164609241860659,1.0,0.0,0.0,1.0,0.0,0.0,0.0,0.0,0.0,1.0
window_10_0pct::CLiRRo1XjFvM0ek8Da,window_10_0pct,1784124717.063028,0,-0.3893176218206901,-0.36984938277479434,-0.7379063557416712,-0.4058558668836733,-0.684103318687803,-0.24979859986280267,-0.1887867924731888,-0.6040302242810942,1.0,0.0,0.0,0.0,1.0,0.0,0.0,0.0,0.0,1.0
window_10_0pct::CkXGJ839uVMt3s1Wc9,window_10_0pct,1784125506.47226,0,-0.389258758707942,-0.2788846129472028,-0.5573540544579261,-0.3180207911559465,-0.5058838631448596,-0.10835200775010571,-0.1424233673285768,-0.23304060569477866,1.0,0.0,0.0,1.0,0.0,0.0,0.0,0.0,0.0,1.0
window_06_15pct::C8JY9o4707sRLl5u5b,window_06_15pct,1783710629.643382,1,-0.05322758804136939,-0.36984938277479434,-0.7379063557416712,-0.4585569123203094,-0.582263629806121,-0.24979859986280267,-0.23714820092427097,-0.6040302242810942,1.0,0.0,0.0,0.0,1.0,0.0,0.0,0.0,1.0,0.0
window_10_0pct::CNyqjv7NzEnUZ1Zc4,window_10_0pct,1784125192.365881,0,0.0944838743159438,-0.09445145577382907,-0.2962022201619998,-0.195051685137129,-0.276744563161075,-0.24939689841842375,-0.2370044198762215,-0.1448840489695302,1.0,0.0,0.0,1.0,0.0,0.0,0.0,0.0,0.0,1.0
window_10_0pct::Ctk903eHnuBwrxSTb,window_10_0pct,1784125705.42514,0,-0.38919792068118264,-0.36984938277479434,-0.7379063557416712,-0.4058558668836733,-0.684103318687803,-0.24979859986280267,-0.2000299172769469,-0.6040302242810942,1.0,0.0,0.0,0.0,1.0,0.0,0.0,0.0,0.0,1.0
window_10_0pct::CkIz2c1cL0jY9OIEK5,window_10_0pct,1784124656.127812,0,0.2975019708937156,-0.28117959567221085,-0.5815509095187786,-0.3004537760104012,-0.480423940924439,-0.24970747272069413,-0.23709283722450358,-0.18644386312682565,1.0,0.0,0.0,1.0,0.0,0.0,0.0,0.0,0.0,1.0
window_10_0pct::CmuBCu4ga1fP6MaUUg,window_10_0pct,1784125567.695454,0,-0.2770031411000037,-0.18458168642869044,-0.4767545214457448,-0.26531974571931044,-0.42950409648359805,-0.2486376789603763,-0.2366533706005853,-0.08161725467230654,1.0,0.0,0.0,1.0,0.0,0.0,0.0,0.0,0.0,1.0
window_10_0pct::Cyeh3f3b7IG4MCdpxi,window_10_0pct,1784124568.777068,0,-0.3556286845987909,-0.16976861611272942,-0.6606421223296249,-0.3355878063014919,-0.582263629806121,-0.2456527269429891,-0.23604021623709318,1.3025281452651023,1.0,0.0,0.0,1.0,0.0,0.0,0.0,0.0,0.0,1.0
window_10_0pct::CS12i84ICTZsnYxGZh,window_10_0pct,1784125171.336308,0,-0.04299314595108376,-0.09445145577382907,-0.28772588550942724,-0.14235063970049294,-0.2512846409406545,-0.24923762076579048,-0.23690040665325057,-0.15352878868023773,1.0,0.0,0.0,1.0,0.0,0.0,0.0,0.0,0.0,1.0
window_10_0pct::Cbh9Wu1vcebZGFvcW5,window_10_0pct,1784125038.548847,0,-0.38669361228751425,-0.09173920346245593,-0.5306291697638502,-0.26531974571931044,-0.45496401870401854,-0.18474536913446266,-0.21816036029534314,0.38398475505184754,1.0,0.0,0.0,1.0,0.0,0.0,0.0,0.0,0.0,1.0
window_10_0pct::CJvkNx4LKJYf1mr6i1,window_10_0pct,1784125995.238846,0,-0.30554902860405536,0.17218380991346915,-0.261935734461249,-0.10721660940940221,-0.225824718720234,-0.24525013803794662,-0.235969451909551,0.23459709982622698,1.0,0.0,0.0,1.0,0.0,0.0,0.0,0.0,0.0,1.0
window_10_0pct::CbEihP3CWF3s4FDsEd,window_10_0pct,1784125805.399913,0,-0.38935598852856396,-0.36984938277479434,-0.7379063557416712,-0.4058558668836733,-0.684103318687803,-0.24979859986280267,-0.18358741541715812,-0.6040302242810942,1.0,0.0,0.0,0.0,1.0,0.0,0.0,0.0,0.0,1.0
window_10_0pct::Ce7GSD2dGWSvETNOZk,window_10_0pct,1784125867.37454,0,-0.38861088016012163,-0.18917165187870652,1.1531235417489236,0.27925772379259567,0.9453317034191091,-0.13401222451403533,-0.050615308472479685,-0.5336672789531058,1.0,0.0,0.0,1.0,0.0,0.0,0.0,0.0,0.0,1.0
window_10_0pct::CmW35t3IyghaKTSade,window_10_0pct,1784125926.482984,0,0.9121439755785397,0.26502629287970364,0.43529058959246464,0.1914226480648689,0.4615931812311196,-0.2494541784869312,-0.23702285280314359,-0.2055079893933774,1.0,0.0,0.0,1.0,0.0,0.0,0.0,0.0,0.0,1.0
window_10_0pct::CJZigAbZd8thyqboc,window_10_0pct,1784126046.445971,0,-0.374717029158976,-0.002443511980324757,-0.20653152199531102,-0.0720825791183115,-0.14944495205897249,-0.23249496182771662,-0.2298293306344889,-0.09485131806405606,1.0,0.0,0.0,1.0,0.0,0.0,0.0,0.0,0.0,1.0
window_10_0pct::Ck56uzoCqTv811Cv1,window_10_0pct,1784124621.094585,0,-0.028340319482573123,-0.09758097767156731,-0.3422803401154582,-0.17748466999158366,-0.3022044853814955,-0.24926648345410155,-0.23693749130643119,-0.09723590047173687,1.0,0.0,0.0,1.0,0.0,0.0,0.0,0.0,0.0,1.0
window_10_0pct::Cc7NlM330lrxB47Crb,window_10_0pct,1784124533.134912,0,-0.38828327928888234,-0.18917165187870652,1.1531235417489236,0.3670927995203225,0.9453317034191091,-0.16054388243229534,-0.07664024516766416,-0.5336672789531058,1.0,0.0,0.0,1.0,0.0,0.0,0.0,0.0,0.0,1.0
window_10_0pct::C1C4O34zlJfB5FNCIb,window_10_0pct,1784124504.561887,0,0.07277565152919022,0.0006860099174134849,0.315092340308616,0.06845354204605138,0.25791380346775555,-0.24923276027804162,-0.23684193618700367,-0.3448894460221193,1.0,0.0,0.0,1.0,0.0,0.0,0.0,0.0,0.0,1.0
window_10_0pct::CTpaMN2Il1Se7qaGJi,window_10_0pct,1784124656.12578,0,0.29752337469151385,-0.016422043123555573,-0.20712635249724595,-0.08964959426385685,-0.14944495205897249,-0.24943538910765573,-0.23700935466585002,-0.11367493559242328,1.0,0.0,0.0,1.0,0.0,0.0,0.0,0.0,0.0,1.0
window_10_0pct::CxXFUt3Frdav3yH7vk,window_10_0pct,1784124629.074466,0,0.7297970584273632,0.3689264198846133,0.25990056730765476,0.2265566783559596,0.25791380346775555,-0.24933253179513046,-0.23699158009204765,-0.05877534584901779,1.0,0.0,0.0,1.0,0.0,0.0,0.0,0.0,0.0,1.0
window_10_0pct::ClI9cDVEGAWdkJp8i,window_10_0pct,1784125161.731953,0,-0.3492469901634676,-0.2767982650153773,-0.6106338722740966,-0.3355878063014919,-0.53134378536528,-0.24817456127708307,-0.23621719205758115,-0.06568948400479219,1.0,0.0,0.0,1.0,0.0,0.0,0.0,0.0,0.0,1.0
window_10_0pct::C5q0Hq2zLwcjXqJtFf,window_10_0pct,1784125543.729611,0,0.850495230604671,0.08956443181317955,0.0885044069644079,0.06845354204605138,0.10515427014523254,-0.24953697794461618,-0.23704290144289092,-0.19463801059098487,1.0,0.0,0.0,1.0,0.0,0.0,0.0,0.0,0.0,1.0
window_10_0pct::CgfPzl4bIJ3wsGNNTk,window_10_0pct,1784124713.289685,0,-0.3186299836477215,0.011117749576540959,-0.35007686848010516,-0.1599176548460383,-0.3022044853814955,-0.24601341937187715,-0.23595170367930784,0.11934819963852389,1.0,0.0,0.0,1.0,0.0,0.0,0.0,0.0,0.0,1.0
window_10_0pct::C8DAuV2gsoh2kpMuZk,window_10_0pct,1784125941.493147,0,0.4102651734281947,0.47053156416451486,0.5870785873183569,0.29682473893814104,0.5634328701128016,-0.24905667016988745,-0.23689943984817902,-0.1369398171612292,1.0,0.0,0.0,1.0,0.0,0.0,0.0,0.0,0.0,1.0
window_10_0pct::Cgmg7xppmW3LhEpS,window_10_0pct,1784125106.00855,0,-0.3888967196064297,-0.010371634121261637,-0.35007686848010516,-0.1599176548460383,-0.3022044853814955,0.06124426705923179,-0.13172664409258766,0.0785442688259715,1.0,0.0,0.0,1.0,0.0,0.0,0.0,0.0,0.0,1.0
window_10_0pct::Cn66UW16dvMvzOHaS3,window_10_0pct,1784124841.021256,0,-0.3889023774681919,-0.18332987766959513,1.1531235417489236,0.4022268298114132,0.9453317034191091,-0.08728364120014816,0.05775900611188795,-0.5313922645545104,1.0,0.0,0.0,1.0,0.0,0.0,0.0,0.0,0.0,1.0
window_07_17pct::CQufQk31xmKdB3OMi,window_07_17pct,1783715380.648291,1,-0.0771178025799337,-0.32603607620645897,-0.7379063557416712,-0.3355878063014919,-0.582263629806121,-0.2496996105160667,-0.23704004994927946,1518.2410825660247,1.0,0.0,0.0,1.0,0.0,0.0,0.0,1.0,0.0,0.0
window_10_0pct::CsFziy3OeJFQC3Z4l2,window_10_0pct,1784124036.244496,0,-0.014219940506724121,-0.36984938277479434,-0.7379063557416712,-0.4058558668836733,-0.684103318687803,-0.24979859986280267,-0.23711147807974178,-0.6040302242810942,1.0,0.0,0.0,0.0,1.0,0.0,0.0,0.0,0.0,1.0
window_10_0pct::CMgYdu1zV7g4EMOnnf,window_10_0pct,1784125620.020239,0,-0.13320030045135678,-0.36984938277479434,-0.7379063557416712,-0.4058558668836733,-0.684103318687803,-0.24979859986280267,-0.2370878539131979,-0.6040302242810942,1.0,0.0,0.0,0.0,1.0,0.0,0.0,0.0,0.0,1.0
window_10_0pct::C8WNyvD2444PBAhDi,window_10_0pct,1784125523.359956,0,-0.13418343399661165,0.8181171296066423,0.38230818702726166,0.3670927995203225,0.3852134145698581,-0.2465151696979615,-0.2362642948062318,0.17694528098976328,1.0,0.0,0.0,1.0,0.0,0.0,0.0,0.0,0.0,1.0
window_10_0pct::CeEy9S1AYrmJI6h1E3,window_10_0pct,1784125015.201858,0,-0.3189885746561221,-0.2776328041881075,-0.5955506702607468,-0.3355878063014919,-0.53134378536528,-0.2488777167442922,-0.23662159003481498,-0.1270371874809101,1.0,0.0,0.0,1.0,0.0,0.0,0.0,0.0,0.0,1.0
window_10_0pct::C1vnu44YVwKNWRdfo5,window_10_0pct,1784124181.691579,0,0.36087924601197485,-0.2738773779108216,-0.5573540544579261,-0.3004537760104012,-0.5058838631448596,-0.24970829623702412,-0.23709871169622893,-0.2126191588001191,1.0,0.0,0.0,1.0,0.0,0.0,0.0,0.0,0.0,1.0
window_04_7pct::CWABQ5ztskOvzmXS8,window_04_7pct,1783704132.299431,1,-0.07275666935761511,-0.3258274414132764,-0.7379063557416712,-0.35315482144703725,-0.6077235520265416,-0.24970050765965005,-0.237056818107477,1525.4736783412168,1.0,0.0,0.0,1.0,0.0,0.0,0.0,1.0,0.0,0.0
window_06_15pct::CeA6si1zS4jBHUgomj,window_06_15pct,1783711630.176451,1,-0.38924497701070626,-0.3531585993201904,-0.6852426123739334,-0.4058558668836733,-0.6077235520265416,-0.22460941016219557,-0.19629616966288774,-0.37072068314587064,1.0,0.0,0.0,1.0,0.0,0.0,0.0,0.0,0.0,1.0
window_08_22pct::CjOAcg3JCxpkPSzrVh,window_08_22pct,1783719130.549244,1,-0.07699248627950755,-0.3258274414132764,-0.7379063557416712,-0.35315482144703725,-0.6077235520265416,-0.249699178995066,-0.2370553878592208,1525.4736783412168,1.0,0.0,0.0,1.0,0.0,0.0,0.0,1.0,0.0,0.0
window_08_22pct::Cd2XRt4yRJmSKuESti,window_08_22pct,1783719128.512974,1,-0.38971289285364685,-0.36984938277479434,-0.7379063557416712,-0.4585569123203094,-0.7095632409082235,-0.24979859986280267,74.4084310782712,-0.6040302242810942,1.0,0.0,0.0,0.0,1.0,0.0,1.0,0.0,0.0,0.0
window_10_0pct::Cl9GY81rERAw4idQ6b,window_10_0pct,1784125386.239615,0,2.340843507437782,1.51433143445681,0.06029244601549468,1.2454435567975903,0.6652725589944836,-0.24931125534422452,-0.23699081413717782,1.1343413210895967,1.0,0.0,0.0,1.0,0.0,0.0,0.0,0.0,0.0,1.0
window_10_0pct::C1ERyk3lgVHT8pZWe,window_10_0pct,1784124927.677092,0,0.8218945685936353,0.8671463060045415,1.7199757661464021,0.7887011630134111,1.5563698367092011,-0.24907754071123206,-0.23687828959250393,-0.23339555716112806,1.0,0.0,0.0,1.0,0.0,0.0,0.0,0.0,0.0,1.0
window_10_0pct::C3lKTXSKcW9wFDOIk,window_10_0pct,1784125416.09736,0,-0.20654295964508435,0.59779878800587,3.789985912879914,1.614350874854043,3.211264781036534,-0.24606757785823796,-0.23405624507460182,-0.4466457042948872,1.0,0.0,0.0,1.0,0.0,0.0,0.0,0.0,0.0,1.0
window_10_0pct::CiHR9y3Qy8rB70vTod,window_10_0pct,1784125544.252545,0,0.30865690439185917,-0.275546456256282,-0.5573540544579261,-0.2828867608648558,-0.480423940924439,-0.24970323149474666,-0.23708710234777036,-0.2194263077650056,1.0,0.0,0.0,1.0,0.0,0.0,0.0,0.0,0.0,1.0
window_10_0pct::C4UFR4lHOFJYAgPa,window_10_0pct,1784125228.100723,0,-0.389282692530717,-0.36984938277479434,-0.7379063557416712,-0.4058558668836733,-0.684103318687803,-0.24979859986280267,-0.19271397323325076,-0.6040302242810942,1.0,0.0,0.0,0.0,1.0,0.0,0.0,0.0,0.0,1.0
window_10_0pct::CSUB6q3q4MtJLK0Qgi,window_10_0pct,1784123974.083965,0,0.4174438364063764,-0.18645939956733337,-0.46275476070377664,-0.23018571542821972,-0.37858425204275703,-0.24963813410412033,-0.237079481838131,-0.11322101510995947,1.0,0.0,0.0,1.0,0.0,0.0,0.0,0.0,0.0,1.0
window_10_0pct::CI3Z93khqCWBbdL5e,window_10_0pct,1784125825.13424,0,-0.33762578480485755,0.3845740293733045,-0.01673810398507709,0.05088652690050602,-0.02214534095686998,-0.23956922609784473,-0.234408673606988,0.16635584627075053,1.0,0.0,0.0,1.0,0.0,0.0,0.0,0.0,0.0,1.0
window_10_0pct::C8L2OZ3vsLQQkXCa61,window_10_0pct,1784124960.539869,0,0.2744076680521333,-0.36984938277479434,-0.7379063557416712,-0.38828885173812794,-0.6331834742469621,-0.24979859986280267,-0.23712641393940226,-0.6040302242810942,1.0,0.0,0.0,0.0,1.0,0.0,0.0,0.0,0.0,1.0
window_10_0pct::C12Hn1348GV5mHKpze,window_10_0pct,1784124769.691167,0,-0.3118289989549795,0.2731630498138231,0.030104798042297636,0.1035875723371421,0.054234425704391534,-0.24396769405672908,-0.23513660417553195,0.012539913166462921,1.0,0.0,0.0,1.0,0.0,0.0,0.0,0.0,0.0,1.0
window_10_0pct::CLv7uA1YbuPA8gxYH6,window_10_0pct,1784125973.600873,0,0.16854483642361417,0.7085838631858038,1.9436532788204288,0.8941032538866832,1.6327496033704627,-0.24843425819605278,-0.23649438656371902,-0.3078575243890964,1.0,0.0,0.0,1.0,0.0,0.0,0.0,0.0,0.0,1.0
window_07_17pct::CuOFigx8zag9FwGCg,window_07_17pct,1783715380.886156,1,-0.07963035223639527,-0.32603607620645897,-0.7379063557416712,-0.35315482144703725,-0.6077235520265416,-0.24969880842125267,-0.2370544774242376,1518.2410825660247,1.0,0.0,0.0,1.0,0.0,0.0,0.0,1.0,0.0,0.0
window_10_0pct::CfpZat1Wwr3LfbA8g,window_10_0pct,1784124566.125799,0,-0.32604151567586453,0.732576864401797,1.498167720764171,0.6481650418490482,1.3272305367254167,-0.23757020275810703,-0.23235659352095037,-0.240950590655962,1.0,0.0,0.0,1.0,0.0,0.0,0.0,0.0,0.0,1.0
window_10_0pct::CSpmL41p14zcGxWigg,window_10_0pct,1784124647.722555,0,-0.11631493510755658,0.17656514057030268,1.2626998177839344,0.4373608601025039,1.0726313145212116,-0.24838706523873597,-0.23625304158450527,-0.40289011835772187,1.0,0.0,0.0,1.0,0.0,0.0,0.0,0.0,0.0,1.0
window_10_0pct::C3VPuVLwBWZgb0kze,window_10_0pct,1784126149.848542,0,0.295865973477163,0.0019378186765087817,1.4078384602560543,0.4549278752480493,1.1490110811824732,-0.24941559733298227,-0.23679279439332054,-0.47642903552604976,1.0,0.0,0.0,1.0,0.0,0.0,0.0,0.0,0.0,1.0
window_10_0pct::CHlwxSTR5EnaaSjLh,window_10_0pct,1784125646.584778,0,0.1031698023427728,-0.19250980856962732,-0.4118967527883412,-0.23018571542821972,-0.35312432982233655,-0.24954448696796258,-0.2370266048279511,-0.20344988878144335,1.0,0.0,0.0,1.0,0.0,0.0,0.0,0.0,0.0,1.0
window_08_22pct::CuT7ey4UbhySNDDCQ3,window_08_22pct,1783718129.348138,1,-0.0714506427091155,-0.3258274414132764,-0.7379063557416712,-0.35315482144703725,-0.6077235520265416,-0.24970091019248417,-0.2370572514161472,1525.4736783412168,1.0,0.0,0.0,1.0,0.0,0.0,0.0,1.0,0.0,0.0
window_10_0pct::CzXH51EOWtgsnVnMi,window_10_0pct,1784125394.417397,0,0.07925948638213652,0.2946524335116257,0.5114076498936363,0.1914226480648689,0.4361332590106991,-0.24879787770198172,-0.23677500237426874,-0.2123245747378899,1.0,0.0,0.0,1.0,0.0,0.0,0.0,0.0,0.0,1.0
window_10_0pct::CbVXzAK2vh0j6YLq5,window_10_0pct,1784125658.001006,0,0.32607575272377565,0.2829688850934029,1.8353516395752785,0.7008660872856843,1.5563698367092011,-0.2491544719426808,-0.23671488031143217,-0.41719961105088244,1.0,0.0,0.0,1.0,0.0,0.0,0.0,0.0,0.0,1.0
window_10_0pct::CB4C1Q1R7KPeBaVzX5,window_10_0pct,1784125031.47885,0,-0.2795049087934845,-0.36984938277479434,-0.7379063557416712,-0.4058558668836733,-0.684103318687803,-0.24979859986280267,-0.236988878396749,-0.6040302242810942,1.0,0.0,0.0,0.0,1.0,0.0,0.0,0.0,0.0,1.0
window_10_0pct::CAu4uk3BZDgPp9JI18,window_10_0pct,1784125148.100816,0,-0.38717590763949933,-0.36984938277479434,-0.7379063557416712,-0.4058558668836733,-0.684103318687803,-0.24979859986280267,-0.22962429117086824,-0.6040302242810942,1.0,0.0,0.0,0.0,1.0,0.0,0.0,0.0,0.0,1.0
window_10_0pct::CxCYLx21zpocEVEHI9,window_10_0pct,1784125377.921336,0,-0.30597722198734134,0.6388998422628323,2.157664795838013,0.9819383296144101,1.8873488255746678,-0.24129041246115826,-0.2324232742963768,-0.3474705217598327,1.0,0.0,0.0,1.0,0.0,0.0,0.0,0.0,0.0,1.0
window_10_0pct::CHrlRe1fryzuhkQPw7,window_10_0pct,1784125436.291299,0,-0.38286532154065955,-0.279719152119933,-0.5573540544579261,-0.3004537760104012,-0.5058838631448596,-0.24050263388294113,-0.23018022643532385,-0.23644418017722194,1.0,0.0,0.0,1.0,0.0,0.0,0.0,0.0,0.0,1.0
window_10_0pct::Ca8Q8o4lQ7WDHw3bub,window_10_0pct,1784124335.644925,0,-0.3895970027644206,-0.2751291866699169,1.1454757210097604,0.29682473893814104,0.9198717811986885,0.3271285762272674,1.577092486054787,-0.5669927030536857,1.0,0.0,0.0,1.0,0.0,0.0,0.0,0.0,0.0,1.0
window_10_0pct::CcFSzn3qnR0T2SiNxa,window_10_0pct,1784123980.380142,0,0.26477166760811993,0.37455955930054213,0.014851644456966547,0.08602055719159674,0.02877450348397103,-0.2489953016469529,-0.23692864341851463,0.12423001914729051,1.0,0.0,0.0,1.0,0.0,0.0,0.0,0.0,0.0,1.0
window_10_0pct::CAfpLQgZbeEzxvYU9,window_10_0pct,1784125975.021807,0,-0.3892788494548031,-0.00536439908488045,-0.3967498189354985,-0.17748466999158366,-0.35312432982233655,0.34319099209967713,-0.049928903643916396,0.1827284817749646,1.0,0.0,0.0,1.0,0.0,0.0,0.0,0.0,0.0,1.0
window_10_0pct::C7F8tf3RFv3bIx3m0j,window_10_0pct,1784125824.518576,0,0.26016041419507085,-0.36984938277479434,-0.7379063557416712,-0.38828885173812794,-0.6331834742469621,-0.24979859986280267,-0.23712562479342777,-0.6040302242810942,1.0,0.0,0.0,0.0,1.0,0.0,0.0,0.0,0.0,1.0
window_10_0pct::CH8E4n3CaGmChn2zc3,window_10_0pct,1784125528.328006,0,0.08038268936924263,-0.09445145577382907,-0.258005604359179,-0.195051685137129,-0.2512846409406545,-0.24938484881446452,-0.23699968073873975,-0.18142713352577794,1.0,0.0,0.0,1.0,0.0,0.0,0.0,0.0,0.0,1.0
window_10_0pct::C8bFXS36UFH6Od2qWd,window_10_0pct,1784124050.561344,0,-0.3888737892534767,-0.09319964701473378,-0.6512947858706477,-0.3004537760104012,-0.5568037075857005,-0.016964709393159517,-0.18018756475812375,1.74771621954051,1.0,0.0,0.0,1.0,0.0,0.0,0.0,0.0,0.0,1.0
window_10_0pct::CMlo2q1vWnQvNbUOhc,window_10_0pct,1784124022.952023,0,0.6506844370821201,0.09790982354048154,0.03828371744390275,0.03331951175496066,0.054234425704391534,-0.24948106767362022,-0.2370291405381851,-0.16023254164985246,1.0,0.0,0.0,1.0,0.0,0.0,0.0,0.0,0.0,1.0
window_10_0pct::CKntc01zFU4YpMEwqc,window_10_0pct,1784124121.463684,0,-0.3886480085435344,-0.18917165187870652,1.1531235417489236,0.27925772379259567,0.9453317034191091,-0.12997544574256595,-0.044111526166136984,-0.5336672789531058,1.0,0.0,0.0,1.0,0.0,0.0,0.0,0.0,0.0,1.0
window_10_0pct::CK83TjmrnTfoPpez9,window_10_0pct,1784124776.68805,0,-0.38652201894795807,-0.27784143898129005,-0.5573540544579261,-0.3355878063014919,-0.5058838631448596,-0.22943419913566357,-0.22517560292811706,-0.2287861375917246,1.0,0.0,0.0,1.0,0.0,0.0,0.0,0.0,0.0,1.0
window_10_0pct::C0Fnqy1wyCpan6aRyc,window_10_0pct,1784124376.709149,0,0.3401767028158377,-0.27658963022219474,-0.5815509095187786,-0.3355878063014919,-0.5058838631448596,-0.24970835931623722,-0.23711000596859413,-0.16482762796119288,1.0,0.0,0.0,1.0,0.0,0.0,0.0,0.0,0.0,1.0
window_10_0pct::CylxLXTCMaTrpHKnb,window_10_0pct,1784125397.551688,0,0.17135904618889608,-0.19313571294917498,-0.4667486226453396,-0.2477527305737651,-0.4040441742631775,-0.2495761581569368,-0.23705163119950776,-0.12412355592327469,1.0,0.0,0.0,1.0,0.0,0.0,0.0,0.0,0.0,1.0
window_10_0pct::CvWSM62EISOZA3la7k,window_10_0pct,1784125138.189377,0,-0.3868248106291308,-0.1916752693968971,1.1531235417489236,0.3670927995203225,0.9453317034191091,-0.2062283459802373,-0.1577014256766429,-0.5346422851239325,1.0,0.0,0.0,1.0,0.0,0.0,0.0,0.0,0.0,1.0
window_10_0pct::CLQuA8ZWW9NbvyP22,window_10_0pct,1784125596.768183,0,-0.019964111348772837,0.19158684567944625,0.12100764510585159,0.08602055719159674,0.13061419236565305,-0.2487261962310347,-0.23674862471310232,-0.12265618314928055,1.0,0.0,0.0,1.0,0.0,0.0,0.0,0.0,0.0,1.0
window_10_0pct::CMLOWv3yCMRpzmsmhl,window_10_0pct,1784124941.048854,0,-0.10015275124906771,-0.36984938277479434,-0.7379063557416712,-0.4058558668836733,-0.684103318687803,-0.24979859986280267,-0.23709636300997003,-0.6040302242810942,1.0,0.0,0.0,0.0,1.0,0.0,0.0,0.0,0.0,1.0
window_10_0pct::CNwcce1FLyIV9RfH8f,window_10_0pct,1784125430.567166,0,-0.38832992996039284,-0.36984938277479434,-0.7379063557416712,-0.4058558668836733,-0.684103318687803,-0.24979859986280267,-0.22333435053297732,-0.6040302242810942,1.0,0.0,0.0,0.0,1.0,0.0,0.0,0.0,0.0,1.0
window_10_0pct::Cqnds41KnIjAqFEVD4,window_10_0pct,1784124383.182332,0,-0.38916894815887604,-0.1895889214650716,-0.4767545214457448,-0.26531974571931044,-0.42950409648359805,-0.015775210156595568,-0.13169767822283399,-0.0957365241211927,1.0,0.0,0.0,1.0,0.0,0.0,0.0,0.0,0.0,1.0
window_10_0pct::CH7U6o2QQn19LjdGnk,window_10_0pct,1784125007.025186,0,-0.38919096044369406,-0.27700689980855986,-0.5573540544579261,-0.3180207911559465,-0.5058838631448596,-0.12418291883996677,-0.1547283217230335,-0.22538256310928131,1.0,0.0,0.0,1.0,0.0,0.0,0.0,0.0,0.0,1.0
window_10_0pct::CVbQpk4cgi5SI2XJBb,window_10_0pct,1784124200.973699,0,-0.18268722603763649,0.6226263283945934,0.17052728439193346,0.17385563291932354,0.18153403680649405,-0.246412808210317,-0.23630791546802002,0.20053115126758156,1.0,0.0,0.0,1.0,0.0,0.0,0.0,0.0,0.0,1.0
window_10_0pct::CFsdre2YO78n5PwtQh,window_10_0pct,1784124572.37095,0,-0.3891667704158582,-0.18917165187870652,1.1531235417489236,0.29682473893814104,0.9453317034191091,-0.01616874230904037,0.1479997485707236,-0.5336672789531058,1.0,0.0,0.0,1.0,0.0,0.0,0.0,0.0,0.0,1.0
window_10_0pct::Ch7Lw91mAUz8YKLkj3,window_10_0pct,1784124742.911631,0,1.3347619097302623,0.6676914437220242,0.4239250782162082,0.3319587692292318,0.4615931812311196,-0.2493736741661213,-0.23703487397854184,0.0536227495176931,1.0,0.0,0.0,1.0,0.0,0.0,0.0,0.0,0.0,1.0
window_10_0pct::CUddog1d5ut6tG25r7,window_10_0pct,1784124023.96127,0,-0.2231128831828284,-0.08881831635790023,-0.34075077596762554,-0.17748466999158366,-0.3022044853814955,-0.24860723767659493,-0.23667453830291563,-0.08293980337910813,1.0,0.0,0.0,1.0,0.0,0.0,0.0,0.0,0.0,1.0
window_10_0pct::CuyTCr2IKiGTagMQcg,window_10_0pct,1784124857.241959,0,0.1769817758320652,-0.2761723606358297,-0.5815509095187786,-0.3180207911559465,-0.5058838631448596,-0.249681852099215,-0.23708647792898863,-0.1628625156734081,1.0,0.0,0.0,1.0,0.0,0.0,0.0,0.0,0.0,1.0
window_10_0pct::CtUjoz3LTavN5bgiW,window_10_0pct,1784124220.130284,0,0.185576409455517,0.18616234105669996,0.8171505278881838,0.26169070864705035,0.6907324812149042,-0.24911600616887936,-0.23681335421730476,-0.3407159561578924,1.0,0.0,0.0,1.0,0.0,0.0,0.0,0.0,0.0,1.0
window_10_0pct::C2tBgO1PYcOzw8n2g5,window_10_0pct,1784125812.533237,0,-0.3340981186713687,-0.2761723606358297,-0.5815509095187786,-0.3180207911559465,-0.5058838631448596,-0.24860898312048393,-0.23638869018066472,-0.1628625156734081,1.0,0.0,0.0,1.0,0.0,0.0,0.0,0.0,0.0,1.0
window_10_0pct::C0AKtU3gOuJ6V95MTj,window_10_0pct,1784125044.239576,0,1.570366279648545,0.5356256196374704,0.8294932608033333,0.41979384495695854,0.7925721700965861,-0.2494723371023272,-0.23703800768832334,-0.17859494651235677,1.0,0.0,0.0,1.0,0.0,0.0,0.0,0.0,0.0,1.0
window_10_0pct::Cin6LC1xIRZIcEtWH,window_10_0pct,1784124952.034365,0,0.12630224771280057,-0.18833711270597633,-0.4767545214457448,-0.23018571542821972,-0.4040441742631775,-0.24955016750614958,-0.2370326928377623,-0.09220670675897116,1.0,0.0,0.0,1.0,0.0,0.0,0.0,0.0,0.0,1.0
window_10_0pct::CBaLuU2iga2NonqzFc,window_10_0pct,1784125488.372605,0,0.07425050663763018,-0.18645939956733337,-0.46275476070377664,-0.2477527305737651,-0.4040441742631775,-0.2495194377360582,-0.23702844496184938,-0.11322101510995947,1.0,0.0,0.0,1.0,0.0,0.0,0.0,0.0,0.0,1.0
window_10_0pct::Cptc1w41Oot127Hf2g,window_10_0pct,1784124431.92655,0,-0.38857570534029845,-0.18374714725596025,-0.4300815709903515,-0.26531974571931044,-0.37858425204275703,-0.13422471376508896,-0.18671294193789234,-0.15882454962294756,1.0,0.0,0.0,1.0,0.0,0.0,0.0,0.0,0.0,1.0
window_10_0pct::CPtsJI2lfSr7EkYzxi,window_10_0pct,1784125865.659899,0,-0.38971213491367496,-0.3631730693929528,-0.7368866463097827,-0.4585569123203094,-0.7095632409082235,5.486532299333116,5.579377342336606,4.119297628905474,0.0,1.0,1.0,0.0,0.0,0.0,0.0,0.0,0.0,1.0
window_10_0pct::Cfc37SOHrFFROn8D8,window_10_0pct,1784126014.331607,0,-0.38896090964940294,-0.27909324774038535,1.1454757210097604,0.27925772379259567,0.9198717811986885,-0.16456800270755725,0.03621033472322911,-0.5685427314750969,1.0,0.0,0.0,1.0,0.0,0.0,0.0,0.0,0.0,1.0
window_10_0pct::CWe8Er3AHDwUPBWR92,window_10_0pct,1784125922.377145,0,0.05386532678550609,0.4402795191530452,0.44708097989867457,0.24412369350150498,0.3852134145698581,-0.2485087222078566,-0.23672048815212945,-0.10055826438309538,1.0,0.0,0.0,1.0,0.0,0.0,0.0,0.0,0.0,1.0
window_10_0pct::CtCBNk2AMIgehhHOlb,window_10_0pct,1784124887.28992,0,0.30413082848635764,-0.09132193387609083,-0.25554130656544866,-0.14235063970049294,-0.2003647964998135,-0.24951508817466195,-0.23703148463294832,-0.17880825044565893,1.0,0.0,0.0,1.0,0.0,0.0,0.0,0.0,0.0,1.0
window_10_0pct::CIIwxB4u1S4c8EpDd6,window_10_0pct,1784125705.401076,0,-0.3889406267487462,-0.010371634121261637,-0.3967498189354985,-0.1599176548460383,-0.35312432982233655,0.07892712369176248,-0.1257325971920471,0.17192011947081726,1.0,0.0,0.0,1.0,0.0,0.0,0.0,0.0,0.0,1.0
window_10_0pct::CRA8hl3LGbVTV0K0t4,window_10_0pct,1784125161.731003,0,-0.3492365818328674,-0.2774241693949249,1.1454757210097604,0.17385563291932354,0.9198717811986885,-0.2481859001091082,-0.2327919011783274,-0.5678900879292397,1.0,0.0,0.0,1.0,0.0,0.0,0.0,0.0,0.0,1.0
window_10_0pct::CYyPZT28oATDTpuyTb,window_10_0pct,1784124593.495612,0,-0.3894550651606668,-0.1916752693968971,1.1531235417489236,0.4022268298114132,0.9453317034191091,0.23814748330494356,0.6898049733338556,-0.5346422851239325,1.0,0.0,0.0,1.0,0.0,0.0,0.0,0.0,0.0,1.0
window_10_0pct::Cy2HIl453B4qlnKOC4,window_10_0pct,1784125891.65396,0,1.0426156982919466,0.5368774283965656,0.797754804735806,0.4549278752480493,0.7161924034353246,-0.2493515062696388,-0.23698549482454415,-0.16920201989054343,1.0,0.0,0.0,1.0,0.0,0.0,0.0,0.0,0.0,1.0
window_10_0pct::CTwrtf3mDStzRJeBA1,window_10_0pct,1784125394.426922,0,0.07915744204141133,-0.36984938277479434,-0.7379063557416712,-0.4058558668836733,-0.6586433964673826,-0.24979859986280267,-0.2371216213709995,-0.6040302242810942,1.0,0.0,0.0,0.0,1.0,0.0,0.0,0.0,0.0,1.0
window_10_0pct::CFsCc7zMBTWETYDWf,window_10_0pct,1784124166.384775,0,-0.1644049666503944,-0.18979755625825417,-0.6587726550378294,-0.3355878063014919,-0.582263629806121,-0.24923420167965618,-0.23699264612018045,1.071152318389501,1.0,0.0,0.0,1.0,0.0,0.0,0.0,0.0,0.0,1.0
window_10_0pct::CQEzUarR9X4okGpw7,window_10_0pct,1784124047.617021,0,-0.35790220560861785,-0.279719152119933,-0.5573540544579261,-0.3355878063014919,-0.5058838631448596,-0.2477975347261863,-0.23596001281580425,-0.23644418017722194,1.0,0.0,0.0,1.0,0.0,0.0,0.0,0.0,0.0,1.0
window_10_0pct::CAlLGS7c8uQvGQ4Uk,window_10_0pct,1784124219.432815,0,-0.3695510811138081,0.0004773751242309354,-0.2683301623570494,-0.1599176548460383,-0.2512846409406545,-0.23682624478861128,-0.23289392795503797,-0.023263090104859024,1.0,0.0,0.0,1.0,0.0,0.0,0.0,0.0,0.0,1.0
window_10_0pct::CUzR6TxEM2qITpe65,window_10_0pct,1784125477.508968,0,0.257221037582315,0.26168813618878284,1.867472486679764,0.5778969812668668,1.5818297589296217,-0.24910914815241442,-0.2367189819416292,-0.4255182348198495,1.0,0.0,0.0,1.0,0.0,0.0,0.0,0.0,0.0,1.0
window_10_0pct::C1vwsW1iXGDig5VR96,window_10_0pct,1784125482.826799,0,-0.23047803141973275,-0.28034505649948066,1.1454757210097604,0.3319587692292318,0.9198717811986885,-0.2494016182715559,-0.2357812264656645,-0.5690322141344901,1.0,0.0,0.0,1.0,0.0,0.0,0.0,0.0,0.0,1.0
window_10_0pct::CuFxxPIpMRUTQXoA3,window_10_0pct,1784125048.340816,0,0.2692925767115595,0.3399261836322389,0.48404544680463013,0.20898966321041426,0.4361332590106991,-0.24903792922444826,-0.2368794614710995,-0.17626834901461846,1.0,0.0,0.0,1.0,0.0,0.0,0.0,0.0,0.0,1.0
window_10_0pct::CeMWqS35t4RqaZtv2b,window_10_0pct,1784125765.987596,0,-0.34478089826785563,-0.36984938277479434,-0.7379063557416712,-0.4058558668836733,-0.684103318687803,-0.24979859986280267,-0.23673677673074522,-0.6040302242810942,1.0,0.0,0.0,0.0,1.0,0.0,0.0,0.0,0.0,1.0
window_10_0pct::C66IFa4xbxPXgEdHRf,window_10_0pct,1784124596.394054,0,-0.2662557017512651,-0.27909324774038535,-0.5955506702607468,-0.3355878063014919,-0.53134378536528,-0.24927941258137287,-0.23685259298588976,-0.13459137584652386,1.0,0.0,0.0,1.0,0.0,0.0,0.0,0.0,0.0,1.0
window_10_0pct::CghIpG1pAWJvpazeYc,window_10_0pct,1784124500.101047,0,0.3673981382574247,0.29423516392526056,0.5331189632142608,0.20898966321041426,0.48705310345154007,-0.249179118231969,-0.23691612560677405,-0.21925724117140327,1.0,0.0,0.0,1.0,0.0,0.0,0.0,0.0,0.0,1.0
window_10_0pct::CKvvSK133gSu1QyH12,window_10_0pct,1784125127.959105,0,-0.3891179633517515,-0.18917165187870652,1.1531235417489236,0.3143917540836864,0.9453317034191091,-0.035333298587492394,0.12444068749642723,-0.5336672789531058,1.0,0.0,0.0,1.0,0.0,0.0,0.0,0.0,0.0,1.0
window_10_0pct::CfRiTAFo43Cf28Md7,window_10_0pct,1784125960.614425,0,-0.3206452819817663,0.9816868074617611,2.2633534296639493,1.0522063901965915,1.9382686700155087,-0.23597829852744295,-0.23113991698503647,-0.27239269353162093,1.0,0.0,0.0,1.0,0.0,0.0,0.0,0.0,0.0,1.0
window_10_0pct::CX2iqa1Nnh0birhL3a,window_10_0pct,1784124288.751594,0,0.24413713618044816,0.447790371707617,1.132793084950648,0.41979384495695854,0.9707916256395296,-0.248887554273159,-0.2367777159133165,-0.2821489532812284,1.0,0.0,0.0,1.0,0.0,0.0,0.0,0.0,0.0,1.0
window_10_0pct::CtsApb4JThdaaSavgb,window_10_0pct,1784125414.029643,0,-0.06029890109902247,-0.002443511980324757,-0.15325170417914058,-0.054515563972766135,-0.12398502983855199,-0.2490108857348151,-0.2368140718756992,-0.14125131431405002,1.0,0.0,0.0,1.0,0.0,0.0,0.0,0.0,0.0,1.0
window_10_0pct::CScr7t4Byi2f0k8jH7,window_10_0pct,1784125043.693831,0,-0.13195352122319662,0.4836755561350155,0.24910864248683554,0.1914226480648689,0.20699395902691456,-0.24745994403816346,-0.2364575531654098,0.03280308716288571,1.0,0.0,0.0,1.0,0.0,0.0,0.0,0.0,0.0,1.0
window_10_0pct::CrWXnC2pnxt1Y7PmI4,window_10_0pct,1784124657.480288,0,-0.38876963122099883,0.0042328014015168254,-0.1235314230288924,-0.10721660940940221,-0.12398502983855199,0.030273621167446384,-0.1307261700447647,-0.15563479449238934,1.0,0.0,0.0,1.0,0.0,0.0,0.0,0.0,0.0,1.0
window_10_0pct::CDh0KE4hSgP4ySL7gd,window_10_0pct,1784124072.938131,0,-0.3873227665154652,-0.016213408330373023,-0.29252701741790194,-0.12478362455494757,-0.2512846409406545,-0.14530525971071603,-0.19715601780205994,-0.019309732105651903,1.0,0.0,0.0,1.0,0.0,0.0,0.0,0.0,0.0,1.0
window_10_0pct::CVEQKx2EXfrt5Bklgg,window_10_0pct,1784124645.692467,0,-0.38930897489988375,-0.1895889214650716,-0.4385579056429241,-0.26531974571931044,-0.4040441742631775,0.06534110733346386,-0.09514188490128835,-0.160589779364416,1.0,0.0,0.0,1.0,0.0,0.0,0.0,0.0,0.0,1.0
window_10_0pct::CDOBny1LRFAAIId3rk,window_10_0pct,1784125571.086441,0,0.3370160824577601,0.355156523534565,0.7069369334582427,0.29682473893814104,0.6143527145536426,-0.24909401436596962,-0.23687293433755638,-0.23449395446808843,1.0,0.0,0.0,1.0,0.0,0.0,0.0,0.0,0.0,1.0
window_10_0pct::CpFGQU1PPE5YB8aR62,window_10_0pct,1784125867.744161,0,0.5690921243794798,0.47094883375088,0.8342731487653103,0.3143917540836864,0.7416523256557451,-0.2491792641489788,-0.23693801453115487,-0.21018422357814062,1.0,0.0,0.0,1.0,0.0,0.0,0.0,0.0,0.0,1.0
window_08_22pct::CuhEZyHk94QyI6ry4,window_08_22pct,1783719129.20878,1,-0.3892394472514746,-0.3531585993201904,-0.6852426123739334,-0.38828885173812794,-0.6077235520265416,-0.2249035755572924,-0.18667616676729065,-0.37072068314587064,1.0,0.0,0.0,1.0,0.0,0.0,0.0,0.0,0.0,1.0
window_10_0pct::Cjrqyt4QDh6AhkFgU5,window_10_0pct,1784125933.328766,0,-0.33988470212621175,-0.0074507470167059445,-0.1899187558341287,-0.08964959426385685,-0.14944495205897249,-0.24466200223253562,-0.23505145539756367,-0.11701600263787873,1.0,0.0,0.0,1.0,0.0,0.0,0.0,0.0,0.0,1.0
window_10_0pct::CQp7qB1B1Sa6GTJi83,window_10_0pct,1784125464.034442,0,0.7268406655284773,0.08914716222681446,0.4271329141373572,0.12115458748268745,0.3597534923494376,-0.24950826813345675,-0.23701682010503097,-0.3138929078917895,1.0,0.0,0.0,1.0,0.0,0.0,0.0,0.0,0.0,1.0
window_05_12pct::C9uB6A0OhNxvpfFsd,window_05_12pct,1783706880.637338,1,-0.38971289285364685,-0.36984938277479434,-0.7379063557416712,-0.4585569123203094,-0.7095632409082235,-0.24979859986280267,74.4084310782712,-0.6040302242810942,1.0,0.0,0.0,0.0,1.0,0.0,1.0,0.0,0.0,0.0
window_08_22pct::COym1o2n15MnTWT7fd,window_08_22pct,1783718130.273086,1,-0.0812167632984474,-0.3258274414132764,-0.7379063557416712,-0.35315482144703725,-0.6077235520265416,-0.24969781761267143,-0.23705392239169856,1525.4736783412168,1.0,0.0,0.0,1.0,0.0,0.0,0.0,1.0,0.0,0.0
window_10_0pct::CEsNE83RIyhTOel1ua,window_10_0pct,1784124184.843613,0,0.6689631950001963,0.5381292371556609,1.1124201402593772,0.4549278752480493,0.9453317034191091,-0.24919287254339118,-0.23692305382544648,-0.24264954903843877,1.0,0.0,0.0,1.0,0.0,0.0,0.0,0.0,0.0,1.0
window_06_15pct::C8qQkx2M6TlPGgR5lb,window_06_15pct,1783710629.649984,1,-0.3897129142040686,-0.36984938277479434,-0.7379063557416712,-0.4585569123203094,-0.7095632409082235,-0.24979859986280267,111.73122782240476,-0.6040302242810942,1.0,0.0,0.0,0.0,1.0,0.0,1.0,0.0,0.0,0.0
window_10_0pct::CIEGSb1XbZa4m5wvS3,window_10_0pct,1784125921.663902,0,-0.3131676063470604,-0.09382555139428142,-0.25554130656544866,-0.08964959426385685,-0.225824718720234,-0.24725181398577917,-0.23578825489979413,-0.18263047043519093,1.0,0.0,0.0,1.0,0.0,0.0,0.0,0.0,0.0,1.0
window_06_15pct::C6zMhzGslzfqJiCg4,window_06_15pct,1783710630.19874,1,-0.3893300157405125,-0.3531585993201904,-0.6852426123739334,-0.4058558668836733,-0.6077235520265416,-0.21901571354212876,-0.18722111194397764,-0.37072068314587064,1.0,0.0,0.0,1.0,0.0,0.0,0.0,0.0,0.0,1.0
window_10_0pct::C7aOyT3jEDblHYW36g,window_10_0pct,1784126028.755884,0,-0.3886773333477997,-0.36984938277479434,-0.7379063557416712,-0.4058558668836733,-0.684103318687803,-0.24979859986280267,-0.21869568171776108,-0.6040302242810942,1.0,0.0,0.0,0.0,1.0,0.0,0.0,0.0,0.0,1.0
window_10_0pct::CsJHOB2EOYinIliyye,window_10_0pct,1784124566.127517,0,-0.32605939665407513,0.7438431432336546,2.5516337836374072,1.0522063901965915,2.192867892219714,-0.2374417640840794,-0.2306276680606168,-0.3547028479162016,1.0,0.0,0.0,1.0,0.0,0.0,0.0,0.0,0.0,1.0
window_10_0pct::CA9zfN2DHj6VgswOLg,window_10_0pct,1784125587.511023,0,-0.3852240520836667,-0.279719152119933,-0.5955506702607468,-0.3355878063014919,-0.53134378536528,-0.2356179950330195,-0.22864158828583583,-0.1378288851460726,1.0,0.0,0.0,1.0,0.0,0.0,0.0,0.0,0.0,1.0
window_10_0pct::CEd8zu1WkkdACuMd38,window_10_0pct,1784124967.945774,0,0.8293644086235611,0.2516736661160205,0.4700669300091596,0.2265566783559596,0.4361332590106991,-0.24943852679375794,-0.23700553251323225,-0.22512121817348885,1.0,0.0,0.0,1.0,0.0,0.0,0.0,0.0,0.0,1.0
window_10_0pct::C1rd7t3vO64zzpItY8,window_10_0pct,1784124806.048551,0,0.5212024558694981,0.384365394580122,0.05179486741642444,0.1035875723371421,0.054234425704391534,-0.24921383447858372,-0.23698920206339705,0.09930634771327912,1.0,0.0,0.0,1.0,0.0,0.0,0.0,0.0,0.0,1.0
window_10_0pct::C310U34g8UGfdeVpY9,window_10_0pct,1784125980.40962,0,0.1631659285967611,1.2017965142693507,2.9017977537585944,1.280577587088681,2.52384688108518,-0.2477909435535799,-0.2362976374693471,-0.2860290337451646,1.0,0.0,0.0,1.0,0.0,0.0,0.0,0.0,0.0,1.0
window_10_0pct::CHguwo3uyjy0GqvkVh,window_10_0pct,1784123787.668338,0,2.6393832094194347,1.9374427950310202,4.260624303589419,2.071093268638222,3.7968429921062055,-0.24926063463938775,-0.23693354107116216,-0.2640911836897992,1.0,0.0,0.0,1.0,0.0,0.0,0.0,0.0,0.0,1.0
window_10_0pct::CuN6avYmL14NJt4a6,window_10_0pct,1784125997.911239,0,-0.3340780065740859,-0.36984938277479434,-0.7379063557416712,-0.4058558668836733,-0.684103318687803,-0.24979859986280267,-0.2368186588338312,-0.6040302242810942,1.0,0.0,0.0,0.0,1.0,0.0,0.0,0.0,0.0,1.0
window_10_0pct::CRmtyK2snE9vTxk1z6,window_10_0pct,1784124012.533856,0,0.9578369632465507,0.27566666733201367,0.5387061211431495,0.27925772379259567,0.5379729478923811,-0.24946028050190752,-0.23700984479640114,-0.23165276016747496,1.0,0.0,0.0,1.0,0.0,0.0,0.0,0.0,0.0,1.0
window_10_0pct::CSVz9H2DTM7tFTxkAd,window_10_0pct,1784125386.71504,0,0.17146896883524487,0.2908970072343398,-0.07690096046649443,-0.0018145185361300583,-0.07306518539771098,-0.24896703564506406,-0.23693237602444134,0.13210651630358408,1.0,0.0,0.0,1.0,0.0,0.0,0.0,0.0,0.0,1.0
window_10_0pct::CucxpVRTayUfwcEq,window_10_0pct,1784124795.595308,0,0.4998001419254918,-0.0074507470167059445,-0.1899187558341287,-0.10721660940940221,-0.14944495205897249,-0.2495108607662642,-0.23704953471730011,-0.11701600263787873,1.0,0.0,0.0,1.0,0.0,0.0,0.0,0.0,0.0,1.0
window_10_0pct::C7BAzZ22RPBDv26yz5,window_10_0pct,1784124599.446861,0,0.2852980377992368,-0.18604212998096828,1.3260280222935055,0.3495257843747771,1.0726313145212116,-0.24960628339819535,-0.23682950608323713,-0.5384451604352387,1.0,0.0,0.0,1.0,0.0,0.0,0.0,0.0,0.0,1.0
window_10_0pct::CHhs5h4TB3pm5WGzng,window_10_0pct,1784125716.571725,0,-0.3894882116904243,-0.36984938277479434,-0.7379063557416712,-0.4058558668836733,-0.684103318687803,-0.24979859986280267,-0.15206792257280125,-0.6040302242810942,1.0,0.0,0.0,0.0,1.0,0.0,0.0,0.0,0.0,1.0
window_10_0pct::Cc1nfD31hJct7UDya2,window_10_0pct,1784125623.059966,0,0.09800724901466215,-0.36984938277479434,-0.7379063557416712,-0.38828885173812794,-0.6586433964673826,-0.24979859986280267,-0.23711339475468912,-0.6040302242810942,1.0,0.0,0.0,0.0,1.0,0.0,0.0,0.0,0.0,1.0
window_10_0pct::CcIS9V3HgBcK8JWLHi,window_10_0pct,1784125115.47414,0,0.28188003810703577,0.37643727243918507,2.281538247865959,0.8589692235955926,1.9128087477950881,-0.24901379047832528,-0.23662135760192546,-0.4220106011966484,1.0,0.0,0.0,1.0,0.0,0.0,0.0,0.0,0.0,1.0
window_10_0pct::C7NMW53nCbkHdEz0sh,window_10_0pct,1784124000.19911,0,-0.3897102774269832,-0.3631730693929528,-0.7368866463097827,-0.4585569123203094,-0.7095632409082235,1.5099523134363437,1.5471944064567045,4.119297628905474,0.0,1.0,1.0,0.0,0.0,0.0,0.0,0.0,0.0,1.0
window_10_0pct::CnNzgDkCpfC1G5fBc,window_10_0pct,1784125046.100812,0,0.20360885823314392,0.016333619406104696,1.4032072799195612,0.5251959358302307,1.1490110811824732,-0.2493389072686999,-0.23670308886301233,-0.4712015663071265,1.0,0.0,0.0,1.0,0.0,0.0,0.0,0.0,0.0,1.0
window_07_17pct::C1uVmf2Lv3Dz5RaBb5,window_07_17pct,1783715380.843299,1,-0.07917974091027816,-0.32624471099964153,-0.7379063557416712,-0.35315482144703725,-0.6077235520265416,-0.24969942773530038,-0.2370546340440024,1511.0084867908329,1.0,0.0,0.0,1.0,0.0,0.0,0.0,1.0,0.0,0.0
window_10_0pct::CcHb9O3kQZIPCGUyhb,window_10_0pct,1784125818.886429,0,-0.3890117983796297,-0.08798377718517003,-0.5306291697638502,-0.2477527305737651,-0.45496401870401854,0.03411783642140327,-0.1485164348724228,0.3973262926572436,1.0,0.0,0.0,1.0,0.0,0.0,0.0,0.0,0.0,1.0
window_10_0pct::CCdFmk2OMzGyZXdP93,window_10_0pct,1784125173.704589,0,0.04879764405641466,-0.2767982650153773,-0.5573540544579261,-0.3355878063014919,-0.5058838631448596,-0.24964873280998234,-0.23707518483515538,-0.2245316694886705,1.0,0.0,0.0,1.0,0.0,0.0,0.0,0.0,0.0,1.0
window_06_15pct::CNPXgI3sJpKPZ1SsD,window_06_15pct,1783710631.76509,1,-0.07977935682974634,-0.32603607620645897,-0.7379063557416712,-0.35315482144703725,-0.6077235520265416,-0.24969876044522435,-0.23705442553425557,1518.2410825660247,1.0,0.0,0.0,1.0,0.0,0.0,0.0,1.0,0.0,0.0
window_10_0pct::CDvRmI1vhsBFAzT4m3,window_10_0pct,1784124102.6495,0,-0.04308501681584801,-0.004321225118967703,-0.2156026871498185,-0.08964959426385685,-0.2003647964998135,-0.2490538302640583,-0.2368589572980985,-0.08865592899755964,1.0,0.0,0.0,1.0,0.0,0.0,0.0,0.0,0.0,1.0
window_06_15pct::CYXaPF3zXWeea1iL39,window_06_15pct,1783710630.168466,1,-0.3892353479704998,-0.3531585993201904,-0.6852426123739334,-0.38828885173812794,-0.6077235520265416,-0.22511724764788954,-0.18710948633366936,-0.37072068314587064,1.0,0.0,0.0,1.0,0.0,0.0,0.0,0.0,0.0,1.0
window_10_0pct::Cafma91S6RRK5UX2Dk,window_10_0pct,1784124625.785296,0,0.7533082602791288,0.2829688850934029,1.811345980032905,0.7184331024312297,1.5054499922683602,-0.24939523071632638,-0.23687797272108246,-0.41544028944296457,1.0,0.0,0.0,1.0,0.0,0.0,0.0,0.0,0.0,1.0
window_04_7pct::ChtRYS2leoXqu4hNBl,window_04_7pct,1783703132.081773,1,-0.07073387702553821,-0.3258274414132764,-0.7379063557416712,-0.35315482144703725,-0.6077235520265416,-0.24970112970720393,-0.2370574877139675,1525.4736783412168,1.0,0.0,0.0,1.0,0.0,0.0,0.0,1.0,0.0,0.0
window_02_3pct::CxmaLD12bV9QtJmH1a,window_02_3pct,1783696630.969415,1,-0.3897129142040686,-0.36984938277479434,-0.7379063557416712,-0.4585569123203094,-0.7095632409082235,-0.24979859986280267,111.73122782240476,-0.6040302242810942,1.0,0.0,0.0,0.0,1.0,0.0,1.0,0.0,0.0,0.0
window_10_0pct::CdsazF3NSbPoCqms2l,window_10_0pct,1784124277.26391,0,-0.38933064557795394,-0.36984938277479434,-0.7379063557416712,-0.4058558668836733,-0.684103318687803,-0.24979859986280267,-0.18713883632939457,-0.6040302242810942,1.0,0.0,0.0,0.0,1.0,0.0,0.0,0.0,0.0,1.0
window_10_0pct::CfFL5ZBofq2tBmLtk,window_10_0pct,1784125583.225985,0,0.19273173642273253,0.6724900439652227,3.1089262321109317,1.2278765416520452,2.625686569966862,-0.24853468115529617,-0.2363661609410364,-0.4044827950075196,1.0,0.0,0.0,1.0,0.0,0.0,0.0,0.0,0.0,1.0
window_10_0pct::Clya0e3MwUewNxjLv2,window_10_0pct,1784124209.70186,0,-0.20307401784660223,-0.27658963022219474,-0.12208683466705046,-0.195051685137129,-0.12398502983855199,-0.2494456957895261,-0.23675253670955757,-0.4925061871804425,1.0,0.0,0.0,1.0,0.0,0.0,0.0,0.0,0.0,1.0
window_10_0pct::CMyIzf1aYkmhj8vck9,window_10_0pct,1784125646.586672,0,0.10315023468124448,-0.09111329908290829,-0.4800898210458799,-0.2477527305737651,-0.42950409648359805,-0.24939917832617337,-0.23703630019047547,0.19210951005658566,1.0,0.0,0.0,1.0,0.0,0.0,0.0,0.0,0.0,1.0
window_10_0pct::CRAU2A1i8dSxlnQ8c6,window_10_0pct,1784124187.67755,0,2.6567515213030832,1.5437489402955493,3.5541993507022123,1.6319178899995883,3.1858048588161134,-0.24935497147135352,-0.2369740810759518,-0.27569242755737416,1.0,0.0,0.0,1.0,0.0,0.0,0.0,0.0,0.0,1.0
window_03_5pct::C0CvQuCUXV8sqlvK8,window_03_5pct,1783700381.330686,1,-0.3897129142040686,-0.36984938277479434,-0.7379063557416712,-0.4585569123203094,-0.7095632409082235,-0.24979859986280267,111.73122782240476,-0.6040302242810942,1.0,0.0,0.0,0.0,1.0,0.0,1.0,0.0,0.0,0.0
window_04_7pct::CkFzuo4feWfcXB2SM4,window_04_7pct,1783703132.640865,1,-0.07657259821028002,-0.3258274414132764,-0.7379063557416712,-0.35315482144703725,-0.6077235520265416,-0.2496993123079241,-0.23705553136457583,1525.4736783412168,1.0,0.0,0.0,1.0,0.0,0.0,0.0,1.0,0.0,0.0
window_10_0pct::CNvzst29U5hLjIbTal,window_10_0pct,1784124063.835124,0,-0.38921381607017097,-0.2767982650153773,-0.5573540544579261,-0.3355878063014919,-0.5058838631448596,-0.11813577682281252,-0.16053241903332724,-0.2245316694886705,1.0,0.0,0.0,1.0,0.0,0.0,0.0,0.0,0.0,1.0
window_10_0pct::CZpsoo1tZ4Z04U07k7,window_10_0pct,1784124330.277081,0,-0.3885657133429223,-0.36984938277479434,-0.7379063557416712,-0.4058558668836733,-0.684103318687803,-0.24979859986280267,-0.22049238502363983,-0.6040302242810942,1.0,0.0,0.0,0.0,1.0,0.0,0.0,0.0,0.0,1.0
window_10_0pct::CczXR6M5LzVFRPgP9,window_10_0pct,1784123997.782385,0,-0.05664576921215522,-0.27784143898129005,-0.5815509095187786,-0.3355878063014919,-0.5058838631448596,-0.24960349946969285,-0.2370475708311008,-0.1707229648245473,1.0,0.0,0.0,1.0,0.0,0.0,0.0,0.0,0.0,1.0
window_10_0pct::CnWkHq4yUloX2IOa4c,window_10_0pct,1784124451.004408,0,0.07720612024612228,-0.10446592584659145,-0.23134445150459615,-0.1599176548460383,-0.225824718720234,-0.24939718181192755,-0.23697809410704967,-0.21822707800733188,1.0,0.0,0.0,1.0,0.0,0.0,0.0,0.0,0.0,1.0
window_10_0pct::CNhxbp3qbfPoQn7O9j,window_10_0pct,1784124068.544037,0,-0.38968496650200574,-0.36984938277479434,-0.7379063557416712,-0.4058558668836733,-0.684103318687803,-0.24979859986280267,0.44609245030860845,-0.6040302242810942,1.0,0.0,0.0,0.0,1.0,0.0,0.0,0.0,0.0,1.0
window_10_0pct::CeBp1k1MmvKeBdtuB1,window_10_0pct,1784124806.04815,0,0.521205626407127,0.10249978899049762,1.5181157865254884,0.5778969812668668,1.2763106922845755,-0.2494323746285336,-0.23684748757838253,-0.4498394577336915,1.0,0.0,0.0,1.0,0.0,0.0,0.0,0.0,0.0,1.0
window_10_0pct::CkJQrs3y30TIcc8MZ3,window_10_0pct,1784124973.523455,0,0.008386761403069614,0.014038636681096651,-0.06232761316908896,-0.036948548827220776,-0.07306518539771098,-0.24911755243385594,-0.23686216206258734,-0.185566724301434,1.0,0.0,0.0,1.0,0.0,0.0,0.0,0.0,0.0,1.0
window_10_0pct::CH3amn3QSUg17KilVg,window_10_0pct,1784124931.925686,0,0.5101182456433812,0.3516097320504617,1.7776318369410937,0.7184331024312297,1.5054499922683602,-0.24923234056603236,-0.23680110018673498,-0.39281763621547894,1.0,0.0,0.0,1.0,0.0,0.0,0.0,0.0,0.0,1.0
window_10_0pct::CtSLub11eH41XojnB2,window_10_0pct,1784125596.768457,0,-0.019967495390619205,0.4836755561350155,0.2408659912457374,0.20898966321041426,0.20699395902691456,-0.2481682604310651,-0.23665810456695097,0.0381660103916104,1.0,0.0,0.0,1.0,0.0,0.0,0.0,0.0,0.0,1.0
window_10_0pct::CaX2znwjYMM8LtbIe,window_10_0pct,1784124647.668058,0,-0.38932985561234934,-0.36984938277479434,-0.7379063557416712,-0.4058558668836733,-0.684103318687803,-0.24979859986280267,-0.18724198634057748,-0.6040302242810942,1.0,0.0,0.0,0.0,1.0,0.0,0.0,0.0,0.0,1.0
window_07_17pct::Cf5WTC3BhDsjSRZfkg,window_07_17pct,1783714378.745505,1,-0.3897129142040686,-0.36984938277479434,-0.7379063557416712,-0.4585569123203094,-0.7095632409082235,-0.24979859986280267,111.73122782240476,-0.6040302242810942,1.0,0.0,0.0,0.0,1.0,0.0,1.0,0.0,0.0,0.0
window_10_0pct::Cjg0Mm1wt0XzNDGzj5,window_10_0pct,1784124007.558323,0,0.30260730509155237,-0.36984938277479434,-0.7379063557416712,-0.38828885173812794,-0.6331834742469621,-0.24979859986280267,-0.23712788013327765,-0.6040302242810942,1.0,0.0,0.0,0.0,1.0,0.0,0.0,0.0,0.0,1.0
window_10_0pct::C04nDF3YicCgg7ajo,window_10_0pct,1784125663.935007,0,0.21721413693399816,-0.180617625358222,-0.38833721612241895,-0.23018571542821972,-0.35312432982233655,-0.24957839740259471,-0.23705212323068767,-0.2053935952036099,1.0,0.0,0.0,1.0,0.0,0.0,0.0,0.0,0.0,1.0
window_10_0pct::C9aLPe3Yk9NXcMG4pd,window_10_0pct,1784125409.743209,0,-0.38702995615645763,-0.36984938277479434,-0.7379063557416712,-0.4058558668836733,-0.684103318687803,-0.24979859986280267,-0.23003435427744437,-0.6040302242810942,1.0,0.0,0.0,0.0,1.0,0.0,0.0,0.0,0.0,1.0
window_10_0pct::CM4kNj4SXrx4zP58T3,window_10_0pct,1784124225.887906,0,-0.30863766601522324,-0.1025882127079485,1.9418475433681264,0.5603299661213215,1.6072896811500421,-0.24747044417372246,-0.23368308189713696,-0.5305821915878741,1.0,0.0,0.0,1.0,0.0,0.0,0.0,0.0,0.0,1.0
window_10_0pct::C8qWxX1OLr20mGqAwk,window_10_0pct,1784125885.185817,0,-0.38971201748635537,-0.3631730693929528,-0.7368866463097827,-0.4585569123203094,-0.7095632409082235,4.769490936933626,4.852309873295043,4.119297628905474,0.0,1.0,1.0,0.0,0.0,0.0,0.0,0.0,0.0,1.0
window_10_0pct::CNq7WA3HPGrjLL1GP6,window_10_0pct,1784124595.781246,0,-0.38923650089327394,-0.09758097767156731,-0.33227444131505296,-0.1599176548460383,-0.276744563161075,0.15379020021736814,-0.05653586185257159,-0.10973656171888052,1.0,0.0,0.0,1.0,0.0,0.0,0.0,0.0,0.0,1.0
window_10_0pct::CMK7v83I7RFS7q6cc7,window_10_0pct,1784125969.600235,0,-0.3886900795495808,-0.36984938277479434,-0.7379063557416712,-0.4058558668836733,-0.684103318687803,-0.24979859986280267,-0.21846556552284893,-0.6040302242810942,1.0,0.0,0.0,0.0,1.0,0.0,0.0,0.0,0.0,1.0
window_10_0pct::C4x2eC2MnE5iIKx3U2,window_10_0pct,1784125716.718818,0,-0.3154978874530938,-0.27846734336083767,-0.5955506702607468,-0.3355878063014919,-0.53134378536528,-0.24892897205755848,-0.23664702736622534,-0.1313538665469751,1.0,0.0,0.0,1.0,0.0,0.0,0.0,0.0,0.0,1.0
window_10_0pct::CRmo2s4CuXhL1obMp,window_10_0pct,1784125322.354668,0,0.40141294696640195,0.16091753108161147,0.09434649225126869,0.08602055719159674,0.13061419236565305,-0.24932476947765356,-0.23696901899470077,-0.13437395524343757,1.0,0.0,0.0,1.0,0.0,0.0,0.0,0.0,0.0,1.0
window_10_0pct::C33phX3ZVG3K3pIRu6,window_10_0pct,1784125529.110123,0,-0.3140239290623671,-0.18583349518778575,-0.3743374553804507,-0.23018571542821972,-0.327664407601916,-0.2480815335692302,-0.2362780542602673,-0.23130749721598853,1.0,0.0,0.0,1.0,0.0,0.0,0.0,0.0,0.0,1.0
window_10_0pct::C6xdBp3UqBvOJORdV4,window_10_0pct,1784123950.838616,0,0.15929215077638093,-0.01704794750310322,1.5956561912420044,0.4373608601025039,1.3272305367254167,-0.24934474329172537,-0.23670955532973575,-0.49269063871344504,1.0,0.0,0.0,1.0,0.0,0.0,0.0,0.0,0.0,1.0
window_10_0pct::C2l8V31mXEj4svwaq6,window_10_0pct,1784124545.124552,0,0.6488591361511749,0.6405689206082927,0.5437409364630986,0.38465981466586785,0.5125130256719606,-0.2491114851857403,-0.2369368348122328,-0.023442113040529223,1.0,0.0,0.0,1.0,0.0,0.0,0.0,0.0,0.0,1.0
window_10_0pct::CA0yhG4GUW5MqqkwXd,window_10_0pct,1784124936.365005,0,-0.21450415828102556,-0.36984938277479434,-0.7379063557416712,-0.4058558668836733,-0.684103318687803,-0.24979859986280267,-0.23705325692266074,-0.6040302242810942,1.0,0.0,0.0,0.0,1.0,0.0,0.0,0.0,0.0,1.0
window_10_0pct::CkglZxa9kkoz8ecA5,window_10_0pct,1784125713.907065,0,-0.3688708566770456,-0.36984938277479434,-0.7379063557416712,-0.4058558668836733,-0.684103318687803,-0.24979859986280267,-0.23624481634561392,-0.6040302242810942,1.0,0.0,0.0,0.0,1.0,0.0,0.0,0.0,0.0,1.0
window_10_0pct::CBs5oj2tlMlQ6JLSnf,window_10_0pct,1784124409.621452,0,0.3182890617599587,0.2124503249977012,-0.035666460314506064,-0.019381533681675417,-0.04760526317729048,-0.24921773280749968,-0.2369868317360852,0.006617287851303869,1.0,0.0,0.0,1.0,0.0,0.0,0.0,0.0,0.0,1.0
window_10_0pct::CYWul03A7wLs1dZqgi,window_10_0pct,1784124694.715321,0,-0.14889474994548987,0.09790982354048154,0.5050132219978359,0.1914226480648689,0.41067333679027856,-0.2484267780794601,-0.2364079674595261,-0.3268804374488608,1.0,0.0,0.0,1.0,0.0,0.0,0.0,0.0,0.0,1.0
window_10_0pct::CS5P9K3MZ5TyPbIsSe,window_10_0pct,1784125404.641872,0,-0.26930903624007935,-0.27784143898129005,-0.5573540544579261,-0.3004537760104012,-0.5058838631448596,-0.24925890365613396,-0.23676531788456698,-0.2287861375917246,1.0,0.0,0.0,1.0,0.0,0.0,0.0,0.0,0.0,1.0
window_02_3pct::Ca33KL3SXHrJxaELWj,window_02_3pct,1783696632.13459,1,-0.07075496056701037,-0.3258274414132764,-0.7379063557416712,-0.35315482144703725,-0.6077235520265416,-0.24970112326429894,-0.23705748077846717,1525.4736783412168,1.0,0.0,0.0,1.0,0.0,0.0,0.0,1.0,0.0,0.0
window_10_0pct::Cup3jH2Kl3KnU7E8ce,window_10_0pct,1784124419.794456,0,-0.3895831676911306,-0.00536439908488045,-0.35007686848010516,-0.1599176548460383,-0.3022044853814955,1.7335803898685875,0.42591738081943953,0.0880519808599643,1.0,0.0,0.0,1.0,0.0,0.0,0.0,0.0,0.0,1.0
window_05_12pct::CGZObLAalIg8n7iB9,window_05_12pct,1783707880.690583,1,-0.3897128715032251,-0.36984938277479434,-0.7379063557416712,-0.4585569123203094,-0.7095632409082235,-0.24979859986280267,55.747032706204436,-0.6040302242810942,1.0,0.0,0.0,0.0,1.0,0.0,1.0,0.0,0.0,0.0
window_10_0pct::CxTpCa2DoJUaHYNzui,window_10_0pct,1784124218.465185,0,-0.38971209221283143,-0.3631730693929528,-0.7368866463097827,-0.4585569123203094,-0.7095632409082235,5.203256699372822,5.292140811357222,4.119297628905474,0.0,1.0,1.0,0.0,0.0,0.0,0.0,0.0,0.0,1.0
window_10_0pct::CuryIP1YZ9yN9AT1O8,window_10_0pct,1784124022.943273,0,0.6507751336736886,0.5763094043080674,1.8358614942912226,0.7535671327223203,1.5563698367092011,-0.24915636839259,-0.2368407531383941,-0.3333018798558552,1.0,0.0,0.0,1.0,0.0,0.0,0.0,0.0,0.0,1.0
window_10_0pct::CIJ8IE1KdDrD1mVSEi,window_10_0pct,1784124768.40743,0,-0.38925176644482085,-0.1916752693968971,1.1531235417489236,0.27925772379259567,0.9453317034191091,0.023054542981658533,0.20861702428892695,-0.5346422851239325,1.0,0.0,0.0,1.0,0.0,0.0,0.0,0.0,0.0,1.0
window_10_0pct::Cbo6PF2l0JbbsxReJa,window_10_0pct,1784124591.222022,0,-0.38971182533255966,-0.3631730693929528,-0.7368866463097827,-0.4585569123203094,-0.7095632409082235,3.9171587514398927,3.9880598629248833,4.119297628905474,0.0,1.0,1.0,0.0,0.0,0.0,0.0,0.0,0.0,1.0
window_10_0pct::C0AKoz28xH69dkVS8l,window_10_0pct,1784125477.502852,0,0.25728623109511023,0.7054543412880656,0.8339120016748498,0.4373608601025039,0.7671122478761656,-0.2486248053266203,-0.2367781444058142,-0.10022162007323887,1.0,0.0,0.0,1.0,0.0,0.0,0.0,0.0,0.0,1.0
window_07_17pct::C3a5eF2lkbAaOYCwK9,window_07_17pct,1783715378.753019,1,-0.389712882178436,-0.36984938277479434,-0.7379063557416712,-0.4585569123203094,-0.7095632409082235,-0.24979859986280267,63.744774865661626,-0.6040302242810942,1.0,0.0,0.0,0.0,1.0,0.0,1.0,0.0,0.0,0.0
window_10_0pct::C2LaG7426iOQmeSOMc,window_10_0pct,1784124306.773534,0,-0.38865968722422833,-0.279719152119933,-0.5573540544579261,-0.3004537760104012,-0.5058838631448596,-0.18936261983225328,-0.19176905258145277,-0.23644418017722194,1.0,0.0,0.0,1.0,0.0,0.0,0.0,0.0,0.0,1.0
window_06_15pct::ChMQjzAdAw3ysTzll,window_06_15pct,1783711630.193603,1,-0.38924119798605755,-0.3531585993201904,-0.6852426123739334,-0.4058558668836733,-0.6077235520265416,-0.22481118815717238,-0.19662352866627938,-0.37072068314587064,1.0,0.0,0.0,1.0,0.0,0.0,0.0,0.0,0.0,1.0
window_10_0pct::C7XQ8C1q1iv8uUcixe,window_10_0pct,1784125580.710948,0,-0.332635999089499,-0.00911982536216634,1.3696418444532334,0.4373608601025039,1.1235511589620526,-0.2453349966552278,-0.23280654496252762,-0.4779803281506727,1.0,0.0,0.0,1.0,0.0,0.0,0.0,0.0,0.0,1.0
window_10_0pct::CZcNF42GCY6Hm2HhR2,window_10_0pct,1784125812.535864,0,-0.3341262798776489,-0.36984938277479434,-0.7379063557416712,-0.4058558668836733,-0.684103318687803,-0.24979859986280267,-0.2368183603089853,-0.6040302242810942,1.0,0.0,0.0,0.0,1.0,0.0,0.0,0.0,0.0,1.0
window_10_0pct::C5UNVU1eqKkGECvjVg,window_10_0pct,1784124806.047809,0,0.5212080069791515,0.008614132058350365,-0.1125483026895941,-0.019381533681675417,-0.12398502983855199,-0.24950516751350124,-0.2370259439716103,-0.1583501938375123,1.0,0.0,0.0,1.0,0.0,0.0,0.0,0.0,0.0,1.0
window_10_0pct::CoyYZc4OZrfcJMfb5g,window_10_0pct,1784125832.960061,0,-0.3883190305700926,-0.0003571640484992624,-0.35007686848010516,-0.12478362455494757,-0.3022044853814955,-0.06258812575896425,-0.16856273456861937,0.09755969289395708,1.0,0.0,0.0,1.0,0.0,0.0,0.0,0.0,0.0,1.0
window_10_0pct::CwXl2JVghiqyqCn76,window_10_0pct,1784124493.83303,0,0.3420999915073769,0.3916676123415112,0.2878363569520982,0.15628861777377817,0.25791380346775555,-0.24906367290157747,-0.2369272116302177,-0.057297810913577406,1.0,0.0,0.0,1.0,0.0,0.0,0.0,0.0,0.0,1.0
window_05_12pct::CaA9EQ2T3wJCrvIlnk,window_05_12pct,1783706880.634122,1,-0.3897128501528033,-0.36984938277479434,-0.7379063557416712,-0.4585569123203094,-0.7095632409082235,-0.24979859986280267,44.55019368296436,-0.6040302242810942,1.0,0.0,0.0,0.0,1.0,0.0,1.0,0.0,0.0,0.0
window_10_0pct::CyauY62qK4t3zuYMud,window_10_0pct,1784125171.772696,0,-0.38948613002430427,-0.18917165187870652,1.1531235417489236,0.4373608601025039,0.9453317034191091,0.3127690785954379,0.8589136992068216,-0.5336672789531058,1.0,0.0,0.0,1.0,0.0,0.0,0.0,0.0,0.0,1.0
window_10_0pct::CFrLtxClvGWD1oo7b,window_10_0pct,1784125079.176084,0,-0.3892852332309045,-0.18124352973776964,1.1531235417489236,0.3143917540836864,0.9453317034191091,0.06162860428215259,0.26585279558056657,-0.5305797594121548,1.0,0.0,0.0,1.0,0.0,0.0,0.0,0.0,0.0,1.0
window_10_0pct::Chdwyk3HC4duau3eZf,window_10_0pct,1784126005.210737,0,-0.0797891993741703,0.2817170763343076,0.08315093244699365,0.0157524966094153,0.054234425704391534,-0.24831379794290032,-0.23673045843187246,-0.019621515201549537,1.0,0.0,0.0,1.0,0.0,0.0,0.0,0.0,0.0,1.0
window_10_0pct::CTxnbm1lP18Afxsc7,window_10_0pct,1784126123.713822,0,-0.2690015154404902,-0.36984938277479434,-0.7379063557416712,-0.4058558668836733,-0.684103318687803,-0.24979859986280267,-0.23700397779928203,-0.6040302242810942,1.0,0.0,0.0,0.0,1.0,0.0,0.0,0.0,0.0,1.0
window_07_17pct::C4rXo81567e6qcnwH1,window_07_17pct,1783715379.350995,1,-0.38930428848231097,-0.3531585993201904,-0.6852426123739334,-0.38828885173812794,-0.6077235520265416,-0.22095361532450233,-0.17866578482876735,-0.37072068314587064,1.0,0.0,0.0,1.0,0.0,0.0,0.0,0.0,0.0,1.0
window_08_22pct::C5DdrT29PjIX96bRNb,window_08_22pct,1783719129.276448,1,-0.3895738909328828,-0.3531585993201904,-0.6852426123739334,-0.38828885173812794,-0.6077235520265416,-0.16503282891820958,-0.06526037540251187,-0.37072068314587064,1.0,0.0,0.0,1.0,0.0,0.0,0.0,0.0,0.0,1.0
window_10_0pct::CeGUJE4v7ZllcSGAjh,window_10_0pct,1784125416.09952,0,-0.20656630633126136,0.15862254835660344,-0.048264120587627704,-0.019381533681675417,-0.02214534095686998,-0.24776067759754036,-0.23648366560177106,-0.039707740959224996,1.0,0.0,0.0,1.0,0.0,0.0,0.0,0.0,0.0,1.0
window_10_0pct::CCH15WxoMJUoY4Sti,window_10_0pct,1784124378.469372,0,-0.09172383959919247,-0.09445145577382907,-0.2962022201619998,-0.195051685137129,-0.276744563161075,-0.2491458828501019,-0.2369056948648126,-0.1448840489695302,1.0,0.0,0.0,1.0,0.0,0.0,0.0,0.0,0.0,1.0
window_10_0pct::CQF8J1I0d9tMAAbw7,window_10_0pct,1784124072.167517,0,-0.26371378458969474,0.5362515240170179,0.9138317283991055,0.41979384495695854,0.7925721700965861,-0.24471965448564467,-0.2352271720449491,-0.20003851407867423,1.0,0.0,0.0,1.0,0.0,0.0,0.0,0.0,0.0,1.0
window_10_0pct::Cpizjx4ZnPK7BMr4r4,window_10_0pct,1784124970.960846,0,0.09350481870124203,-0.10509183022613909,-0.3479524738303376,-0.1599176548460383,-0.3022044853814955,-0.24941163625339402,-0.23698431099153622,-0.10404852581628175,1.0,0.0,0.0,1.0,0.0,0.0,0.0,0.0,0.0,1.0
window_10_0pct::Ccj2wN3Ex7ODAabeol,window_10_0pct,1784124397.686055,0,0.10369040035136656,-0.27909324774038535,-0.5940211061129143,-0.3180207911559465,-0.5058838631448596,-0.24966869106560186,-0.23707519878881886,-0.13958098273865396,1.0,0.0,0.0,1.0,0.0,0.0,0.0,0.0,0.0,1.0
window_10_0pct::CqNcO02BBPaUEU7Rme,window_10_0pct,1784125079.152785,0,-0.3890367570226483,-0.08485425528743179,-0.5306291697638502,-0.2477527305737651,-0.45496401870401854,0.0478658799530536,-0.14524449811794826,0.40844424066174023,1.0,0.0,0.0,1.0,0.0,0.0,0.0,0.0,0.0,1.0
window_10_0pct::C30tATsRGVh1Veks7,window_10_0pct,1784124896.018558,0,-0.3132108943271463,0.4836755561350155,2.0183257507597583,0.7711341478678657,1.6836694478113037,-0.24191893511520193,-0.23272512735602757,-0.3759751514346964,1.0,0.0,0.0,1.0,0.0,0.0,0.0,0.0,0.0,1.0
window_10_0pct::COl0Rg2yQA2cnHvinh,window_10_0pct,1784125303.569807,0,-0.3873398361776495,-0.36984938277479434,-0.7379063557416712,-0.4058558668836733,-0.684103318687803,-0.24979859986280267,-0.22910357901948356,-0.6040302242810942,1.0,0.0,0.0,0.0,1.0,0.0,0.0,0.0,0.0,1.0
window_10_0pct::Cmck044D8gh2J1GKDe,window_10_0pct,1784124020.976892,0,-0.18250559799986063,-0.36984938277479434,-0.7379063557416712,-0.4058558668836733,-0.684103318687803,-0.24979859986280267,-0.237070113183038,-0.6040302242810942,1.0,0.0,0.0,0.0,1.0,0.0,0.0,0.0,0.0,1.0
window_10_0pct::CPDMtA1atAUElmB9W1,window_10_0pct,1784125015.200308,0,-0.31897139824182913,0.07808951818813933,1.2322572424527654,0.5076289206846853,1.0217114700803707,-0.24532652747221773,-0.23337758946540696,-0.43659205637976606,1.0,0.0,0.0,1.0,0.0,0.0,0.0,0.0,0.0,1.0
window_10_0pct::CC4xjE2pFMk3QEINJ2,window_10_0pct,1784124279.630902,0,-0.38034296136540674,0.0960321104018386,-0.21031294447189727,-0.10721660940940221,-0.174904874279393,-0.21468294725838874,-0.2264469258292558,0.04625107568683878,1.0,0.0,0.0,1.0,0.0,0.0,0.0,0.0,0.0,1.0
window_08_22pct::CMq48n3jvw5nBzSHy2,window_08_22pct,1783719129.264734,1,-0.3894574030318478,-0.3531585993201904,-0.6852426123739334,-0.38828885173812794,-0.6077235520265416,-0.20367120531435812,-0.1436176585589932,-0.37072068314587064,1.0,0.0,0.0,1.0,0.0,0.0,0.0,0.0,0.0,1.0
window_10_0pct::CZIRdP1HzkvUGtCq4g,window_10_0pct,1784124936.261122,0,-0.38909710398970765,-0.19376161732872263,-0.4767545214457448,-0.2828867608648558,-0.42950409648359805,-0.047861158106787566,-0.15176443512632348,-0.10750258199526445,1.0,0.0,0.0,1.0,0.0,0.0,0.0,0.0,0.0,1.0
window_10_0pct::CfsNIUNRbqDHL00Rd,window_10_0pct,1784124721.727452,0,-0.3885346164536522,-0.18917165187870652,1.1531235417489236,0.29682473893814104,0.9453317034191091,-0.14150606734469998,-0.05863135228757183,-0.5336672789531058,1.0,0.0,0.0,1.0,0.0,0.0,0.0,0.0,0.0,1.0
window_10_0pct::C6iTJn2rWEk3IVZ9Ab,window_10_0pct,1784125121.143641,0,-0.3892994953126295,-0.18708530394688103,-0.4767545214457448,-0.26531974571931044,-0.42950409648359805,0.06239237104274057,-0.09839804214700913,-0.08867688939674961,1.0,0.0,0.0,1.0,0.0,0.0,0.0,0.0,0.0,1.0
window_10_0pct::CLXIQr1GNUwY5MtO31,window_10_0pct,1784125457.417942,0,-0.015436209982212153,-0.1038400214670438,-0.25554130656544866,-0.12478362455494757,-0.225824718720234,-0.24929664028690462,-0.23690692285990794,-0.19791935039331893,1.0,0.0,0.0,1.0,0.0,0.0,0.0,0.0,0.0,1.0
window_06_15pct::CS1g3G2LTITkk9nDI,window_06_15pct,1783711630.183523,1,-0.38924572427546733,-0.3531585993201904,-0.6852426123739334,-0.4058558668836733,-0.6077235520265416,-0.22456912403353896,-0.19623081056895356,-0.37072068314587064,1.0,0.0,0.0,1.0,0.0,0.0,0.0,0.0,0.0,1.0
window_10_0pct::C3Tw5M3WBwkRoyaoEg,window_10_0pct,1784124929.670998,0,-0.37715407304894005,-0.28243140443130615,1.1454757210097604,0.27925772379259567,0.9198717811986885,-0.24488257145472037,-0.2207923866120693,-0.5698480185668119,1.0,0.0,0.0,1.0,0.0,0.0,0.0,0.0,0.0,1.0
window_10_0pct::CqEnwU1RgxYSaq3bG5,window_10_0pct,1784125665.729651,0,0.26279860040828473,0.6220004240150457,2.236989692060334,1.0170723599055007,1.9128087477950881,-0.24872504962099984,-0.23653958991626303,-0.35849507392502544,1.0,0.0,0.0,1.0,0.0,0.0,0.0,0.0,0.0,1.0
window_10_0pct::CZurGt3V6LsLPr3Ddd,window_10_0pct,1784124441.372324,0,-0.2679385206427021,-0.2788846129472028,-0.6106338722740966,-0.3004537760104012,-0.53134378536528,-0.2492710278281696,-0.23676978697470508,-0.07775990419035954,1.0,0.0,0.0,1.0,0.0,0.0,0.0,0.0,0.0,1.0
window_10_0pct::C6q78J1DLyK1CuVuSk,window_10_0pct,1784124296.983869,0,-0.2747488674953788,0.47032292937133235,0.3577076969829533,0.24412369350150498,0.3088336479085966,-0.24463716048468515,-0.23545729552067127,-0.0392948307359376,1.0,0.0,0.0,1.0,0.0,0.0,0.0,0.0,0.0,1.0
window_10_0pct::CMGvvh4CJ4A7Bvxx15,window_10_0pct,1784124022.456804,0,0.7368154864903564,0.5506473247466138,2.5337251367398665,0.8589692235955926,2.167407969999293,-0.2492215082703282,-0.2368398553370629,-0.3968264337292462,1.0,0.0,0.0,1.0,0.0,0.0,0.0,0.0,0.0,1.0
window_10_0pct::C2VK1n4u1q7Mv1USQ6,window_10_0pct,1784125148.803195,0,-0.2561047291347875,-0.36984938277479434,-0.7379063557416712,-0.4058558668836733,-0.684103318687803,-0.24979859986280267,-0.23701927076602347,-0.6040302242810942,1.0,0.0,0.0,0.0,1.0,0.0,0.0,0.0,0.0,1.0
window_08_22pct::CPYgkc2e9pEOtHlmfd,window_08_22pct,1783719129.251518,1,-0.3893270800575227,-0.3531585993201904,-0.6852426123739334,-0.38828885173812794,-0.6077235520265416,-0.21924990431143704,-0.1752107181639869,-0.37072068314587064,1.0,0.0,0.0,1.0,0.0,0.0,0.0,0.0,0.0,1.0
window_10_0pct::CDar931rGAOJaJWaTf,window_10_0pct,1784125146.796491,0,0.26242431683990225,-0.36984938277479434,-0.7379063557416712,-0.38828885173812794,-0.6331834742469621,-0.24979859986280267,-0.23712575249371498,-0.6040302242810942,1.0,0.0,0.0,0.0,1.0,0.0,0.0,0.0,0.0,1.0
window_10_0pct::CfuQAkVlaENk7Y699,window_10_0pct,1784124657.400899,0,0.1996703886348796,-0.1895889214650716,1.301831167232653,0.4373608601025039,1.098091236741632,-0.24958259313010384,-0.2367405800839368,-0.538947709390182,1.0,0.0,0.0,1.0,0.0,0.0,0.0,0.0,0.0,1.0
window_10_0pct::C75H0L1mS7DNGfleA6,window_10_0pct,1784125660.231484,0,-0.38325019491822704,-0.18708530394688103,-0.4767545214457448,-0.26531974571931044,-0.42950409648359805,-0.2298258736208654,-0.22828482227084967,-0.08867688939674961,1.0,0.0,0.0,1.0,0.0,0.0,0.0,0.0,0.0,1.0
window_10_0pct::CI0Q774hFXebNBrV85,window_10_0pct,1784125551.375319,0,-0.3891104480032976,0.012995462715183903,-0.38646774883062346,-0.1599176548460383,-0.327664407601916,0.1989715954784266,-0.09432534237128834,0.19818285885945186,1.0,0.0,0.0,1.0,0.0,0.0,0.0,0.0,0.0,1.0
window_10_0pct::C7bwzYHUgn1fts2R,window_10_0pct,1784125404.807728,0,-0.388701075016779,-0.1895889214650716,-0.4767545214457448,-0.26531974571931044,-0.42950409648359805,-0.12398275883410376,-0.1804623769626508,-0.0957365241211927,1.0,0.0,0.0,1.0,0.0,0.0,0.0,0.0,0.0,1.0
window_10_0pct::ChjJIa4pIzrknPSvD8,window_10_0pct,1784124139.934142,0,-0.38841587608312317,-0.1895889214650716,-0.4767545214457448,-0.26531974571931044,-0.42950409648359805,-0.15164683581035734,-0.19292944045452085,-0.0957365241211927,1.0,0.0,0.0,1.0,0.0,0.0,0.0,0.0,0.0,1.0
window_10_0pct::CXqFizvlaFIObfDFl,window_10_0pct,1784125765.987108,0,-0.34477532580778053,-0.27909324774038535,-0.5940211061129143,-0.3355878063014919,-0.53134378536528,-0.24837223547484763,-0.2363112490263159,-0.13958098273865396,1.0,0.0,0.0,1.0,0.0,0.0,0.0,0.0,0.0,1.0
window_10_0pct::CVKuPl2U2OavIE8w32,window_10_0pct,1784125969.598491,0,-0.3886710669990178,-0.1916752693968971,1.1531235417489236,0.29682473893814104,0.9453317034191091,-0.12902070790523743,-0.035250129328035375,-0.5346422851239325,1.0,0.0,0.0,1.0,0.0,0.0,0.0,0.0,0.0,1.0
window_10_0pct::CaBZxt47MBTTkLpKe3,window_10_0pct,1784124936.262548,0,-0.38911287127616556,-0.36984938277479434,-0.7379063557416712,-0.4058558668836733,-0.684103318687803,-0.24979859986280267,-0.20529266022772105,-0.6040302242810942,1.0,0.0,0.0,0.0,1.0,0.0,0.0,0.0,0.0,1.0
window_10_0pct::CQk8mKteGNNUALxz3,window_10_0pct,1784123932.276618,0,1.3555717708212955,0.451963067571268,1.875120307418927,0.7008660872856843,1.5818297589296217,-0.24946603903123016,-0.23697886590691494,-0.37241452080894727,1.0,0.0,0.0,1.0,0.0,0.0,0.0,0.0,0.0,1.0
window_10_0pct::CqnHZK1CKUZ0u7g08j,window_10_0pct,1784124059.154802,0,1.6038586755630801,0.9084559950546862,1.3293845658401382,0.736000117576775,1.2508507700641551,-0.24934573623621473,-0.23699692861594251,-0.14865309774506136,1.0,0.0,0.0,1.0,0.0,0.0,0.0,0.0,0.0,1.0
window_10_0pct::CtvB6E4hoQlbpXDup6,window_10_0pct,1784124197.954204,0,-0.3719226539354943,-0.08255927256242375,-0.29467265601416714,-0.1599176548460383,-0.276744563161075,-0.23839342361173377,-0.23232490920277968,-0.12671010051213713,1.0,0.0,0.0,1.0,0.0,0.0,0.0,0.0,0.0,1.0
window_10_0pct::CnfyaC3zBK4ius86W3,window_10_0pct,1784125474.294617,0,-0.37761033156160845,-0.27784143898129005,-0.5955506702607468,-0.3355878063014919,-0.53134378536528,-0.24442938967843517,-0.23400200830037252,-0.12811635724742632,1.0,0.0,0.0,1.0,0.0,0.0,0.0,0.0,0.0,1.0
window_10_0pct::CBUwy33xLaAcuYmTw8,window_10_0pct,1784125587.480014,0,0.26261482665312363,0.08893852743363191,0.001616665788914639,0.0157524966094153,0.003314581263550526,-0.2493018808791162,-0.2369571879355028,-0.14716253182886346,1.0,0.0,0.0,1.0,0.0,0.0,0.0,0.0,0.0,1.0
window_10_0pct::COZZ9W3JrcOW24czd,window_10_0pct,1784124915.451576,0,-0.3887851209519741,-0.279719152119933,-0.5573540544579261,-0.3180207911559465,-0.5058838631448596,-0.18119230670610756,-0.1907853513941997,-0.23644418017722194,1.0,0.0,0.0,1.0,0.0,0.0,0.0,0.0,0.0,1.0
window_04_7pct::CzTjDt21hKOxg0mAil,window_04_7pct,1783704130.89913,1,-0.38971289285364685,-0.36984938277479434,-0.7379063557416712,-0.4585569123203094,-0.7095632409082235,-0.24979859986280267,74.4084310782712,-0.6040302242810942,1.0,0.0,0.0,0.0,1.0,0.0,1.0,0.0,0.0,0.0
window_10_0pct::C2sC1T3Oal3Ru1M5h7,window_10_0pct,1784125183.205586,0,0.6513839195992958,0.793706858804284,0.9851901446847979,0.6130310115579575,0.8689519367578475,-0.24900926568856663,-0.23687768051632657,-0.10673409134911943,1.0,0.0,0.0,1.0,0.0,0.0,0.0,0.0,0.0,1.0
window_06_15pct::Ca8h9L2DqGRlUL5Atc,window_06_15pct,1783711630.202425,1,-0.38923861458502657,-0.3531585993201904,-0.6852426123739334,-0.4058558668836733,-0.6077235520265416,-0.22494727659469235,-0.19684431475985115,-0.37072068314587064,1.0,0.0,0.0,1.0,0.0,0.0,0.0,0.0,0.0,1.0
window_10_0pct::CVmLxS2H58po4yE3Ik,window_10_0pct,1784125138.957849,0,-0.21257002357524044,0.26085359701605265,1.5970795356573488,0.6305980267035028,1.352690458945837,-0.24728401833861627,-0.23546201974677086,-0.4051098226179284,1.0,0.0,0.0,1.0,0.0,0.0,0.0,0.0,0.0,1.0
window_03_5pct::CiiDE5aTLXDRknQff,window_03_5pct,1783700381.328955,1,-0.3897129142040686,-0.36984938277479434,-0.7379063557416712,-0.4585569123203094,-0.7095632409082235,-0.24979859986280267,111.73122782240476,-0.6040302242810942,1.0,0.0,0.0,0.0,1.0,0.0,1.0,0.0,0.0,0.0
window_10_0pct::Cf25cS2ThBQeaUdzi1,window_10_0pct,1784125569.450414,0,-0.38923995966159647,-0.18583349518778575,1.1531235417489236,0.27925772379259567,0.9453317034191091,0.024966380987150778,0.19748964200313174,-0.5323672707253371,1.0,0.0,0.0,1.0,0.0,0.0,0.0,0.0,0.0,1.0
window_10_0pct::C188Bj2pSCX9BQhG79,window_10_0pct,1784126002.898267,0,-0.05753634867915007,-0.07609159397376472,-0.48004733315288456,-0.23018571542821972,-0.42950409648359805,-0.24917402426328164,-0.236960902652395,0.23487700460680755,1.0,0.0,0.0,1.0,0.0,0.0,0.0,0.0,0.0,1.0
window_10_0pct::CFCAW12aHZjtQlGhgb,window_10_0pct,1784125305.598694,0,-0.20715584485166638,-0.10446592584659145,-0.2962022201619998,-0.14235063970049294,-0.276744563161075,-0.2487719088522014,-0.23666480270791054,-0.16158027352631435,1.0,0.0,0.0,1.0,0.0,0.0,0.0,0.0,0.0,1.0
window_10_0pct::CJvD871kKrbPdWqWpg,window_10_0pct,1784124205.042421,0,0.31627229024681364,-0.0074507470167059445,-0.15325170417914058,-0.0720825791183115,-0.12398502983855199,-0.2494360601405504,-0.23700664706925892,-0.14755835226930786,1.0,0.0,0.0,1.0,0.0,0.0,0.0,0.0,0.0,1.0
window_10_0pct::CNv8BB19xzP0j5t3O8,window_10_0pct,1784125460.661746,0,0.7791508534588584,-0.0018176076007771086,-0.15556729434738722,-0.0720825791183115,-0.09852510761813149,-0.2495762248053334,-0.2370683303201596,-0.13861969105092725,1.0,0.0,0.0,1.0,0.0,0.0,0.0,0.0,0.0,1.0
window_10_0pct::CKAugN24HvCA0Hfgeh,window_10_0pct,1784125647.254792,0,-0.09911990324678203,0.2815084415411251,-0.13646898644597685,-0.019381533681675417,-0.09852510761813149,-0.24821553366770682,-0.23673463045741508,0.19351724711439922,1.0,0.0,0.0,1.0,0.0,0.0,0.0,0.0,0.0,1.0
window_10_0pct::CZSsUW20shZyblTsMe,window_10_0pct,1784125714.566889,0,-0.34537216617242195,0.4567616678144666,1.9912822068682174,0.8238351933045018,1.658209525590883,-0.23663233939226264,-0.22918319486539274,-0.3809778037836206,1.0,0.0,0.0,1.0,0.0,0.0,0.0,0.0,0.0,1.0
window_10_0pct::CE9OOf3dnRFKSDOK5i,window_10_0pct,1784125165.317295,0,-0.38709419957548524,-0.2767982650153773,-0.5955506702607468,-0.3355878063014919,-0.53134378536528,-0.22470337982920946,-0.22255656728360776,-0.12272050841484512,1.0,0.0,0.0,1.0,0.0,0.0,0.0,0.0,0.0,1.0
window_08_22pct::CGePxE24pk1aIolkue,window_08_22pct,1783718128.57291,1,-0.38923741896140895,-0.3531585993201904,-0.6852426123739334,-0.38828885173812794,-0.6077235520265416,-0.22500975915667387,-0.18689150341285782,-0.37072068314587064,1.0,0.0,0.0,1.0,0.0,0.0,0.0,0.0,0.0,1.0
window_10_0pct::CNtbpfUmNV24GLN2g,window_10_0pct,1784125578.326151,0,0.1908443911661993,0.19158684567944625,0.11667388002032576,0.08602055719159674,0.13061419236565305,-0.24911560100638677,-0.23689887594343856,-0.12021508977176024,1.0,0.0,0.0,1.0,0.0,0.0,0.0,0.0,0.0,1.0
window_10_0pct::CV816HYwXx8ehR9i4,window_10_0pct,1784125914.14212,0,-0.38539464195340095,0.4567616678144666,-0.6461112629252148,0.05088652690050602,-0.174904874279393,-0.11460642263418618,-0.20394706030097973,6.0261281425191,1.0,0.0,0.0,0.0,0.0,1.0,0.0,0.0,0.0,1.0
window_10_0pct::CCcLAR2kAZd102TSCg,window_10_0pct,1784125703.296826,0,0.005209466365609911,-0.36984938277479434,-0.7379063557416712,-0.4058558668836733,-0.684103318687803,-0.24979859986280267,-0.23711398382989277,-0.6040302242810942,1.0,0.0,0.0,0.0,1.0,0.0,0.0,0.0,0.0,1.0
window_10_0pct::CncAOE3ASkzQ4SisS4,window_10_0pct,1784124813.140092,0,-0.3889467222941541,-0.36984938277479434,-0.7379063557416712,-0.4058558668836733,-0.684103318687803,-0.24979859986280267,-0.21220324140820884,-0.6040302242810942,1.0,0.0,0.0,0.0,1.0,0.0,0.0,0.0,0.0,1.0
window_10_0pct::CZeDnx1FRN1w3iQqCg,window_10_0pct,1784125431.146943,0,-0.34610473116808976,-0.002860781566689856,-0.3482711330278027,-0.14235063970049294,-0.3022044853814955,-0.24385501008178473,-0.23507927664441586,0.08957657806121348,1.0,0.0,0.0,1.0,0.0,0.0,0.0,0.0,0.0,1.0
window_10_0pct::CU872I1oifJmlvyyr8,window_10_0pct,1784124393.291275,0,-0.03804469465222148,-0.0018176076007771086,-0.14226858383984228,-0.10721660940940221,-0.12398502983855199,-0.24905947670355486,-0.236876902176106,-0.14901046796173306,1.0,0.0,0.0,1.0,0.0,0.0,0.0,0.0,0.0,1.0
window_10_0pct::C16BGDcL4fTk1yD6e,window_10_0pct,1784124929.674161,0,-0.37718794549303686,-0.36984938277479434,-0.7379063557416712,-0.4058558668836733,-0.684103318687803,-0.24979859986280267,-0.235635498905859,-0.6040302242810942,1.0,0.0,0.0,0.0,1.0,0.0,0.0,0.0,0.0,1.0
window_10_0pct::CupKK73zKUjP78l5T5,window_10_0pct,1784124888.996899,0,-0.3349298457008263,-0.36984938277479434,-0.7379063557416712,-0.4058558668836733,-0.684103318687803,-0.24979859986280267,-0.23681331374328646,-0.6040302242810942,1.0,0.0,0.0,0.0,1.0,0.0,0.0,0.0,0.0,1.0
window_10_0pct::CiVZKJ2jqan25rrQv7,window_10_0pct,1784125975.354361,0,-0.04933619612305045,0.4559271286417364,0.790022008210652,0.4022268298114132,0.7161924034353246,-0.24808516620417848,-0.23646007874743974,-0.20601823832077962,1.0,0.0,0.0,1.0,0.0,0.0,0.0,0.0,0.0,1.0
window_10_0pct::C1Ud4F3o7xXUSqZeAj,window_10_0pct,1784125847.394651,0,0.11296642200956597,0.3733077505414468,0.24245928723306306,0.12115458748268745,0.23245388124733507,-0.248754470641248,-0.23683902509718388,-0.04578397514820597,1.0,0.0,0.0,1.0,0.0,0.0,0.0,0.0,0.0,1.0
window_10_0pct::C0uodV2S52gfkRwdd7,window_10_0pct,1784125569.451856,0,-0.3892558550505848,-0.2767982650153773,-0.5573540544579261,-0.3355878063014919,-0.5058838631448596,-0.10602694202677616,-0.15348487228046997,-0.2245316694886705,1.0,0.0,0.0,1.0,0.0,0.0,0.0,0.0,0.0,1.0
window_10_0pct::CC6fGz3q8xGXn4TXh4,window_10_0pct,1784125551.462905,0,-0.24601568341657823,-0.2738773779108216,-0.5955506702607468,-0.3355878063014919,-0.53134378536528,-0.2493269054752956,-0.23689623126663578,-0.10761213168361752,1.0,0.0,0.0,1.0,0.0,0.0,0.0,0.0,0.0,1.0
window_10_0pct::CDNT6T2MlFh6380Cxi,window_10_0pct,1784124071.46374,0,-0.38926263380948856,-0.279719152119933,-0.5573540544579261,-0.3180207911559465,-0.5058838631448596,-0.1084436792835746,-0.14160812286412972,-0.23644418017722194,1.0,0.0,0.0,1.0,0.0,0.0,0.0,0.0,0.0,1.0
window_10_0pct::CgDHHcI5DCoUc3mYc,window_10_0pct,1784124525.061099,0,0.17994191572996704,0.47032292937133235,2.0801456350679945,0.7535671327223203,1.7600492144725652,-0.24875695130215197,-0.236574896142226,-0.3844674312293132,1.0,0.0,0.0,1.0,0.0,0.0,0.0,0.0,0.0,1.0
window_10_0pct::C312zWtw8xfkRlOhd,window_10_0pct,1784125282.726345,0,0.9639456071381904,0.2735803194001882,0.33699484914771954,0.13872160262823283,0.33429357012901706,-0.24946289576759034,-0.23703878941003562,-0.1632048053856236,1.0,0.0,0.0,1.0,0.0,0.0,0.0,0.0,0.0,1.0
window_05_12pct::CfHdcn4aHkfH8EYXWd,window_05_12pct,1783706881.128418,1,-0.38925580167453044,-0.3531585993201904,-0.6852426123739334,-0.4058558668836733,-0.6077235520265416,-0.22401297268889986,-0.1953285261055911,-0.37072068314587064,1.0,0.0,0.0,1.0,0.0,0.0,0.0,0.0,0.0,1.0
window_10_0pct::C28Bmf1ngVqG8pSZH1,window_10_0pct,1784125847.373823,0,0.11318861584865536,0.37393365492099445,0.19676355831656284,0.15628861777377817,0.18153403680649405,-0.24875405296069467,-0.23682015373985307,-0.017998951528713766,1.0,0.0,0.0,1.0,0.0,0.0,0.0,0.0,0.0,1.0
window_10_0pct::CyKnJ3uoidTAijsT2,window_10_0pct,1784125922.365446,0,0.05399045093213657,0.6015542142831559,0.4530717728110191,0.3319587692292318,0.4361332590106991,-0.24825237870254296,-0.23666673506387342,-0.0033672927702290472,1.0,0.0,0.0,1.0,0.0,0.0,0.0,0.0,0.0,1.0
window_06_15pct::CRUAQY1gYpZpAAbTia,window_06_15pct,1783710631.003036,1,-0.07175286860411206,-0.32603607620645897,-0.7379063557416712,-0.35315482144703725,-0.6077235520265416,-0.2497012807612613,-0.23705715146131937,1518.2410825660247,1.0,0.0,0.0,1.0,0.0,0.0,0.0,1.0,0.0,0.0
window_10_0pct::CrhaYx2qiHdSXeyib1,window_10_0pct,1784124994.509732,0,0.07279548607099035,0.24645779628645675,-0.11458772155337096,-0.0018145185361300583,-0.07306518539771098,-0.24885748586955395,-0.23688329961629737,0.1241099134026685,1.0,0.0,0.0,1.0,0.0,0.0,0.0,0.0,0.0,1.0
window_05_12pct::CU4faR1elCeW5FzQRh,window_05_12pct,1783707881.174654,1,-0.3892398635846986,-0.3531585993201904,-0.6852426123739334,-0.38828885173812794,-0.6077235520265416,-0.22488166735168472,-0.18663173768847402,-0.37072068314587064,1.0,0.0,0.0,1.0,0.0,0.0,0.0,0.0,0.0,1.0
window_10_0pct::CejEpS1Vqi282uEuHk,window_10_0pct,1784125322.355713,0,0.4014017273197756,-0.015796138744007922,-0.08898876602367185,-0.0018145185361300583,-0.07306518539771098,-0.24948252220271466,-0.2369992340244967,-0.2022325017387592,1.0,0.0,0.0,1.0,0.0,0.0,0.0,0.0,0.0,1.0
window_10_0pct::CxnojU2PU6e8cq4JPj,window_10_0pct,1784124181.691048,0,0.36089008135100986,-0.08193336818287611,-0.33227444131505296,-0.1599176548460383,-0.276744563161075,-0.24952769289620413,-0.23704775471162692,-0.08132887996243143,1.0,0.0,0.0,1.0,0.0,0.0,0.0,0.0,0.0,1.0
window_10_0pct::CoejS74IMxR7KRdGBh,window_10_0pct,1784125826.329114,0,-0.35648471908340396,-0.09445145577382907,-0.325922501312248,-0.14235063970049294,-0.276744563161075,-0.24394506746936256,-0.2344285379826035,-0.11176321266650463,1.0,0.0,0.0,1.0,0.0,0.0,0.0,0.0,0.0,1.0
window_10_0pct::C1tKX41Vc9Zk8JE4b,window_10_0pct,1784124957.643837,0,0.9393395663346056,0.7772247101428625,1.0243002501870186,0.5954639964124121,0.9198717811986885,-0.24918904332139646,-0.23694296808369028,-0.12465888215546445,1.0,0.0,0.0,1.0,0.0,0.0,0.0,0.0,0.0,1.0
window_10_0pct::CWxY8I2x0oGrOndJ7e,window_10_0pct,1784124514.655486,0,-0.32930114861477977,-0.279719152119933,-0.5955506702607468,-0.3180207911559465,-0.53134378536528,-0.24874490875190464,-0.23645012702374063,-0.1378288851460726,1.0,0.0,0.0,1.0,0.0,0.0,0.0,0.0,0.0,1.0
window_10_0pct::COC2KH360eZjOqd5a8,window_10_0pct,1784125417.394533,0,-0.3892530688205472,-0.18583349518778575,1.1531235417489236,0.38465981466586785,0.9453317034191091,0.032798586105157825,0.27225737843378217,-0.5323672707253371,1.0,0.0,0.0,1.0,0.0,0.0,0.0,0.0,0.0,1.0
window_10_0pct::C5PEQ04OeBoTMcukM7,window_10_0pct,1784123215.97668,0,30.819395090624422,30.93392362112811,18.87654446977623,31.882317970628698,22.764485046319482,-0.24909019750458844,-0.2368802209459329,0.5713076168529858,1.0,0.0,0.0,1.0,0.0,0.0,0.0,0.0,0.0,1.0
window_10_0pct::CaHcyh1q2Tp5wS60Zk,window_10_0pct,1784125630.697398,0,-0.149786887993272,0.5341651760851924,0.5380688027482192,0.3495257843747771,0.5125130256719606,-0.24713749091219572,-0.23622581397594686,-0.082272807294103,1.0,0.0,0.0,1.0,0.0,0.0,0.0,0.0,0.0,1.0
window_10_0pct::Cbmzkv3pb1TTI8lwO3,window_10_0pct,1784125134.396624,0,-0.38838461906569005,-0.18917165187870652,1.1531235417489236,0.41979384495695854,0.9453317034191091,-0.1537345807047027,-0.05359587078243201,-0.5336672789531058,1.0,0.0,0.0,1.0,0.0,0.0,0.0,0.0,0.0,1.0
window_10_0pct::CO0FXUg0ZTQzRTRai,window_10_0pct,1784124676.680815,0,-0.03354257391991662,0.09165077974500505,0.5989539534105576,0.1914226480648689,0.48705310345154007,-0.2488834784354493,-0.23665230722614888,-0.3498032760096092,1.0,0.0,0.0,1.0,0.0,0.0,0.0,0.0,0.0,1.0
window_10_0pct::CVBilb1RlAUBraRvEk,window_10_0pct,1784124550.410094,0,-0.3885439465879543,0.08580900553589367,1.3788192293402293,0.5251959358302307,1.1490110811824732,0.025488395105549594,-0.004037651094753901,-0.44549962238407315,1.0,0.0,0.0,1.0,0.0,0.0,0.0,0.0,0.0,1.0
window_10_0pct::C8FjZ03Rj48F8HnQgj,window_10_0pct,1784125963.360234,0,0.35332998241316155,0.35828604543230325,1.5108503568232834,0.5954639964124121,1.2763106922845755,-0.24910650931125067,-0.23676990262964726,-0.3655742301814311,1.0,0.0,0.0,1.0,0.0,0.0,0.0,0.0,0.0,1.0
window_04_7pct::CSLcYu4m8fk0yuqFn4,window_04_7pct,1783704132.101884,1,-0.07074049565627885,-0.32603607620645897,-0.7379063557416712,-0.35315482144703725,-0.6077235520265416,-0.24970158963816347,-0.23705748553684589,1518.2410825660247,1.0,0.0,0.0,1.0,0.0,0.0,0.0,1.0,0.0,0.0
window_10_0pct::CojMfs4LQ6GJjiAOAg,window_10_0pct,1784126048.010036,0,-0.3887328764699666,-0.1895889214650716,-0.4767545214457448,-0.26531974571931044,-0.42950409648359805,-0.11990031168377542,-0.17862258567414926,-0.0957365241211927,1.0,0.0,0.0,1.0,0.0,0.0,0.0,0.0,0.0,1.0
window_10_0pct::CX1MgNRKIcvkto7T,window_10_0pct,1784124610.035695,0,-0.38779465353685016,-0.10050186477612301,-0.5306291697638502,-0.26531974571931044,-0.45496401870401854,-0.15063315648861433,-0.20725382648501237,0.3528545006392568,1.0,0.0,0.0,1.0,0.0,0.0,0.0,0.0,0.0,1.0
window_10_0pct::CNxtLVcaA2LW7Awvb,window_10_0pct,1784125714.566397,0,-0.3453672555754208,0.44591265856897405,0.7597281405049666,0.29682473893814104,0.6907324812149042,-0.2368065812304301,-0.2324185371785315,-0.202891901477604,1.0,0.0,0.0,1.0,0.0,0.0,0.0,0.0,0.0,1.0
window_10_0pct::CqRRuv18TmR6AIsTq7,window_10_0pct,1784125728.720447,0,-0.36507893637363176,0.37602000285281995,0.25276260128443573,0.1914226480648689,0.23245388124733507,-0.22841444198619892,-0.22978710158321575,-0.04957360687081076,1.0,0.0,0.0,1.0,0.0,0.0,0.0,0.0,0.0,1.0
window_08_22pct::CHbHkUwLg3qB5RVNc,window_08_22pct,1783719128.514732,1,-0.389712882178436,-0.36984938277479434,-0.7379063557416712,-0.4585569123203094,-0.7095632409082235,-0.24979859986280267,63.744774865661626,-0.6040302242810942,1.0,0.0,0.0,0.0,1.0,0.0,1.0,0.0,0.0,0.0
window_10_0pct::Ck74hDTJMkRhtw3y5,window_10_0pct,1784125610.568847,0,-0.3886137090910027,-0.18416441684232535,-0.4682781867931723,-0.2477527305737651,-0.4040441742631775,-0.13049712818788853,-0.18061930806445006,-0.09689950341756158,1.0,0.0,0.0,1.0,0.0,0.0,0.0,0.0,0.0,1.0
window_10_0pct::CWU7Q948YntlrvBlsi,window_10_0pct,1784124634.963981,0,0.1859790570591863,-0.36984938277479434,-0.7379063557416712,-0.38828885173812794,-0.6586433964673826,-0.24979859986280267,-0.2371208848002102,-0.6040302242810942,1.0,0.0,0.0,0.0,1.0,0.0,0.0,0.0,0.0,1.0
window_10_0pct::CgI4RrhOBcUqsLoX1,window_10_0pct,1784124199.517241,0,-0.38930153427790604,-0.36984938277479434,-0.7379063557416712,-0.4058558668836733,-0.684103318687803,-0.24979859986280267,-0.1906783870659942,-0.6040302242810942,1.0,0.0,0.0,0.0,1.0,0.0,0.0,0.0,0.0,1.0
window_10_0pct::CrVLio3V6pvSnIOOoc,window_10_0pct,1784126089.967686,0,-0.11606851921499871,0.515388044698763,0.7064695666352938,0.5076289206846853,0.6398126367740631,-0.24751385446063026,-0.23618397204244393,-0.1526777824264463,1.0,0.0,0.0,1.0,0.0,0.0,0.0,0.0,0.0,1.0
window_10_0pct::ClWskXkgw5NpyHYe,window_10_0pct,1784125007.454698,0,-0.3893572802290795,-0.1895889214650716,-0.4767545214457448,-0.26531974571931044,-0.42950409648359805,0.1081410105408324,-0.07585372606663145,-0.0957365241211927,1.0,0.0,0.0,1.0,0.0,0.0,0.0,0.0,0.0,1.0
window_03_5pct::CowUQV3ciyzaCtdhl3,window_03_5pct,1783699382.171687,1,-0.389508505266292,-0.3531585993201904,-0.6852426123739334,-0.4058558668836733,-0.6077235520265416,-0.19214176516693726,-0.14362156602563633,-0.37072068314587064,1.0,0.0,0.0,1.0,0.0,0.0,0.0,0.0,0.0,1.0
window_10_0pct::CAqGOt1rNvEeSnoXyf,window_10_0pct,1784126013.347208,0,-0.026865090741752598,-0.27825870856765517,-0.5815509095187786,-0.3180207911559465,-0.5058838631448596,-0.2496203244906017,-0.23704381951659337,-0.17268807711233208,1.0,0.0,0.0,1.0,0.0,0.0,0.0,0.0,0.0,1.0
window_10_0pct::CmCU9qyXqL4r4tqqi,window_10_0pct,1784125921.669432,0,-0.3132263627076998,-0.36984938277479434,-0.7379063557416712,-0.4058558668836733,-0.684103318687803,-0.24979859986280267,-0.23691237168489038,-0.6040302242810942,1.0,0.0,0.0,0.0,1.0,0.0,0.0,0.0,0.0,1.0
window_10_0pct::CDahedD6dlvcdU9Yb,window_10_0pct,1784124599.445619,0,0.28531097615481366,0.000268740331048386,-0.21373321985802307,-0.12478362455494757,-0.14944495205897249,-0.2494113548356376,-0.23702075147172363,-0.08404542569181413,1.0,0.0,0.0,1.0,0.0,0.0,0.0,0.0,0.0,1.0
window_10_0pct::CEegEu1uMhuJxTMAJb,window_10_0pct,1784124998.301314,0,-0.3059833282079601,-0.2818055000517585,-0.6106338722740966,-0.3355878063014919,-0.53134378536528,-0.2490559489987669,-0.23670559251980627,-0.09465849245015377,1.0,0.0,0.0,1.0,0.0,0.0,0.0,0.0,0.0,1.0
window_10_0pct::CB0YCp1VtaAfMD2MZ6,window_10_0pct,1784124875.579632,0,-0.3892838241030694,-0.36984938277479434,-0.7379063557416712,-0.4058558668836733,-0.684103318687803,-0.24979859986280267,-0.19259676797200445,-0.6040302242810942,1.0,0.0,0.0,0.0,1.0,0.0,0.0,0.0,0.0,1.0
window_10_0pct::CYFJuu6d2mceth1Dl,window_10_0pct,1784124167.549636,0,0.3843052169801385,0.2049394724431294,-0.07084643571465687,-0.0018145185361300583,-0.04760526317729048,-0.24927412841500218,-0.2369956297942908,0.0305292279864696,1.0,0.0,0.0,1.0,0.0,0.0,0.0,0.0,0.0,1.0
window_10_0pct::CyX5XR1pO7qSjJ3gX,window_10_0pct,1784124990.664104,0,-0.38953465953292826,-0.2795105173267504,1.1454757210097604,0.3495257843747771,0.9198717811986885,0.10804591073115893,1.0231691289629907,-0.5687058923615614,1.0,0.0,0.0,1.0,0.0,0.0,0.0,0.0,0.0,1.0
window_10_0pct::CI93Up2tNHmdWb8HVf,window_10_0pct,1784124754.674569,0,2.795866364447722,0.8383547045453495,0.941958713562028,0.5778969812668668,0.9453317034191091,-0.2495307345080047,-0.23707235771545457,-0.07436304164494063,1.0,0.0,0.0,1.0,0.0,0.0,0.0,0.0,0.0,1.0
window_10_0pct::C4qYqGubt9qgYCCb8,window_10_0pct,1784125282.021474,0,-0.3828477287931426,-0.2788846129472028,-0.5573540544579261,-0.3180207911559465,-0.5058838631448596,-0.24044060242131784,-0.23089454800185696,-0.23304060569477866,1.0,0.0,0.0,1.0,0.0,0.0,0.0,0.0,0.0,1.0
window_10_0pct::C52BUE1o7HMGzTQ9dj,window_10_0pct,1784124676.732603,0,-0.35271436270595147,-0.0007744336348643613,1.3696418444532334,0.49006190553914,1.1235511589620526,-0.2427533886921462,-0.23005503295703253,-0.4750641940585867,1.0,0.0,0.0,1.0,0.0,0.0,0.0,0.0,0.0,1.0
window_10_0pct::Cwh37x28gcys2xymw2,window_10_0pct,1784125228.098926,0,-0.3892634130998822,-0.1895889214650716,-0.4767545214457448,-0.26531974571931044,-0.42950409648359805,0.03340132270916936,-0.10953583425190423,-0.0957365241211927,1.0,0.0,0.0,1.0,0.0,0.0,0.0,0.0,0.0,1.0
window_10_0pct::CselVvO68Bgwn1k3j,window_10_0pct,1784126016.122949,0,0.41495162302662597,-0.1038400214670438,-0.27899462349888254,-0.17748466999158366,-0.225824718720234,-0.24956512146467336,-0.23706139963450487,-0.1771654548800984,1.0,0.0,0.0,1.0,0.0,0.0,0.0,0.0,0.0,1.0
window_10_0pct::C3UoJl4usXUkvAOEma,window_10_0pct,1784125847.393218,0,0.1129814527064737,0.28067390236839485,1.8535364577772888,0.7008660872856843,1.5563698367092011,-0.24888464770961588,-0.23652517057322067,-0.41916283271937044,1.0,0.0,0.0,1.0,0.0,0.0,0.0,0.0,0.0,1.0
window_10_0pct::CaeJAL1k6eVf9tthe7,window_10_0pct,1784124124.711767,0,-0.3892450090363389,-0.1916752693968971,1.1531235417489236,0.26169070864705035,0.9453317034191091,0.019114402924157805,0.1919624801385472,-0.5346422851239325,1.0,0.0,0.0,1.0,0.0,0.0,0.0,0.0,0.0,1.0
window_10_0pct::Cd6KsLUo1MQlL7lMd,window_10_0pct,1784125272.322012,0,-0.3279119300479548,-0.08986149032381298,-0.5288234343115478,-0.23018571542821972,-0.45496401870401854,-0.24659890746345292,-0.2360793207771417,0.382065836910369,1.0,0.0,0.0,1.0,0.0,0.0,0.0,0.0,0.0,1.0
window_10_0pct::CSigCi2mFvm7knEi09,window_10_0pct,1784125121.241318,0,-0.18447725607186077,0.45780484178037933,0.9994448327847383,0.38465981466586785,0.8689519367578475,-0.2469504640364005,-0.236020912246296,-0.2531986544957332,1.0,0.0,0.0,1.0,0.0,0.0,0.0,0.0,0.0,1.0
window_10_0pct::CFQE5v2DPiSHIjZ993,window_10_0pct,1784125213.869824,0,-0.32281071648151455,-0.279719152119933,-0.5955506702607468,-0.3180207911559465,-0.53134378536528,-0.24884713119769167,-0.23651922821170082,-0.1378288851460726,1.0,0.0,0.0,1.0,0.0,0.0,0.0,0.0,0.0,1.0
window_08_22pct::CDFnDm4pcBec9gWDcd,window_08_22pct,1783718130.077649,1,-0.07915442998530069,-0.32603607620645897,-0.7379063557416712,-0.35315482144703725,-0.6077235520265416,-0.24969896134884406,-0.23705464282788302,1518.2410825660247,1.0,0.0,0.0,1.0,0.0,0.0,0.0,1.0,0.0,0.0
window_02_3pct::CebU2t2Uwn8luDlWl4,window_02_3pct,1783696631.475447,1,-0.389583466597035,-0.3531585993201904,-0.6852426123739334,-0.38828885173812794,-0.6077235520265416,-0.1587644944963382,-0.05254841126151719,-0.37072068314587064,1.0,0.0,0.0,1.0,0.0,0.0,0.0,0.0,0.0,1.0
window_10_0pct::CgC7wU3WpGnjuInFu4,window_10_0pct,1784124296.983631,0,-0.2747439675735885,0.08956443181317955,0.01009300044148721,-0.019381533681675417,0.02877450348397103,-0.2469763984426287,-0.23608116397379375,-0.15172339127514053,1.0,0.0,0.0,1.0,0.0,0.0,0.0,0.0,0.0,1.0
window_08_22pct::CxbJmu46ZOjXeGWoo2,window_08_22pct,1783718127.977384,1,-0.3897128394775925,-0.36984938277479434,-0.7379063557416712,-0.4585569123203094,-0.7095632409082235,-0.24979859986280267,40.47861585633162,-0.6040302242810942,1.0,0.0,0.0,0.0,1.0,0.0,1.0,0.0,0.0,0.0
window_10_0pct::CCuIv122pcMH0xi2M1,window_10_0pct,1784124875.577991,0,-0.38926641283413727,-0.275546456256282,-0.6191102069266692,-0.3355878063014919,-0.5568037075857005,-0.10064782543684138,-0.1515064576306838,-0.01952579188582273,1.0,0.0,0.0,1.0,0.0,0.0,0.0,0.0,0.0,1.0
window_07_17pct::Cu3gJY2a68ol1Ik44k,window_07_17pct,1783714381.34989,1,-0.08449844054781325,-0.3258274414132764,-0.7379063557416712,-0.35315482144703725,-0.6077235520265416,-0.2496967339983619,-0.23705275592915023,1525.4736783412168,1.0,0.0,0.0,1.0,0.0,0.0,0.0,1.0,0.0,0.0
window_10_0pct::CeRM7k2T06g6Asf2d7,window_10_0pct,1784125806.287671,0,-0.38935112063240634,-0.1895889214650716,-0.4767545214457448,-0.2477527305737651,-0.42950409648359805,0.10204774736918769,-0.06538615119416008,-0.0957365241211927,1.0,0.0,0.0,1.0,0.0,0.0,0.0,0.0,0.0,1.0
window_10_0pct::CafMGy283QsnPgUPe1,window_10_0pct,1784125969.600471,0,-0.38869246012160524,-0.36984938277479434,-0.7379063557416712,-0.4058558668836733,-0.684103318687803,-0.24979859986280267,-0.2184219503095272,-0.6040302242810942,1.0,0.0,0.0,0.0,1.0,0.0,0.0,0.0,0.0,1.0
window_10_0pct::CTIi2ZcdL7lewwoSa,window_10_0pct,1784125618.297524,0,-0.36273162830625755,-0.27825870856765517,1.1454757210097604,0.3670927995203225,0.9198717811986885,-0.2474011331051503,-0.2286567152117255,-0.5682164097021682,1.0,0.0,0.0,1.0,0.0,0.0,0.0,0.0,0.0,1.0
window_10_0pct::CXFScF4Ejofo1aJokc,window_10_0pct,1784124606.743958,0,-0.38971188938382484,-0.3631730693929528,-0.7368866463097827,-0.4585569123203094,-0.7095632409082235,4.167176192518054,4.24157319930013,4.119297628905474,0.0,1.0,1.0,0.0,0.0,0.0,0.0,0.0,0.0,1.0
window_10_0pct::CjEzm01QVfjryNh1Al,window_10_0pct,1784124440.694882,0,0.04825866333469934,0.009865940817445662,-0.20100809590591537,-0.036948548827220776,-0.14944495205897249,-0.2491862821494117,-0.23688949592532824,-0.08320549092470754,1.0,0.0,0.0,1.0,0.0,0.0,0.0,0.0,0.0,1.0
window_10_0pct::Caja1A2mrXkcr1F134,window_10_0pct,1784124037.881404,0,0.6014043757321178,0.1888745933680731,-0.29877273768821855,-0.0720825791183115,-0.225824718720234,-0.2494004588594689,-0.23705145811902142,0.3329324056513745,1.0,0.0,0.0,1.0,0.0,0.0,0.0,0.0,0.0,1.0
window_10_0pct::CvKkRJ1Yxy03KF9Mo4,window_10_0pct,1784124592.379768,0,0.09801152977422178,0.007153688506072518,1.4051617229973472,0.49006190553914,1.1490110811824732,-0.24925267233049977,-0.23662324707489837,-0.47447728449350673,1.0,0.0,0.0,1.0,0.0,0.0,0.0,0.0,0.0,1.0
window_10_0pct::Czq7cE48BvtkdyJgm5,window_10_0pct,1784124708.736431,0,-0.3897120815376206,-0.3631730693929528,-0.7368866463097827,-0.4585569123203094,-0.7095632409082235,5.1367560249919,5.22471028426755,4.119297628905474,0.0,1.0,1.0,0.0,0.0,0.0,0.0,0.0,0.0,1.0
window_10_0pct::C06fpp4bTA44tg0DY6,window_10_0pct,1784125106.030297,0,-0.38912918299837795,-0.36984938277479434,-0.7379063557416712,-0.4058558668836733,-0.684103318687803,-0.24979859986280267,-0.20440216049935367,-0.6040302242810942,1.0,0.0,0.0,0.0,1.0,0.0,0.0,0.0,0.0,1.0
window_10_0pct::CGqKA03jHMBNtrO7Vi,window_10_0pct,1784125565.81852,0,-0.389033031374054,0.0939457624700131,-0.35761846948678,-0.12478362455494757,-0.276744563161075,0.23196004738992557,-0.09652510517594903,0.29408509290422946,1.0,0.0,0.0,1.0,0.0,0.0,0.0,0.0,0.0,1.0
window_10_0pct::C48y7q4d50eRzRts1,window_10_0pct,1784124841.023641,0,-0.38892825417934557,-0.36984938277479434,-0.7379063557416712,-0.4058558668836733,-0.684103318687803,-0.24979859986280267,-0.2127906597718572,-0.6040302242810942,1.0,0.0,0.0,0.0,1.0,0.0,0.0,0.0,0.0,1.0
window_10_0pct::C8ZHQb4koqL5Vg5FRc,window_10_0pct,1784125301.165945,0,1.0482249664942058,0.0042328014015168254,-0.18203725168349105,-0.0720825791183115,-0.09852510761813149,-0.24961486500530347,-0.23708593497811561,-0.10844249068843421,1.0,0.0,0.0,1.0,0.0,0.0,0.0,0.0,0.0,1.0
window_10_0pct::CQk0kA25Csv8mDd5ef,window_10_0pct,1784125955.674453,0,0.34710466914190186,-0.36984938277479434,-0.7379063557416712,-0.38828885173812794,-0.6331834742469621,-0.24979859986280267,-0.23712996543608963,-0.6040302242810942,1.0,0.0,0.0,0.0,1.0,0.0,0.0,0.0,0.0,1.0
window_10_0pct::CTQKzu4pFe9SWuRkV1,window_10_0pct,1784124425.192663,0,-0.38892182770240064,-0.19584796526054812,1.1531235417489236,0.29682473893814104,0.9453317034191091,-0.0944633429757497,0.02874910791559288,-0.5362672954086435,1.0,0.0,0.0,1.0,0.0,0.0,0.0,0.0,0.0,1.0
window_10_0pct::CWSLQp3TJ8SaYEj4aa,window_10_0pct,1784124903.532586,0,0.305666948629992,0.10416886733595802,0.06494487029848564,0.05088652690050602,0.054234425704391534,-0.24931716493443912,-0.23695614240020385,-0.1692286049008897,1.0,0.0,0.0,1.0,0.0,0.0,0.0,0.0,0.0,1.0
window_10_0pct::CV5AcQ22YqATfh45t1,window_10_0pct,1784124503.10198,0,0.5632442438638097,-0.17999172097867436,-0.4118967527883412,-0.21261870028267438,-0.327664407601916,-0.24965789166477506,-0.23708715250212198,-0.1751736298049974,1.0,0.0,0.0,1.0,0.0,0.0,0.0,0.0,0.0,1.0
window_10_0pct::CMQrWt3ihbVdmZxnHg,window_10_0pct,1784125781.069562,0,-0.25744574912452545,-0.279719152119933,-0.6106338722740966,-0.3180207911559465,-0.53134378536528,-0.24931733631716047,-0.23683708141986953,-0.08258807226458642,1.0,0.0,0.0,1.0,0.0,0.0,0.0,0.0,0.0,1.0
window_10_0pct::C6Z0cC3DC8KH9RDjQ9,window_10_0pct,1784124166.224108,0,0.22402682165785584,-0.27909324774038535,-0.5573540544579261,-0.3180207911559465,-0.480423940924439,-0.24969416238145495,-0.23709229835597098,-0.23389149931538947,1.0,0.0,0.0,1.0,0.0,0.0,0.0,0.0,0.0,1.0
window_05_12pct::CMOpMp24fRioDiEaD8,window_05_12pct,1783707881.211249,1,-0.38926292204018204,-0.3531585993201904,-0.6852426123739334,-0.38828885173812794,-0.6077235520265416,-0.22360499742204043,-0.18404269548471117,-0.37072068314587064,1.0,0.0,0.0,1.0,0.0,0.0,0.0,0.0,0.0,1.0
window_10_0pct::Cmb563oE24gId1jgc,window_10_0pct,1784125405.105356,0,-0.11797014790367866,-0.27909324774038535,1.1454757210097604,0.24412369350150498,0.9198717811986885,-0.24956272448890926,-0.23644104064778437,-0.5685427314750969,1.0,0.0,0.0,1.0,0.0,0.0,0.0,0.0,0.0,1.0
window_10_0pct::CTxU5E3w8eu1FmMgij,window_10_0pct,1784125732.896307,0,-0.22528650556931548,-0.36984938277479434,-0.7379063557416712,-0.4058558668836733,-0.684103318687803,-0.24979859986280267,-0.2370460991549558,-0.6040302242810942,1.0,0.0,0.0,0.0,1.0,0.0,0.0,0.0,0.0,1.0
window_10_0pct::CO827W39Pj5yrDAWj,window_10_0pct,1784125688.332613,0,-0.38907201724415846,-0.19584796526054812,1.1531235417489236,0.3319587692292318,0.9453317034191091,-0.05806408033177988,0.10597855940386632,-0.5362672954086435,1.0,0.0,0.0,1.0,0.0,0.0,0.0,0.0,0.0,1.0
window_10_0pct::CUCT7iUuzhjpv34ce,window_10_0pct,1784124927.670059,0,0.8219692096680521,0.5798561957921708,0.933121231818995,0.5251959358302307,0.8434920145374271,-0.2492450395547035,-0.2369374951990853,-0.1854848903289753,1.0,0.0,0.0,1.0,0.0,0.0,0.0,0.0,0.0,1.0
window_05_12pct::CNPuy94mnrYKIIggvf,window_05_12pct,1783706881.137696,1,-0.389252172102834,-0.3531585993201904,-0.6852426123739334,-0.38828885173812794,-0.6077235520265416,-0.2242160843847373,-0.18528195858620228,-0.37072068314587064,1.0,0.0,0.0,1.0,0.0,0.0,0.0,0.0,0.0,1.0
window_10_0pct::C1LheC3UnvbHvgLmPa,window_10_0pct,1784124689.064162,0,-0.17420903761437617,0.27378895419337074,0.7345753078517187,0.29682473893814104,0.6398126367740631,-0.24768923649069238,-0.23618623115053428,-0.2821247222689883,1.0,0.0,0.0,1.0,0.0,0.0,0.0,0.0,0.0,1.0
window_10_0pct::CTipNjY0QRjgzzXUh,window_10_0pct,1784124041.306967,0,-0.09113937180395167,-0.279719152119933,-0.6191102069266692,-0.3355878063014919,-0.5568037075857005,-0.24958540154732858,-0.23703430369458886,-0.04538881986791441,1.0,0.0,0.0,1.0,0.0,0.0,0.0,0.0,0.0,1.0
window_08_22pct::CsNftO2xbU7uYsSFpg,window_08_22pct,1783718127.979549,1,-0.3897129142040686,-0.36984938277479434,-0.7379063557416712,-0.4585569123203094,-0.7095632409082235,-0.24979859986280267,111.73122782240476,-0.6040302242810942,1.0,0.0,0.0,0.0,1.0,0.0,1.0,0.0,0.0,0.0
window_10_0pct::CtZgOo2oUb3vxFTIQe,window_10_0pct,1784124973.368411,0,-0.38920111256923334,-0.17915718180594414,-0.4767545214457448,-0.26531974571931044,-0.42950409648359805,0.01332493760018404,-0.12507025133831076,-0.06632137943601324,1.0,0.0,0.0,1.0,0.0,0.0,0.0,0.0,0.0,1.0
window_10_0pct::CEMpRW2wW5Hgehq13i,window_10_0pct,1784125944.344498,0,-0.18064125782275653,-0.28117959567221085,-0.5940211061129143,-0.3355878063014919,-0.53134378536528,-0.2494990665799168,-0.23697946243377638,-0.1502579767971009,1.0,0.0,0.0,1.0,0.0,0.0,0.0,0.0,0.0,1.0
window_10_0pct::CAPzwXANAzUf4y6F3,window_10_0pct,1784125608.267663,0,-0.3892119052074249,-0.1916752693968971,1.1531235417489236,0.3143917540836864,0.9453317034191091,0.0013476732999383556,0.19223741618938026,-0.5346422851239325,1.0,0.0,0.0,1.0,0.0,0.0,0.0,0.0,0.0,1.0
window_10_0pct::CInSpm44ANI1tjLcxl,window_10_0pct,1784124289.846762,0,-0.38884567074803994,0.08726944908817151,-0.2156026871498185,-0.10721660940940221,-0.174904874279393,0.12244853874092543,-0.12139434653785447,0.04048180823387399,1.0,0.0,0.0,1.0,0.0,0.0,0.0,0.0,0.0,1.0
window_10_0pct::CnL74o1IamF7OcYTGf,window_10_0pct,1784124279.631515,0,-0.3803494091927734,-0.18583349518778575,0.6992466248260841,0.08602055719159674,0.5634328701128016,-0.23591891638201906,-0.22082280930985468,-0.509735247507369,1.0,0.0,0.0,1.0,0.0,0.0,0.0,0.0,0.0,1.0
window_10_0pct::CF7tli3NBxEwdzoDPd,window_10_0pct,1784125689.18658,0,0.7097689643789068,0.46114299847130014,0.6583095399250632,0.3319587692292318,0.5888927923332221,-0.24926480594777378,-0.23696237700557535,-0.1657210986559122,1.0,0.0,0.0,1.0,0.0,0.0,0.0,0.0,0.0,1.0
window_06_15pct::CWCYh52mS4irLp0p2f,window_06_15pct,1783711629.655324,1,-0.38971286082801426,-0.36984938277479434,-0.7379063557416712,-0.4585569123203094,-0.7095632409082235,-0.24979859986280267,49.52656658218218,-0.6040302242810942,1.0,0.0,0.0,0.0,1.0,0.0,1.0,0.0,0.0,0.0
window_03_5pct::Ck2dlR38KphYI6Db9,window_03_5pct,1783699381.644881,1,-0.38971290352885773,-0.36984938277479434,-0.7379063557416712,-0.4585569123203094,-0.7095632409082235,-0.24979859986280267,89.33754977592461,-0.6040302242810942,1.0,0.0,0.0,0.0,1.0,0.0,1.0,0.0,0.0,0.0
window_10_0pct::C0OxVl199DlclLTyzk,window_10_0pct,1784124896.020456,0,-0.3131937712889077,0.09874436271321173,0.2948256153498335,0.06845354204605138,0.25791380346775555,-0.24547355299795756,-0.23522543844136415,-0.26987936010449737,1.0,0.0,0.0,1.0,0.0,0.0,0.0,0.0,0.0,1.0
window_10_0pct::CqRO2D3riF3JXH3qH9,window_10_0pct,1784124876.019652,0,0.12799586991764003,-0.1831212428764126,-0.4118967527883412,-0.23018571542821972,-0.37858425204275703,-0.24954386471584772,-0.2370331171918548,-0.1822426945491089,1.0,0.0,0.0,1.0,0.0,0.0,0.0,0.0,0.0,1.0
window_08_22pct::CLgxya2qgNdBg1dong,window_08_22pct,1783719130.580658,1,-0.07731539005796317,-0.32624471099964153,-0.7379063557416712,-0.35315482144703725,-0.6077235520265416,-0.24970001958254906,-0.23705527723783326,1511.0084867908329,1.0,0.0,0.0,1.0,0.0,0.0,0.0,1.0,0.0,0.0
window_10_0pct::CwSiig22DwXG7CY517,window_10_0pct,1784125969.135791,0,-0.3451478693167908,-0.19397025212190516,-0.6587726550378294,-0.3355878063014919,-0.582263629806121,-0.24701129665107643,-0.23630413371449896,1.0323300114909935,1.0,0.0,0.0,1.0,0.0,0.0,0.0,0.0,0.0,1.0
window_10_0pct::CU51Bv2340J9crvej8,window_10_0pct,1784124647.643674,0,-0.389069807475508,-0.10050186477612301,-0.5306291697638502,-0.23018571542821972,-0.45496401870401854,0.04597932564405277,-0.13308702278965426,0.3528545006392568,1.0,0.0,0.0,1.0,0.0,0.0,0.0,0.0,0.0,1.0
window_10_0pct::CLSEbR3yWapaHuYIsa,window_10_0pct,1784124967.945543,0,0.8293670133750138,0.3382571052867785,0.47057678472510384,0.29682473893814104,0.4361332590106991,-0.24938836643374618,-0.236989845133678,-0.17251810268914144,1.0,0.0,0.0,1.0,0.0,0.0,0.0,0.0,0.0,1.0
window_02_3pct::C9aQUP2yzt1DApXxbf,window_02_3pct,1783695630.901405,1,-0.38971290352885773,-0.36984938277479434,-0.7379063557416712,-0.4585569123203094,-0.7095632409082235,-0.24979859986280267,89.33754977592461,-0.6040302242810942,1.0,0.0,0.0,0.0,1.0,0.0,1.0,0.0,0.0,0.0
window_10_0pct::CJagkU3CCbJohrHYgj,window_10_0pct,1784125975.754308,0,0.3123417523302271,0.17614787098393758,0.342794446541585,0.12115458748268745,0.33429357012901706,-0.2492493320237191,-0.2369308626280106,-0.2319649792803613,1.0,0.0,0.0,1.0,0.0,0.0,0.0,0.0,0.0,1.0
window_10_0pct::C4YCis2zLlCmO9tTub,window_10_0pct,1784124928.530323,0,0.7423409115864275,0.3201058782798967,-0.10094910790186322,0.03331951175496066,-0.07306518539771098,-0.24936815403091292,-0.2370399306684014,0.193668355913667,1.0,0.0,0.0,1.0,0.0,0.0,0.0,0.0,0.0,1.0
window_08_22pct::CwQtwS6P4eVeV3Ufk,window_08_22pct,1783718127.98272,1,-0.3897128394775925,-0.36984938277479434,-0.7379063557416712,-0.4585569123203094,-0.7095632409082235,-0.24979859986280267,40.47861585633162,-0.6040302242810942,1.0,0.0,0.0,0.0,1.0,0.0,1.0,0.0,0.0,0.0
window_05_12pct::CPNv1e4PQ1C88s7wE5,window_05_12pct,1783706880.637608,1,-0.3897129142040686,-0.36984938277479434,-0.7379063557416712,-0.4585569123203094,-0.7095632409082235,-0.24979859986280267,111.73122782240476,-0.6040302242810942,1.0,0.0,0.0,0.0,1.0,0.0,1.0,0.0,0.0,0.0
window_08_22pct::CT0ELl2n9mC9gW3uXd,window_08_22pct,1783718130.718988,1,-0.08593056278713271,-0.3258274414132764,-0.7379063557416712,-0.35315482144703725,-0.6077235520265416,-0.24969625377181578,-0.23705223898665898,1525.4736783412168,1.0,0.0,0.0,1.0,0.0,0.0,0.0,1.0,0.0,0.0
window_10_0pct::CVcsJchSaNucATzoa,window_10_0pct,1784126120.706474,0,0.34453919178993697,-0.006407573050793197,-0.3511178218584913,-0.12478362455494757,-0.276744563161075,-0.24944901362322738,-0.23703217831144235,0.0879283565835996,1.0,0.0,0.0,1.0,0.0,0.0,0.0,0.0,0.0,1.0
window_10_0pct::CWqctb1Bpj4HDgv0Bh,window_10_0pct,1784125333.769981,0,-0.38815814446704106,-0.08944422073744789,-0.6512947858706477,-0.3004537760104012,-0.5568037075857005,-0.12242698130560892,-0.2064117895966015,1.779640379411391,1.0,0.0,0.0,1.0,0.0,0.0,0.0,0.0,0.0,1.0
window_10_0pct::CJAdd91cWCDh6W7Unb,window_10_0pct,1784125496.207562,0,0.12102968633665416,-0.28117959567221085,-0.5955506702607468,-0.3355878063014919,-0.53134378536528,-0.24967598638375746,-0.23708752069859243,-0.14538307351168647,1.0,0.0,0.0,1.0,0.0,0.0,0.0,0.0,0.0,1.0
window_10_0pct::CcgMqw3ckCSa4QTM9k,window_10_0pct,1784124412.078043,0,0.9761123798236239,0.17614787098393758,1.0742022805100586,0.3143917540836864,0.9453317034191091,-0.24951626795498813,-0.23700488508694506,-0.38213712638450115,1.0,0.0,0.0,1.0,0.0,0.0,0.0,0.0,0.0,1.0
window_10_0pct::CZV8Vn1TJZJQNgTQv3,window_10_0pct,1784125705.421191,0,-0.38916072824650466,-0.18458168642869044,-0.4385579056429241,-0.2477527305737651,-0.4040441742631775,-0.012854755887220246,-0.12460961099947532,-0.14827198922784166,1.0,0.0,0.0,1.0,0.0,0.0,0.0,0.0,0.0,1.0
window_10_0pct::Caca5727RWhFkR0wv5,window_10_0pct,1784125886.514984,0,0.3516349724309087,0.451963067571268,1.9408703218292331,0.736000117576775,1.6327496033704627,-0.24901568361333876,-0.23671741113406297,-0.37809943482154307,1.0,0.0,0.0,1.0,0.0,0.0,0.0,0.0,0.0,1.0
window_10_0pct::CQXSSJ28q060HB50a6,window_10_0pct,1784125042.470822,0,0.9858718070557391,0.08893852743363191,-0.03352082171824083,-0.019381533681675417,0.003314581263550526,-0.24956304651693217,-0.2370720413282307,-0.12437288337853507,1.0,0.0,0.0,1.0,0.0,0.0,0.0,0.0,0.0,1.0
window_10_0pct::CLbMbu45AEXy8hsS4b,window_10_0pct,1784124218.466087,0,0.4684139757912088,0.08038450091314737,-0.26794777132009123,-0.0720825791183115,-0.2003647964998135,-0.24942804602750282,-0.23703426307022676,0.10147724228601641,1.0,0.0,0.0,1.0,0.0,0.0,0.0,0.0,0.0,1.0
window_10_0pct::CeVTJE3DgKt8VbzUjg,window_10_0pct,1784124646.040378,0,-0.3892019345604704,-0.18917165187870652,1.1531235417489236,0.3143917540836864,0.9453317034191091,-9.235311367599898e-05,0.18385932056253568,-0.5336672789531058,1.0,0.0,0.0,1.0,0.0,0.0,0.0,0.0,0.0,1.0
window_10_0pct::CyXaG2wJ5Szz5vyH,window_10_0pct,1784125436.263275,0,-0.38256696007199864,-0.10050186477612301,-0.5306291697638502,-0.26531974571931044,-0.45496401870401854,-0.2231781844794801,-0.2291336159977464,0.3528545006392568,1.0,0.0,0.0,1.0,0.0,0.0,0.0,0.0,0.0,1.0
window_10_0pct::CElyuF3ufxp3vnZ7Md,window_10_0pct,1784125732.97832,0,-0.3354921304078752,-0.36984938277479434,-0.7379063557416712,-0.4058558668836733,-0.684103318687803,-0.24979859986280267,-0.23680969352026862,-0.6040302242810942,1.0,0.0,0.0,0.0,1.0,0.0,0.0,0.0,0.0,1.0
window_10_0pct::CkpYzm3SYJj9JUdTCk,window_10_0pct,1784123997.782596,0,-0.056647861553486153,-0.27784143898129005,-0.5573540544579261,-0.3355878063014919,-0.5058838631448596,-0.2496034982440567,-0.23704757010967212,-0.2287861375917246,1.0,0.0,0.0,1.0,0.0,0.0,0.0,0.0,0.0,1.0
window_10_0pct::C5RVFM1jFEfmaUbF92,window_10_0pct,1784124688.315366,0,0.9368278279941703,0.47240927730315785,0.14344125260739704,0.17385563291932354,0.15607411458607354,-0.2493501751409918,-0.2370290538592664,0.09973927881497761,1.0,0.0,0.0,1.0,0.0,0.0,0.0,0.0,0.0,1.0
window_10_0pct::CFHUMz1rVImIMowb1c,window_10_0pct,1784124486.157294,0,-0.2809247438650903,-0.36984938277479434,-0.7379063557416712,-0.4058558668836733,-0.684103318687803,-0.24979859986280267,-0.23698661357187858,-0.6040302242810942,1.0,0.0,0.0,0.0,1.0,0.0,0.0,0.0,0.0,1.0
window_10_0pct::CRTdiP1EPI88FQLZjc,window_10_0pct,1784125731.280196,0,0.47198377698200933,0.791829145665641,0.47537791663357853,0.41979384495695854,0.4615931812311196,-0.2488464700041318,-0.2368794352897572,0.10108232936288662,1.0,0.0,0.0,1.0,0.0,0.0,0.0,0.0,0.0,1.0
window_10_0pct::CBrsQN2OmYG6TiN84c,window_10_0pct,1784124784.1491,0,-0.38971210288804237,-0.3631730693929528,-0.7368866463097827,-0.4585569123203094,-0.7095632409082235,5.271419890613267,5.361257101624136,4.119297628905474,0.0,1.0,1.0,0.0,0.0,0.0,0.0,0.0,0.0,1.0
window_10_0pct::Cq8sdQVaqX4or8lJ6,window_10_0pct,1784124154.099535,0,-0.38971202816156625,-0.3631730693929528,-0.7368866463097827,-0.4585569123203094,-0.7095632409082235,4.827183920115194,4.910809554712181,4.119297628905474,0.0,1.0,1.0,0.0,0.0,0.0,0.0,0.0,0.0,1.0
window_10_0pct::C5zsSc1x2dL3dZgtKb,window_10_0pct,1784125158.344235,0,0.007003841210659124,-0.0041125903257851525,1.3711714086010662,0.47249489039359466,1.1235511589620526,-0.24914749231326147,-0.2365116137215778,-0.4763233307082553,1.0,0.0,0.0,1.0,0.0,0.0,0.0,0.0,0.0,1.0
window_10_0pct::COCK0Q2F155RdWyIPe,window_10_0pct,1784125949.420475,0,1.6393124172959133,0.7886996237679028,-0.018904986527840003,0.7887011630134111,0.23245388124733507,-0.24939533386947418,-0.23699275099444894,0.5825975704255417,1.0,0.0,0.0,1.0,0.0,0.0,0.0,0.0,0.0,1.0
window_10_0pct::CwakGr3nXRqL8jeebh,window_10_0pct,1784125376.553957,0,-0.38938815293892126,-0.275546456256282,-0.6106338722740966,-0.3355878063014919,-0.53134378536528,-0.04474447200380182,-0.11940166302170203,-0.05844723189345181,1.0,0.0,0.0,1.0,0.0,0.0,0.0,0.0,0.0,1.0
window_10_0pct::CZmb7udsgmfkW3Ph9,window_10_0pct,1784124887.29007,0,0.3041285973672854,0.1859537062635174,0.09375166174933378,0.06845354204605138,0.07969434792481203,-0.2492328488771308,-0.2369487942431328,-0.11186860725099619,1.0,0.0,0.0,1.0,0.0,0.0,0.0,0.0,0.0,1.0
window_10_0pct::CHZhqWKtTk3apuyec,window_10_0pct,1784124358.053246,0,-0.3884290065924957,-0.27846734336083767,-0.5573540544579261,-0.3180207911559465,-0.5058838631448596,-0.19953225595579618,-0.2036484165445562,-0.23133881845355705,1.0,0.0,0.0,1.0,0.0,0.0,0.0,0.0,0.0,1.0
window_10_0pct::CD0mNo3gEOcvJO5QE,window_10_0pct,1784125662.881388,0,-0.19594400180436414,-0.0861060640465271,1.2223575633848485,0.3143917540836864,0.9962515478599501,-0.2487643960940578,-0.23605205920879896,-0.497432226402351,1.0,0.0,0.0,1.0,0.0,0.0,0.0,0.0,0.0,1.0
window_10_0pct::CBiCapdtXUaHh4C9k,window_10_0pct,1784125963.351564,0,0.35342298485027807,0.08539173594952856,1.5333052082713265,0.5076289206846853,1.2763106922845755,-0.24936594869049541,-0.23680212045996726,-0.45641794519671836,1.0,0.0,0.0,1.0,0.0,0.0,0.0,0.0,0.0,1.0
window_10_0pct::C6EJyZ3iFKIg9v7J3,window_10_0pct,1784125654.65293,0,-0.13884331299518257,-0.016422043123555573,1.6363171048385556,0.5427629509757761,1.3781503811662577,-0.24880361448683824,-0.2360570295733031,-0.494403277106542,1.0,0.0,0.0,1.0,0.0,0.0,0.0,0.0,0.0,1.0
window_08_22pct::CLNhLz4Zxernk5LPY2,window_08_22pct,1783718127.981347,1,-0.3897129142040686,-0.36984938277479434,-0.7379063557416712,-0.4585569123203094,-0.7095632409082235,-0.24979859986280267,111.73122782240476,-0.6040302242810942,1.0,0.0,0.0,0.0,1.0,0.0,1.0,0.0,0.0,0.0
window_10_0pct::CoqWCt2INfN7W102da,window_10_0pct,1784124922.459872,0,-0.003189533343402005,-0.09758097767156731,-0.3198042447209174,-0.14235063970049294,-0.2512846409406545,-0.2493011078654065,-0.23692738737140856,-0.1244784771707664,1.0,0.0,0.0,1.0,0.0,0.0,0.0,0.0,0.0,1.0
window_10_0pct::CkcVAD174SfU5x54d5,window_10_0pct,1784125633.498787,0,0.27373358186162217,0.09165077974500505,0.19289716005398586,0.0157524966094153,0.15607411458607354,-0.24930731815400933,-0.23696062726892242,-0.2389010053947387,1.0,0.0,0.0,1.0,0.0,0.0,0.0,0.0,0.0,1.0
window_10_0pct::Cv2ZbT1AY8b3JdRDQ,window_10_0pct,1784124652.451531,0,-0.3883867968087079,0.0019378186765087817,-0.19312659175527772,-0.0720825791183115,-0.14944495205897249,-0.051799530610533474,-0.15424155558802596,-0.10145718191837157,1.0,0.0,0.0,1.0,0.0,0.0,0.0,0.0,0.0,1.0
window_10_0pct::CwSBrb2Kd2EApuY8j,window_10_0pct,1784124030.052714,0,-0.3893084838401837,-0.2767982650153773,-0.5573540544579261,-0.3180207911559465,-0.5058838631448596,-0.0873198166571013,-0.13077633360521718,-0.2245316694886705,1.0,0.0,0.0,1.0,0.0,0.0,0.0,0.0,0.0,1.0
window_10_0pct::CxUpYf1TbjEJ7KKeZj,window_10_0pct,1784125487.898668,0,0.8784669625671844,0.2950697030979908,0.1302487618323405,0.12115458748268745,0.13061419236565305,-0.24942830081417444,-0.2370342271430223,-0.039998542593260814,1.0,0.0,0.0,1.0,0.0,0.0,0.0,0.0,0.0,1.0
window_10_0pct::ChPJXc3fXRm1Yk7vYj,window_10_0pct,1784125523.309616,0,-0.3894273843388758,-0.28034505649948066,1.1454757210097604,0.3319587692292318,0.9198717811986885,-0.028442133523765394,0.5329838949183773,-0.5690322141344901,1.0,0.0,0.0,1.0,0.0,0.0,0.0,0.0,0.0,1.0
window_10_0pct::CzlvGA36jyj97c0GYj,window_10_0pct,1784125417.396998,0,-0.3892795540187206,-0.36984938277479434,-0.7379063557416712,-0.4058558668836733,-0.684103318687803,-0.24979859986280267,-0.19303584915157923,-0.6040302242810942,1.0,0.0,0.0,0.0,1.0,0.0,0.0,0.0,0.0,1.0
window_10_0pct::CyY3Yh27deTAT984m1,window_10_0pct,1784125101.359869,0,-0.31776927342074646,-0.013501156018999878,-0.6511248342986663,-0.3004537760104012,-0.5568037075857005,-0.24630038402531443,-0.23649784231248555,2.4192868545313924,1.0,0.0,0.0,1.0,0.0,0.0,0.0,0.0,0.0,1.0
window_10_0pct::CEpxoN3zILW7piyL39,window_10_0pct,1784125433.371581,0,0.03573514645234622,-0.09382555139428142,-0.3243929371644153,-0.1599176548460383,-0.276744563161075,-0.24934038976334702,-0.23696012773386382,-0.11246933809086888,1.0,0.0,0.0,1.0,0.0,0.0,0.0,0.0,0.0,1.0
window_10_0pct::CUjnRD3VlklcxEbqHd,window_10_0pct,1784124370.813506,0,0.16804426511061626,-0.0030694163598724055,-0.15231697053324286,-0.10721660940940221,-0.14944495205897249,-0.24933416472112496,-0.23698239612089442,-0.14277710911068808,1.0,0.0,0.0,1.0,0.0,0.0,0.0,0.0,0.0,1.0
window_10_0pct::CkdzPj2JKT2a5mZeH9,window_10_0pct,1784124409.47108,0,-0.38971182533255966,-0.3631730693929528,-0.7368866463097827,-0.4585569123203094,-0.7095632409082235,3.9171587514398927,3.9880598629248833,4.119297628905474,0.0,1.0,1.0,0.0,0.0,0.0,0.0,0.0,0.0,1.0
window_10_0pct::CJnUS8BhrlbXWgc2j,window_10_0pct,1784125171.77343,0,-0.3894951932783346,-0.27846734336083767,-0.6106338722740966,-0.3180207911559465,-0.53134378536528,0.046575450192165635,-0.0395614467934632,-0.07534582015324605,1.0,0.0,0.0,1.0,0.0,0.0,0.0,0.0,0.0,1.0
window_10_0pct::CpUkAS3OtRcEzL53p1,window_10_0pct,1784124875.577779,0,-0.3892637547066301,-0.18332987766959513,1.1531235417489236,0.3670927995203225,0.9453317034191091,0.04345749762558871,0.27373211992689045,-0.5313922645545104,1.0,0.0,0.0,1.0,0.0,0.0,0.0,0.0,0.0,1.0
window_10_0pct::C9vaoB3zBIwocvRq23,window_10_0pct,1784124857.239581,0,0.1770074390390014,0.10103934543821978,0.41170980898004467,0.15628861777377817,0.3597534923494376,-0.24921176741253304,-0.23685869548221225,-0.30238249228670827,1.0,0.0,0.0,1.0,0.0,0.0,0.0,0.0,0.0,1.0
window_10_0pct::CnFIoq1tDKtES7acP1,window_10_0pct,1784124903.533744,0,0.30565467213748915,0.19742861988855764,1.6620010361542454,0.6657320569945936,1.403610303386678,-0.2492224358308588,-0.2367154889817886,-0.42995367375664645,1.0,0.0,0.0,1.0,0.0,0.0,0.0,0.0,0.0,1.0
window_10_0pct::CajQ8f12aqaWf0YTyl,window_10_0pct,1784125800.265606,0,-0.36263329893891577,-0.28243140443130615,1.1454757210097604,0.3495257843747771,0.9198717811986885,-0.24751866597710548,-0.2288641589062098,-0.5698480185668119,1.0,0.0,0.0,1.0,0.0,0.0,0.0,0.0,0.0,1.0
window_10_0pct::CZmJWZ1fQ6EqlQNLMc,window_10_0pct,1784124105.370577,0,0.1965432137124639,-0.006824842637158296,-0.11259079058258946,-0.019381533681675417,-0.04760526317729048,-0.2493612658788652,-0.2369503699891379,-0.17650214136106565,1.0,0.0,0.0,1.0,0.0,0.0,0.0,0.0,0.0,1.0
window_10_0pct::CPGXn71HcdYrFw8DVh,window_10_0pct,1784125553.838246,0,1.0716578016229603,1.021118783373263,1.802104863306416,0.8238351933045018,1.5563698367092011,-0.24912636435696314,-0.2369203053101092,-0.2007373205617398,1.0,0.0,0.0,1.0,0.0,0.0,0.0,0.0,0.0,1.0
window_10_0pct::CiYq7gl8CWhGngKNk,window_10_0pct,1784125717.764328,0,0.38612539380986527,-0.36984938277479434,-0.7379063557416712,-0.38828885173812794,-0.6331834742469621,-0.24979859986280267,-0.2371315972324993,-0.6040302242810942,1.0,0.0,0.0,0.0,1.0,0.0,0.0,0.0,0.0,1.0
window_08_22pct::CoFsv73yZkJMXA5jsa,window_08_22pct,1783718131.118624,1,-0.09016583527327068,-0.3258274414132764,-0.7379063557416712,-0.3355878063014919,-0.582263629806121,-0.24969480670872649,-0.23703472004365422,1525.4736783412168,1.0,0.0,0.0,1.0,0.0,0.0,0.0,1.0,0.0,0.0
window_10_0pct::CrYU1n35Cwf2rOiwVc,window_10_0pct,1784124197.945053,0,-0.37182466617490034,0.011117749576540959,-0.32341571562552224,-0.14235063970049294,-0.276744563161075,-0.2347573705094199,-0.2320841299744942,0.07282093836243116,1.0,0.0,0.0,1.0,0.0,0.0,0.0,0.0,0.0,1.0
window_10_0pct::C98WMs4hvXeYcgBfP8,window_10_0pct,1784124022.440549,0,-0.38971215626409667,-0.3631730693929528,-0.7368866463097827,-0.4585569123203094,-0.7095632409082235,5.639501123311674,5.734485069065473,4.119297628905474,0.0,1.0,1.0,0.0,0.0,0.0,0.0,0.0,0.0,1.0
window_10_0pct::CBB1xvuwmvp6pGMKd,window_10_0pct,1784124311.890039,0,-0.38860655669971844,-0.1916752693968971,1.1531235417489236,0.3495257843747771,0.9453317034191091,-0.13606284141384944,-0.034058867381016524,-0.5346422851239325,1.0,0.0,0.0,1.0,0.0,0.0,0.0,0.0,0.0,1.0
window_10_0pct::CJKu6l3LhzngTFTk16,window_10_0pct,1784125411.885463,0,-0.33512434804291374,-0.2761723606358297,-0.5955506702607468,-0.3355878063014919,-0.53134378536528,-0.24858661912060742,-0.23646172979076452,-0.11948299911529636,1.0,0.0,0.0,1.0,0.0,0.0,0.0,0.0,0.0,1.0
window_10_0pct::Ct9Tby1UdGNgWtjpbf,window_10_0pct,1784124218.469649,0,0.4683758866388177,0.08205357925860778,-0.01499610037226769,0.0157524966094153,0.02877450348397103,-0.24942665582470086,-0.2370063981181041,-0.14367752228092595,1.0,0.0,0.0,1.0,0.0,0.0,0.0,0.0,0.0,1.0
window_10_0pct::CkXVIL1wv3S0X7ksE7,window_10_0pct,1784125994.583537,0,-0.38622098867657917,-0.36984938277479434,-0.7379063557416712,-0.4058558668836733,-0.684103318687803,-0.24979859986280267,-0.2316856766532331,-0.6040302242810942,1.0,0.0,0.0,0.0,1.0,0.0,0.0,0.0,0.0,1.0
window_10_0pct::CGs7i01kZJjgJsUPd1,window_10_0pct,1784124744.352604,0,-0.07513086828117581,0.10333432816322782,-0.15221075080075447,-0.0720825791183115,-0.14944495205897249,-0.24873626737352417,-0.2368128467746077,-0.009074393221818062,1.0,0.0,0.0,1.0,0.0,0.0,0.0,0.0,0.0,1.0
window_10_0pct::CAPliz134EgqV7jAQ8,window_10_0pct,1784124225.376111,0,-0.3867488671789876,-0.19376161732872263,-0.4767545214457448,-0.2477527305737651,-0.42950409648359805,-0.2078417855644154,-0.21619311185145051,-0.10750258199526445,1.0,0.0,0.0,1.0,0.0,0.0,0.0,0.0,0.0,1.0
window_07_17pct::C11xOv4SsK3dZsXAia,window_07_17pct,1783715378.760113,1,-0.38971289285364685,-0.36984938277479434,-0.7379063557416712,-0.4585569123203094,-0.7095632409082235,-0.24979859986280267,74.4084310782712,-0.6040302242810942,1.0,0.0,0.0,0.0,1.0,0.0,1.0,0.0,0.0,0.0
window_10_0pct::CB2YXB1Sl5ffV9lZZa,window_10_0pct,1784125764.648458,0,-0.24291265582115493,-0.18583349518778575,-0.4118967527883412,-0.2477527305737651,-0.37858425204275703,-0.24891329460428313,-0.23673901249104784,-0.18836921732733883,1.0,0.0,0.0,1.0,0.0,0.0,0.0,0.0,0.0,1.0
window_10_0pct::CWEnrK1McGjRYmkB6k,window_10_0pct,1784124838.481615,0,-0.3887714780324797,-0.2818055000517585,-0.5573540544579261,-0.3355878063014919,-0.5058838631448596,-0.18375157223643487,-0.19653573341797217,-0.24495311638333006,1.0,0.0,0.0,1.0,0.0,0.0,0.0,0.0,0.0,1.0
window_10_0pct::CPAYgb2zDO9XublHG1,window_10_0pct,1784125003.143631,0,2.0369411025993798,0.2781702848502043,0.14720143113748563,0.12115458748268745,0.23245388124733507,-0.24960999842984727,-0.23709542108192266,-0.06486203808773916,1.0,0.0,0.0,1.0,0.0,0.0,0.0,0.0,0.0,1.0
window_10_0pct::CHb0kH1toV8vis9PCk,window_10_0pct,1784125865.663357,0,-0.10672118714817452,-0.36984938277479434,-0.7379063557416712,-0.4058558668836733,-0.684103318687803,-0.24979859986280267,-0.23709483001346715,-0.6040302242810942,1.0,0.0,0.0,0.0,1.0,0.0,0.0,0.0,0.0,1.0
window_10_0pct::C1TpNz3dcTZgqSOpYi,window_10_0pct,1784124167.549402,0,0.3843079178084891,0.2986164945820941,0.14335627682140634,0.05088652690050602,0.13061419236565305,-0.24918865407143087,-0.23697709930739494,-0.045423608146802706,1.0,0.0,0.0,1.0,0.0,0.0,0.0,0.0,0.0,1.0
window_10_0pct::C45DBB23OKl39myBVd,window_10_0pct,1784124960.537847,0,0.2744301500462297,-0.18708530394688103,-0.4767545214457448,-0.2477527305737651,-0.4040441742631775,-0.24960424570241788,-0.237068823417131,-0.08867688939674961,1.0,0.0,0.0,1.0,0.0,0.0,0.0,0.0,0.0,1.0
window_10_0pct::CSpPqv2Tj1aqeVruR5,window_10_0pct,1784124450.994515,0,0.0773116020047483,0.333875774629945,-0.18210098352298407,-0.019381533681675417,-0.14944495205897249,-0.2487343881677038,-0.23689623606562157,0.3283786409429688,1.0,0.0,0.0,1.0,0.0,0.0,0.0,0.0,0.0,1.0
window_10_0pct::CUlAohDDUie0CMTy1,window_10_0pct,1784125212.911044,0,-0.2661073590209881,-0.18583349518778575,-0.4682781867931723,-0.23018571542821972,-0.4040441742631775,-0.24874716626491863,-0.23662088091434436,-0.10145798180734612,1.0,0.0,0.0,1.0,0.0,0.0,0.0,0.0,0.0,1.0
window_08_22pct::CuvBSx2fgNVvr9ZSf,window_08_22pct,1783719128.504338,1,-0.389712882178436,-0.36984938277479434,-0.7379063557416712,-0.4585569123203094,-0.7095632409082235,-0.24979859986280267,63.744774865661626,-0.6040302242810942,1.0,0.0,0.0,0.0,1.0,0.0,1.0,0.0,0.0,0.0
window_10_0pct::Cq78RP1Fi2LjGGzNsk,window_10_0pct,1784124243.330091,0,-0.38644675871131057,-0.09674643849883711,-0.5306291697638502,-0.2477527305737651,-0.45496401870401854,-0.1907447089744772,-0.2181326764936363,0.3661960382446528,1.0,0.0,0.0,1.0,0.0,0.0,0.0,0.0,0.0,1.0
window_10_0pct::COyVJ93MmK9NrcqXV,window_10_0pct,1784126000.715647,0,-0.375891441132635,-0.0007744336348643613,1.23312824425917,0.4373608601025039,1.0217114700803707,-0.2309393869194628,-0.21917454753164511,-0.4661321198393434,1.0,0.0,0.0,1.0,0.0,0.0,0.0,0.0,0.0,1.0
window_10_0pct::CXcPg12onTDPrV0Nta,window_10_0pct,1784124023.964563,0,-0.22314879459220174,-0.36984938277479434,-0.7379063557416712,-0.4058558668836733,-0.684103318687803,-0.24979859986280267,-0.2370475919068058,-0.6040302242810942,1.0,0.0,0.0,0.0,1.0,0.0,0.0,0.0,0.0,1.0
window_10_0pct::CKEMle2QSEmA0bzmBh,window_10_0pct,1784124962.050315,0,1.3696006952656041,0.28526386781841095,0.44423429106798606,0.17385563291932354,0.3852134145698581,-0.24953561074376213,-0.2370618580824054,-0.19591566762749804,1.0,0.0,0.0,1.0,0.0,0.0,0.0,0.0,0.0,1.0
window_10_0pct::CFWBXv11cIFbwy7gce,window_10_0pct,1784125607.296691,0,0.11740009328975966,0.08330538801770307,-0.010896018698216298,-0.0018145185361300583,0.003314581263550526,-0.24916748786130763,-0.23690784958370187,-0.14500564947126235,1.0,0.0,0.0,1.0,0.0,0.0,0.0,0.0,0.0,1.0
window_10_0pct::Caewvh1DRRpF9xksUb,window_10_0pct,1784124085.114805,0,-0.38113022614158254,-0.279719152119933,-0.5573540544579261,-0.3180207911559465,-0.5058838631448596,-0.24238191778994062,-0.2321488189199625,-0.23644418017722194,1.0,0.0,0.0,1.0,0.0,0.0,0.0,0.0,0.0,1.0
window_10_0pct::CZBOJf1ItCepSdLbIc,window_10_0pct,1784125859.029941,0,-0.38956420851662193,-0.10050186477612301,-0.5306291697638502,-0.2477527305737651,-0.45496401870401854,1.029068392961334,0.18069005821745523,0.3528545006392568,1.0,0.0,0.0,1.0,0.0,0.0,0.0,0.0,0.0,1.0
window_10_0pct::C34HCc26nrqWoJrNm7,window_10_0pct,1784124990.65994,0,-0.38949058158723787,-0.09799824725793241,-0.5306291697638502,-0.23018571542821972,-0.45496401870401854,0.6135958234834507,0.06384233548029045,0.36174885904285414,1.0,0.0,0.0,1.0,0.0,0.0,0.0,0.0,0.0,1.0
window_10_0pct::CVj8EF4wU4FPH6liu5,window_10_0pct,1784125427.220048,0,0.10140411178933668,0.36371055005504954,-0.032862259376812884,0.03331951175496066,0.003314581263550526,-0.2487436902661263,-0.23688008790745985,0.16218167561269087,1.0,0.0,0.0,1.0,0.0,0.0,0.0,0.0,0.0,1.0
window_10_0pct::CInUcb3B2wJuDUINN3,window_10_0pct,1784126046.154427,0,-0.3891565862646863,-0.18374714725596025,-0.4767545214457448,-0.26531974571931044,-0.42950409648359805,-0.013559349819408092,-0.1340409791820651,-0.07926404309749215,1.0,0.0,0.0,1.0,0.0,0.0,0.0,0.0,0.0,1.0
window_10_0pct::C5YxIn2x15sh6rh9O6,window_10_0pct,1784125121.087904,0,-0.3809906157337988,-0.19063209543098436,-0.6589426066098109,-0.3355878063014919,-0.582263629806121,-0.23528712683642491,-0.23277721605485466,1.0669756312567944,1.0,0.0,0.0,1.0,0.0,0.0,0.0,0.0,0.0,1.0
window_10_0pct::CFyCyt2zxnyaujAe9d,window_10_0pct,1784125310.140024,0,-0.38956971692543185,0.0013119142969611334,-0.35007686848010516,-0.1599176548460383,-0.3022044853814955,1.5802520214214668,0.3636517274860574,0.10072893023862137,1.0,0.0,0.0,1.0,0.0,0.0,0.0,0.0,0.0,1.0
window_10_0pct::C1WxPB3z8k5OH2WU8,window_10_0pct,1784125625.474741,0,-0.3096568924484363,-0.19376161732872263,-0.4767545214457448,-0.2828867608648558,-0.42950409648359805,-0.24824514150785212,-0.2365054629909057,-0.10750258199526445,1.0,0.0,0.0,1.0,0.0,0.0,0.0,0.0,0.0,1.0
window_10_0pct::CGaUSzbG61fO90wg1,window_10_0pct,1784124286.809182,0,-0.38932461408381125,-0.36984938277479434,-0.7379063557416712,-0.4058558668836733,-0.684103318687803,-0.24979859986280267,-0.18791577071615506,-0.6040302242810942,1.0,0.0,0.0,0.0,1.0,0.0,0.0,0.0,0.0,1.0
window_10_0pct::CK9wes1w2ZxPzOCtbf,window_10_0pct,1784124197.988232,0,-0.3893022174914018,-0.36984938277479434,-0.7379063557416712,-0.4058558668836733,-0.684103318687803,-0.24979859986280267,-0.1906010667242873,-0.6040302242810942,1.0,0.0,0.0,0.0,1.0,0.0,0.0,0.0,0.0,1.0
window_10_0pct::CCpGaa3okjzkGWXdLa,window_10_0pct,1784124167.54793,0,0.38432353564199484,0.09853572792002918,0.05228347818587098,0.0157524966094153,0.054234425704391534,-0.24937122761794717,-0.23698945684306336,-0.16751175463822285,1.0,0.0,0.0,1.0,0.0,0.0,0.0,0.0,0.0,1.0
window_10_0pct::CU7Abb7QEhRlIQykc,window_10_0pct,1784125467.028653,0,1.0041612828855306,0.42525781404390167,0.28184556403975364,0.29682473893814104,0.3088336479085966,-0.24939572816216923,-0.23701148506945804,-0.02982814317665382,1.0,0.0,0.0,1.0,0.0,0.0,0.0,0.0,0.0,1.0
window_10_0pct::ClK6ZU2BBXGG26DJJk,window_10_0pct,1784124536.872583,0,-0.3891334957835702,-0.09173920346245593,-0.5306291697638502,-0.2477527305737651,-0.45496401870401854,0.08916826919840672,-0.12989916333343873,0.38398475505184754,1.0,0.0,0.0,1.0,0.0,0.0,0.0,0.0,0.0,1.0
window_10_0pct::CgvuMp12ddjxqWZRCh,window_10_0pct,1784125106.027259,0,-0.38909716804097283,-0.011623442880356933,1.2322572424527654,0.49006190553914,1.0217114700803707,0.16105762318637107,0.1898718776944194,-0.4701264821820815,1.0,0.0,0.0,1.0,0.0,0.0,0.0,0.0,0.0,1.0
window_10_0pct::C9kbdO3wacrAoOa0u6,window_10_0pct,1784124526.700313,0,-0.2653618022936891,-0.09758097767156731,-0.23134445150459615,-0.1599176548460383,-0.225824718720234,-0.24825223456664422,-0.23647033274905888,-0.20821803411815404,1.0,0.0,0.0,1.0,0.0,0.0,0.0,0.0,0.0,1.0
window_10_0pct::CnEESs2TE83DEEJc0b,window_10_0pct,1784124526.702211,0,-0.2653828004334743,-0.36984938277479434,-0.7379063557416712,-0.4058558668836733,-0.684103318687803,-0.24979859986280267,-0.23700858907770195,-0.6040302242810942,1.0,0.0,0.0,0.0,1.0,0.0,0.0,0.0,0.0,1.0
window_10_0pct::CPpFXT1uEf8ZuCKGn5,window_10_0pct,1784125960.6545,0,-0.32108173797826717,0.013412732301549003,-0.1899187558341287,-0.12478362455494757,-0.14944495205897249,-0.24585458221946238,-0.23576912432162633,-0.08897833875513748,1.0,0.0,0.0,1.0,0.0,0.0,0.0,0.0,0.0,1.0
window_10_0pct::C1KYW11K3o7AHOnre7,window_10_0pct,1784124675.035733,0,-0.11237126668159757,-0.27450328229036924,-0.5955506702607468,-0.3355878063014919,-0.53134378536528,-0.2495557977580673,-0.23702449651586888,-0.11084964098316628,1.0,0.0,0.0,1.0,0.0,0.0,0.0,0.0,0.0,1.0
window_10_0pct::CrC64R2jwIrGpr2oKe,window_10_0pct,1784126034.773175,0,0.18636065314701608,-0.002860781566689856,-0.3410694351650907,-0.12478362455494757,-0.276744563161075,-0.24934867575530134,-0.2369964192397327,0.0769898479079004,1.0,0.0,0.0,1.0,0.0,0.0,0.0,0.0,0.0,1.0
window_10_0pct::ClkkWS2Q9WIDG1EPu4,window_10_0pct,1784125994.583394,0,-0.38621976102732886,-0.36984938277479434,-0.7379063557416712,-0.4058558668836733,-0.684103318687803,-0.24979859986280267,-0.23168760139716896,-0.6040302242810942,1.0,0.0,0.0,0.0,1.0,0.0,0.0,0.0,0.0,1.0
window_10_0pct::CFGP7u4MtcFGsGlPbf,window_10_0pct,1784124409.491932,0,-0.38874907076485943,-0.279719152119933,-0.5573540544579261,-0.3355878063014919,-0.5058838631448596,-0.1837582422484608,-0.19748017361352732,-0.23644418017722194,1.0,0.0,0.0,1.0,0.0,0.0,0.0,0.0,0.0,1.0
window_10_0pct::CuFj7k1AGuC6yiST46,window_10_0pct,1784124243.352409,0,-0.38668378041830115,-0.18917165187870652,1.1531235417489236,0.26169070864705035,0.9453317034191091,-0.20767313368429602,-0.17087109993928667,-0.5336672789531058,1.0,0.0,0.0,1.0,0.0,0.0,0.0,0.0,0.0,1.0
window_10_0pct::C6vfSt2YXt4CBXegu2,window_10_0pct,1784125013.171611,0,-0.3045546860873849,-0.36984938277479434,-0.7379063557416712,-0.4058558668836733,-0.684103318687803,-0.24979859986280267,-0.2369378331151768,-0.6040302242810942,1.0,0.0,0.0,0.0,1.0,0.0,0.0,0.0,0.0,1.0
window_10_0pct::CAE1rn4NrZJ5RnJFA3,window_10_0pct,1784125565.83892,0,-0.38925155294060343,-0.27658963022219474,-0.5573540544579261,-0.2828867608648558,-0.5058838631448596,-0.1070481102254187,-0.12317857837714546,-0.2236807758680597,1.0,0.0,0.0,1.0,0.0,0.0,0.0,0.0,0.0,1.0
window_10_0pct::C5wkud1MaZizKVlCZ,window_10_0pct,1784124181.690022,0,0.36089577123840466,-0.08193336818287611,-0.25554130656544866,-0.08964959426385685,-0.225824718720234,-0.24952769494977758,-0.23702227682183571,-0.1644749254849139,1.0,0.0,0.0,1.0,0.0,0.0,0.0,0.0,0.0,1.0
window_10_0pct::CQopny3ZSQu6HVHIZ6,window_10_0pct,1784125052.558347,0,0.25589348970869746,-0.017882486675833417,1.3809648679364945,0.4022268298114132,1.1490110811824732,-0.24941356626336533,-0.2367921267736646,-0.48169949696987024,1.0,0.0,0.0,1.0,0.0,0.0,0.0,0.0,0.0,1.0
window_10_0pct::CFrT5N2H7gWpaS7T11,window_10_0pct,1784124133.214486,0,0.29292328754903685,-0.18332987766959513,0.16744691214977048,-0.0720825791183115,0.10515427014523254,-0.24960562551559856,-0.23700131932842503,-0.45231168697240814,1.0,0.0,0.0,1.0,0.0,0.0,0.0,0.0,0.0,1.0
window_10_0pct::CZqyMf1sGrZeuXLQie,window_10_0pct,1784124840.681277,0,-0.38878254822615393,-0.18124352973776964,-0.4767545214457448,-0.2477527305737651,-0.42950409648359805,-0.10663055878156993,-0.1703585606672801,-0.07220440837304908,1.0,0.0,0.0,1.0,0.0,0.0,0.0,0.0,0.0,1.0
window_10_0pct::CAdbwe02Fl8GJlVak,window_10_0pct,1784125171.775714,0,-0.3895184759132464,-0.27846734336083767,-0.5573540544579261,-0.3004537760104012,-0.5058838631448596,0.08205639229173117,0.008678824458820705,-0.23133881845355705,1.0,0.0,0.0,1.0,0.0,0.0,0.0,0.0,0.0,1.0
window_10_0pct::Ceodus37yOwt97JfKj,window_10_0pct,1784126036.881266,0,-0.3866591527068195,-0.275546456256282,-0.5573540544579261,-0.3180207911559465,-0.5058838631448596,-0.22798895207562858,-0.22307168918640702,-0.2194263077650056,1.0,0.0,0.0,1.0,0.0,0.0,0.0,0.0,0.0,1.0
window_10_0pct::Cbj1at0jgU5qoQIXj,window_10_0pct,1784125889.489892,0,-0.3893721187721915,-0.18917165187870652,1.1531235417489236,0.24412369350150498,0.9453317034191091,0.12458871008084227,0.3379696370510132,-0.5336672789531058,1.0,0.0,0.0,1.0,0.0,0.0,0.0,0.0,0.0,1.0
