flow_id,window_id,ts,is_attack,duration_scaled,orig_bytes_scaled,resp_bytes_scaled,orig_pkts_scaled,resp_pkts_scaled,bytes_per_sec_scaled,pkts_per_sec_scaled,byte_ratio_scaled,proto_tcp,proto_udp,service_dns,service_http,service_none,service_ssh,conn_state_REJ,conn_state_RSTO,conn_state_S1,conn_state_SF
window_10_0pct::CC2VVg2Y3JOdHLVMil,window_10_0pct,1784124900.351186,0,-0.3232090726504133,-0.1799917209786743,-0.3962187202730566,-0.2126187002826743,-0.3531243298223365,-0.2477823433385297,-0.2360840192912392,-0.1948501089298565,1.0,0.0,0.0,1.0,0.0,0.0,0.0,0.0,0.0,1.0
window_10_0pct::C05OLD2ubyRMMUQO2j,window_10_0pct,1784125042.014415,0,0.293572938181862,-0.0856887944601619,-0.2610647326548443,-0.1247836245549475,-0.2003647964998135,-0.249504884909908,-0.2370224643379717,-0.1651833651991941,1.0,0.0,0.0,1.0,0.0,0.0,0.0,0.0,0.0,1.0
window_10_0pct::CAyTKw2iDCX3oIUMTi,window_10_0pct,1784124334.405142,0,0.2239474834906552,0.0006860099174134,0.2195370689620711,0.0684535420460513,0.2069939590269145,-0.2493721517085361,-0.2369208831250769,-0.3190271158555146,1.0,0.0,0.0,1.0,0.0,0.0,0.0,0.0,0.0,1.0
window_10_0pct::CMx1IDxJLeAX3rArh,window_10_0pct,1784125633.205492,0,-1.0295417563652372e-05,-0.2790932477403853,-0.5815509095187786,-0.3355878063014919,-0.5058838631448596,-0.2496341220621344,-0.2370642604027951,-0.1766183016879016,1.0,0.0,0.0,1.0,0.0,0.0,0.0,0.0,0.0,1.0
window_10_0pct::C67AoO15BObSw4q82e,window_10_0pct,1784125575.136661,0,-0.3890752198074201,-0.0967464384988371,-0.5306291697638502,-0.2477527305737651,-0.4549640187040185,0.0526484625758137,-0.1397008048388012,0.3661960382446528,1.0,0.0,0.0,1.0,0.0,0.0,0.0,0.0,0.0,1.0
window_10_0pct::Cqo6P92THFhm4SgIC2,window_10_0pct,1784125185.3824,0,-0.0871357620689464,0.300076938134372,0.3493163381163714,0.2265566783559596,0.334293570129017,-0.2482348923658584,-0.2365303538081187,-0.1502529907645875,1.0,0.0,0.0,1.0,0.0,0.0,0.0,0.0,0.0,1.0
window_10_0pct::CeOY872WJtsbZrXyL9,window_10_0pct,1784124967.944793,0,0.5675461830418432,-0.0164220431235555,-0.1852875754976354,-0.0545155639727661,-0.1239850298385519,-0.2495378432750123,-0.2370425391394293,-0.133052395297657,1.0,0.0,0.0,1.0,0.0,0.0,0.0,0.0,0.0,1.0
window_10_0pct::ColYoh4sBz4Pt5oHab,window_10_0pct,1784124493.828553,0,0.3421476990247638,0.4696970249917847,0.3049802217757224,0.2441236935015049,0.3597534923494376,-0.2489884208730506,-0.2368945626517395,-0.0111848441912153,1.0,0.0,0.0,1.0,0.0,0.0,0.0,0.0,0.0,1.0
window_10_0pct::CzBoqv2UpALK8FDwef,window_10_0pct,1784125213.870322,0,-0.3228161394886375,-0.3698493827747943,-0.7379063557416712,-0.4058558668836733,-0.684103318687803,-0.2497985998628026,-0.2368765282519464,-0.6040302242810942,1.0,0.0,0.0,0.0,1.0,0.0,0.0,0.0,0.0,1.0
window_10_0pct::CEd8zu1WkkdACuMd38,window_10_0pct,1784124967.945774,0,0.8293644086235611,0.2516736661160205,0.4700669300091596,0.2265566783559596,0.4361332590106991,-0.2494385267937579,-0.2370055325132322,-0.2251212181734888,1.0,0.0,0.0,1.0,0.0,0.0,0.0,0.0,0.0,1.0
window_10_0pct::CBIss5MA1V4N1dXN3,window_10_0pct,1784124502.873441,0,-0.3814987130704614,-0.3698493827747943,-0.7379063557416712,-0.4058558668836733,-0.684103318687803,-0.2497985998628026,-0.2348341885292501,-0.6040302242810942,1.0,0.0,0.0,0.0,1.0,0.0,0.0,0.0,0.0,1.0
window_10_0pct::ClWfMR2PbhLnExrJm3,window_10_0pct,1784125714.566672,0,0.2752361711679075,0.0036068970219691,-0.2150078566478836,-0.0896495942638568,-0.174904874279393,-0.2494019420479026,-0.2370042246865071,-0.0780766822297613,1.0,0.0,0.0,1.0,0.0,0.0,0.0,0.0,0.0,1.0
window_10_0pct::CVK1Fx4BAaASKjHID1,window_10_0pct,1784124038.802476,0,-0.3292587573524071,-0.3698493827747943,-0.7379063557416712,-0.4058558668836733,-0.684103318687803,-0.2497985998628026,-0.2368460617691523,-0.6040302242810942,1.0,0.0,0.0,0.0,1.0,0.0,0.0,0.0,0.0,1.0
window_10_0pct::CCWGly2fMkzDs7mPbe,window_10_0pct,1784124311.890244,0,-0.3886089052461103,-0.1895889214650716,-0.4767545214457448,-0.2653197457193104,-0.429504096483598,-0.1344862684494833,-0.1851958774287899,-0.0957365241211927,1.0,0.0,0.0,1.0,0.0,0.0,0.0,0.0,0.0,1.0
window_10_0pct::CNLE95W0qTatK74Tj,window_10_0pct,1784125610.54129,0,-0.3883190625957252,0.0918594145381876,-0.2606823416178861,-0.0896495942638568,-0.225824718720234,-0.0158594141309984,-0.1617010332912841,0.1084440446038265,1.0,0.0,0.0,1.0,0.0,0.0,0.0,0.0,0.0,1.0
window_10_0pct::CreBKB4Qu1IfMILNg1,window_10_0pct,1784124166.225151,0,0.2240155272847533,-0.3698493827747943,-0.7379063557416712,-0.3882888517381279,-0.6586433964673826,-0.2497985998628026,-0.2371234583680174,-0.6040302242810942,1.0,0.0,0.0,0.0,1.0,0.0,0.0,0.0,0.0,1.0
window_10_0pct::CxQX9i381vbLfMZgGh,window_10_0pct,1784124230.395786,0,-0.3873823128417091,-0.0967464384988371,-0.5306291697638502,-0.2653197457193104,-0.4549640187040185,-0.167039625727769,-0.2125452934705859,0.3661960382446528,1.0,0.0,0.0,1.0,0.0,0.0,0.0,0.0,0.0,1.0
window_10_0pct::CxbixM2TQ2jvc0f0u7,window_10_0pct,1784124234.272325,0,-0.389711964110301,-0.3631730693929528,-0.7368866463097827,-0.4585569123203094,-0.7095632409082235,4.499636660761776,4.578682331182628,4.119297628905474,0.0,1.0,1.0,0.0,0.0,0.0,0.0,0.0,0.0,1.0
window_10_0pct::Cy2HmF2ddoIQxMUeab,window_10_0pct,1784124784.209509,0,0.3172975481741693,-0.0950773601533767,-0.3338040054628856,-0.1599176548460383,-0.276744563161075,-0.2495241194784468,-0.237040685348092,-0.1033032813211103,1.0,0.0,0.0,1.0,0.0,0.0,0.0,0.0,0.0,1.0
window_10_0pct::C6xD1620F3d6H3CrG4,window_10_0pct,1784125104.923294,0,-0.0270753817207197,-0.0041125903257851,1.3696418444532334,0.3319587692292318,1.1235511589620526,-0.2490863038406608,-0.23655592938945,-0.4762306476954211,1.0,0.0,0.0,1.0,0.0,0.0,0.0,0.0,0.0,1.0
window_10_0pct::Cvb0jS1tXbxjaz2HO2,window_10_0pct,1784125468.882422,0,-0.3893439255402787,-0.187085303946881,-0.4767545214457448,-0.2126187002826743,-0.429504096483598,0.0999791922093601,-0.0428234527236566,-0.0886768893967496,1.0,0.0,0.0,1.0,0.0,0.0,0.0,0.0,0.0,1.0
window_10_0pct::COtf992VGPSLAjJl17,window_10_0pct,1784124786.143991,0,-0.3893470960779076,-0.3698493827747943,-0.7379063557416712,-0.4058558668836733,-0.684103318687803,-0.2497985998628026,-0.1848895854242802,-0.6040302242810942,1.0,0.0,0.0,0.0,1.0,0.0,0.0,0.0,0.0,1.0
window_10_0pct::CUnjNC4qkxUqGii9Ig,window_10_0pct,1784125831.40753,0,0.2226744859445935,0.1872055150226127,0.0742922067574629,0.0684535420460513,0.079694347924812,-0.2491561542176506,-0.2369203810522185,-0.0989421924823219,1.0,0.0,0.0,1.0,0.0,0.0,0.0,0.0,0.0,1.0
window_10_0pct::C3GhvW12Phm61ZtaQk,window_10_0pct,1784125043.180514,0,-0.3889072987404038,-0.2784673433608376,-0.5573540544579261,-0.3004537760104012,-0.5058838631448596,-0.169690818664031,-0.1778178279196268,-0.231338818453557,1.0,0.0,0.0,1.0,0.0,0.0,0.0,0.0,0.0,1.0
window_10_0pct::CO95eT2l8HgomCCW23,window_10_0pct,1784124845.359167,0,0.2745005744123521,0.3511924624640966,0.1345612829713686,0.1387216026282328,0.1051542701452325,-0.2490319140620801,-0.2369104728448867,0.004585577984874,1.0,0.0,0.0,1.0,0.0,0.0,0.0,0.0,0.0,1.0
window_10_0pct::Cayy7R1Xh1pPHki4P3,window_10_0pct,1784125587.480968,0,0.2626028810921578,-0.3698493827747943,-0.7379063557416712,-0.3882888517381279,-0.6331834742469621,-0.2497985998628026,-0.2371257625283011,-0.6040302242810942,1.0,0.0,0.0,0.0,1.0,0.0,0.0,0.0,0.0,1.0
window_10_0pct::C7K7yI3tvt4J3lhJZ3,window_10_0pct,1784124058.922407,0,-0.3889743497398907,-0.1885457474991588,-0.5497062337187629,-0.3004537760104012,-0.480423940924439,-0.0764351003099942,-0.172430507391493,0.1053519121344575,1.0,0.0,0.0,1.0,0.0,0.0,0.0,0.0,0.0,1.0
window_10_0pct::CHxLwg4obx7s88jrWb,window_10_0pct,1784125272.336216,0,-0.328063261837276,-0.2761723606358297,-0.5955506702607468,-0.3180207911559465,-0.53134378536528,-0.2487254340894539,-0.2364644292140775,-0.1194829991152963,1.0,0.0,0.0,1.0,0.0,0.0,0.0,0.0,0.0,1.0
window_10_0pct::CewoL43ifEEXeKvIsj,window_10_0pct,1784125316.228795,0,0.3047233133649634,0.1915868456794462,0.1428889099984574,0.1387216026282328,0.181534036806494,-0.2492276043347864,-0.2369214374662255,-0.1346144886426424,1.0,0.0,0.0,1.0,0.0,0.0,0.0,0.0,0.0,1.0
window_10_0pct::C7nufk1u6Ui1Pdv62k,window_10_0pct,1784124973.518724,0,0.0084369348941679,0.8777866804568515,1.345572453071367,0.6305980267035028,1.2253908478437343,-0.2475854746443652,-0.2364058805512334,-0.1630317768108138,1.0,0.0,0.0,1.0,0.0,0.0,0.0,0.0,0.0,1.0
window_10_0pct::CDiT7G4CSwtNDyUUW7,window_10_0pct,1784125376.555727,0,-0.3894068238827363,-0.3698493827747943,-0.7379063557416712,-0.4058558668836733,-0.684103318687803,-0.2497985998628026,-0.174690943534327,-0.6040302242810942,1.0,0.0,0.0,0.0,1.0,0.0,0.0,0.0,0.0,1.0
window_10_0pct::CvtcnJyRvRVOOKgh4,window_10_0pct,1784124409.61643,0,0.3183430249509165,0.3063359819298484,-0.1145027457673802,-0.0545155639727661,-0.0730651853977109,-0.249124129548193,-0.2370003501081098,0.1947444948423656,1.0,0.0,0.0,1.0,0.0,0.0,0.0,0.0,0.0,1.0
window_10_0pct::CCoP0V1yqYwJrBkwab,window_10_0pct,1784124276.508031,0,-0.2676397428408171,-0.27784143898129,-0.5573540544579261,-0.3004537760104012,-0.5058838631448596,-0.2492662837462078,-0.2367707479311617,-0.2287861375917246,1.0,0.0,0.0,1.0,0.0,0.0,0.0,0.0,0.0,1.0
window_10_0pct::Chc8wd4ZyBH2w83iVb,window_10_0pct,1784125053.085619,0,-0.1051639621126463,-0.1731067728036502,-0.6610245133665831,-0.3355878063014919,-0.582263629806121,-0.2493102781423878,-0.2370279897085102,1.2800409956100638,1.0,0.0,0.0,1.0,0.0,0.0,0.0,0.0,0.0,1.0
window_10_0pct::CBLO5l4vzb1rqHxmEi,window_10_0pct,1784125944.893332,0,-0.0769623715096377,-0.1841644168423253,-0.4761596909438099,-0.2477527305737651,-0.4040441742631775,-0.2493792820803305,-0.2369636737373809,-0.0816304320460009,1.0,0.0,0.0,1.0,0.0,0.0,0.0,0.0,0.0,1.0
window_10_0pct::C2athm2RLlYxJ6T6y2,window_10_0pct,1784124421.045181,0,-0.3889270265300952,-0.08798377718517,-0.5306291697638502,-0.2653197457193104,-0.4549640187040185,0.0034941041058877,-0.1641613677645624,0.3973262926572436,1.0,0.0,0.0,1.0,0.0,0.0,0.0,0.0,0.0,1.0
window_10_0pct::CQof5F1TY8xtQzMxL3,window_10_0pct,1784124493.596136,0,-0.0677715060085641,-0.0097457297417139,-0.3500768684801051,-0.1774846699915836,-0.3022044853814955,-0.2490086213123924,-0.2369099434067345,0.0797327328302205,1.0,0.0,0.0,1.0,0.0,0.0,0.0,0.0,0.0,1.0
window_07_17pct::ChfeVCDXFS1obWGw4,window_07_17pct,1783715378.749816,1,-0.38971286082801426,-0.36984938277479434,-0.7379063557416712,-0.4585569123203094,-0.7095632409082235,-0.24979859986280267,49.52656658218218,-0.6040302242810942,1.0,0.0,0.0,0.0,1.0,0.0,1.0,0.0,0.0,0.0
window_10_0pct::CHH9Ec4SDoRHWOfrc6,window_10_0pct,1784125103.478689,0,-0.3722522937720101,-0.007868016603071,-0.3410694351650907,-0.1247836245549475,-0.3022044853814955,-0.2351569454987942,-0.2316859344800282,0.0676979310616605,1.0,0.0,0.0,1.0,0.0,0.0,0.0,0.0,0.0,1.0
window_10_0pct::CKvjri9piQMfK1Rxf,window_10_0pct,1784125313.163662,0,-0.2785870007866574,-0.1864593995673333,-0.3883372161224189,-0.2477527305737651,-0.3531243298223365,-0.2486330663390555,-0.2366030907930657,-0.2176999078983944,1.0,0.0,0.0,1.0,0.0,0.0,0.0,0.0,0.0,1.0
window_10_0pct::CnhMv61TcE2TQWXVX8,window_10_0pct,1784125623.985054,0,-0.3876925664952814,-0.3698493827747943,-0.7379063557416712,-0.4058558668836733,-0.684103318687803,-0.2497985998628026,-0.2276966261867528,-0.6040302242810942,1.0,0.0,0.0,0.0,1.0,0.0,0.0,0.0,0.0,1.0
window_10_0pct::CgMIl41kaZAy9hhd8,window_10_0pct,1784124536.896443,0,-0.3893879287594929,-0.3698493827747943,-0.7379063557416712,-0.4058558668836733,-0.684103318687803,-0.2497985998628026,-0.178322647664027,-0.6040302242810942,1.0,0.0,0.0,0.0,1.0,0.0,0.0,0.0,0.0,1.0
window_10_0pct::C25Z9n1raDyreWPLPb,window_10_0pct,1784124386.045295,0,0.1184623514979976,-0.3698493827747943,-0.7379063557416712,-0.3882888517381279,-0.6586433964673826,-0.2497985998628026,-0.2371153677190688,-0.6040302242810942,1.0,0.0,0.0,0.0,1.0,0.0,0.0,0.0,0.0,1.0
window_10_0pct::CTxU5E3w8eu1FmMgij,window_10_0pct,1784125732.896307,0,-0.2252865055693154,-0.3698493827747943,-0.7379063557416712,-0.4058558668836733,-0.684103318687803,-0.2497985998628026,-0.2370460991549558,-0.6040302242810942,1.0,0.0,0.0,0.0,1.0,0.0,0.0,0.0,0.0,1.0
window_10_0pct::CSkaMgpNLewHuWus,window_10_0pct,1784124769.701382,0,-0.3119381743365673,0.8517073313090328,0.6881572847542975,0.5251959358302307,0.6143527145536426,-0.2387058428774902,-0.2336583790067478,0.0267977079650104,1.0,0.0,0.0,1.0,0.0,0.0,0.0,0.0,0.0,1.0
window_10_0pct::CXprQf2EbEgJl66Ch2,window_10_0pct,1784124904.795029,0,-0.2154115191795111,-0.2749205518767343,-0.5940211061129143,-0.3355878063014919,-0.53134378536528,-0.2494139533209626,-0.236942967413239,-0.1182269946217601,1.0,0.0,0.0,1.0,0.0,0.0,0.0,0.0,0.0,1.0
window_10_0pct::Cwi8nd2IRMLWG16Ff3,window_10_0pct,1784125052.55747,0,0.25590294794553,0.2456232571137265,-0.0905608180644998,-0.0193815336816754,-0.0730651853977109,-0.2491253144578149,-0.2369698655411423,0.0961357435204415,1.0,0.0,0.0,1.0,0.0,0.0,0.0,0.0,0.0,1.0
window_10_0pct::CfKIR44Ex4VvaKz7Z5,window_10_0pct,1784124921.752057,0,-0.3892716116618319,-0.1958479652605481,1.1531235417489236,0.3846598146658678,0.9453317034191092,0.0286461320783387,0.2936603286914401,-0.5362672954086435,1.0,0.0,0.0,1.0,0.0,0.0,0.0,0.0,0.0,1.0
window_10_0pct::C9qYZIT6sYbtoqygg,window_10_0pct,1784125583.232796,0,0.1926597107749793,0.110636545924617,-0.1821222274694817,-0.0720825791183115,-0.1494449520589724,-0.2492159007473686,-0.2369735853233765,0.0326195509842431,1.0,0.0,0.0,1.0,0.0,0.0,0.0,0.0,0.0,1.0
window_10_0pct::CL3aMb2T5BdUdmGRb2,window_10_0pct,1784125021.796726,0,-0.389712049511988,-0.3631730693929528,-0.7368866463097827,-0.4585569123203094,-0.7095632409082235,4.94664233234997,5.031938306822958,4.119297628905474,0.0,1.0,1.0,0.0,0.0,0.0,0.0,0.0,0.0,1.0
window_10_0pct::CnX9CF2xS4EwjiK8g3,window_10_0pct,1784126117.226105,0,-0.2675200630517313,-0.2790932477403853,-0.5815509095187786,-0.2653197457193104,-0.5058838631448596,-0.249274040417038,-0.2366928758464564,-0.1766183016879016,1.0,0.0,0.0,1.0,0.0,0.0,0.0,0.0,0.0,1.0
window_10_0pct::CgIOKQEcfHbwLdTz,window_10_0pct,1784126000.656179,0,-0.3752496474550116,-0.1048831954329565,-0.5122106681503654,-0.2477527305737651,-0.4549640187040185,-0.2368599950672448,-0.2328649923540278,0.2604776942594943,1.0,0.0,0.0,1.0,0.0,0.0,0.0,0.0,0.0,1.0
window_10_0pct::CP5wlu4ufFwNh4PXlh,window_10_0pct,1784124167.938042,0,0.1152497855638169,0.0931112232972829,0.0313369469391628,-0.0193815336816754,0.0033145812635505,-0.2491510855518187,-0.2369162338883837,-0.1608187685038194,1.0,0.0,0.0,1.0,0.0,0.0,0.0,0.0,0.0,1.0
window_10_0pct::CmtOEH2qSYHCpQ4Uqi,window_10_0pct,1784124199.515807,0,-0.3892858203675025,-0.1916752693968971,1.1531235417489236,0.296824738938141,0.9453317034191092,0.0448080550698778,0.255350753077745,-0.5346422851239325,1.0,0.0,0.0,1.0,0.0,0.0,0.0,0.0,0.0,1.0
window_10_0pct::CFcWTe4saaiF5D5Pw5,window_10_0pct,1784125043.158683,0,-0.3886746431946599,-0.0967464384988371,-0.5306291697638502,-0.2653197457193104,-0.4549640187040185,-0.0640342110850129,-0.1819057607612845,0.3661960382446528,1.0,0.0,0.0,1.0,0.0,0.0,0.0,0.0,0.0,1.0
window_10_0pct::CAH5CT3G6PgkTrOwRi,window_10_0pct,1784124565.869216,0,-0.3890799916266799,-0.0967464384988371,-0.5306291697638502,-0.2301857154282197,-0.4549640187040185,0.0549285603430048,-0.1314124925855027,0.3661960382446528,1.0,0.0,0.0,1.0,0.0,0.0,0.0,0.0,0.0,1.0
window_10_0pct::CwItevX1iABBWKFQ2,window_10_0pct,1784124508.85319,0,-0.3797906793309449,-0.1837471472559602,-0.4767545214457448,-0.2301857154282197,-0.429504096483598,-0.2365519856844259,-0.2304163755902142,-0.0792640430974921,1.0,0.0,0.0,1.0,0.0,0.0,0.0,0.0,0.0,1.0
window_10_0pct::CI3Z93khqCWBbdL5e,window_10_0pct,1784125825.13424,0,-0.3376257848048575,0.3845740293733045,-0.016738103985077,0.050886526900506,-0.0221453409568699,-0.2395692260978447,-0.234408673606988,0.1663558462707505,1.0,0.0,0.0,1.0,0.0,0.0,0.0,0.0,0.0,1.0
window_10_0pct::CkwEzqECrLW6ehEbk,window_10_0pct,1784126087.46598,0,-0.1500268347080414,-0.2790932477403853,-0.5940211061129143,-0.3355878063014919,-0.53134378536528,-0.2495311774685125,-0.2370028298028305,-0.1395809827386539,1.0,0.0,0.0,1.0,0.0,0.0,0.0,0.0,0.0,1.0
window_10_0pct::CrHn6ek8TOVG1dyo4,window_10_0pct,1784124595.783464,0,-0.3892603066135184,-0.3698493827747943,-0.7379063557416712,-0.4058558668836733,-0.684103318687803,-0.2497985998628026,-0.1949121802020557,-0.6040302242810942,1.0,0.0,0.0,0.0,1.0,0.0,0.0,0.0,0.0,1.0
window_10_0pct::CPhPQZ1RQpXJ6G3SDe,window_10_0pct,1784124887.291596,0,0.3041132143884189,0.1874141498157952,2.1614887062075945,0.7535671327223203,1.8109690589134064,-0.2492313497178565,-0.2366800411500224,-0.462485820509625,1.0,0.0,0.0,1.0,0.0,0.0,0.0,0.0,0.0,1.0
window_10_0pct::CVflvk44AmjAHv5V37,window_10_0pct,1784125805.580984,0,-0.2107334709720361,-0.0016089728075945,0.0829384929820168,-0.0369485488272207,0.0542344257043915,-0.2483455087106128,-0.2364945758189806,-0.2736593251295994,1.0,0.0,0.0,1.0,0.0,0.0,0.0,0.0,0.0,1.0
window_10_0pct::CSIBiO1EHYvspKPGqk,window_10_0pct,1784124653.74262,0,0.2678539319183972,0.622834963187776,1.9776011053237144,0.8765362387411378,1.7091293700317245,-0.2487324066682154,-0.2366025458228523,-0.3348151139094702,1.0,0.0,0.0,1.0,0.0,0.0,0.0,0.0,0.0,1.0
window_10_0pct::CTJ3D247m6hRDCQDXg,window_10_0pct,1784125660.233441,0,-0.3832712037332231,-0.3698493827747943,-0.7379063557416712,-0.4058558668836733,-0.684103318687803,-0.2497985998628026,-0.2341935631124602,-0.6040302242810942,1.0,0.0,0.0,0.0,1.0,0.0,0.0,0.0,0.0,1.0
window_10_0pct::CT3Hma2hlFJHSAUyM5,window_10_0pct,1784124596.39348,0,-0.2662496916075442,-0.2790932477403853,-0.5306929016033433,-0.3004537760104012,-0.480423940924439,-0.2492794378552077,-0.2367751575856026,-0.2815105766943704,1.0,0.0,0.0,1.0,0.0,0.0,0.0,0.0,0.0,1.0
window_10_0pct::CQQayF2ftLAub8M668,window_10_0pct,1784124533.136213,0,-0.38829781892609,-0.2784673433608376,-0.5573540544579261,-0.3355878063014919,-0.5058838631448596,-0.2041921014652762,-0.2101338387698612,-0.231338818453557,1.0,0.0,0.0,1.0,0.0,0.0,0.0,0.0,0.0,1.0
window_10_0pct::CctEfU3GFDt7zFkSrl,window_10_0pct,1784125903.811458,0,-0.3058948307098313,-0.0913219338760908,-0.2877258855094272,-0.1599176548460383,-0.2512846409406545,-0.247451699116723,-0.2361356558959051,-0.1484094541847734,1.0,0.0,0.0,1.0,0.0,0.0,0.0,0.0,0.0,1.0
window_10_0pct::CR5d384RMe08ToHlY4,window_10_0pct,1784124308.63551,0,-0.3895332504050932,-0.3698493827747943,-0.7379063557416712,-0.4058558668836733,-0.684103318687803,-0.2497985998628026,-0.1307412240793929,-0.6040302242810942,1.0,0.0,0.0,0.0,1.0,0.0,0.0,0.0,0.0,1.0
window_10_0pct::CWwYcy25WU5ApYfs9a,window_10_0pct,1784125060.411593,0,-0.3879752140535388,-0.279719152119933,-0.5573540544579261,-0.3180207911559465,-0.5058838631448596,-0.2131675267795313,-0.2124002293728183,-0.2364441801772219,1.0,0.0,0.0,1.0,0.0,0.0,0.0,0.0,0.0,1.0
window_10_0pct::Cx2gkA3dia6iVKCl4a,window_10_0pct,1784124108.941079,0,0.0037700636324757,-0.0975809776715673,-0.2774225714580545,-0.1423506397004929,-0.2512846409406545,-0.2493099070857537,-0.2369315442540725,-0.1686130776913691,1.0,0.0,0.0,1.0,0.0,0.0,0.0,0.0,0.0,1.0
window_10_0pct::CqUF5220FKEE3Goc1g,window_10_0pct,1784124161.392654,0,0.3661999205635212,0.19680271550901,-0.0168655676640631,-0.0193815336816754,-0.0221453409568699,-0.2492691687901568,-0.2369979601418387,-0.0252861866456783,1.0,0.0,0.0,1.0,0.0,0.0,0.0,0.0,0.0,1.0
window_10_0pct::C5yk8Z2P3jVvrPuy1,window_10_0pct,1784125714.565789,0,0.2752457148064271,0.6491229471287773,1.651952649460845,0.8062681781589565,1.403610303386678,-0.24871633787189,-0.2366375299116855,-0.2900307597083732,1.0,0.0,0.0,1.0,0.0,0.0,0.0,0.0,0.0,1.0
window_10_0pct::CqU0t4372YyKwb4KBd,window_10_0pct,1784124280.717368,0,0.1767398969041279,0.3587033150186683,1.1297127127084852,0.4373608601025039,0.99625154785995,-0.2488902317698577,-0.2367235040514957,-0.3167469196086845,1.0,0.0,0.0,1.0,0.0,0.0,0.0,0.0,0.0,1.0
window_10_0pct::CA0yhG4GUW5MqqkwXd,window_10_0pct,1784124936.365005,0,-0.2145041582810255,-0.3698493827747943,-0.7379063557416712,-0.4058558668836733,-0.684103318687803,-0.2497985998628026,-0.2370532569226607,-0.6040302242810942,1.0,0.0,0.0,0.0,1.0,0.0,0.0,0.0,0.0,1.0
window_10_0pct::C2ZC2w3l7ArlClPPV7,window_10_0pct,1784124647.718088,0,-0.1162685299658961,0.2631485797410607,1.7792676208214149,0.683299072140139,1.5054499922683602,-0.2481636745984043,-0.2360084075019036,-0.4188357303834461,1.0,0.0,0.0,1.0,0.0,0.0,0.0,0.0,0.0,1.0
window_10_0pct::Cycxw228IX0DbBAyTb,window_10_0pct,1784124566.121181,0,-0.3259918866205207,0.5473091680556931,0.4836418118211743,0.2616907086470503,0.4106733367902785,-0.2396331634755985,-0.2340110492796697,-0.0511017865268642,1.0,0.0,0.0,1.0,0.0,0.0,0.0,0.0,0.0,1.0
window_10_0pct::CoWefG11eqXNkMJyUh,window_10_0pct,1784125954.722553,0,-0.3893660018763619,-0.3698493827747943,-0.7379063557416712,-0.4058558668836733,-0.684103318687803,-0.2497985998628026,-0.1820412062262145,-0.6040302242810942,1.0,0.0,0.0,0.0,1.0,0.0,0.0,0.0,0.0,1.0
window_10_0pct::CI9W8A2anyG19lUlol,window_10_0pct,1784125405.008919,0,-0.1369761118615647,0.6405689206082927,0.6399760140975692,0.4197938449569585,0.5888927923332221,-0.246975037955144,-0.236197618415901,-0.0639913513180729,1.0,0.0,0.0,1.0,0.0,0.0,0.0,0.0,0.0,1.0
window_10_0pct::CQPhoq3vhq0CarjLn5,window_10_0pct,1784125414.030154,0,-0.060307355866033,-0.3698493827747943,-0.7379063557416712,-0.4058558668836733,-0.684103318687803,-0.2497985998628026,-0.2371043521524126,-0.6040302242810942,1.0,0.0,0.0,0.0,1.0,0.0,0.0,0.0,0.0,1.0
window_10_0pct::Cp5AxQupudf1hBfgj,window_10_0pct,1784124772.852495,0,0.4895890144957507,-0.3698493827747943,-0.7379063557416712,-0.3882888517381279,-0.6331834742469621,-0.2497985998628026,-0.2371352228357255,-0.6040302242810942,1.0,0.0,0.0,0.0,1.0,0.0,0.0,0.0,0.0,1.0
window_10_0pct::CRx0g60itbvwV3cYl,window_10_0pct,1784125477.509358,0,0.2572166500706466,-0.2811795956722108,-0.5955506702607468,-0.3180207911559465,-0.53134378536528,-0.2497017980906943,-0.2370958953366529,-0.1453830735116864,1.0,0.0,0.0,1.0,0.0,0.0,0.0,0.0,0.0,1.0
window_10_0pct::CqZZee4nZzDlwrnX1d,window_10_0pct,1784125587.511774,0,-0.385232197269562,-0.3698493827747943,-0.7379063557416712,-0.4058558668836733,-0.684103318687803,-0.2497985998628026,-0.2328942545079846,-0.6040302242810942,1.0,0.0,0.0,0.0,1.0,0.0,0.0,0.0,0.0,1.0
window_10_0pct::C4nGlHhogAJQpQYOd,window_10_0pct,1784125448.672942,0,0.2153678271880568,-0.2811795956722108,-0.5573540544579261,-0.3180207911559465,-0.5058838631448596,-0.249695103050425,-0.2370912950249805,-0.2424004355214976,1.0,0.0,0.0,1.0,0.0,0.0,0.0,0.0,0.0,1.0
window_10_0pct::CyRv974UzGXuZ1hAf5,window_10_0pct,1784125416.092896,0,-0.38969395502956,-0.271373760392631,-0.7164074818860234,-0.3707218365925826,-0.6331834742469621,3.410335006183133,1.2725237504409672,2.7659452997964893,1.0,0.0,0.0,1.0,0.0,0.0,0.0,0.0,0.0,1.0
window_10_0pct::Cpy2AE1TVwG2SjUUzd,window_10_0pct,1784125267.675337,0,-0.3892460231813717,-0.1854162256014206,-0.4767545214457448,-0.2653197457193104,-0.429504096483598,0.0291655716953161,-0.1142890050769376,-0.0839704662471209,1.0,0.0,0.0,1.0,0.0,0.0,0.0,0.0,0.0,1.0
window_10_0pct::CEsNE83RIyhTOel1ua,window_10_0pct,1784124184.843613,0,0.6689631950001963,0.5381292371556609,1.1124201402593772,0.4549278752480493,0.9453317034191092,-0.2491928725433911,-0.2369230538254464,-0.2426495490384387,1.0,0.0,0.0,1.0,0.0,0.0,0.0,0.0,0.0,1.0
window_10_0pct::CWkHS8d7jLcr6dCCc,window_10_0pct,1784125825.292707,0,-0.3393173253435769,-0.0856887944601619,-0.3198042447209174,-0.1599176548460383,-0.2512846409406545,-0.2458162847638289,-0.2354547102993538,-0.1035325387912348,1.0,0.0,0.0,1.0,0.0,0.0,0.0,0.0,0.0,1.0
window_10_0pct::CWbu8q2UAaDSnB2Fsb,window_10_0pct,1784126143.512043,0,-0.0825253092967128,-0.2790932477403853,-0.5940211061129143,-0.3355878063014919,-0.53134378536528,-0.2495899409626969,-0.2370378960124949,-0.1395809827386539,1.0,0.0,0.0,1.0,0.0,0.0,0.0,0.0,0.0,1.0
window_10_0pct::Cf5HIm2rut9dTv4DRf,window_10_0pct,1784125800.269095,0,-0.3626711959375113,-0.3698493827747943,-0.7379063557416712,-0.4058558668836733,-0.684103318687803,-0.2497985998628026,-0.2364551861264635,-0.6040302242810942,1.0,0.0,0.0,0.0,1.0,0.0,0.0,0.0,0.0,1.0
window_10_0pct::CfCMrz3jgOWim3hGYg,window_10_0pct,1784125294.460999,0,0.0151834226354084,-0.0913219338760908,-0.3203990752228523,-0.1423506397004929,-0.276744563161075,-0.2493127648866402,-0.236938051977347,-0.1127554018591328,1.0,0.0,0.0,1.0,0.0,0.0,0.0,0.0,0.0,1.0
window_10_0pct::ClkJ7w1Hkq72kuDQ4f,window_10_0pct,1784124292.93475,0,0.2471430086817256,-0.07734340273286,-0.479622454222931,-0.2301857154282197,-0.429504096483598,-0.2494742167796288,-0.2370573061270248,0.2299281009774869,1.0,0.0,0.0,1.0,0.0,0.0,0.0,0.0,0.0,1.0
window_10_0pct::Cfi9fp4rNa9GhGGA3,window_10_0pct,1784125134.372067,0,-0.3897121028880423,-0.3631730693929528,-0.7368866463097827,-0.4585569123203094,-0.7095632409082235,5.271419890613267,5.361257101624136,4.119297628905474,0.0,1.0,1.0,0.0,0.0,0.0,0.0,0.0,0.0,1.0
window_10_0pct::C3Hheb2ntDgzs8OY35,window_10_0pct,1784124697.661674,0,-0.1788715427148216,-0.279719152119933,-0.5955506702607468,-0.3355878063014919,-0.53134378536528,-0.2494966886579613,-0.2369809980194955,-0.1378288851460726,1.0,0.0,0.0,1.0,0.0,0.0,0.0,0.0,0.0,1.0
window_10_0pct::CTRtyn2hdWbuM2yBO2,window_10_0pct,1784124573.156542,0,-0.2374796033247591,0.6676914437220242,0.5178658096289297,0.4022268298114132,0.4615931812311196,-0.2449851101321921,-0.2355920758363746,0.0044264399049473,1.0,0.0,0.0,1.0,0.0,0.0,0.0,0.0,0.0,1.0
window_10_0pct::C1KYW11K3o7AHOnre7,window_10_0pct,1784124675.035733,0,-0.1123712666815975,-0.2745032822903692,-0.5955506702607468,-0.3355878063014919,-0.53134378536528,-0.2495557977580673,-0.2370244965158688,-0.1108496409831662,1.0,0.0,0.0,1.0,0.0,0.0,0.0,0.0,0.0,1.0
window_10_0pct::CoYMs332sY3WQajzO1,window_10_0pct,1784125165.306963,0,-0.3897099037946027,-0.3631730693929528,-0.7368866463097827,-0.4585569123203094,-0.7095632409082235,1.2945981806899445,1.3288290617859315,4.119297628905474,0.0,1.0,1.0,0.0,0.0,0.0,0.0,0.0,0.0,1.0
window_10_0pct::C3Un5F3T6cQWLXLJR7,window_10_0pct,1784125343.590178,0,-0.3892155881551757,-0.1837471472559602,-0.4767545214457448,-0.2653197457193104,-0.429504096483598,0.0144652543957803,-0.1218078837750542,-0.0792640430974921,1.0,0.0,0.0,1.0,0.0,0.0,0.0,0.0,0.0,1.0
window_10_0pct::CCAdB74PZn5W2g2LF7,window_10_0pct,1784124729.427707,0,0.3485628602461706,0.3522356364300093,-0.0236211426503239,0.0684535420460513,0.0033145812635505,-0.249107828441869,-0.2369616510349887,0.1404384284056555,1.0,0.0,0.0,1.0,0.0,0.0,0.0,0.0,0.0,1.0
window_10_0pct::Clq0aW2q7L39UjFSW,window_10_0pct,1784124097.385022,0,-0.3893489108637559,-0.1791571818059441,-0.4767545214457448,-0.2828867608648558,-0.429504096483598,0.1201499149087011,-0.0926955408906929,-0.0663213794360132,1.0,0.0,0.0,1.0,0.0,0.0,0.0,0.0,0.0,1.0
window_10_0pct::CH9F5a1I5mLFbC4Qrb,window_10_0pct,1784124477.634886,0,0.4886488379990446,-0.0957032645329243,-0.3494820379781702,-0.1774846699915836,-0.276744563161075,-0.2495781685268615,-0.2370698747097654,-0.0842801095093032,1.0,0.0,0.0,1.0,0.0,0.0,0.0,0.0,0.0,1.0
window_10_0pct::COBeBK1d7XzMOOtWy6,window_10_0pct,1784124533.134985,0,-0.3882848271944588,-0.187085303946881,-0.4767545214457448,-0.2828867608648558,-0.429504096483598,-0.1594153699768511,-0.2003362089925648,-0.0886768893967496,1.0,0.0,0.0,1.0,0.0,0.0,0.0,0.0,0.0,1.0
window_10_0pct::Caca5727RWhFkR0wv5,window_10_0pct,1784125886.514984,0,0.3516349724309087,0.451963067571268,1.9408703218292331,0.736000117576775,1.6327496033704627,-0.2490156836133387,-0.2367174111340629,-0.378099434821543,1.0,0.0,0.0,1.0,0.0,0.0,0.0,0.0,0.0,1.0
window_10_0pct::CWNuam1aYTiZ7WphD1,window_10_0pct,1784125732.976637,0,-0.3354740679510797,-0.2761723606358297,1.1454757210097604,0.2265566783559596,0.9198717811986884,-0.2485788045469309,-0.2336364198444551,-0.5674006052698465,1.0,0.0,0.0,1.0,0.0,0.0,0.0,0.0,0.0,1.0
window_10_0pct::CInxrp1A2gw97ZUBpl,window_10_0pct,1784124166.224662,0,0.2240204058561217,-0.3698493827747943,-0.7379063557416712,-0.3882888517381279,-0.6586433964673826,-0.2497985998628026,-0.2371234586776442,-0.6040302242810942,1.0,0.0,0.0,0.0,1.0,0.0,0.0,0.0,0.0,1.0
window_10_0pct::CATVkW2vJG3qkLNXrl,window_10_0pct,1784124717.060489,0,-0.3892903680073339,-0.1895889214650716,-0.4767545214457448,-0.2653197457193104,-0.429504096483598,0.0514652797771789,-0.1013951505820821,-0.0957365241211927,1.0,0.0,0.0,1.0,0.0,0.0,0.0,0.0,0.0,1.0
window_10_0pct::C34snu3ihZAMRtZg0k,window_10_0pct,1784125703.296612,0,0.0052121565187496,0.1703060967748262,-0.2709431677762635,-0.0896495942638568,-0.225824718720234,-0.2488326185967927,-0.236896067897162,0.2478117583397733,1.0,0.0,0.0,1.0,0.0,0.0,0.0,0.0,0.0,1.0
window_10_0pct::COZ22C1fDMJbHCmTNd,window_10_0pct,1784124251.710553,0,1.0440466996341244,0.3749768288869072,0.2621524256364084,0.2089896632104142,0.283373725688176,-0.2494317036193273,-0.2370323570663696,-0.0555476234349051,1.0,0.0,0.0,1.0,0.0,0.0,0.0,0.0,0.0,1.0
window_10_0pct::Cc6cDi2DPlzOnm567e,window_10_0pct,1784124571.910529,0,-0.2840442539860999,-0.0975809776715673,-0.2695410673074169,-0.1599176548460383,-0.2512846409406545,-0.2479788338893737,-0.2363479720180732,-0.1759398085234077,1.0,0.0,0.0,1.0,0.0,0.0,0.0,0.0,0.0,1.0
window_10_0pct::CgkmPI2D6Mbt41K7u4,window_10_0pct,1784125343.590092,0,-0.3892144672580342,-0.1858334951877857,1.1531235417489236,0.3319587692292318,0.9453317034191092,0.010915096631538,0.2040356327221468,-0.5323672707253371,1.0,0.0,0.0,1.0,0.0,0.0,0.0,0.0,0.0,1.0
window_10_0pct::CMKRhB3KhiGYdKMEt9,window_10_0pct,1784126067.702098,0,0.2165323112156049,-0.3698493827747943,-0.7379063557416712,-0.3882888517381279,-0.6586433964673826,-0.2497985998628026,-0.2371229775668252,-0.6040302242810942,1.0,0.0,0.0,0.0,1.0,0.0,0.0,0.0,0.0,1.0
window_10_0pct::C2EKgb1SDE1DDIlKq1,window_10_0pct,1784124038.800906,0,-0.3292415809381142,-0.2803450564994806,1.1454757210097604,0.2089896632104142,0.9198717811986884,-0.2487532567878266,-0.2340788908831213,-0.5690322141344901,1.0,0.0,0.0,1.0,0.0,0.0,0.0,0.0,0.0,1.0
window_10_0pct::CY35nL22ehSxqUJ5z2,window_10_0pct,1784125457.229807,0,0.2517532159241092,0.4840928257213805,0.9326326210495484,0.4197938449569585,0.8180320923170066,-0.2488584017167162,-0.2367822833572971,-0.2275787509560617,1.0,0.0,0.0,1.0,0.0,0.0,0.0,0.0,0.0,1.0
window_10_0pct::CM4EW14naVCNoFiVEb,window_10_0pct,1784124845.369876,0,0.274386349656022,0.0734995527381232,-0.0790041111697643,-0.0193815336816754,-0.0476052631772904,-0.2493271046228143,-0.2369752244934394,-0.1085191812310618,1.0,0.0,0.0,1.0,0.0,0.0,0.0,0.0,0.0,1.0
window_10_0pct::C281fc2ncw7OyqbbP7,window_10_0pct,1784125433.372617,0,0.035723905455298,-0.0938255513942814,-0.2595351685070117,-0.1599176548460383,-0.225824718720234,-0.2493403776564074,-0.2369601223891123,-0.1791124121855782,1.0,0.0,0.0,1.0,0.0,0.0,0.0,0.0,0.0,1.0
window_10_0pct::CyJVH7OWpcRkLxQDj,window_10_0pct,1784124857.221622,0,-0.3844690691451677,-0.2767982650153773,-0.5573540544579261,-0.3180207911559465,-0.5058838631448596,-0.2372662394448221,-0.2289566084353631,-0.2245316694886705,1.0,0.0,0.0,1.0,0.0,0.0,0.0,0.0,0.0,1.0
window_10_0pct::CCyGfq2UNCkvhRzzN3,window_10_0pct,1784123787.686372,0,2.6391909595468412,2.420849610834987,6.176722057947272,2.68593879873231,5.349898247551856,-0.2491478828395671,-0.2368782788147881,-0.3068051312240006,1.0,0.0,0.0,1.0,0.0,0.0,0.0,0.0,0.0,1.0
window_10_0pct::CzvrLI2cbVL16nP8sf,window_10_0pct,1784125891.658961,0,1.0425623969640625,-0.0074507470167059,-0.1532517041791405,-0.0545155639727661,-0.0730651853977109,-0.2496198998001888,-0.2370822944841293,-0.1475583522693078,1.0,0.0,0.0,1.0,0.0,0.0,0.0,0.0,0.0,1.0
window_10_0pct::ChpLZkbdAikLRyjQe,window_10_0pct,1784126046.157235,0,-0.389186797111454,-0.3698493827747943,-0.7379063557416712,-0.4058558668836733,-0.684103318687803,-0.2497985998628026,-0.2008149371075983,-0.6040302242810942,1.0,0.0,0.0,0.0,1.0,0.0,0.0,0.0,0.0,1.0
window_10_0pct::CGLk3X1nG4eurnsmj,window_10_0pct,1784125633.20527,0,-8.010922437051967e-06,-0.1858334951877857,0.0821524669616028,-0.0545155639727661,0.028774503483971,-0.2494651088978008,-0.2368679629426862,-0.4387801278191798,1.0,0.0,0.0,1.0,0.0,0.0,0.0,0.0,0.0,1.0
window_10_0pct::C4c2CLRJhqr8UB333,window_10_0pct,1784124151.485186,0,0.1149433749861585,-0.0043212251189677,0.4692596600422479,0.1211545874826874,0.3852134145698581,-0.2492870478708038,-0.2368402919330436,-0.381038446047284,1.0,0.0,0.0,1.0,0.0,0.0,0.0,0.0,0.0,1.0
window_10_0pct::CZv5O72BavZhQFTOmc,window_10_0pct,1784125295.355523,0,-0.389335054440044,0.0920680493313701,1.369408161041759,0.4724948903935946,1.1490110811824732,0.6134766641141762,0.4460345473543455,-0.442604303675885,1.0,0.0,0.0,1.0,0.0,0.0,0.0,0.0,0.0,1.0
window_10_0pct::CV5KAzsYQeqmIY1aj,window_10_0pct,1784125587.511229,0,-0.3852266354846977,-0.279719152119933,-0.5573540544579261,-0.3180207911559465,-0.5058838631448596,-0.2356098292807903,-0.2275709656182631,-0.2364441801772219,1.0,0.0,0.0,1.0,0.0,0.0,0.0,0.0,0.0,1.0
window_10_0pct::CoLpUi1vV3q8qjSOK,window_10_0pct,1784124936.645877,0,0.1155891718678589,-0.3698493827747943,-0.7379063557416712,-0.3882888517381279,-0.6586433964673826,-0.2497985998628026,-0.2371151002337292,-0.6040302242810942,1.0,0.0,0.0,0.0,1.0,0.0,0.0,0.0,0.0,1.0
window_10_0pct::CjDCZw4oWUJDXCpn0k,window_10_0pct,1784124383.182075,0,-0.389165948424621,-0.1916752693968971,1.1531235417489236,0.2792577237925956,0.9453317034191092,-0.0197523190102351,0.1386804330394257,-0.5346422851239325,1.0,0.0,0.0,1.0,0.0,0.0,0.0,0.0,0.0,1.0
window_10_0pct::Cw74Z4WLjSqz4xeMk,window_10_0pct,1784126000.679081,0,-0.375492017442649,0.0720391091858454,-0.1540802180925499,-0.00181451853613,-0.1239850298385519,-0.2278529183030706,-0.2280848868527124,-0.0466442819947167,1.0,0.0,0.0,1.0,0.0,0.0,0.0,0.0,0.0,1.0
window_10_0pct::CUYZs22WeOoY1xxGV1,window_10_0pct,1784124684.851758,0,-0.0642430072086272,0.0966580147813862,-0.1544626091295081,-0.0369485488272207,-0.1494449520589724,-0.2487862927055211,-0.2367951606759994,-0.0152050229947603,1.0,0.0,0.0,1.0,0.0,0.0,0.0,0.0,0.0,1.0
window_10_0pct::CyvtsW1SBRBt5B33Uk,window_10_0pct,1784125121.122855,0,-0.3890777284819749,-0.0967464384988371,-0.5306291697638502,-0.2301857154282197,-0.4549640187040185,0.0538429010208699,-0.1317892505468674,0.3661960382446528,1.0,0.0,0.0,1.0,0.0,0.0,0.0,0.0,0.0,1.0
window_10_0pct::Cw88Fy15vqzLFZjzS2,window_10_0pct,1784124900.352338,0,-0.3232182319813415,0.1043775021291405,0.3411799066077616,0.0860205571915967,0.2579138034677555,-0.2447616961712578,-0.2348615262671956,-0.2803887919436806,1.0,0.0,0.0,1.0,0.0,0.0,0.0,0.0,0.0,1.0
window_10_0pct::CFGsGw2eK7bHNcEcvl,window_10_0pct,1784124629.061849,0,0.729932078494472,0.5381292371556609,0.8428981910433666,0.4373608601025039,0.7416523256557451,-0.2492258566742531,-0.2369403579017958,-0.1810361666079015,1.0,0.0,0.0,1.0,0.0,0.0,0.0,0.0,0.0,1.0
window_10_0pct::CLWKlq4tQHrX1dOhc3,window_10_0pct,1784124618.027907,0,0.1111679265331201,0.4803373994440947,1.513569581974986,0.5954639964124121,1.2763106922845755,-0.2485998058608734,-0.2365801361723882,-0.3259400797870987,1.0,0.0,0.0,1.0,0.0,0.0,0.0,0.0,0.0,1.0
window_10_0pct::CwO3mYQcXXfZSayle,window_10_0pct,1784125798.320777,0,-0.1823773673668664,0.1112624503041647,-0.2634865425555793,-0.1072166094094022,-0.225824718720234,-0.2481597587436562,-0.2366781514126552,0.142773423128237,1.0,0.0,0.0,1.0,0.0,0.0,0.0,0.0,0.0,1.0
window_10_0pct::CisXJN1jPqdjym3Xkl,window_10_0pct,1784124701.334132,0,0.3148907578318164,0.2650262928797036,0.5801743047066124,0.2265566783559596,0.5125130256719606,-0.2491622317221077,-0.2368909868054181,-0.2493129347876692,1.0,0.0,0.0,1.0,0.0,0.0,0.0,0.0,0.0,1.0
window_10_0pct::CcMcrk3QXXgYOPTEQb,window_10_0pct,1784124370.812767,0,0.1680520473393419,0.2737889541933707,1.2410097484098075,0.4197938449569585,1.0726313145212116,-0.248983604173868,-0.2367252395420365,-0.364504304917605,1.0,0.0,0.0,1.0,0.0,0.0,0.0,0.0,0.0,1.0
window_10_0pct::CQyWKm1HxKsvSoDW2e,window_10_0pct,1784125974.805225,0,0.2276360250519848,-0.0948687253601941,-0.5216217364488357,-0.2301857154282197,-0.429504096483598,-0.2494840162621442,-0.237053985056594,0.3321867499580501,1.0,0.0,0.0,1.0,0.0,0.0,0.0,0.0,0.0,1.0
window_10_0pct::CqRO2D3riF3JXH3qH9,window_10_0pct,1784124876.019652,0,0.12799586991764,-0.1831212428764126,-0.4118967527883412,-0.2301857154282197,-0.378584252042757,-0.2495438647158477,-0.2370331171918548,-0.1822426945491089,1.0,0.0,0.0,1.0,0.0,0.0,0.0,0.0,0.0,1.0
window_10_0pct::CJEaDx3XYAbivRQIv9,window_10_0pct,1784125565.837337,0,-0.389234910286854,-0.1833298776695951,-0.4682781867931723,-0.2301857154282197,-0.4040441742631775,0.0257629848765738,-0.0971425387778695,-0.0946202642226693,1.0,0.0,0.0,1.0,0.0,0.0,0.0,0.0,0.0,1.0
window_10_0pct::CdAomd1srQXsBTSy07,window_10_0pct,1784125744.371789,0,0.2698959503052545,-0.3698493827747943,-0.7379063557416712,-0.3882888517381279,-0.6331834742469621,-0.2497985998628026,-0.2371261677267675,-0.6040302242810942,1.0,0.0,0.0,0.0,1.0,0.0,0.0,0.0,0.0,1.0
window_10_0pct::Cbd4L4QXrGSRGCJ6g,window_10_0pct,1784125363.936729,0,0.1455097596519497,0.1744787926384771,-0.3171912393017033,-0.0896495942638568,-0.2512846409406545,-0.2490803245397744,-0.2369658839885009,0.3487515165659521,1.0,0.0,0.0,1.0,0.0,0.0,0.0,0.0,0.0,1.0
window_10_0pct::CROL5WkJ0j1BTCWX,window_10_0pct,1784124501.077722,0,-0.1843561458045181,0.0787154225676869,-0.4516654206319899,-0.195051685137129,-0.378584252042757,-0.2482559024428633,-0.23678989585867,0.5499646489406241,1.0,0.0,0.0,1.0,0.0,0.0,0.0,0.0,0.0,1.0
window_10_0pct::CM317N2MHoslA97Y96,window_10_0pct,1784125158.078402,0,1.0188317768280344,0.1110538155109821,-0.5302042908338966,0.0157524966094153,-0.3022044853814955,-0.2495574696160776,-0.2370673671842709,1.1009332919612256,1.0,0.0,0.0,1.0,0.0,0.0,0.0,0.0,0.0,1.0
window_10_0pct::CoXwYg3j9Ar6K7zNU7,window_10_0pct,1784124380.59979,0,0.6042711288853114,-0.3698493827747943,-0.7379063557416712,-0.3882888517381279,-0.6331834742469621,-0.2497985998628026,-0.2371383595871657,-0.6040302242810942,1.0,0.0,0.0,0.0,1.0,0.0,0.0,0.0,0.0,1.0
window_10_0pct::C56s3S2bXhAr2K1H58,window_10_0pct,1784125830.102605,0,0.2728970403120613,0.2049394724431294,-0.1081932936575706,-0.00181451853613,-0.0730651853977109,-0.2491859462143723,-0.2369675881434808,0.0681622447893026,1.0,0.0,0.0,1.0,0.0,0.0,0.0,0.0,0.0,1.0
window_10_0pct::C8otto2tmNDZ8DZEc8,window_10_0pct,1784125115.460482,0,0.2820255519064317,0.4817978429963725,0.1573560375633745,0.1387216026282328,0.1560741145860735,-0.2489031852872488,-0.2369132951058803,0.0965239829261161,1.0,0.0,0.0,1.0,0.0,0.0,0.0,0.0,0.0,1.0
window_10_0pct::CrjAKj6B5OVmpkxM1,window_10_0pct,1784124904.795993,0,-0.2154224719458658,-0.3698493827747943,-0.7379063557416712,-0.4058558668836733,-0.684103318687803,-0.2497985998628026,-0.2370526818094597,-0.6040302242810942,1.0,0.0,0.0,0.0,1.0,0.0,0.0,0.0,0.0,1.0
window_10_0pct::CuGmhT3ZYt0mFC76k1,window_10_0pct,1784124936.645333,0,0.1155945308237166,-0.3698493827747943,-0.7379063557416712,-0.3882888517381279,-0.6586433964673826,-0.2497985998628026,-0.2371151007354651,-0.6040302242810942,1.0,0.0,0.0,0.0,1.0,0.0,0.0,0.0,0.0,1.0
window_10_0pct::CDBI7q4ULFF2mnddNf,window_10_0pct,1784126005.225393,0,-0.0799484414947476,-0.1831212428764126,-0.4627547607037766,-0.2301857154282197,-0.4040441742631775,-0.2493728615115073,-0.2369463231861847,-0.1042870590840912,1.0,0.0,0.0,1.0,0.0,0.0,0.0,0.0,0.0,1.0
window_10_0pct::Cws80e2dEFfKVpeAKi,window_10_0pct,1784125117.668522,0,0.3242147859133071,0.4571789374008317,0.3338295011195659,0.2089896632104142,0.283373725688176,-0.2489804538991702,-0.2369012286012167,-0.0357446018259739,1.0,0.0,0.0,1.0,0.0,0.0,0.0,0.0,0.0,1.0
window_10_0pct::CMQgTcTSLVSLZQ6Cd,window_10_0pct,1784124591.239862,0,-0.3892074643197022,-0.1916752693968971,1.1531235417489236,0.2792577237925956,0.9453317034191092,-0.0008587139621773,0.1695482488986157,-0.5346422851239325,1.0,0.0,0.0,1.0,0.0,0.0,0.0,0.0,0.0,1.0
window_10_0pct::CPCKSw40MXq6iaAk04,window_10_0pct,1784125284.971638,0,-0.3066455649144033,-0.0950773601533767,-0.2470649719128761,-0.1247836245549475,-0.2003647964998135,-0.2474624182333146,-0.2360112616108704,-0.1917854118545481,1.0,0.0,0.0,1.0,0.0,0.0,0.0,0.0,0.0,1.0
window_10_0pct::Cr5NzFwmibLiToYM1,window_10_0pct,1784125716.716511,0,-0.3154729821861295,-0.094451455773829,-0.3410057033255976,-0.1599176548460383,-0.276744563161075,-0.2471786829352728,-0.2360031880935403,-0.0930568554492942,1.0,0.0,0.0,1.0,0.0,0.0,0.0,0.0,0.0,1.0
window_10_0pct::C2X0hc4iRzWI50cxvh,window_10_0pct,1784125955.673862,0,0.3471124193449949,-0.0848542552874317,-0.4804722120828381,-0.2477527305737651,-0.4040441742631775,-0.2495254270152143,-0.2370780550276859,0.2111959353782984,1.0,0.0,0.0,1.0,0.0,0.0,0.0,0.0,0.0,1.0
window_10_0pct::CH294opYpEDEb36o4,window_10_0pct,1784124875.552587,0,-0.3889954012557303,-0.08798377718517,-0.5306291697638502,-0.2653197457193104,-0.4549640187040185,0.0276299591562391,-0.1572052156677462,0.3973262926572436,1.0,0.0,0.0,1.0,0.0,0.0,0.0,0.0,0.0,1.0
window_10_0pct::CJmFtX13jasMx6SbB1,window_10_0pct,1784125810.692982,0,-0.3896273096880862,-0.1895889214650716,-0.4767545214457448,-0.2477527305737651,-0.429504096483598,1.2366568331956933,0.4885457156534665,-0.0957365241211927,1.0,0.0,0.0,1.0,0.0,0.0,0.0,0.0,0.0,1.0
window_10_0pct::CgLECdzFHFtCky8Eb,window_10_0pct,1784125569.430083,0,-0.3890233916586366,-0.0917392034624559,-0.5306291697638502,-0.2477527305737651,-0.4549640187040185,0.0350448186604809,-0.1470260791330607,0.3839847550518475,1.0,0.0,0.0,1.0,0.0,0.0,0.0,0.0,0.0,1.0
window_10_0pct::CWCtVF26J8iY7BKbf9,window_10_0pct,1784125825.275132,0,-0.3827086414706915,-0.1875025735332461,1.1531235417489236,0.3143917540836864,0.9453317034191092,-0.2314121813358206,-0.2064454164750606,-0.5330172748392215,1.0,0.0,0.0,1.0,0.0,0.0,0.0,0.0,0.0,1.0
window_10_0pct::COlQyC2Q32EJ8JhKbh,window_10_0pct,1784125456.481729,0,-0.3892639361852149,0.0063191493333423,-0.3500768684801051,-0.1774846699915836,-0.3022044853814955,0.3418730359562475,-0.0561474669165547,0.1102366422726141,1.0,0.0,0.0,1.0,0.0,0.0,0.0,0.0,0.0,1.0
window_10_0pct::C6Z0cC3DC8KH9RDjQ9,window_10_0pct,1784124166.224108,0,0.2240268216578558,-0.2790932477403853,-0.5573540544579261,-0.3180207911559465,-0.480423940924439,-0.2496941623814549,-0.2370922983559709,-0.2338914993153894,1.0,0.0,0.0,1.0,0.0,0.0,0.0,0.0,0.0,1.0
window_10_0pct::ClZXNX2OlvBrhCmfuf,window_10_0pct,1784125282.021367,0,-0.3828463623661509,-0.0076593818098884,1.404991771425366,0.5076289206846853,1.1490110811824732,-0.2125457311309282,-0.1981701406729532,-0.4795577614992202,1.0,0.0,0.0,1.0,0.0,0.0,0.0,0.0,0.0,1.0
window_10_0pct::CZx5hw2knzlOqiHhbh,window_10_0pct,1784124059.149789,0,1.603912574702773,0.9483052405525532,2.216149380546114,1.034639375051046,1.912808747795088,-0.2493316315196768,-0.2369561634173508,-0.2754153588849371,1.0,0.0,0.0,1.0,0.0,0.0,0.0,0.0,0.0,1.0
window_10_0pct::CsvwBliQasVLp5XQh,window_10_0pct,1784124769.751638,0,0.1632771322684145,-0.0894442207374478,-0.2877258855094272,-0.195051685137129,-0.2512846409406545,-0.2494404759458613,-0.2370240742159094,-0.1453378534874949,1.0,0.0,0.0,1.0,0.0,0.0,0.0,0.0,0.0,1.0
window_10_0pct::CyfDrdXuF19zZpurg,window_10_0pct,1784124799.843556,0,-0.3895215610491883,-0.1756103903218408,-0.6610245133665831,-0.3355878063014919,-0.582263629806121,0.4669528105105063,-0.0373192236811643,1.256065540001693,1.0,0.0,0.0,1.0,0.0,0.0,0.0,0.0,0.0,1.0
window_10_0pct::CEOxLT6gRWHW7IFvl,window_10_0pct,1784125185.336945,0,-0.3875303780165034,-0.1082213521238773,-0.6512947858706477,-0.3004537760104012,-0.5568037075857005,-0.1651384580813542,-0.2152564677534439,1.6200195800569837,1.0,0.0,0.0,1.0,0.0,0.0,0.0,0.0,0.0,1.0
window_10_0pct::CGGcok4xNy554k0He,window_10_0pct,1784124728.05801,0,-0.2329097910803151,-0.1939702521219051,-0.6587726550378294,-0.3355878063014919,-0.582263629806121,-0.249006419353487,-0.23691847896648,1.0323300114909937,1.0,0.0,0.0,1.0,0.0,0.0,0.0,0.0,0.0,1.0
window_10_0pct::C7F8tf3RFv3bIx3m0j,window_10_0pct,1784125824.518576,0,0.2601604141950708,-0.3698493827747943,-0.7379063557416712,-0.3882888517381279,-0.6331834742469621,-0.2497985998628026,-0.2371256247934277,-0.6040302242810942,1.0,0.0,0.0,0.0,1.0,0.0,0.0,0.0,0.0,1.0
window_10_0pct::CbIXhm4Gp7e4cyijd7,window_10_0pct,1784124209.219242,0,-0.3810295695782706,0.2856811374047761,0.0810477817437237,0.0860205571915967,0.079694347924812,-0.1964812674736075,-0.2195429459704189,-0.0145561269644733,1.0,0.0,0.0,1.0,0.0,0.0,0.0,0.0,0.0,1.0
window_10_0pct::C4RTty1K8rrLs1Tneh,window_10_0pct,1784124104.394664,0,0.3876071024036849,-0.0692066457987405,-0.5041379684812487,-0.2126187002826743,-0.4040441742631775,-0.2495254408649762,-0.237070147909327,0.3430093497354049,1.0,0.0,0.0,1.0,0.0,0.0,0.0,0.0,0.0,1.0
window_10_0pct::CkglZxa9kkoz8ecA5,window_10_0pct,1784125713.907065,0,-0.3688708566770456,-0.3698493827747943,-0.7379063557416712,-0.4058558668836733,-0.684103318687803,-0.2497985998628026,-0.2362448163456139,-0.6040302242810942,1.0,0.0,0.0,0.0,1.0,0.0,0.0,0.0,0.0,1.0
window_10_0pct::CmzTYj4jimPzOtIiCb,window_10_0pct,1784124129.028632,0,-0.2821206236878128,-0.0957032645329243,-0.3579583726307428,-0.2126187002826743,-0.327664407601916,-0.2479990435366134,-0.2364958460460379,-0.0726855497534078,1.0,0.0,0.0,1.0,0.0,0.0,0.0,0.0,0.0,1.0
window_10_0pct::C7FeuhQGzv93Xg0V3,window_10_0pct,1784125378.039043,0,-0.386643097189668,-0.1895889214650716,-0.4385579056429241,-0.2477527305737651,-0.4040441742631775,-0.2083273983792341,-0.216915595172028,-0.160589779364416,1.0,0.0,0.0,1.0,0.0,0.0,0.0,0.0,0.0,1.0
window_10_0pct::CJj8ztO3zeeOGlsW7,window_10_0pct,1784125457.43085,0,-0.2004761092040083,-0.0856887944601619,-0.2313444515045961,-0.1774846699915836,-0.225824718720234,-0.2487380702306127,-0.2367328981909545,-0.1909296855823015,1.0,0.0,0.0,1.0,0.0,0.0,0.0,0.0,0.0,1.0
window_10_0pct::C99CWh3xQbhAc3zFec,window_10_0pct,1784124994.722477,0,11.830944008327547,1.5944471950389087,0.4949011034649423,1.6319178899995883,0.8180320923170066,-0.2496850786098698,-0.2371154618353787,0.5693721954775224,1.0,0.0,0.0,1.0,0.0,0.0,0.0,0.0,0.0,1.0
window_10_0pct::Cm9IpTdFnaBYsnxP7,window_10_0pct,1784125086.156939,0,0.1919212637381211,0.2030617593044864,1.7080791561077038,0.5603299661213215,1.4290702256070986,-0.2491029319257067,-0.2366774186943254,-0.4315369075189454,1.0,0.0,0.0,1.0,0.0,0.0,0.0,0.0,0.0,1.0
window_10_0pct::C2i7212cqtHJ4fqbP1,window_10_0pct,1784125290.025579,0,-0.3897122630162054,-0.3631730693929528,-0.7368866463097827,-0.4585569123203094,-0.7095632409082235,6.545547234569286,6.653200065844145,4.119297628905474,0.0,1.0,1.0,0.0,0.0,0.0,0.0,0.0,0.0,1.0
window_10_0pct::CZ4gjOlWtRHqSNuV,window_10_0pct,1784125567.67935,0,-0.2768311207520126,-0.0003571640484992,-0.4033566862962756,-0.1599176548460383,-0.327664407601916,-0.24748682306238,-0.2364000144887235,0.2092866287168682,1.0,0.0,0.0,1.0,0.0,0.0,0.0,0.0,0.0,1.0
window_10_0pct::CPp66eHjEhKZU73Ta,window_10_0pct,1784125214.802112,0,-0.0229127540445655,-0.1864593995673333,-0.4228798731276394,-0.2301857154282197,-0.378584252042757,-0.2494454892968753,-0.2369799236576257,-0.1753416412471287,1.0,0.0,0.0,1.0,0.0,0.0,0.0,0.0,0.0,1.0
window_10_0pct::COtg9c3GdwJid8XPdk,window_10_0pct,1784124151.450531,0,-0.3892014541759812,-0.0020262423939596,-0.3967498189354985,-0.1774846699915836,-0.3531243298223365,0.2580751452436,-0.0782591326129626,0.1899340566443962,1.0,0.0,0.0,1.0,0.0,0.0,0.0,0.0,0.0,1.0
window_10_0pct::CnBfZq3Sc2ofdEl8Kd,window_10_0pct,1784124455.689504,0,-0.2043331589689521,-0.2738773779108216,-0.5815509095187786,-0.3355878063014919,-0.5058838631448596,-0.2494329656450551,-0.2369560813771297,-0.1520543980905917,1.0,0.0,0.0,1.0,0.0,0.0,0.0,0.0,0.0,1.0
window_10_0pct::CRInrQ1rgeceX15Chc,window_10_0pct,1784124072.961725,0,-0.3875749576971048,-0.1925098085696273,-0.4682781867931723,-0.2653197457193104,-0.4040441742631775,-0.1912167892092496,-0.2103271631569916,-0.1196918953664844,1.0,0.0,0.0,1.0,0.0,0.0,0.0,0.0,0.0,1.0
window_10_0pct::CMGhk6tAQMpKvWvt2,window_10_0pct,1784124375.798238,0,-0.3868972312596864,0.0837226576040681,1.4421474338498006,0.4724948903935946,1.1999309256233142,-0.1360304728103448,-0.1454695937548061,-0.4508095071250808,1.0,0.0,0.0,1.0,0.0,0.0,0.0,0.0,0.0,1.0
window_10_0pct::CTUDP44d7NrlIv8JKa,window_10_0pct,1784126000.730982,0,-0.3760565652944028,-0.3698493827747943,-0.7379063557416712,-0.4058558668836733,-0.684103318687803,-0.2497985998628026,-0.2357619976927723,-0.6040302242810942,1.0,0.0,0.0,0.0,1.0,0.0,0.0,0.0,0.0,1.0
window_10_0pct::Cqi9Hd305lnTznciNf,window_10_0pct,1784124624.810346,0,-0.2489076514178516,-0.2753378214630994,0.5428911786031916,0.050886526900506,0.4106733367902785,-0.2493245428365447,-0.2361437385707597,-0.5496876874818714,1.0,0.0,0.0,1.0,0.0,0.0,0.0,0.0,0.0,1.0
window_10_0pct::CaDSmM2S0a1CPqZe7,window_10_0pct,1784125665.554288,0,-0.3888783475685191,-0.279719152119933,-0.6106338722740966,-0.3180207911559465,-0.53134378536528,-0.1735289218075705,-0.1856049920689251,-0.0825880722645864,1.0,0.0,0.0,1.0,0.0,0.0,0.0,0.0,0.0,1.0
window_10_0pct::Cn9ZXM2slFTxipmIyj,window_10_0pct,1784125973.434079,0,-0.3893307309796408,-0.1895889214650716,-0.4767545214457448,-0.2477527305737651,-0.429504096483598,0.0832786781550248,-0.0745494706833742,-0.0957365241211927,1.0,0.0,0.0,1.0,0.0,0.0,0.0,0.0,0.0,1.0
window_10_0pct::CNU2BH3GhDf8zXseVe,window_10_0pct,1784124573.141771,0,-0.2373237345708173,-0.0948687253601941,-0.5288234343115478,-0.2653197457193104,-0.4549640187040185,-0.2485241799095262,-0.2367859152831851,0.3644307359650671,1.0,0.0,0.0,1.0,0.0,0.0,0.0,0.0,0.0,1.0
window_10_0pct::CiHR9y3Qy8rB70vTod,window_10_0pct,1784125544.252545,0,0.3086569043918591,-0.275546456256282,-0.5573540544579261,-0.2828867608648558,-0.480423940924439,-0.2497032314947466,-0.2370871023477703,-0.2194263077650056,1.0,0.0,0.0,1.0,0.0,0.0,0.0,0.0,0.0,1.0
window_10_0pct::C86HmL1tlsZZDQ6cr8,window_10_0pct,1784124166.83422,0,20.668803493773243,18.302547337477016,10.89634094371038,18.777324672051854,13.242474135882212,-0.2491723654014112,-0.2369135731601651,0.5779321143033831,1.0,0.0,0.0,1.0,0.0,0.0,0.0,0.0,0.0,1.0
window_10_0pct::CgKC8q1eRqMBy1Lrb5,window_10_0pct,1784125316.229988,0,0.3047106525648692,0.0979098235404815,0.0673666801992206,0.0684535420460513,0.079694347924812,-0.2493228676762419,-0.2369489732925739,-0.1762601626043508,1.0,0.0,0.0,1.0,0.0,0.0,0.0,0.0,0.0,1.0
window_10_0pct::CZGnNz3t47v1qqdzf9,window_10_0pct,1784124648.339956,0,-0.3191909553038331,-0.1883371127059763,-0.4516654206319899,-0.2653197457193104,-0.4040441742631775,-0.2479808001628285,-0.2363488520256125,-0.1370648569774222,1.0,0.0,0.0,1.0,0.0,0.0,0.0,0.0,0.0,1.0
window_10_0pct::CC5sACokH0bd6tsud,window_10_0pct,1784125983.922329,0,-0.0739007103563433,0.0737081875313058,2.110673186185154,0.7008660872856843,1.7345892922521446,-0.2488066591899004,-0.2361480836077849,-0.4893572537534035,1.0,0.0,0.0,1.0,0.0,0.0,0.0,0.0,0.0,1.0
window_10_0pct::CU7Abb7QEhRlIQykc,window_10_0pct,1784125467.028653,0,1.0041612828855306,0.4252578140439016,0.2818455640397536,0.296824738938141,0.3088336479085966,-0.2493957281621692,-0.237011485069458,-0.0298281431766538,1.0,0.0,0.0,1.0,0.0,0.0,0.0,0.0,0.0,1.0
window_10_0pct::Ce9L3w182X4aHK7mac,window_10_0pct,1784124960.112104,0,0.1084929855688741,-0.1872939387400636,-0.4627547607037766,-0.2653197457193104,-0.4040441742631775,-0.2495398080369615,-0.2370472493131508,-0.1154545041164265,1.0,0.0,0.0,1.0,0.0,0.0,0.0,0.0,0.0,1.0
window_10_0pct::C8Ld7l4MlDgQL3ZTc4,window_10_0pct,1784124209.221653,0,-0.3810556064175873,-0.27784143898129,-0.5940211061129143,-0.3355878063014919,-0.53134378536528,-0.2422926614875468,-0.2327442964274015,-0.1331747863035858,1.0,0.0,0.0,1.0,0.0,0.0,0.0,0.0,0.0,1.0
window_10_0pct::Cm8txg47IjP7yVfuHk,window_10_0pct,1784124813.139804,0,-0.3889433382523076,-0.2790932477403853,-0.5940211061129143,-0.3180207911559465,-0.53134378536528,-0.1665139283451628,-0.181251210057393,-0.1395809827386539,1.0,0.0,0.0,1.0,0.0,0.0,0.0,0.0,0.0,1.0
window_10_0pct::C5eDEZ11LSLHAnCpv2,window_10_0pct,1784125121.241401,0,-0.1844798394728918,-0.0024435119803247,-0.206531521995311,-0.1072166094094022,-0.1494449520589724,-0.2485342614901132,-0.2366731905165965,-0.094851318064056,1.0,0.0,0.0,1.0,0.0,0.0,0.0,0.0,0.0,1.0
window_10_0pct::Caw2Bo1U66F1xQAJlk,window_10_0pct,1784125744.352653,0,0.687788086031272,0.5758921347217023,0.5939828699301014,0.3670927995203225,0.5379729478923811,-0.2491787030193874,-0.2369494218531594,-0.0811044132413943,1.0,0.0,0.0,1.0,0.0,0.0,0.0,0.0,0.0,1.0
window_10_0pct::CpiR3Z1f0k7JUOc9cc,window_10_0pct,1784125620.278233,0,-0.3897120708624098,-0.3631730693929528,-0.7368866463097827,-0.4585569123203094,-0.7095632409082235,5.071857776499676,5.158904589155943,4.119297628905474,0.0,1.0,1.0,0.0,0.0,0.0,0.0,0.0,0.0,1.0
window_10_0pct::CS51ub2uTx4e442B8g,window_10_0pct,1784124491.789432,0,-0.3894121614881723,-0.3623385302202226,-0.7331477117261919,-0.4585569123203094,-0.7095632409082235,-0.2321633063914307,-0.2212674048168632,0.5531850997496149,0.0,1.0,1.0,0.0,0.0,0.0,0.0,0.0,0.0,1.0
window_10_0pct::C0Ygjs3047Vak0PyV1,window_10_0pct,1784124196.976602,0,-0.3896251746459118,-0.3698493827747943,-0.7379063557416712,-0.4058558668836733,-0.684103318687803,-0.2497985998628026,-0.0192985836893883,-0.6040302242810942,1.0,0.0,0.0,0.0,1.0,0.0,0.0,0.0,0.0,1.0
window_10_0pct::CYcz390wd6LBnCCB,window_10_0pct,1784125022.04794,0,-0.3889113232949026,-0.2818055000517585,-0.5573540544579261,-0.3180207911559465,-0.5058838631448596,-0.1722296452671379,-0.1834841437345076,-0.24495311638333,1.0,0.0,0.0,1.0,0.0,0.0,0.0,0.0,0.0,1.0
window_10_0pct::CHTIfs10Vj2lRaYHL4,window_10_0pct,1784124230.402318,0,-0.3874526197805119,-0.3698493827747943,-0.7379063557416712,-0.4058558668836733,-0.684103318687803,-0.2497985998628026,-0.2287014690941242,-0.6040302242810942,1.0,0.0,0.0,0.0,1.0,0.0,0.0,0.0,0.0,1.0
window_10_0pct::Co1Q9i1jSc4VMguN66,window_10_0pct,1784125115.460337,0,-0.3897119961359336,-0.3631730693929528,-0.7368866463097827,-0.4585569123203094,-0.7095632409082235,4.657951169449261,4.739210489221911,4.119297628905474,0.0,1.0,1.0,0.0,0.0,0.0,0.0,0.0,0.0,1.0
window_10_0pct::CR7D6R2OU0ixeFRZWe,window_10_0pct,1784126067.70009,0,0.2165544409277424,-0.1011277691556706,1.2244394701416206,0.4022268298114132,0.99625154785995,-0.2494855575428443,-0.2367681000986459,-0.5031827541497008,1.0,0.0,0.0,1.0,0.0,0.0,0.0,0.0,0.0,1.0
window_10_0pct::CTc4f248KjvTXSEFDi,window_10_0pct,1784125086.159893,0,0.1918896330883074,0.3009114773071021,0.5362205794029214,0.1738556329193235,0.4615931812311196,-0.2489840718021703,-0.23685824636733,-0.2163350174977929,1.0,0.0,0.0,1.0,0.0,0.0,0.0,0.0,0.0,1.0
window_10_0pct::CK42JU36Ljji9lN6j1,window_10_0pct,1784126004.226046,0,-0.3893602692881237,-0.3698493827747943,-0.7379063557416712,-0.4058558668836733,-0.684103318687803,-0.2497985998628026,-0.1829371468528965,-0.6040302242810942,1.0,0.0,0.0,0.0,1.0,0.0,0.0,0.0,0.0,1.0
window_10_0pct::Cs8yl11eEfYPhPN541,window_10_0pct,1784124514.11367,0,-0.3893805735392022,-0.1837471472559602,-0.4767545214457448,-0.2477527305737651,-0.429504096483598,0.1456381047158727,-0.0501648415193788,-0.0792640430974921,1.0,0.0,0.0,1.0,0.0,0.0,0.0,0.0,0.0,1.0
window_10_0pct::Cdy2Im2tyqEQWuKidl,window_10_0pct,1784124504.558568,0,0.0728107836481698,0.3666314371596052,0.5395771229495542,0.1914226480648689,0.48705310345154,-0.2486740153944614,-0.2367696009724169,-0.1794677716922937,1.0,0.0,0.0,1.0,0.0,0.0,0.0,0.0,0.0,1.0
window_10_0pct::Cxts9Vqa7QaGM6gjk,window_10_0pct,1784124722.259767,0,-0.3594055848805078,-0.1883371127059763,-0.3962187202730566,-0.2477527305737651,-0.3531243298223365,-0.2455687750779684,-0.2351115927511756,-0.2128360480661747,1.0,0.0,0.0,1.0,0.0,0.0,0.0,0.0,0.0,1.0
window_08_22pct::CpUE5k2Earnt7CoWi8,window_08_22pct,1783719131.093654,1,-0.08270279535267032,-0.32603607620645897,-0.7379063557416712,-0.3355878063014919,-0.582263629806121,-0.2496978097457492,-0.2370378240295491,1518.2410825660247,1.0,0.0,0.0,1.0,0.0,0.0,0.0,1.0,0.0,0.0
window_10_0pct::CjZCPYLE501ix3MMj,window_10_0pct,1784124596.392769,0,-0.2662418239771315,-0.1883371127059763,-0.4595469247826276,-0.2477527305737651,-0.4040441742631775,-0.248760342010038,-0.2366590139411584,-0.1238441494629485,1.0,0.0,0.0,1.0,0.0,0.0,0.0,0.0,0.0,1.0
window_10_0pct::CvRolb2fFdp5dWnyH5,window_10_0pct,1784124884.59534,0,-0.3889875549757394,-0.1875025735332461,1.1531235417489236,0.3143917540836864,0.9453317034191092,-0.0722635397955461,0.0594338674033289,-0.5330172748392215,1.0,0.0,0.0,1.0,0.0,0.0,0.0,0.0,0.0,1.0
window_10_0pct::CzBX4c1nurahcESJti,window_10_0pct,1784125068.710951,0,-0.3897120388367771,-0.3631730693929528,-0.7368866463097827,-0.4585569123203094,-0.7095632409082235,4.886218600580054,4.970669693836692,4.119297628905474,0.0,1.0,1.0,0.0,0.0,0.0,0.0,0.0,0.0,1.0
window_10_0pct::Cptc1w41Oot127Hf2g,window_10_0pct,1784124431.92655,0,-0.3885757053402984,-0.1837471472559602,-0.4300815709903515,-0.2653197457193104,-0.378584252042757,-0.1342247137650889,-0.1867129419378923,-0.1588245496229475,1.0,0.0,0.0,1.0,0.0,0.0,0.0,0.0,0.0,1.0
window_10_0pct::CB1wij1u2GEcKzF5Oe,window_10_0pct,1784125548.230241,0,0.9087655061921974,0.719641507224479,0.6901329717785812,0.4373608601025039,0.5888927923332221,-0.2492060109498259,-0.2369709401087741,-0.0421811995860201,1.0,0.0,0.0,1.0,0.0,0.0,0.0,0.0,0.0,1.0
window_10_0pct::CjJ0B64SETPLZbdFni,window_10_0pct,1784125764.643748,0,-0.2428445373005808,0.5644172210966621,0.8947759083906904,0.4022268298114132,0.7671122478761656,-0.2453059034515002,-0.2355347133406897,-0.1826189448417673,1.0,0.0,0.0,1.0,0.0,0.0,0.0,0.0,0.0,1.0
window_10_0pct::CjJ3tZ3yZxuAaxp4Z,window_10_0pct,1784124334.408174,0,0.2239145397899044,-0.3698493827747943,-0.7379063557416712,-0.3882888517381279,-0.6586433964673826,-0.2497985998628026,-0.2371234519575691,-0.6040302242810942,1.0,0.0,0.0,0.0,1.0,0.0,0.0,0.0,0.0,1.0
window_10_0pct::CUGB514DXkUfjDBVjb,window_10_0pct,1784124346.193819,0,-0.1522315112829551,-0.3698493827747943,-0.7379063557416712,-0.4058558668836733,-0.684103318687803,-0.2497985998628026,-0.2370818791620972,-0.6040302242810942,1.0,0.0,0.0,0.0,1.0,0.0,0.0,0.0,0.0,1.0
window_10_0pct::ClEIlk4AZCEgHhZTk2,window_10_0pct,1784125973.433595,0,-0.3893259591603811,-0.1916752693968971,1.1531235417489236,0.3846598146658678,0.9453317034191092,0.0753641905257665,0.3682056934342743,-0.5346422851239325,1.0,0.0,0.0,1.0,0.0,0.0,0.0,0.0,0.0,1.0
window_10_0pct::CVmLxS2H58po4yE3Ik,window_10_0pct,1784125138.957849,0,-0.2125700235752404,0.2608535970160526,1.5970795356573488,0.6305980267035028,1.352690458945837,-0.2472840183386162,-0.2354620197467708,-0.4051098226179284,1.0,0.0,0.0,1.0,0.0,0.0,0.0,0.0,0.0,1.0
window_10_0pct::CVhDR01kisxzRZagDd,window_10_0pct,1784123976.01922,0,1.0850012280763357,0.5406328546738515,1.4966381566163385,0.6481650418490482,1.327230536725417,-0.2493625578966258,-0.2369549167308562,-0.3039613181249747,1.0,0.0,0.0,1.0,0.0,0.0,0.0,0.0,0.0,1.0
window_10_0pct::CI3KRu3N5zPrLlqNde,window_10_0pct,1784125457.418757,0,-0.015444803526964,-0.1925098085696273,-0.4595469247826276,-0.2126187002826743,-0.4040441742631775,-0.2494639524618983,-0.2369707902442383,-0.1348829098035955,1.0,0.0,0.0,1.0,0.0,0.0,0.0,0.0,0.0,1.0
window_10_0pct::CfOVo24Jmq47DRaHmc,window_10_0pct,1784124895.785945,0,-0.3878665724324946,-0.3698493827747943,-0.7379063557416712,-0.4058558668836733,-0.684103318687803,-0.2497985998628026,-0.2268045570604286,-0.6040302242810942,1.0,0.0,0.0,0.0,1.0,0.0,0.0,0.0,0.0,1.0
window_10_0pct::Cqb4PPtYKOMd1kn4f,window_10_0pct,1784125889.491786,0,-0.389392092091733,-0.3698493827747943,-0.7379063557416712,-0.4058558668836733,-0.684103318687803,-0.2497985998628026,-0.1775591813397289,-0.6040302242810942,1.0,0.0,0.0,0.0,1.0,0.0,0.0,0.0,0.0,1.0
window_10_0pct::CpPvPu24tOARnKDH04,window_10_0pct,1784124684.749979,0,-0.3893349903887788,-0.2761723606358297,1.1454757210097604,0.3495257843747771,0.9198717811986884,-0.074755732677597,0.3573712103987074,-0.5674006052698465,1.0,0.0,0.0,1.0,0.0,0.0,0.0,0.0,0.0,1.0
window_10_0pct::CucgHn4QD4ykeGk7Xl,window_10_0pct,1784125703.489178,0,0.1801557295285219,0.0862262751222587,-0.1540802180925499,-0.0896495942638568,-0.1494449520589724,-0.2492333678264251,-0.2369778320640739,-0.0287489826200832,1.0,0.0,0.0,1.0,0.0,0.0,0.0,0.0,0.0,1.0
window_10_0pct::CwdGlu3LfRpwlEwlHg,window_10_0pct,1784124900.344076,0,-0.3231305137736064,0.4843014605145631,0.6638754539074543,0.2792577237925956,0.5888927923332221,-0.2407383637325284,-0.2340746707552136,-0.1552949303757844,1.0,0.0,0.0,1.0,0.0,0.0,0.0,0.0,0.0,1.0
window_10_0pct::COzwEx3WeDfxX4Z9Za,window_10_0pct,1784125301.165541,0,1.0482295461596698,0.2973646858229988,0.1166951239668234,0.1387216026282328,0.1560741145860735,-0.2494708908818203,-0.2370460353394787,-0.0290758060985941,1.0,0.0,0.0,1.0,0.0,0.0,0.0,0.0,0.0,1.0
window_10_0pct::CECcjE2trq15u9e5D4,window_10_0pct,1784124972.787613,0,-0.3884906239096488,-0.1067609085715994,-0.5306291697638502,-0.2653197457193104,-0.4549640187040185,-0.097786920667454,-0.1902245160625564,0.3306186046302633,1.0,0.0,0.0,1.0,0.0,0.0,0.0,0.0,0.0,1.0
window_10_0pct::Ccvcvi3ucIKkS6wlz7,window_10_0pct,1784124309.931128,0,-0.3102352113222149,-0.1858334951877857,-0.4118967527883412,-0.2301857154282197,-0.378584252042757,-0.2481633864134418,-0.2363202116496046,-0.1883692173273388,1.0,0.0,0.0,1.0,0.0,0.0,0.0,0.0,0.0,1.0
window_10_0pct::CngyH83PFv5d6RiI4h,window_10_0pct,1784124395.173796,0,-0.3892630394675016,-0.3698493827747943,-0.7379063557416712,-0.4058558668836733,-0.684103318687803,-0.2497985998628026,-0.1946555470974378,-0.6040302242810942,1.0,0.0,0.0,0.0,1.0,0.0,0.0,0.0,0.0,1.0
window_10_0pct::CXLlmXXKTnMeUzfch,window_10_0pct,1784124645.692142,0,-0.3893054200546634,-0.1916752693968971,1.1531235417489236,0.2616907086470503,0.9453317034191092,0.0589765855198044,0.2555735906077114,-0.5346422851239325,1.0,0.0,0.0,1.0,0.0,0.0,0.0,0.0,0.0,1.0
window_10_0pct::CABoLq4fEYEUszjPwl,window_10_0pct,1784124358.618001,0,-0.3482280199353154,-0.2788846129472028,-0.5573540544579261,-0.3180207911559465,-0.5058838631448596,-0.2482499706060622,-0.2361251587547115,-0.2330406056947786,1.0,0.0,0.0,1.0,0.0,0.0,0.0,0.0,0.0,1.0
window_10_0pct::CzYy0V246I6MDLCYs8,window_10_0pct,1784124726.846089,0,-0.3885105972291902,-0.1891716518787065,1.1531235417489236,0.3319587692292318,0.9453317034191092,-0.1436693989156327,-0.0542448846009182,-0.5336672789531058,1.0,0.0,0.0,1.0,0.0,0.0,0.0,0.0,0.0,1.0
window_10_0pct::CkdzPj2JKT2a5mZeH9,window_10_0pct,1784124409.47108,0,-0.3897118253325596,-0.3631730693929528,-0.7368866463097827,-0.4585569123203094,-0.7095632409082235,3.9171587514398927,3.9880598629248833,4.119297628905474,0.0,1.0,1.0,0.0,0.0,0.0,0.0,0.0,0.0,1.0
window_10_0pct::CBsXhq4mFoWvbvuHK1,window_10_0pct,1784125468.856186,0,-0.3890637332805218,-0.0053643990848804,-0.3500768684801051,-0.1423506397004929,-0.3022044853814955,0.1467076116136877,-0.0972387442227037,0.0880519808599643,1.0,0.0,0.0,1.0,0.0,0.0,0.0,0.0,0.0,1.0
window_10_0pct::C1qGnt4z2lqspd975l,window_10_0pct,1784124864.163539,0,-0.1762297162547004,-0.188963017085524,-0.4516654206319899,-0.2301857154282197,-0.4040441742631775,-0.2492001790140489,-0.2368488676977143,-0.1386750823819176,1.0,0.0,0.0,1.0,0.0,0.0,0.0,0.0,0.0,1.0
window_10_0pct::CTbhRM2muafzDe1eLh,window_10_0pct,1784124335.646997,0,-0.3896467705975058,-0.2745032822903692,-0.5573540544579261,-0.3004537760104012,-0.5058838631448596,0.7676194848741187,0.4852143011808827,-0.2151718396619515,1.0,0.0,0.0,1.0,0.0,0.0,0.0,0.0,0.0,1.0
window_10_0pct::CvTo6v3QIFxyIhTyij,window_10_0pct,1784124895.7857,0,-0.3878636580999265,-0.2767982650153773,-0.5573540544579261,-0.3180207911559465,-0.5058838631448596,-0.2142617297694554,-0.2138939677916598,-0.2245316694886705,1.0,0.0,0.0,1.0,0.0,0.0,0.0,0.0,0.0,1.0
window_10_0pct::Cxxu7310i0LJ1gykf6,window_10_0pct,1784124321.653708,0,0.1124270142794157,-0.2790932477403853,-0.5940211061129143,-0.3180207911559465,-0.5058838631448596,-0.2496709513178664,-0.2370767161558681,-0.1395809827386539,1.0,0.0,0.0,1.0,0.0,0.0,0.0,0.0,0.0,1.0
window_10_0pct::CpJq8wjZFEFNCoHnd,window_10_0pct,1784125282.728021,0,0.9639268614678992,0.5606617948193763,2.045178099132821,0.8062681781589565,1.7600492144725652,-0.249313106672483,-0.2369045692033401,-0.3578038611298426,1.0,0.0,0.0,1.0,0.0,0.0,0.0,0.0,0.0,1.0
window_10_0pct::CkD3Os1DIkymMfuED4,window_10_0pct,1784125780.197499,0,-0.2101328622579568,0.4575962069871968,-0.0028020750826018,0.0684535420460513,0.0033145812635505,-0.2465443872891924,-0.2363370652593006,0.2249050099233677,1.0,0.0,0.0,1.0,0.0,0.0,0.0,0.0,0.0,1.0
window_10_0pct::CnvQFm2trJuadybPi6,window_10_0pct,1784125547.024835,0,0.4226400913752099,0.0728736483585756,-0.0780693775238665,-0.0193815336816754,-0.0476052631772904,-0.2494136962654104,-0.2370093856887392,-0.1099196600701132,1.0,0.0,0.0,1.0,0.0,0.0,0.0,0.0,0.0,1.0
window_10_0pct::CNBiwg3rmIwPJwiljj,window_10_0pct,1784124197.986463,0,-0.3892830341374649,-0.187085303946881,-0.4767545214457448,-0.2653197457193104,-0.429504096483598,0.0504389909335769,-0.1037111465897619,-0.0886768893967496,1.0,0.0,0.0,1.0,0.0,0.0,0.0,0.0,0.0,1.0
window_10_0pct::COS4773MeBku3N0hr8,window_10_0pct,1784124729.429034,0,0.2966223868939188,-0.3698493827747943,-0.7379063557416712,-0.3882888517381279,-0.6331834742469621,-0.2497985998628026,-0.2371275790291526,-0.6040302242810942,1.0,0.0,0.0,0.0,1.0,0.0,0.0,0.0,0.0,1.0
window_10_0pct::CjapWKAqMtPzcGxGe,window_10_0pct,1784125384.490066,0,-0.3875517924895126,-0.3698493827747943,-0.7379063557416712,-0.4058558668836733,-0.684103318687803,-0.2497985998628026,-0.2283132087544923,-0.6040302242810942,1.0,0.0,0.0,0.0,1.0,0.0,0.0,0.0,0.0,1.0
window_10_0pct::C067IMMfATCtYftgc,window_10_0pct,1784124156.838409,0,0.0408969098148523,-0.3698493827747943,-0.7379063557416712,-0.4058558668836733,-0.684103318687803,-0.2497985998628026,-0.2371179972215827,-0.6040302242810942,1.0,0.0,0.0,0.0,1.0,0.0,0.0,0.0,0.0,1.0
window_10_0pct::C4QADm1JgktrBYveL7,window_10_0pct,1784124726.67843,0,-0.2053585983748926,-0.2824314044313061,1.1454757210097604,0.2441236935015049,0.9198717811986884,-0.2494637022758833,-0.2360990940290466,-0.5698480185668119,1.0,0.0,0.0,1.0,0.0,0.0,0.0,0.0,0.0,1.0
window_10_0pct::C38lWi2DtG5zFw10K,window_10_0pct,1784126018.046923,0,-0.3872400870072617,-0.2788846129472028,-0.5573540544579261,-0.3355878063014919,-0.5058838631448596,-0.2238187506332933,-0.2216948928039874,-0.2330406056947786,1.0,0.0,0.0,1.0,0.0,0.0,0.0,0.0,0.0,1.0
window_10_0pct::CQfAfb4a1G8AMK0sxe,window_10_0pct,1784125903.811022,0,-0.305890272394789,-0.0913219338760908,-0.2555413065654486,-0.1423506397004929,-0.225824718720234,-0.2474518267422344,-0.2360786729387717,-0.1788082504456589,1.0,0.0,0.0,1.0,0.0,0.0,0.0,0.0,0.0,1.0
window_10_0pct::C5STWx1979jb379soj,window_10_0pct,1784125587.509982,0,-0.3852126829840881,-0.1916752693968971,1.1531235417489236,0.4022268298114132,0.9453317034191092,-0.2218364649573047,-0.1840418134386075,-0.5346422851239325,1.0,0.0,0.0,1.0,0.0,0.0,0.0,0.0,0.0,1.0
window_10_0pct::Ca6wSsBpEzypHtGN9,window_10_0pct,1784124131.020201,0,-0.3048012087320515,-0.2774241693949249,1.1454757210097604,0.2792577237925956,0.9198717811986884,-0.2490298459328253,-0.2347411994234967,-0.5678900879292397,1.0,0.0,0.0,1.0,0.0,0.0,0.0,0.0,0.0,1.0
window_10_0pct::CIAzPo2nfo34lMxMt2,window_10_0pct,1784125657.53383,0,-0.2088511857654562,0.0036068970219691,-0.2071263524972459,-0.1247836245549475,-0.174904874279393,-0.2483402636621819,-0.2366337029422398,-0.0858862061271857,1.0,0.0,0.0,1.0,0.0,0.0,0.0,0.0,0.0,1.0
window_10_0pct::Cz1xz42byil26kXrHc,window_10_0pct,1784125267.676495,0,-0.3892582889986636,-0.2776328041881075,-0.5573540544579261,-0.3180207911559465,-0.5058838631448596,-0.1065536318654309,-0.1425212405383479,-0.2279352439711137,1.0,0.0,0.0,1.0,0.0,0.0,0.0,0.0,0.0,1.0
window_10_0pct::Cq78RP1Fi2LjGGzNsk,window_10_0pct,1784124243.330091,0,-0.3864467587113105,-0.0967464384988371,-0.5306291697638502,-0.2477527305737651,-0.4549640187040185,-0.1907447089744772,-0.2181326764936363,0.3661960382446528,1.0,0.0,0.0,1.0,0.0,0.0,0.0,0.0,0.0,1.0
window_10_0pct::Ca29wd3oz5u7tlbWnd,window_10_0pct,1784125395.536383,0,-0.1379784501111783,0.378314985577828,0.2583710031598221,0.1738556329193235,0.232453881247335,-0.247699568444238,-0.2364596761656842,-0.0509983583201093,1.0,0.0,0.0,1.0,0.0,0.0,0.0,0.0,0.0,1.0
window_10_0pct::CjYyka1JtUGC8oXuji,window_10_0pct,1784124199.495675,0,-0.3897120068111444,-0.3631730693929528,-0.7368866463097827,-0.4585569123203094,-0.7095632409082235,4.713094425284227,4.795124791460313,4.119297628905474,0.0,1.0,1.0,0.0,0.0,0.0,0.0,0.0,0.0,1.0
window_10_0pct::C5YxIn2x15sh6rh9O6,window_10_0pct,1784125121.087904,0,-0.3809906157337988,-0.1906320954309843,-0.6589426066098109,-0.3355878063014919,-0.582263629806121,-0.2352871268364249,-0.2327772160548546,1.0669756312567944,1.0,0.0,0.0,1.0,0.0,0.0,0.0,0.0,0.0,1.0
window_10_0pct::C7PgJ233qqO8gpTx11,window_10_0pct,1784125343.592477,0,-0.3892400343880726,-0.2767982650153773,-0.5573540544579261,-0.3180207911559465,-0.5058838631448596,-0.1108365309054243,-0.1461743499438333,-0.2245316694886705,1.0,0.0,0.0,1.0,0.0,0.0,0.0,0.0,0.0,1.0
window_10_0pct::CQFUtxc72CWKbBWZk,window_10_0pct,1784124759.696985,0,-0.3891152518481899,-0.0917392034624559,-0.5306291697638502,-0.2653197457193104,-0.4549640187040185,0.0788218791425823,-0.1411723630025893,0.3839847550518475,1.0,0.0,0.0,1.0,0.0,0.0,0.0,0.0,0.0,1.0
window_10_0pct::CxFCp31hZsSrkOJxTg,window_10_0pct,1784124784.150165,0,-0.3895736987790871,-0.0979982472579324,-0.5306291697638502,-0.2477527305737651,-0.4549640187040185,1.1289188576094706,0.209166167396579,0.3617488590428541,1.0,0.0,0.0,1.0,0.0,0.0,0.0,0.0,0.0,1.0
window_10_0pct::CK9wes1w2ZxPzOCtbf,window_10_0pct,1784124197.988232,0,-0.3893022174914018,-0.3698493827747943,-0.7379063557416712,-0.4058558668836733,-0.684103318687803,-0.2497985998628026,-0.1906010667242873,-0.6040302242810942,1.0,0.0,0.0,0.0,1.0,0.0,0.0,0.0,0.0,1.0
window_10_0pct::CTbWFH36TSOsaMYK09,window_10_0pct,1784125127.960007,0,-0.3891272934860535,-0.2784673433608376,-0.5955506702607468,-0.3355878063014919,-0.53134378536528,-0.1395996598483792,-0.1718532982712627,-0.1313538665469751,1.0,0.0,0.0,1.0,0.0,0.0,0.0,0.0,0.0,1.0
window_10_0pct::CMvFekzuWB1BTiiL1,window_10_0pct,1784125942.691594,0,0.8172539903763208,-0.2811795956722108,-0.5955506702607468,-0.2828867608648558,-0.480423940924439,-0.249746714488041,-0.2371188358185793,-0.1453830735116864,1.0,0.0,0.0,1.0,0.0,0.0,0.0,0.0,0.0,1.0
window_10_0pct::CTFkUqv7Hi8cvdu76,window_10_0pct,1784125384.489915,0,-0.3875499456780317,-0.27784143898129,-0.5815509095187786,-0.3004537760104012,-0.5058838631448596,-0.2197564352899576,-0.2150582958447951,-0.1707229648245473,1.0,0.0,0.0,1.0,0.0,0.0,0.0,0.0,0.0,1.0
window_10_0pct::CbaJd2359DjURgqcLl,window_10_0pct,1784124729.428782,0,0.3485506478049331,-0.0982068820511149,-0.2228681168520235,-0.1423506397004929,-0.2003647964998135,-0.2495387329839308,-0.2370393621457083,-0.2156268545430082,1.0,0.0,0.0,1.0,0.0,0.0,0.0,0.0,0.0,1.0
window_10_0pct::CBy68t4bmjjafQ3ea1,window_10_0pct,1784124437.031609,0,-0.3884149259893556,-0.1895889214650716,-0.4300815709903515,-0.2477527305737651,-0.378584252042757,-0.1517186779970019,-0.1892784340097384,-0.1727996156436068,1.0,0.0,0.0,1.0,0.0,0.0,0.0,0.0,0.0,1.0
window_10_0pct::CK83TjmrnTfoPpez9,window_10_0pct,1784124776.68805,0,-0.386522018947958,-0.27784143898129,-0.5573540544579261,-0.3355878063014919,-0.5058838631448596,-0.2294341991356635,-0.225175602928117,-0.2287861375917246,1.0,0.0,0.0,1.0,0.0,0.0,0.0,0.0,0.0,1.0
window_10_0pct::CbwJrYqnPBF7Drtll,window_10_0pct,1784124041.306664,0,-0.0911316749769129,-0.1002932299829404,1.224609421713602,0.2792577237925956,0.99625154785995,-0.2491609954114456,-0.2364738563763605,-0.5028783235488227,1.0,0.0,0.0,1.0,0.0,0.0,0.0,0.0,0.0,1.0
window_10_0pct::CyMCod1ZEU7fr0yHn5,window_10_0pct,1784125790.868779,0,0.5221491122192035,-0.3698493827747943,-0.7379063557416712,-0.3882888517381279,-0.6331834742469621,-0.2497985998628026,-0.2371361936147742,-0.6040302242810942,1.0,0.0,0.0,0.0,1.0,0.0,0.0,0.0,0.0,1.0
window_10_0pct::CNxyto9wUKch0e1y,window_10_0pct,1784125183.205234,0,0.6513873783676182,0.2479182398387346,1.795625459624625,0.7535671327223203,1.5563698367092011,-0.2493795195821589,-0.2368409422966313,-0.4244585649624349,1.0,0.0,0.0,1.0,0.0,0.0,0.0,0.0,0.0,1.0
window_10_0pct::CYVnSH18b9suowDU51,window_10_0pct,1784124684.849535,0,-0.0642193616165457,0.1740615230521121,0.0701496371904161,0.0860205571915967,0.1051542701452325,-0.2486184151392651,-0.2366923650154854,-0.1083317862474077,1.0,0.0,0.0,1.0,0.0,0.0,0.0,0.0,0.0,1.0
window_10_0pct::CYyoCU3pa2Cmp1xzM5,window_10_0pct,1784125867.927777,0,0.1795042747850594,-0.2790932477403853,-0.5955506702607468,-0.3180207911559465,-0.5058838631448596,-0.2496859935798099,-0.2370868144236493,-0.1345913758465238,1.0,0.0,0.0,1.0,0.0,0.0,0.0,0.0,0.0,1.0
window_10_0pct::CfRUQ8wX0f6BSK106,window_10_0pct,1784124606.749064,0,-0.3888161110891354,-0.1875025735332461,1.1531235417489236,0.3670927995203225,0.9453317034191092,-0.1062017041611146,0.0187287832219888,-0.5330172748392215,1.0,0.0,0.0,1.0,0.0,0.0,0.0,0.0,0.0,1.0
window_10_0pct::CGot882N3k2l4DK91,window_10_0pct,1784125466.626974,0,0.306390066064038,0.1784428537089456,-0.2277329805999912,-0.0720825791183115,-0.174904874279393,-0.2492423073098283,-0.2370044357814041,0.1874113853626598,1.0,0.0,0.0,1.0,0.0,0.0,0.0,0.0,0.0,1.0
window_10_0pct::CUROr34FhEmw0bpmNh,window_10_0pct,1784125974.995564,0,-0.1019304193891022,-0.2790932477403853,-0.5573540544579261,-0.3180207911559465,-0.5058838631448596,-0.2495758711412155,-0.2370128863217577,-0.2338914993153894,1.0,0.0,0.0,1.0,0.0,0.0,0.0,0.0,0.0,1.0
window_10_0pct::Cgcxzc2zQfIxfmOnp1,window_10_0pct,1784125921.647022,0,-0.3129867255740456,0.0891471622268144,-0.2059154475468784,-0.0720825791183115,-0.174904874279393,-0.2455735657579653,-0.2357291801037007,0.0313453579343851,1.0,0.0,0.0,1.0,0.0,0.0,0.0,0.0,0.0,1.0
window_10_0pct::CRzv3Wnth9Xv458qb,window_10_0pct,1784126004.226161,0,-0.3893611766810478,-0.3698493827747943,-0.7379063557416712,-0.4058558668836733,-0.684103318687803,-0.2497985998628026,-0.1827972765112841,-0.6040302242810942,1.0,0.0,0.0,0.0,1.0,0.0,0.0,0.0,0.0,1.0
window_10_0pct::CZ23631fkM8byDHcwe,window_10_0pct,1784124197.952184,0,-0.3719009192061588,0.0127868279220013,-0.1931265917552777,-0.0720825791183115,-0.1494449520589724,-0.2346267991057148,-0.2309887015118535,-0.0867917508281013,1.0,0.0,0.0,1.0,0.0,0.0,0.0,0.0,0.0,1.0
window_10_0pct::CGcejD44glWQlVn0e1,window_10_0pct,1784124208.012607,0,0.2334843432513006,-0.2790932477403853,-0.5815509095187786,-0.3004537760104012,-0.5058838631448596,-0.2496957473044556,-0.2370856903967302,-0.1766183016879016,1.0,0.0,0.0,1.0,0.0,0.0,0.0,0.0,0.0,1.0
window_10_0pct::CtYB8E1BzTB2mr8Zq1,window_10_0pct,1784124200.531385,0,-0.3893783851209734,-0.3698493827747943,-0.7379063557416712,-0.4058558668836733,-0.684103318687803,-0.2497985998628026,-0.1800010480827976,-0.6040302242810942,1.0,0.0,0.0,0.0,1.0,0.0,0.0,0.0,0.0,1.0
window_10_0pct::CTZdFM2yAIirePZAz6,window_10_0pct,1784124275.76674,0,0.338733841314381,0.2817170763343076,1.620044241821336,0.6305980267035028,1.352690458945837,-0.2491668785190753,-0.2367489108669663,-0.4005309981364534,1.0,0.0,0.0,1.0,0.0,0.0,0.0,0.0,0.0,1.0
window_10_0pct::CPfACe463FKI2m4cI1,window_10_0pct,1784125146.788712,0,0.6124485859430973,0.4580134765735619,0.8369923739170128,0.3670927995203225,0.7161924034353246,-0.2492151744589831,-0.2369334100431743,-0.2169129377637733,1.0,0.0,0.0,1.0,0.0,0.0,0.0,0.0,0.0,1.0
window_10_0pct::CAQIE44CYj7OjDYDxl,window_10_0pct,1784125487.89175,0,-0.3897119534350901,-0.3631730693929528,-0.7368866463097827,-0.4585569123203094,-0.7095632409082235,4.449110753733854,4.527449940319026,4.119297628905474,0.0,1.0,1.0,0.0,0.0,0.0,0.0,0.0,0.0,1.0
window_10_0pct::Ce58pr26hQhhcFY45h,window_10_0pct,1784124900.350245,0,-0.3231946611157361,0.104168867335958,-0.0165681524130956,-0.0193815336816754,0.0033145812635505,-0.244765696192695,-0.2352936044153442,-0.1200963804468361,1.0,0.0,0.0,1.0,0.0,0.0,0.0,0.0,0.0,1.0
window_10_0pct::CucxpVRTayUfwcEq,window_10_0pct,1784124795.595308,0,0.4998001419254918,-0.0074507470167059,-0.1899187558341287,-0.1072166094094022,-0.1494449520589724,-0.2495108607662642,-0.2370495347173001,-0.1170160026378787,1.0,0.0,0.0,1.0,0.0,0.0,0.0,0.0,0.0,1.0
window_10_0pct::CynToa2GcxioVKTtE,window_10_0pct,1784126048.011838,0,-0.3887522733281209,-0.279719152119933,-0.5573540544579261,-0.3180207911559465,-0.5058838631448596,-0.1835380881538268,-0.1923710724507093,-0.2364441801772219,1.0,0.0,0.0,1.0,0.0,0.0,0.0,0.0,0.0,1.0
window_10_0pct::CBKLnAk6tAvG2dGv,window_10_0pct,1784124766.808602,0,-0.3893248382632395,-0.187085303946881,-0.4767545214457448,-0.2653197457193104,-0.429504096483598,0.0827774788604857,-0.0893371567804151,-0.0886768893967496,1.0,0.0,0.0,1.0,0.0,0.0,0.0,0.0,0.0,1.0
window_10_0pct::CfYESN3D8Q3BLkAQnl,window_10_0pct,1784125394.184781,0,-0.3859156989960622,-0.2784673433608376,-0.5955506702607468,-0.3180207911559465,-0.53134378536528,-0.2328022594738564,-0.2258304690545439,-0.1313538665469751,1.0,0.0,0.0,1.0,0.0,0.0,0.0,0.0,0.0,1.0
window_10_0pct::C1Hj5FMzvx1HSrsxl,window_10_0pct,1784125689.184749,0,0.7097886067669111,0.2679471799842594,0.7010098723853913,0.2616907086470503,0.6652725589944836,-0.2493889139862519,-0.2369797744414547,-0.277605603193284,1.0,0.0,0.0,1.0,0.0,0.0,0.0,0.0,0.0,1.0
window_10_0pct::CRXIdLaIwkA4tSpv,window_10_0pct,1784125363.342127,0,0.4083729602755039,0.184284627918057,1.6774666292045533,0.6657320569945936,1.403610303386678,-0.249308223161032,-0.2367730103093972,-0.4350758505989734,1.0,0.0,0.0,1.0,0.0,0.0,0.0,0.0,0.0,1.0
window_10_0pct::CD5gsb3ieD7byEEI1d,window_10_0pct,1784125506.520824,0,-0.2203334319041456,0.087478083881354,-0.0250444870656682,-0.00181451853613,-0.0221453409568699,-0.2478916861394706,-0.2364002700200875,-0.1315848346687714,1.0,0.0,0.0,1.0,0.0,0.0,0.0,0.0,0.0,1.0
window_10_0pct::CLn8YX2NPYRdPFbjB9,window_10_0pct,1784124940.956799,0,-0.099169265421854,0.0856003707427111,-0.1544626091295081,-0.0896495942638568,-0.1494449520589724,-0.2486914824266221,-0.2368003811973525,-0.0291619709680053,1.0,0.0,0.0,1.0,0.0,0.0,0.0,0.0,0.0,1.0
window_10_0pct::CQ8wkb8JQbxVnN0S4,window_10_0pct,1784125627.616508,0,-0.3783550449472485,-0.1774881034604837,0.0946226635557384,-0.0193815336816754,0.0542344257043915,-0.2378371498908609,-0.2262176375022404,-0.4338732121676223,1.0,0.0,0.0,1.0,0.0,0.0,0.0,0.0,0.0,1.0
window_10_0pct::CLsFEL2ajbEvzYCebl,window_10_0pct,1784124073.87728,0,1.4466929795772707,0.1773996797430329,1.6698825403048831,0.6305980267035028,1.4545301478275192,-0.2495881343181447,-0.2369983873740173,-0.4366494995801613,1.0,0.0,0.0,1.0,0.0,0.0,0.0,0.0,0.0,1.0
window_10_0pct::CMJGxR34k19C1BIyEb,window_10_0pct,1784125603.425938,0,-0.3888370878784988,-0.08798377718517,-0.5306291697638502,-0.2477527305737651,-0.4549640187040185,-0.0225152689478035,-0.1661987392695459,0.3973262926572436,1.0,0.0,0.0,1.0,0.0,0.0,0.0,0.0,0.0,1.0
window_10_0pct::CmHF7D41M0sTg4c4Ne,window_10_0pct,1784124397.686298,0,0.1036880731553965,-0.2790932477403853,-0.5815509095187786,-0.3180207911559465,-0.480423940924439,-0.2496686904528686,-0.2370751983774748,-0.1766183016879016,1.0,0.0,0.0,1.0,0.0,0.0,0.0,0.0,0.0,1.0
window_10_0pct::CBrsQN2OmYG6TiN84c,window_10_0pct,1784124784.1491,0,-0.3897121028880423,-0.3631730693929528,-0.7368866463097827,-0.4585569123203094,-0.7095632409082235,5.271419890613267,5.361257101624136,4.119297628905474,0.0,1.0,1.0,0.0,0.0,0.0,0.0,0.0,0.0,1.0
window_10_0pct::C4dbf32gb4wDc4yE7b,window_10_0pct,1784124727.096439,0,-0.3414321806942137,-0.1864593995673333,-0.4752249572979122,-0.2653197457193104,-0.429504096483598,-0.2471159373751689,-0.2359740749900022,-0.0899228584074318,1.0,0.0,0.0,1.0,0.0,0.0,0.0,0.0,0.0,1.0
window_10_0pct::Cmudjb2XvM9Gn9yW71,window_10_0pct,1784125215.840564,0,-0.2890921341990238,-0.3698493827747943,-0.7379063557416712,-0.4058558668836733,-0.684103318687803,-0.2497985998628026,-0.2369723441793647,-0.6040302242810942,1.0,0.0,0.0,0.0,1.0,0.0,0.0,0.0,0.0,1.0
window_10_0pct::C3myboq0hKLkUkuP7,window_10_0pct,1784125613.159106,0,-0.3851952076638906,0.4567616678144666,-0.6461112629252148,0.050886526900506,-0.174904874279393,-0.1205744289077802,-0.2054133390415289,6.0261281425191,1.0,0.0,0.0,0.0,0.0,1.0,0.0,0.0,0.0,1.0
window_10_0pct::COTUk633PXaaQRuLO1,window_10_0pct,1784125460.662246,0,0.779143455537724,0.091650779745005,1.0124673719878134,0.3495257843747771,0.8180320923170066,-0.2495197468353576,-0.2369701590069527,-0.4098618663136865,1.0,0.0,0.0,1.0,0.0,0.0,0.0,0.0,0.0,1.0
window_10_0pct::CNYod84CrJtRdNCE59,window_10_0pct,1784124970.959767,0,0.0935166148092555,0.0849744663631634,1.5382338038587873,0.5427629509757761,1.2763106922845755,-0.2491338559101794,-0.2365885494351339,-0.4568725785900763,1.0,0.0,0.0,1.0,0.0,0.0,0.0,0.0,0.0,1.0
window_10_0pct::CC4xjE2pFMk3QEINJ2,window_10_0pct,1784124279.630902,0,-0.3803429613654067,0.0960321104018386,-0.2103129444718972,-0.1072166094094022,-0.174904874279393,-0.2146829472583887,-0.2264469258292558,0.0462510756868387,1.0,0.0,0.0,1.0,0.0,0.0,0.0,0.0,0.0,1.0
window_10_0pct::CbOncu1ravxjse674d,window_10_0pct,1784124333.532568,0,0.0897230932242109,-0.188963017085524,-0.4134688048291692,-0.2477527305737651,-0.378584252042757,-0.2495321350818789,-0.2370327683446828,-0.193458592179254,1.0,0.0,0.0,1.0,0.0,0.0,0.0,0.0,0.0,1.0
window_10_0pct::CBH5991r3gAEGWGFIb,window_10_0pct,1784124448.314679,0,0.198805130768073,-0.184790321221873,-0.6589426066098109,-0.3180207911559465,-0.5568037075857005,-0.249576516916866,-0.2370892936325019,1.1214438081544202,1.0,0.0,0.0,1.0,0.0,0.0,0.0,0.0,0.0,1.0
window_10_0pct::CJQQG91NsZkbNg64Vj,window_10_0pct,1784125442.712978,0,0.9707559219652344,0.3676746111255179,0.7134800689795268,0.3143917540836864,0.6143527145536426,-0.2494157290929521,-0.2370042648775823,-0.229808153976159,1.0,0.0,0.0,1.0,0.0,0.0,0.0,0.0,0.0,1.0
window_10_0pct::Csblf31Pup4Q18cPId,window_10_0pct,1784123939.368883,0,0.3411190784059834,-0.0074507470167059,-0.206531521995311,-0.0545155639727661,-0.1494449520589724,-0.2494483857464938,-0.2370054006320179,-0.1017907239409492,1.0,0.0,0.0,1.0,0.0,0.0,0.0,0.0,0.0,1.0
window_10_0pct::Cs4Vod3sF5krlT0UQ3,window_10_0pct,1784125774.663238,0,0.4415904695100857,0.2796307284024821,-0.1642985563579319,0.0157524966094153,-0.1239850298385519,-0.2492468135097838,-0.2370013712613741,0.2297995160408258,1.0,0.0,0.0,1.0,0.0,0.0,0.0,0.0,0.0,1.0
window_10_0pct::CXHQb33ScwtfMkVo35,window_10_0pct,1784125405.010023,0,-0.1369885911830741,0.447790371707617,0.8385006941183478,0.4022268298114132,0.7416523256557451,-0.2475136348569503,-0.2362164891913759,-0.2220591863195118,1.0,0.0,0.0,1.0,0.0,0.0,0.0,0.0,0.0,1.0
window_10_0pct::CK76giMSTFNq8ptUk,window_10_0pct,1784124283.702523,0,0.4961922409070892,0.081010405292695,-0.268882504965989,-0.0720825791183115,-0.2003647964998135,-0.249439166056388,-0.2370382812194416,0.1038659426734674,1.0,0.0,0.0,1.0,0.0,0.0,0.0,0.0,0.0,1.0
window_06_15pct::CYs8Yt12k2K4ta0yg7,window_06_15pct,1783710631.703971,1,-0.07914102192044548,-0.32603607620645897,-0.7379063557416712,-0.35315482144703725,-0.6077235520265416,-0.24969896565045505,-0.23705464748042576,1518.2410825660247,1.0,0.0,0.0,1.0,0.0,0.0,0.0,1.0,0.0,0.0
window_10_0pct::CiFBSU3ZI9MSqyUpRd,window_10_0pct,1784124089.453215,0,0.0568308896905309,-0.3698493827747943,-0.7379063557416712,-0.4058558668836733,-0.684103318687803,-0.2497985998628026,-0.2371195819982122,-0.6040302242810942,1.0,0.0,0.0,0.0,1.0,0.0,0.0,0.0,0.0,1.0
window_10_0pct::C57Wuu1LA9zSldUxY,window_10_0pct,1784124940.905921,0,-0.3893026551750476,-0.3698493827747943,-0.7379063557416712,-0.4058558668836733,-0.6586433964673826,-0.2497985998628026,-0.1905513980609821,-0.6040302242810942,1.0,0.0,0.0,0.0,1.0,0.0,0.0,0.0,0.0,1.0
window_10_0pct::CfzNuW2392ZeQxs3jh,window_10_0pct,1784125007.456601,0,-0.3893772855742536,-0.3698493827747943,-0.7379063557416712,-0.4058558668836733,-0.684103318687803,-0.2497985998628026,-0.1801882895367172,-0.6040302242810942,1.0,0.0,0.0,0.0,1.0,0.0,0.0,0.0,0.0,1.0
window_10_0pct::ClOltF3jBHyI0Btyx3,window_10_0pct,1784123961.497349,0,0.0105897512946654,-0.2761723606358297,-0.5940211061129143,-0.3355878063014919,-0.53134378536528,-0.2496333240819279,-0.237066859411621,-0.1246331910568282,1.0,0.0,0.0,1.0,0.0,0.0,0.0,0.0,0.0,1.0
window_10_0pct::C1SD1A1Wbz7yPYiiZj,window_10_0pct,1784125333.653642,0,-0.3887408081516444,-0.0053643990848804,-0.3500768684801051,-0.1774846699915836,-0.3022044853814955,0.0149975013951228,-0.1535543615936025,0.0880519808599643,1.0,0.0,0.0,1.0,0.0,0.0,0.0,0.0,0.0,1.0
window_10_0pct::CO9KE13wWlGNZigMJc,window_10_0pct,1784125200.126004,0,-0.2297484875087417,0.2883933897161492,0.5342024044856423,0.2265566783559596,0.4361332590106991,-0.2468923882166018,-0.2359668583274646,-0.2229668050444196,1.0,0.0,0.0,1.0,0.0,0.0,0.0,0.0,0.0,1.0
window_10_0pct::C6yNsk2jbpeQz6Blp2,window_10_0pct,1784125182.895488,0,-0.3893837654272529,-0.3698493827747943,-0.7379063557416712,-0.4058558668836733,-0.684103318687803,-0.2497985998628026,-0.1790668026502263,-0.6040302242810942,1.0,0.0,0.0,0.0,1.0,0.0,0.0,0.0,0.0,1.0
window_10_0pct::CtBl2NLbjWRpYIU71,window_10_0pct,1784125346.66248,0,-0.3884389238633957,-0.187085303946881,-0.4767545214457448,-0.2301857154282197,-0.429504096483598,-0.1484833500061468,-0.1846237208759961,-0.0886768893967496,1.0,0.0,0.0,1.0,0.0,0.0,0.0,0.0,0.0,1.0
window_10_0pct::Cydqu02ZiF6Pvhvt7e,window_10_0pct,1784124001.162224,0,-0.3120838375889154,-0.27784143898129,-0.5573540544579261,-0.3355878063014919,-0.5058838631448596,-0.2489615230052598,-0.2366696933710999,-0.2287861375917246,1.0,0.0,0.0,1.0,0.0,0.0,0.0,0.0,0.0,1.0
window_10_0pct::Czdpog3dBj0OuCxQ3b,window_10_0pct,1784125394.184912,0,-0.3859169906965777,-0.2784673433608376,-0.5573540544579261,-0.3180207911559465,-0.5058838631448596,-0.2327964759182509,-0.2258266129944126,-0.231338818453557,1.0,0.0,0.0,1.0,0.0,0.0,0.0,0.0,0.0,1.0
window_10_0pct::CHuolyvS5EAKvzFoc,window_10_0pct,1784126117.22394,0,-0.2674968231176631,-0.0074507470167059,-0.1532517041791405,-0.00181451853613,-0.1239850298385519,-0.2477043780323022,-0.2361061590486091,-0.1475583522693078,1.0,0.0,0.0,1.0,0.0,0.0,0.0,0.0,0.0,1.0
window_10_0pct::CDquPi2liL3yNWMdf2,window_10_0pct,1784125282.71148,0,0.9641040699683742,0.8239589038157537,1.0414441150106428,0.5076289206846853,0.9453317034191092,-0.2491758132241327,-0.2369646402099705,-0.109935105838321,1.0,0.0,0.0,1.0,0.0,0.0,0.0,0.0,0.0,1.0
window_10_0pct::CTwrtf3mDStzRJeBA1,window_10_0pct,1784125394.426922,0,0.0791574420414113,-0.3698493827747943,-0.7379063557416712,-0.4058558668836733,-0.6586433964673826,-0.2497985998628026,-0.2371216213709995,-0.6040302242810942,1.0,0.0,0.0,0.0,1.0,0.0,0.0,0.0,0.0,1.0
window_10_0pct::C6M8hX6fxUWtAZtp7,window_10_0pct,1784125656.66195,0,-0.3897122203153619,-0.3631730693929528,-0.7368866463097827,-0.4585569123203094,-0.7095632409082235,6.15161414271815,6.253758762896896,4.119297628905474,0.0,1.0,1.0,0.0,0.0,0.0,0.0,0.0,0.0,1.0
window_10_0pct::C96Y1n2lTBrMtBhxb2,window_10_0pct,1784125372.074347,0,-0.3897118573581922,-0.3631730693929528,-0.7368866463097827,-0.4585569123203094,-0.7095632409082235,4.03852644128366,4.111124589320634,4.119297628905474,0.0,1.0,1.0,0.0,0.0,0.0,0.0,0.0,0.0,1.0
window_10_0pct::CZqv7h1WNgMdSAUNq8,window_10_0pct,1784124786.142335,0,-0.3893290122706905,-0.1916752693968971,1.1531235417489236,0.296824738938141,0.9453317034191092,0.0779498702802884,0.3107560874990304,-0.5346422851239325,1.0,0.0,0.0,1.0,0.0,0.0,0.0,0.0,0.0,1.0
window_10_0pct::CzfE1oay5Hwy6QLI7,window_10_0pct,1784124936.357269,0,-0.2144163760220252,0.074959996290401,0.9882705169269608,0.2441236935015049,0.8180320923170066,-0.2480064878127856,-0.2360441512597818,-0.4142609248729372,1.0,0.0,0.0,1.0,0.0,0.0,0.0,0.0,0.0,1.0
window_10_0pct::CqnmCG26jUvtqvJTN5,window_10_0pct,1784124072.181174,0,-0.2638596826966821,-0.2790932477403853,-0.5815509095187786,-0.3355878063014919,-0.5058838631448596,-0.2492892969695783,-0.2368584913422422,-0.1766183016879016,1.0,0.0,0.0,1.0,0.0,0.0,0.0,0.0,0.0,1.0
window_10_0pct::CJpUxUmPHRD9alZg5,window_10_0pct,1784125405.107893,0,-0.1179973910418239,-0.3698493827747943,-0.7379063557416712,-0.4058558668836733,-0.684103318687803,-0.2497985998628026,-0.2370920254422289,-0.6040302242810942,1.0,0.0,0.0,0.0,1.0,0.0,0.0,0.0,0.0,1.0
window_10_0pct::CpRrUc10z75Pv2sNRd,window_10_0pct,1784125346.662366,0,-0.388437322581765,-0.1891716518787065,1.1531235417489236,0.2792577237925956,0.9453317034191092,-0.1497656442422269,-0.0759961426209185,-0.5336672789531058,1.0,0.0,0.0,1.0,0.0,0.0,0.0,0.0,0.0,1.0
window_10_0pct::Cr1piR3HT2fqsC0y17,window_10_0pct,1784124813.138367,0,-0.388928211478502,-0.1883371127059763,-0.4118967527883412,-0.2477527305737651,-0.378584252042757,-0.0864400519341191,-0.1579585317724349,-0.194024469122628,1.0,0.0,0.0,1.0,0.0,0.0,0.0,0.0,0.0,1.0
window_10_0pct::CVfjvs493ZOakCJLd8,window_10_0pct,1784125969.598848,0,-0.3886749634509861,-0.1895889214650716,-0.4385579056429241,-0.2653197457193104,-0.4040441742631775,-0.1271477581877886,-0.1818887122034032,-0.160589779364416,1.0,0.0,0.0,1.0,0.0,0.0,0.0,0.0,0.0,1.0
window_10_0pct::C4XBxH3utklxJyxcq2,window_10_0pct,1784124514.77182,0,0.5866445836506697,0.0707873004267501,1.539635904327634,0.5251959358302307,1.2763106922845755,-0.249479859961263,-0.2368832855594331,-0.4615505836020031,1.0,0.0,0.0,1.0,0.0,0.0,0.0,0.0,0.0,1.0
window_10_0pct::CN0Vin39ckshw21Dk2,window_10_0pct,1784124020.971097,0,-0.182443361520477,-0.0975809776715673,-0.2470649719128761,-0.1599176548460383,-0.2003647964998135,-0.2488708597875091,-0.236747199050148,-0.195541628824266,1.0,0.0,0.0,1.0,0.0,0.0,0.0,0.0,0.0,1.0
window_10_0pct::CJZigAbZd8thyqboc,window_10_0pct,1784126046.445971,0,-0.374717029158976,-0.0024435119803247,-0.206531521995311,-0.0720825791183115,-0.1494449520589724,-0.2324949618277166,-0.2298293306344889,-0.094851318064056,1.0,0.0,0.0,1.0,0.0,0.0,0.0,0.0,0.0,1.0
window_10_0pct::CqjOnq14gFtP9FCis3,window_10_0pct,1784125847.398858,0,0.1129210843889926,-0.1839557820491427,-0.4761596909438099,-0.2301857154282197,-0.4040441742631775,-0.2495373974340416,-0.2370292394972873,-0.0810434659873097,1.0,0.0,0.0,1.0,0.0,0.0,0.0,0.0,0.0,1.0
window_10_0pct::CbvZEy1Zlt81T7CPu5,window_10_0pct,1784124593.524725,0,0.4551973708429925,-0.1883371127059763,-0.4752249572979122,-0.2301857154282197,-0.378584252042757,-0.249646873852193,-0.237083187356879,-0.0951867563515308,1.0,0.0,0.0,1.0,0.0,0.0,0.0,0.0,0.0,1.0
window_10_0pct::C5bA5X2GYzh1dCXvX4,window_10_0pct,1784125086.15325,0,0.1919602175825929,0.2047308376499468,0.0633515743111599,0.050886526900506,0.079694347924812,-0.2491009519401358,-0.2369158207641789,-0.0759383645621648,1.0,0.0,0.0,1.0,0.0,0.0,0.0,0.0,0.0,1.0
window_10_0pct::C09hYS2W8crQkHp955,window_10_0pct,1784124657.76748,0,0.0487183272396358,0.7546921524791472,1.471060445033137,0.6481650418490482,1.2763106922845755,-0.2479870986269462,-0.236464482470402,-0.2291221514580622,1.0,0.0,0.0,1.0,0.0,0.0,0.0,0.0,0.0,1.0
window_10_0pct::C6KBZ23dgq9AGph7qk,window_10_0pct,1784125583.020888,0,-0.1822200788098787,-0.3698493827747943,-0.7379063557416712,-0.4058558668836733,-0.684103318687803,-0.2497985998628026,-0.2370702401874513,-0.6040302242810942,1.0,0.0,0.0,0.0,1.0,0.0,0.0,0.0,0.0,1.0
window_10_0pct::CI53ct1s5HcTcS7a4c,window_10_0pct,1784125598.732511,0,-0.3887471385516915,-0.279719152119933,-0.5955506702607468,-0.3355878063014919,-0.53134378536528,-0.1838903623807455,-0.1975595617711567,-0.1378288851460726,1.0,0.0,0.0,1.0,0.0,0.0,0.0,0.0,0.0,1.0
window_10_0pct::C7c0HIg6eCZ07P8ce,window_10_0pct,1784125238.447437,0,0.5416232695755127,0.0945716668495607,1.4857612560095286,0.5251959358302307,1.2253908478437343,-0.2494464155002275,-0.236869792528063,-0.4502216548600609,1.0,0.0,0.0,1.0,0.0,0.0,0.0,0.0,0.0,1.0
window_10_0pct::CwMgxi17BKA2A749d,window_10_0pct,1784125488.372229,0,0.0742547019955028,-0.1864593995673333,-0.4149983689770018,-0.2477527305737651,-0.378584252042757,-0.2495194402603398,-0.237028446173208,-0.1858043387213476,1.0,0.0,0.0,1.0,0.0,0.0,0.0,0.0,0.0,1.0
window_10_0pct::CVsOP54psEjrwpblk5,window_10_0pct,1784124921.753791,0,-0.3892902612552252,-0.3698493827747943,-0.7379063557416712,-0.4058558668836733,-0.684103318687803,-0.2497985998628026,-0.1919180862329296,-0.6040302242810942,1.0,0.0,0.0,0.0,1.0,0.0,0.0,0.0,0.0,1.0
window_10_0pct::CZRKjP2VXdg7gttxPk,window_10_0pct,1784124939.527987,0,-0.2360457730517002,-0.2790932477403853,-0.5815509095187786,-0.3180207911559465,-0.5058838631448596,-0.2493814812883044,-0.2368823872787276,-0.1766183016879016,1.0,0.0,0.0,1.0,0.0,0.0,0.0,0.0,0.0,1.0
window_10_0pct::C6yewI1ze5QJwjhQT3,window_10_0pct,1784126081.095013,0,-0.0820158348578476,0.3514010972572791,-0.1829719853293887,-0.0369485488272207,-0.1494449520589724,-0.2481431068567292,-0.2367739480665886,0.353098880141771,1.0,0.0,0.0,1.0,0.0,0.0,0.0,0.0,0.0,1.0
window_10_0pct::C33phX3ZVG3K3pIRu6,window_10_0pct,1784125529.110123,0,-0.3140239290623671,-0.1858334951877857,-0.3743374553804507,-0.2301857154282197,-0.327664407601916,-0.2480815335692302,-0.2362780542602673,-0.2313074972159885,1.0,0.0,0.0,1.0,0.0,0.0,0.0,0.0,0.0,1.0
window_10_0pct::Ckg0yH2e3dGpf7Lrh8,window_10_0pct,1784124514.113314,0,-0.3893764102069621,-0.1858334951877857,1.1531235417489236,0.3143917540836864,0.9453317034191092,0.1363679538230356,0.4021292934181788,-0.5323672707253371,1.0,0.0,0.0,1.0,0.0,0.0,0.0,0.0,0.0,1.0
window_10_0pct::C0N1NWZ6867gGUaPl,window_10_0pct,1784124833.425862,0,-0.0215197671283027,0.3614155673300415,0.7485750685936869,0.296824738938141,0.6398126367740631,-0.2483959034836275,-0.2365910513370581,-0.2417440825971915,1.0,0.0,0.0,1.0,0.0,0.0,0.0,0.0,0.0,1.0
window_10_0pct::CbdRus4QCc32Yz9Nna,window_10_0pct,1784124026.065963,0,0.9397796092019596,0.8035126940838638,0.746280722371938,0.4724948903935946,0.7161924034353246,-0.2491752802334862,-0.2369682142397443,-0.0218199811024006,1.0,0.0,0.0,1.0,0.0,0.0,0.0,0.0,0.0,1.0
window_10_0pct::CvdU4N2A8TVThVHnVi,window_10_0pct,1784125630.622755,0,-0.1489903037580049,0.4567616678144666,1.8885252376589603,0.736000117576775,1.5818297589296215,-0.2473733922945835,-0.2357919574004964,-0.3722511324422612,1.0,0.0,0.0,1.0,0.0,0.0,0.0,0.0,0.0,1.0
window_10_0pct::CkOcuD21gZPnE88Mbk,window_10_0pct,1784124750.97385,0,0.5377535056344205,-0.188963017085524,-0.4833613888065219,-0.2301857154282197,-0.378584252042757,-0.2496608559904099,-0.2370902391642806,-0.0807338429833053,1.0,0.0,0.0,1.0,0.0,0.0,0.0,0.0,0.0,1.0
window_10_0pct::CRMAOwwxdTEeNmiw2,window_10_0pct,1784125128.474433,0,-0.2603462786449181,0.0109091147833584,-0.3350149104132531,-0.1599176548460383,-0.3022044853814955,-0.2477198997153002,-0.2364971644637243,0.0919250266798503,1.0,0.0,0.0,1.0,0.0,0.0,0.0,0.0,0.0,1.0
window_10_0pct::CXDp0M3jCivpMStx81,window_10_0pct,1784125777.568082,0,-0.3876338421602746,-0.3698493827747943,-0.7379063557416712,-0.4058558668836733,-0.684103318687803,-0.2497985998628026,-0.2279639860623649,-0.6040302242810942,1.0,0.0,0.0,0.0,1.0,0.0,0.0,0.0,0.0,1.0
window_10_0pct::CxhXne2rBFte5JhUce,window_10_0pct,1784124050.941999,0,-0.3140372410503244,-0.0888183163579002,-0.2555413065654486,-0.1774846699915836,-0.225824718720234,-0.2471758162417887,-0.2360883605587738,-0.1749860304561269,1.0,0.0,0.0,1.0,0.0,0.0,0.0,0.0,0.0,1.0
window_10_0pct::CCcxBg3XY6WXryO54h,window_10_0pct,1784125702.875301,0,-0.054974554274936,-0.188963017085524,-0.4667486226453396,-0.2301857154282197,-0.4040441742631775,-0.2494169501295756,-0.2369624448130223,-0.1127916393150617,1.0,0.0,0.0,1.0,0.0,0.0,0.0,0.0,0.0,1.0
window_10_0pct::Cqm15142aI4RhW5Kk1,window_10_0pct,1784124692.083531,0,-0.3897118573581922,-0.3631730693929528,-0.7368866463097827,-0.4585569123203094,-0.7095632409082235,4.03852644128366,4.111124589320634,4.119297628905474,0.0,1.0,1.0,0.0,0.0,0.0,0.0,0.0,0.0,1.0
window_10_0pct::C8KWsd14p3mgkmno3f,window_10_0pct,1784124953.619162,0,-0.3892116596775748,-0.3698493827747943,-0.7379063557416712,-0.4058558668836733,-0.684103318687803,-0.2497985998628026,-0.1990122312502153,-0.6040302242810942,1.0,0.0,0.0,0.0,1.0,0.0,0.0,0.0,0.0,1.0
window_10_0pct::CnOpX91OoqEBCOhtQi,window_10_0pct,1784124475.250501,0,-0.3897121882897292,-0.3631730693929528,-0.7368866463097827,-0.4585569123203094,-0.7095632409082235,5.884888611777276,5.983303714026363,4.119297628905474,0.0,1.0,1.0,0.0,0.0,0.0,0.0,0.0,0.0,1.0
window_10_0pct::CVDaKi2SWYrDH9mOFl,window_10_0pct,1784125543.730412,0,0.8504870213675106,0.275040762952466,0.4749955255966203,0.1914226480648689,0.4615931812311196,-0.2494313524958845,-0.2370159146709116,-0.2124731082268292,1.0,0.0,0.0,1.0,0.0,0.0,0.0,0.0,0.0,1.0
window_10_0pct::Cht6y81Lzd30w3CHN4,window_10_0pct,1784126129.961416,0,1.5098225364272455,-0.0157961387440079,-0.2050019578474783,0.0157524966094153,-0.0730651853977109,-0.2496669604808965,-0.237091933791443,-0.1147646964767129,1.0,0.0,0.0,1.0,0.0,0.0,0.0,0.0,0.0,1.0
window_10_0pct::CM0Gfh1aBxNuEHmkV8,window_10_0pct,1784124922.459798,0,-0.0031884764975256,-0.1883371127059763,-0.4501358564841572,-0.2477527305737651,-0.4040441742631775,-0.2494669394380427,-0.2370016054819766,-0.139546698451244,1.0,0.0,0.0,1.0,0.0,0.0,0.0,0.0,0.0,1.0
window_10_0pct::Co680f4LappXssb05,window_10_0pct,1784124440.687597,0,0.0483631202730816,0.3899985339960508,0.436182835345367,0.2089896632104142,0.3852134145698581,-0.2485735837277382,-0.2367367655626947,-0.1274232579850637,1.0,0.0,0.0,1.0,0.0,0.0,0.0,0.0,0.0,1.0
window_10_0pct::CB3zv04GTQES0q4MVb,window_10_0pct,1784124161.390481,0,0.366223032395059,0.4966109133123335,0.27081995580746,0.1387216026282328,0.2579138034677555,-0.24898907850004,-0.2369410419606251,0.0285401205586853,1.0,0.0,0.0,1.0,0.0,0.0,0.0,0.0,0.0,1.0
window_10_0pct::CQmXyd1zcRviFVguw7,window_10_0pct,1784125459.252175,0,0.8494948459186471,0.9094991690205988,4.938030025560802,1.8251550566005872,4.1532819031920925,-0.2490694624014106,-0.2366569822902457,-0.4380362228832466,1.0,0.0,0.0,1.0,0.0,0.0,0.0,0.0,0.0,1.0
window_10_0pct::CzcV0S3uJQtdlst6j7,window_10_0pct,1784125272.336725,0,-0.3280685887675011,-0.2761723606358297,-0.5940211061129143,-0.3355878063014919,-0.53134378536528,-0.2487253413530148,-0.2365419290207319,-0.1246331910568282,1.0,0.0,0.0,1.0,0.0,0.0,0.0,0.0,0.0,1.0
window_10_0pct::Cfwucg1jrpeAS60Y25,window_10_0pct,1784125350.346476,0,0.1983201239125264,0.099996171472307,0.2246356161215132,0.050886526900506,0.181534036806494,-0.2492342894910757,-0.2369184877645005,-0.2445553691556863,1.0,0.0,0.0,1.0,0.0,0.0,0.0,0.0,0.0,1.0
window_10_0pct::CH8E4n3CaGmChn2zc3,window_10_0pct,1784125528.328006,0,0.0803826893692426,-0.094451455773829,-0.258005604359179,-0.195051685137129,-0.2512846409406545,-0.2493848488144645,-0.2369996807387397,-0.1814271335257779,1.0,0.0,0.0,1.0,0.0,0.0,0.0,0.0,0.0,1.0
window_10_0pct::Caxy9m2HhRoI2S2w9b,window_10_0pct,1784124502.872164,0,-0.3814848459715388,-0.2767982650153773,-0.5955506702607468,-0.3355878063014919,-0.53134378536528,-0.2418115549713686,-0.2325138147150372,-0.1227205084148451,1.0,0.0,0.0,1.0,0.0,0.0,0.0,0.0,0.0,1.0
window_10_0pct::Cwz6Mr2aAzaJuPZ5G4,window_10_0pct,1784125551.400814,0,-0.3893823456242068,-0.2738773779108216,-0.5940211061129143,-0.3180207911559465,-0.53134378536528,-0.0447807999258481,-0.1070086467293016,-0.1128884975925367,1.0,0.0,0.0,1.0,0.0,0.0,0.0,0.0,0.0,1.0
window_10_0pct::CfiURj3aJSW3IAPTC,window_10_0pct,1784126019.766729,0,0.0955760978410994,-0.3698493827747943,-0.7379063557416712,-0.3882888517381279,-0.6586433964673826,-0.2497985998628026,-0.237113149203177,-0.6040302242810942,1.0,0.0,0.0,0.0,1.0,0.0,0.0,0.0,0.0,1.0
window_10_0pct::CGwVwv1tnpCR0LLlY3,window_10_0pct,1784125448.671344,0,0.2153849502262954,-0.1038400214670438,-0.2680115031595843,-0.1599176548460383,-0.2512846409406545,-0.2494881182119165,-0.2370201840788829,-0.1871423574922283,1.0,0.0,0.0,1.0,0.0,0.0,0.0,0.0,0.0,1.0
window_10_0pct::CNxtLVcaA2LW7Awvb,window_10_0pct,1784125714.566397,0,-0.3453672555754208,0.445912658568974,0.7597281405049666,0.296824738938141,0.6907324812149042,-0.2368065812304301,-0.2324185371785315,-0.202891901477604,1.0,0.0,0.0,1.0,0.0,0.0,0.0,0.0,0.0,1.0
window_10_0pct::ChysAl1SOBPGPK3I5h,window_10_0pct,1784125548.255304,0,-0.3887999274694535,-0.0187170258485636,-0.3967498189354985,-0.1774846699915836,-0.3531243298223365,0.0218145186326382,-0.1481406798513438,0.1539061822972383,1.0,0.0,0.0,1.0,0.0,0.0,0.0,0.0,0.0,1.0
window_10_0pct::CBaLuU2iga2NonqzFc,window_10_0pct,1784125488.372605,0,0.0742505066376301,-0.1864593995673333,-0.4627547607037766,-0.2477527305737651,-0.4040441742631775,-0.2495194377360582,-0.2370284449618493,-0.1132210151099594,1.0,0.0,0.0,1.0,0.0,0.0,0.0,0.0,0.0,1.0
window_10_0pct::CppRpy31ocFadkdgIc,window_10_0pct,1784125721.722562,0,-0.3180230338583843,0.4578048417803793,0.9994448327847384,0.4373608601025039,0.8689519367578475,-0.2416448855392428,-0.2336944257354324,-0.2531986544957332,1.0,0.0,0.0,1.0,0.0,0.0,0.0,0.0,0.0,1.0
window_10_0pct::CPIok61TXM0l1d2d15,window_10_0pct,1784124593.526384,0,0.4551796606681558,-0.2790932477403853,-0.5955506702607468,-0.3004537760104012,-0.480423940924439,-0.2497227352672992,-0.23710582121044,-0.1345913758465238,1.0,0.0,0.0,1.0,0.0,0.0,0.0,0.0,0.0,1.0
window_10_0pct::CGkfbbD8Rk2Wu6Sv8,window_10_0pct,1784124218.470988,0,0.4683603542069989,-0.3698493827747943,-0.7379063557416712,-0.3882888517381279,-0.6331834742469621,-0.2497985998628026,-0.2371345502277094,-0.6040302242810942,1.0,0.0,0.0,0.0,1.0,0.0,0.0,0.0,0.0,1.0
window_10_0pct::Cuw4DE3B83lKeIirdj,window_10_0pct,1784125182.220794,0,-0.3885819716890803,-0.187085303946881,-0.4767545214457448,-0.2477527305737651,-0.429504096483598,-0.1356689241429235,-0.1822060053322984,-0.0886768893967496,1.0,0.0,0.0,1.0,0.0,0.0,0.0,0.0,0.0,1.0
window_10_0pct::CrRq4d1f9szRip9NRa,window_10_0pct,1784125805.398376,0,-0.3893389081911688,-0.1891716518787065,1.1531235417489236,0.3143917540836864,0.9453317034191092,0.0913480661916136,0.3380340922396736,-0.5336672789531058,1.0,0.0,0.0,1.0,0.0,0.0,0.0,0.0,0.0,1.0
window_10_0pct::C0WdxG4xIChNPaBJGb,window_10_0pct,1784124573.155814,0,-0.2374715008397073,0.2767098412979264,1.3895899102145508,0.6130310115579575,1.1999309256233142,-0.2467991607369048,-0.2352152992713287,-0.3802210806490353,1.0,0.0,0.0,1.0,0.0,0.0,0.0,0.0,0.0,1.0
window_10_0pct::CJDub1C0m3InHT2Gl,window_10_0pct,1784124001.16198,0,-0.3120811901366191,-0.27784143898129,-0.5815509095187786,-0.3004537760104012,-0.5058838631448596,-0.2489615515518348,-0.2365465352186055,-0.1707229648245473,1.0,0.0,0.0,1.0,0.0,0.0,0.0,0.0,0.0,1.0
window_10_0pct::CP85aH1gllQaTsODxf,window_10_0pct,1784125417.39469,0,-0.3892547021278106,-0.1837471472559602,-0.4767545214457448,-0.2653197457193104,-0.429504096483598,0.0370212858445991,-0.1119618897835532,-0.0792640430974921,1.0,0.0,0.0,1.0,0.0,0.0,0.0,0.0,0.0,1.0
window_10_0pct::CkImgR9m18ovnuvv3,window_10_0pct,1784126055.631095,0,-0.0820208095061139,-0.1881284779127937,-0.6587726550378294,-0.3355878063014919,-0.582263629806121,-0.2493814874182175,-0.2370381001687566,1.086681241148904,1.0,0.0,0.0,1.0,0.0,0.0,0.0,0.0,0.0,1.0
window_10_0pct::CNjDhK2a1pYbltNQjh,window_10_0pct,1784125942.691212,0,0.8172583565375675,0.2762925717115613,-0.1038170406790494,-0.00181451853613,-0.0985251076181314,-0.2494205094525627,-0.2370554555839319,0.1463918707897427,1.0,0.0,0.0,1.0,0.0,0.0,0.0,0.0,0.0,1.0
window_10_0pct::CmPjPYjFg5y8GwmDd,window_10_0pct,1784124750.97216,0,0.5377719417235963,0.6280508330173398,1.4404904060229815,0.6481650418490482,1.2253908478437343,-0.2490387199945482,-0.2368324927522894,-0.2666741337362202,1.0,0.0,0.0,1.0,0.0,0.0,0.0,0.0,0.0,1.0
window_10_0pct::CtusOz4HVjQhFssZ9h,window_10_0pct,1784124857.218837,0,-0.3844384846660195,-0.1858334951877857,1.1531235417489236,0.3670927995203225,0.9453317034191092,-0.2251585842147176,-0.1936519059042581,-0.5323672707253371,1.0,0.0,0.0,1.0,0.0,0.0,0.0,0.0,0.0,1.0
window_10_0pct::C30tATsRGVh1Veks7,window_10_0pct,1784124896.018558,0,-0.3132108943271463,0.4836755561350155,2.0183257507597583,0.7711341478678657,1.6836694478113037,-0.2419189351152019,-0.2327251273560275,-0.3759751514346964,1.0,0.0,0.0,1.0,0.0,0.0,0.0,0.0,0.0,1.0
window_10_0pct::CmikAn2zU0MTxDQD4l,window_10_0pct,1784124928.529492,0,0.7423498574131382,0.009240036437898,-0.1438406358806702,-0.0545155639727661,-0.0985251076181314,-0.2495620973239315,-0.2370610485948194,-0.1340990058464888,1.0,0.0,0.0,1.0,0.0,0.0,0.0,0.0,0.0,1.0
window_10_0pct::CvEferzdYkkMBlg5k,window_10_0pct,1784124486.155783,0,-0.2809083894420344,-0.1812435297377696,-0.4767545214457448,-0.2828867608648558,-0.429504096483598,-0.2485743425448529,-0.2366790424957775,-0.072204408373049,1.0,0.0,0.0,1.0,0.0,0.0,0.0,0.0,0.0,1.0
window_10_0pct::Ca8P5nAbY2OtCmje1,window_10_0pct,1784125488.373196,0,0.0742442829896917,-0.1864593995673333,-0.4300815709903515,-0.2301857154282197,-0.378584252042757,-0.2495194339913019,-0.2370181380239531,-0.1653129731325393,1.0,0.0,0.0,1.0,0.0,0.0,0.0,0.0,0.0,1.0
window_10_0pct::Cbmsq14VOCde9oLaDl,window_10_0pct,1784125037.326379,0,0.2711061455857564,0.0895644318131795,-0.0492413421265207,-0.00181451853613,-0.0221453409568699,-0.2493075946183358,-0.2369670601541616,-0.1127545164344462,1.0,0.0,0.0,1.0,0.0,0.0,0.0,0.0,0.0,1.0
window_10_0pct::CSh9QQ1OuDNrT2FV7i,window_10_0pct,1784124555.656333,0,0.2696750695171024,-0.0024435119803247,-0.1156499188782547,-0.0896495942638568,-0.1239850298385519,-0.2494050772398275,-0.2370028905940609,-0.1692152181322142,1.0,0.0,0.0,1.0,0.0,0.0,0.0,0.0,0.0,1.0
window_10_0pct::C6NFgh12gF7EjHqn8d,window_10_0pct,1784126049.515617,0,0.253566880875204,-0.2761723606358297,-0.5815509095187786,-0.2828867608648558,-0.480423940924439,-0.2496957513996637,-0.2370806530548459,-0.1628625156734081,1.0,0.0,0.0,1.0,0.0,0.0,0.0,0.0,0.0,1.0
window_10_0pct::CRJjVy3LZ04kcwIhaf,window_10_0pct,1784124299.253349,0,0.6024150299710006,0.1861623410566999,0.8711951277782706,0.2616907086470503,0.7416523256557451,-0.2494027951895615,-0.2369600086118542,-0.3495597279990096,1.0,0.0,0.0,1.0,0.0,0.0,0.0,0.0,0.0,1.0
window_10_0pct::CrJCC61QDTQIjzxn,window_10_0pct,1784124776.305122,0,-0.3806054861511704,-0.1883371127059763,-0.4682781867931723,-0.2477527305737651,-0.4040441742631775,-0.2357228068332889,-0.2303378060119344,-0.108295699392023,1.0,0.0,0.0,1.0,0.0,0.0,0.0,0.0,0.0,1.0
window_10_0pct::CkfntO2uRQ8Smwh30d,window_10_0pct,1784125494.557559,0,0.1386439444035822,0.3345016790094926,-0.0464583851353252,0.050886526900506,-0.0221453409568699,-0.2488570865646031,-0.2368909375482908,0.1461385470190367,1.0,0.0,0.0,1.0,0.0,0.0,0.0,0.0,0.0,1.0
window_10_0pct::CXneyB3c5c5ErA8XF7,window_10_0pct,1784125557.639914,0,1.0835433785788149,1.0194497050278024,0.5943652609670597,0.4373608601025039,0.5634328701128016,-0.249132587788724,-0.2369936548928149,0.1639299643052354,1.0,0.0,0.0,1.0,0.0,0.0,0.0,0.0,0.0,1.0
window_10_0pct::Cpbh1tgkeIjICyipf,window_10_0pct,1784125482.828059,0,-0.2304912046299487,-0.279719152119933,-0.5573540544579261,-0.3180207911559465,-0.5058838631448596,-0.2493988091025637,-0.2368921560780275,-0.2364441801772219,1.0,0.0,0.0,1.0,0.0,0.0,0.0,0.0,0.0,1.0
window_10_0pct::CPK0qw27KK0BGASC52,window_10_0pct,1784125714.566843,0,0.2752349968947116,0.0960321104018386,-0.0592472409269259,-0.0369485488272207,-0.0476052631772904,-0.2493037739047859,-0.2369826536450571,-0.0984933549035757,1.0,0.0,0.0,1.0,0.0,0.0,0.0,0.0,0.0,1.0
window_10_0pct::CnSuFE4koDMP1e5Gk7,window_10_0pct,1784124744.355739,0,-0.0751648047765378,-0.2749205518767343,-0.5955506702607468,-0.3355878063014919,-0.53134378536528,-0.2495854546104616,-0.237040809670488,-0.1130079805161988,1.0,0.0,0.0,1.0,0.0,0.0,0.0,0.0,0.0,1.0
window_10_0pct::C5Nkj84PByHmSJqrih,window_10_0pct,1784124638.494414,0,0.2559815068223369,0.1786514885021281,1.661108790401343,0.5251959358302307,1.3781503811662577,-0.2491986500413754,-0.2367403446637563,-0.4356530787283563,1.0,0.0,0.0,1.0,0.0,0.0,0.0,0.0,0.0,1.0
window_10_0pct::C4dKck2dYhFaL6Ut27,window_10_0pct,1784125127.937642,0,-0.3888891295314998,-0.0967464384988371,-0.5306291697638502,-0.2477527305737651,-0.4549640187040185,-0.0156698030183131,-0.1617159230306127,0.3661960382446528,1.0,0.0,0.0,1.0,0.0,0.0,0.0,0.0,0.0,1.0
window_10_0pct::CYUr8Z1OzFktbGw7G3,window_10_0pct,1784125764.510098,0,-0.3892190148978656,-0.187085303946881,-0.4767545214457448,-0.2477527305737651,-0.429504096483598,0.0115255517287814,-0.1113280401647993,-0.0886768893967496,1.0,0.0,0.0,1.0,0.0,0.0,0.0,0.0,0.0,1.0
window_10_0pct::Cp0xGVxXzdCQNQOCf,window_10_0pct,1784125212.912669,0,-0.2661244927344376,-0.0810988290101459,-0.4804722120828381,-0.2653197457193104,-0.429504096483598,-0.2481485025394084,-0.2366981778617077,0.2219383005861088,1.0,0.0,0.0,1.0,0.0,0.0,0.0,0.0,0.0,1.0
window_10_0pct::CoOo1G3cwdapMjriUd,window_10_0pct,1784125316.229785,0,0.3047129584104176,0.4740783556486182,0.9558310106250102,0.4724948903935946,0.8180320923170066,-0.248940290181774,-0.2367906182633598,-0.2370890872964166,1.0,0.0,0.0,1.0,0.0,0.0,0.0,0.0,0.0,1.0
window_10_0pct::CHZhqWKtTk3apuyec,window_10_0pct,1784124358.053246,0,-0.3884290065924957,-0.2784673433608376,-0.5573540544579261,-0.3180207911559465,-0.5058838631448596,-0.1995322559557961,-0.2036484165445562,-0.231338818453557,1.0,0.0,0.0,1.0,0.0,0.0,0.0,0.0,0.0,1.0
window_10_0pct::CBQ8tk2NvVEtqYX1u1,window_10_0pct,1784124412.076218,0,0.9761341038777482,0.5360428892238354,0.9184841526820964,0.4724948903935946,0.8434920145374271,-0.2493301758483596,-0.2369733831117108,-0.201265980448344,1.0,0.0,0.0,1.0,0.0,0.0,0.0,0.0,0.0,1.0
window_10_0pct::Cly8Om1RKhnrLU1wdb,window_10_0pct,1784124592.37965,0,0.0980124371671458,-0.180617625358222,-0.4627547607037766,-0.2301857154282197,-0.4040441742631775,-0.249524579192863,-0.2370251687804285,-0.09758659206469,1.0,0.0,0.0,1.0,0.0,0.0,0.0,0.0,0.0,1.0
window_10_0pct::CQ3cZf1dUVRo6Znml5,window_10_0pct,1784125774.437917,0,-0.3893867971871405,-0.1845816864286904,-0.4767545214457448,-0.2653197457193104,-0.429504096483598,0.1513765727505864,-0.061255535674054,-0.0816172546723065,1.0,0.0,0.0,1.0,0.0,0.0,0.0,0.0,0.0,1.0
window_10_0pct::CvCWXD9JWuU08VbI2,window_10_0pct,1784125014.74374,0,-0.1008541232785675,-0.2749205518767343,-0.5940211061129143,-0.3355878063014919,-0.53134378536528,-0.2495664987897036,-0.2370299952894626,-0.1182269946217601,1.0,0.0,0.0,1.0,0.0,0.0,0.0,0.0,0.0,1.0
window_10_0pct::CHvsUbCKS0Byv0s7i,window_10_0pct,1784125768.298685,0,0.4124252382968743,0.1563275656315954,-0.2711131193482449,-0.0369485488272207,-0.2003647964998135,-0.2493353158744392,-0.2370133974960701,0.2260692817275547,1.0,0.0,0.0,1.0,0.0,0.0,0.0,0.0,0.0,1.0
window_10_0pct::CvBYirXxsUZAHInn6,window_10_0pct,1784124904.471529,0,1.1967514064751186,-0.1858334951877857,-0.3501406003195982,-0.195051685137129,-0.276744563161075,-0.2497166799145822,-0.2371141906238908,-0.2545643826179363,1.0,0.0,0.0,1.0,0.0,0.0,0.0,0.0,0.0,1.0
window_10_0pct::ClCIcf4xoE1thuWAw6,window_10_0pct,1784124869.08747,0,0.3116118668124882,-0.3698493827747943,-0.7379063557416712,-0.3882888517381279,-0.6331834742469621,-0.2497985998628026,-0.2371283234746063,-0.6040302242810942,1.0,0.0,0.0,0.0,1.0,0.0,0.0,0.0,0.0,1.0
window_10_0pct::C2nVsY1ZW68j3UuFid,window_10_0pct,1784125378.040433,0,-0.3866580638353105,-0.279719152119933,-0.5955506702607468,-0.3355878063014919,-0.53134378536528,-0.2289614104953558,-0.2246417892134967,-0.1378288851460726,1.0,0.0,0.0,1.0,0.0,0.0,0.0,0.0,0.0,1.0
window_10_0pct::C0YB9c2eDKHPqvYta5,window_10_0pct,1784124236.701845,0,-0.3696882895991456,0.1114710850973472,0.3836465556566152,0.0684535420460513,0.3088336479085966,-0.2328226653897906,-0.2297607646326566,-0.2879851735496275,1.0,0.0,0.0,1.0,0.0,0.0,0.0,0.0,0.0,1.0
window_10_0pct::CIgcnb4UWOST5Bvb6h,window_10_0pct,1784125705.400066,0,-0.3897119320846683,-0.3631730693929528,-0.7368866463097827,-0.4585569123203094,-0.7095632409082235,4.351216808867257,4.428187183020798,4.119297628905474,0.0,1.0,1.0,0.0,0.0,0.0,0.0,0.0,0.0,1.0
window_10_0pct::C1XDZo4IufAHPcIcs2,window_10_0pct,1784125278.303047,0,-0.3895401999673709,-0.0931996470147337,-0.6512947858706477,-0.3004537760104012,-0.5568037075857005,0.8811931381294222,0.0395931735977534,1.74771621954051,1.0,0.0,0.0,1.0,0.0,0.0,0.0,0.0,0.0,1.0
window_10_0pct::CQ0G1r3JXWm61w2Gf7,window_10_0pct,1784125721.657271,0,-0.3803065588963332,-0.0074507470167059,-0.2150078566478836,-0.0720825791183115,-0.174904874279393,-0.2225886417913724,-0.2254718215093592,-0.0936496083351919,1.0,0.0,0.0,1.0,0.0,0.0,0.0,0.0,0.0,1.0
window_10_0pct::CVEQKx2EXfrt5Bklgg,window_10_0pct,1784124645.692467,0,-0.3893089748998837,-0.1895889214650716,-0.4385579056429241,-0.2653197457193104,-0.4040441742631775,0.0653411073334638,-0.0951418849012883,-0.160589779364416,1.0,0.0,0.0,1.0,0.0,0.0,0.0,0.0,0.0,1.0
window_10_0pct::C9VIB12qf2S3P7UZik,window_10_0pct,1784125464.03006,0,0.7268869105419747,0.0881039882609017,-0.0711226070191266,-0.00181451853613,-0.0221453409568699,-0.2495089399753244,-0.2370467992826493,-0.0982462391101278,1.0,0.0,0.0,1.0,0.0,0.0,0.0,0.0,0.0,1.0
window_10_0pct::CgmaMh1dxIt3qF3E,window_10_0pct,1784124870.522576,0,-0.3889852811558236,-0.0103716341212616,-0.3500768684801051,-0.1599176548460383,-0.3022044853814955,0.0990996418701346,-0.1188946171882548,0.0785442688259715,1.0,0.0,0.0,1.0,0.0,0.0,0.0,0.0,0.0,1.0
window_10_0pct::CHnEZp1LAdPTGAlVzi,window_10_0pct,1784125464.032128,0,0.7268657202483938,0.2840120590593156,0.136367018423671,0.1211545874826874,0.1560741145860735,-0.2493850183979453,-0.2370168233718979,-0.0532598401369679,1.0,0.0,0.0,1.0,0.0,0.0,0.0,0.0,0.0,1.0
window_10_0pct::C0itJp36FpyIvxx0zj,window_10_0pct,1784126046.154227,0,-0.3891541202909749,-0.1858334951877857,1.1531235417489236,0.3670927995203225,0.9453317034191092,-0.0172385362226235,0.1735031409147409,-0.5323672707253371,1.0,0.0,0.0,1.0,0.0,0.0,0.0,0.0,0.0,1.0
window_10_0pct::CoyYZc4OZrfcJMfb5g,window_10_0pct,1784125832.960061,0,-0.3883190305700926,-0.0003571640484992,-0.3500768684801051,-0.1247836245549475,-0.3022044853814955,-0.0625881257589642,-0.1685627345686193,0.097559692893957,1.0,0.0,0.0,1.0,0.0,0.0,0.0,0.0,0.0,1.0
window_10_0pct::C4zxmO2etx94ZCi7tb,window_10_0pct,1784125121.145382,0,-0.3893179954530706,-0.3698493827747943,-0.7379063557416712,-0.4058558668836733,-0.684103318687803,-0.2497985998628026,-0.1887410292802244,-0.6040302242810942,1.0,0.0,0.0,0.0,1.0,0.0,0.0,0.0,0.0,1.0
window_10_0pct::CjmVQN3JqW9Kb06e8j,window_10_0pct,1784125823.005968,0,0.3390633530483664,-0.0074507470167059,-0.1532517041791405,-0.0545155639727661,-0.1239850298385519,-0.2494473978658098,-0.2370049577414817,-0.1475583522693078,1.0,0.0,0.0,1.0,0.0,0.0,0.0,0.0,0.0,1.0
window_10_0pct::CsDfWF5NC5XpAZq61,window_10_0pct,1784124335.689578,0,-0.3012923843457517,0.1100106415450694,-0.0093664545503836,-0.00181451853613,0.0033145812635505,-0.2459657137231452,-0.2357024453818901,-0.1189749601626675,1.0,0.0,0.0,1.0,0.0,0.0,0.0,0.0,0.0,1.0
window_10_0pct::C8FjZ03Rj48F8HnQgj,window_10_0pct,1784125963.360234,0,0.3533299824131615,0.3582860454323032,1.5108503568232834,0.5954639964124121,1.2763106922845755,-0.2491065093112506,-0.2367699026296472,-0.3655742301814311,1.0,0.0,0.0,1.0,0.0,0.0,0.0,0.0,0.0,1.0
window_10_0pct::CcPTrl1Uh3jG9O5W59,window_10_0pct,1784124662.711369,0,0.2272210048789149,-0.3698493827747943,-0.7379063557416712,-0.3882888517381279,-0.6586433964673826,-0.2497985998628026,-0.2371236607536505,-0.6040302242810942,1.0,0.0,0.0,0.0,1.0,0.0,0.0,0.0,0.0,1.0
window_10_0pct::CMyIzf1aYkmhj8vck9,window_10_0pct,1784125646.586672,0,0.1031502346812444,-0.0911132990829082,-0.4800898210458799,-0.2477527305737651,-0.429504096483598,-0.2493991783261733,-0.2370363001904754,0.1921095100565856,1.0,0.0,0.0,1.0,0.0,0.0,0.0,0.0,0.0,1.0
window_10_0pct::CEPdCG4sRBWYgSmWJ7,window_10_0pct,1784125629.505975,0,-0.3884065993248754,0.1711406359475564,-0.0889250341841788,-0.0369485488272207,-0.0730651853977109,0.0426784895646947,-0.1456647836956493,0.0098526184381424,1.0,0.0,0.0,1.0,0.0,0.0,0.0,0.0,0.0,1.0
window_10_0pct::CS12i84ICTZsnYxGZh,window_10_0pct,1784125171.336308,0,-0.0429931459510837,-0.094451455773829,-0.2877258855094272,-0.1423506397004929,-0.2512846409406545,-0.2492376207657904,-0.2369004066532505,-0.1535287886802377,1.0,0.0,0.0,1.0,0.0,0.0,0.0,0.0,0.0,1.0
window_10_0pct::CJaUtFttKrwOHwes7,window_10_0pct,1784125213.864105,0,-0.3227507858476792,-0.100501864776123,-0.5306291697638502,-0.2653197457193104,-0.4549640187040185,-0.2469577510519498,-0.2363056018073762,0.3528545006392568,1.0,0.0,0.0,1.0,0.0,0.0,0.0,0.0,0.0,1.0
window_10_0pct::CWRwNg4YD8uaHj09u,window_10_0pct,1784125294.46242,0,0.0151680610069635,0.0943630320563782,-0.0244496565637333,-0.00181451853613,0.0033145812635505,-0.2489888441806817,-0.2368435733466691,-0.1248721001244156,1.0,0.0,0.0,1.0,0.0,0.0,0.0,0.0,0.0,1.0
window_10_0pct::Ct0pjk4XF9ZNMQXnG9,window_10_0pct,1784124425.169172,0,-0.389711964110301,-0.3631730693929528,-0.7368866463097827,-0.4585569123203094,-0.7095632409082235,4.499636660761776,4.578682331182628,4.119297628905474,0.0,1.0,1.0,0.0,0.0,0.0,0.0,0.0,0.0,1.0
window_10_0pct::ChqRmi2olZnaknVc25,window_10_0pct,1784126080.202399,0,2.296659119219777,1.2938044580628552,3.532912916311542,1.9481241626194048,3.134885014375272,-0.2493612172930511,-0.2369168006942592,-0.317155510488774,1.0,0.0,0.0,1.0,0.0,0.0,0.0,0.0,0.0,1.0
window_10_0pct::Cu8s4w1NMs1mK2Hlw6,window_10_0pct,1784126136.85741,0,-0.0114858375238255,0.0853917359495285,0.5050132219978359,0.2441236935015049,0.4106733367902785,-0.248948532218499,-0.2366441316310235,-0.3342974701027119,1.0,0.0,0.0,1.0,0.0,0.0,0.0,0.0,0.0,1.0
window_10_0pct::C3QsD51kAB5Pnwlg4i,window_10_0pct,1784125523.612142,0,-0.3894188121445455,-0.187085303946881,-0.4767545214457448,-0.2653197457193104,-0.429504096483598,0.1890294648153782,-0.0421096869373478,-0.0886768893967496,1.0,0.0,0.0,1.0,0.0,0.0,0.0,0.0,0.0,1.0
window_10_0pct::Cf7mrK2JXZ64zQVoPc,window_10_0pct,1784125960.577863,0,-0.3893837761024637,-0.2745032822903692,-0.5573540544579261,-0.3180207911559465,-0.5058838631448596,-0.0452327636528885,-0.1064430544255746,-0.2151718396619515,1.0,0.0,0.0,1.0,0.0,0.0,0.0,0.0,0.0,1.0
window_10_0pct::CTZhRj21WIgVXodQ2,window_10_0pct,1784125691.416052,0,1.096081413747954,0.7311164208495191,2.5354246524596804,1.034639375051046,2.2183278144401344,-0.2492752648509521,-0.2368856701906337,-0.3563315150985196,1.0,0.0,0.0,1.0,0.0,0.0,0.0,0.0,0.0,1.0
window_10_0pct::CE6pYNnM9pOTqIjDg,window_10_0pct,1784125994.557203,0,-0.3897119320846683,-0.3631730693929528,-0.7368866463097827,-0.4585569123203094,-0.7095632409082235,4.351216808867257,4.428187183020798,4.119297628905474,0.0,1.0,1.0,0.0,0.0,0.0,0.0,0.0,0.0,1.0
window_10_0pct::CiPzgpr8mPX2TFC0i,window_10_0pct,1784125477.507867,0,0.2572324814083697,0.3397175488390563,0.7433703017017563,0.3670927995203225,0.6398126367740631,-0.2490239768732464,-0.236807673827526,-0.2512586227518985,1.0,0.0,0.0,1.0,0.0,0.0,0.0,0.0,0.0,1.0
window_10_0pct::C2dge4rJNzLF3xKwl,window_10_0pct,1784125548.281536,0,-0.3890798528489385,-0.2818055000517585,-0.5573540544579261,-0.3004537760104012,-0.5058838631448596,-0.151581125957089,-0.1616433122773509,-0.24495311638333,1.0,0.0,0.0,1.0,0.0,0.0,0.0,0.0,0.0,1.0
window_10_0pct::CDx3h51eBHoUFmHWm,window_10_0pct,1784124707.496438,0,-0.0953357971977265,-0.1883371127059763,-0.4118967527883412,-0.2477527305737651,-0.378584252042757,-0.2493631215346622,-0.2369512696980153,-0.194024469122628,1.0,0.0,0.0,1.0,0.0,0.0,0.0,0.0,0.0,1.0
window_10_0pct::Cga5R22ORwSLruB1Wa,window_10_0pct,1784125173.703478,0,0.0488117566851874,-0.0915305686692733,1.224609421713602,0.3319587692292318,0.99625154785995,-0.2493503572293058,-0.2366608814623789,-0.4995901038655755,1.0,0.0,0.0,1.0,0.0,0.0,0.0,0.0,0.0,1.0
window_10_0pct::CYyPZT28oATDTpuyTb,window_10_0pct,1784124593.495612,0,-0.3894550651606668,-0.1916752693968971,1.1531235417489236,0.4022268298114132,0.9453317034191092,0.2381474833049435,0.6898049733338556,-0.5346422851239325,1.0,0.0,0.0,1.0,0.0,0.0,0.0,0.0,0.0,1.0
window_10_0pct::CrJkca4fqFEmyBlBQd,window_10_0pct,1784124451.003768,0,0.0772132726374065,-0.1044659258465914,-0.3188695110750196,-0.2126187002826743,-0.276744563161075,-0.2493971879608623,-0.2370088157746547,-0.1376476922906178,1.0,0.0,0.0,1.0,0.0,0.0,0.0,0.0,0.0,1.0
window_10_0pct::CpR64ene8I6AqWi03,window_10_0pct,1784125333.660453,0,-0.3888134529616283,-0.2784673433608376,-0.5955506702607468,-0.3355878063014919,-0.53134378536528,-0.17804851088841,-0.1946399086318387,-0.1313538665469751,1.0,0.0,0.0,1.0,0.0,0.0,0.0,0.0,0.0,1.0
window_10_0pct::CGZpuU1kDyEpMR0VI9,window_10_0pct,1784126054.138311,0,1.2699708417097508,0.4665675030940464,0.4032759622204674,0.3846598146658678,0.3852134145698581,-0.2494426719017559,-0.2370212529328251,-0.0642681947804621,1.0,0.0,0.0,1.0,0.0,0.0,0.0,0.0,0.0,1.0
window_10_0pct::Cu0aDa3zBwDYd3Bp11,window_10_0pct,1784125480.980594,0,0.3534426379134935,0.8602613578295173,1.479388072060226,0.7008660872856843,1.2763106922845755,-0.2486295605172492,-0.2367313607007061,-0.1954669356217381,1.0,0.0,0.0,1.0,0.0,0.0,0.0,0.0,0.0,1.0
window_10_0pct::CnGafd2HkEi3D3cwQg,window_10_0pct,1784125167.375534,0,-0.1261527824387373,-0.3698493827747943,-0.7379063557416712,-0.4058558668836733,-0.684103318687803,-0.2497985998628026,-0.237089847519921,-0.6040302242810942,1.0,0.0,0.0,0.0,1.0,0.0,0.0,0.0,0.0,1.0
window_10_0pct::CKMmqt9wzMOOAWhye,window_10_0pct,1784125042.460908,0,0.9859776517715348,0.0872694490881715,-0.239799542210671,-0.0720825791183115,-0.1239850298385519,-0.249563921521459,-0.2370824746328386,0.071789348537292,1.0,0.0,0.0,1.0,0.0,0.0,0.0,0.0,0.0,1.0
window_10_0pct::Cew9nd36VYelYXhkVb,window_10_0pct,1784124610.056845,0,-0.3880200392639902,-0.279719152119933,-0.5573540544579261,-0.3355878063014919,-0.5058838631448596,-0.2121976062586928,-0.2145687783089865,-0.2364441801772219,1.0,0.0,0.0,1.0,0.0,0.0,0.0,0.0,0.0,1.0
window_10_0pct::C6vNnG3ZyqpqmNlJQg,window_10_0pct,1784124952.038277,0,0.1262637422271854,-0.2790932477403853,-0.5940211061129143,-0.3180207911559465,-0.5058838631448596,-0.2496743744146694,-0.2370790141711725,-0.1395809827386539,1.0,0.0,0.0,1.0,0.0,0.0,0.0,0.0,0.0,1.0
window_10_0pct::CsHrgF48cJ01JOCzg5,window_10_0pct,1784124599.383206,0,-0.3893876405287994,-0.2776328041881075,-0.5573540544579261,-0.3180207911559465,-0.5058838631448596,-0.0495969055668107,-0.1048902419717958,-0.2279352439711137,1.0,0.0,0.0,1.0,0.0,0.0,0.0,0.0,0.0,1.0
window_10_0pct::CGXF8R2ABV2w8uG2Lb,window_10_0pct,1784124409.490192,0,-0.3887303037441464,-0.1916752693968971,1.1531235417489236,0.3143917540836864,0.9453317034191092,-0.121739920045677,-0.0182128147560032,-0.5346422851239325,1.0,0.0,0.0,1.0,0.0,0.0,0.0,0.0,0.0,1.0
window_10_0pct::CLoRgg3SlfIx6Skhbd,window_10_0pct,1784124875.450318,0,1.0122751370369412,0.4521717023644505,0.6877111618778463,0.296824738938141,0.6398126367740631,-0.2493845017022539,-0.2370123585311131,-0.1793948998152151,1.0,0.0,0.0,1.0,0.0,0.0,0.0,0.0,0.0,1.0
window_10_0pct::C7tthf4MWgURt7rNbb,window_10_0pct,1784124857.213509,0,-0.3843826746635809,0.0013119142969611,-0.3967498189354985,-0.1423506397004929,-0.3531243298223365,-0.2006198881976133,-0.2201198322639226,0.1971396315138278,1.0,0.0,0.0,1.0,0.0,0.0,0.0,0.0,0.0,1.0
window_10_0pct::C4Vv823QL5EWn0uljg,window_10_0pct,1784125311.80202,0,-0.3890730954404565,-0.0053643990848804,-0.3967498189354985,-0.1774846699915836,-0.3531243298223365,0.1525091089270377,-0.1101357573022699,0.1827284817749646,1.0,0.0,0.0,1.0,0.0,0.0,0.0,0.0,0.0,1.0
window_10_0pct::CY0eNI3jWjg3cJ8qh4,window_10_0pct,1784125456.507544,0,-0.3895396555316164,-0.3698493827747943,-0.7379063557416712,-0.4058558668836733,-0.684103318687803,-0.2497985998628026,-0.1268079536870126,-0.6040302242810942,1.0,0.0,0.0,0.0,1.0,0.0,0.0,0.0,0.0,1.0
window_10_0pct::CYFgYE5a8HnwHwp94,window_10_0pct,1784125107.20262,0,-0.3883386409324644,-0.0093284601553488,-0.1774060713469977,-0.0896495942638568,-0.174904874279393,-0.0645271290664113,-0.1606260197765275,-0.1303548216079216,1.0,0.0,0.0,1.0,0.0,0.0,0.0,0.0,0.0,1.0
window_10_0pct::ClstYk3qd63yXpo2b6,window_10_0pct,1784124690.305103,0,-0.389260754972375,-0.3698493827747943,-0.7379063557416712,-0.4058558668836733,-0.684103318687803,-0.2497985998628026,-0.1948702890393706,-0.6040302242810942,1.0,0.0,0.0,0.0,1.0,0.0,0.0,0.0,0.0,1.0
window_10_0pct::CwDVnO2vb7Unab8dB5,window_10_0pct,1784123961.497192,0,0.0105911070464462,-0.0894442207374478,-0.2962022201619998,-0.1599176548460383,-0.276744563161075,-0.2493038784882313,-0.2369474219094027,-0.1365359366911381,1.0,0.0,0.0,1.0,0.0,0.0,0.0,0.0,0.0,1.0
window_10_0pct::ChJKEx398eoYy1ZLXj,window_10_0pct,1784126019.764192,0,0.0956038427141557,0.1757306013975725,1.4849964739356123,0.4724948903935946,1.2253908478437343,-0.2490046414164761,-0.2366304238491651,-0.4232809940575912,1.0,0.0,0.0,1.0,0.0,0.0,0.0,0.0,0.0,1.0
window_10_0pct::CMnW2D4Bwypi4h3QQj,window_10_0pct,1784124073.872891,0,1.4467399398298968,0.361624202123224,0.3805874273609499,0.2265566783559596,0.4106733367902785,-0.2495172909299766,-0.2370582713116877,-0.1224158050331613,1.0,0.0,0.0,1.0,0.0,0.0,0.0,0.0,0.0,1.0
window_10_0pct::CJndMr3iBfXjhDkJ33,window_10_0pct,1784125576.1213,0,-0.3893863168026513,-0.3698493827747943,-0.7379063557416712,-0.4058558668836733,-0.684103318687803,-0.2497985998628026,-0.1786130197181518,-0.6040302242810942,1.0,0.0,0.0,0.0,1.0,0.0,0.0,0.0,0.0,1.0
window_10_0pct::CCFa634OlFqNbYyw5g,window_10_0pct,1784125823.004452,0,0.339079227086933,-0.0975809776715673,-0.3422803401154582,-0.1774846699915836,-0.3022044853814955,-0.2495347491873264,-0.237050883744925,-0.0972359004717368,1.0,0.0,0.0,1.0,0.0,0.0,0.0,0.0,0.0,1.0
window_10_0pct::CuJfNy2SWfSv54NZbj,window_10_0pct,1784125007.022834,0,-0.3891663434074233,-0.1841644168423253,-0.4682781867931723,-0.2477527305737651,-0.4040441742631775,-0.0098815789013688,-0.1234533971827399,-0.0968995034175615,1.0,0.0,0.0,1.0,0.0,0.0,0.0,0.0,0.0,1.0
window_10_0pct::CEHvxN2Uq32afsYfH1,window_10_0pct,1784125587.479651,0,0.2626179438146981,0.0895644318131795,-0.0178427892029562,-0.0193815336816754,-0.0221453409568699,-0.2493012056038324,-0.2369718475647087,-0.1341760852389466,1.0,0.0,0.0,1.0,0.0,0.0,0.0,0.0,0.0,1.0
window_02_3pct::C618uw4Iy5WohuzVSh,window_02_3pct,1783696630.969266,1,-0.38971290352885773,-0.36984938277479434,-0.7379063557416712,-0.4585569123203094,-0.7095632409082235,-0.24979859986280267,89.33754977592461,-0.6040302242810942,1.0,0.0,0.0,0.0,1.0,0.0,1.0,0.0,0.0,0.0
window_10_0pct::CKCZKO2xtGJCIV4qw1,window_10_0pct,1784125291.067595,0,-0.373390442054337,0.0933198580904654,-0.1987137496841664,-0.0545155639727661,-0.174904874279393,-0.2297576958914498,-0.2301323981370469,0.0285583274849639,1.0,0.0,0.0,1.0,0.0,0.0,0.0,0.0,0.0,1.0
window_10_0pct::CM2I7S3j2xzoIvp7aa,window_10_0pct,1784125524.222994,0,-0.1433964505602446,0.8129012597770785,1.945395282433238,0.929237284177774,1.6836694478113037,-0.2464073144179401,-0.2356095640976295,-0.2794194614787582,1.0,0.0,0.0,1.0,0.0,0.0,0.0,0.0,0.0,1.0
window_10_0pct::CtAcQp8AvNtOMQjoe,window_10_0pct,1784124903.532708,0,0.3056662654164961,0.009240036437898,-0.1689297366944251,-0.0369485488272207,-0.1494449520589724,-0.2494135786813327,-0.2369905201639367,-0.1133780990001899,1.0,0.0,0.0,1.0,0.0,0.0,0.0,0.0,0.0,1.0
window_10_0pct::CqNcO02BBPaUEU7Rme,window_10_0pct,1784125079.152785,0,-0.3890367570226483,-0.0848542552874317,-0.5306291697638502,-0.2477527305737651,-0.4549640187040185,0.0478658799530536,-0.1452444981179482,0.4084442406617402,1.0,0.0,0.0,1.0,0.0,0.0,0.0,0.0,0.0,1.0
window_10_0pct::CSvBbY1jTKJAiFK1fb,window_10_0pct,1784125578.63071,0,-0.3892864929057874,-0.1895889214650716,-0.4767545214457448,-0.2653197457193104,-0.429504096483598,0.0487278198079854,-0.1026288113787782,-0.0957365241211927,1.0,0.0,0.0,1.0,0.0,0.0,0.0,0.0,0.0,1.0
window_10_0pct::CnrgTl4CqsXTlhpJub,window_10_0pct,1784124184.857057,0,0.6688198269181856,0.3561996975004777,0.4197187768096684,0.2792577237925956,0.4106733367902785,-0.2493141750993522,-0.2369681890652464,-0.1421464355803817,1.0,0.0,0.0,1.0,0.0,0.0,0.0,0.0,0.0,1.0
window_10_0pct::C0ph3c2z2f98ewX5l5,window_10_0pct,1784125037.327853,0,0.2710905064018289,0.0895644318131795,-0.0187775228488539,0.0333195117549606,0.0033145812635505,-0.249307582997753,-0.2369525848297163,-0.1335653803435828,1.0,0.0,0.0,1.0,0.0,0.0,0.0,0.0,0.0,1.0
window_10_0pct::CmiKXK2NiBvSngjsv5,window_10_0pct,1784123915.491307,0,1.184996985160037,-0.0068248426371582,-0.1335373218292976,-0.0545155639727661,-0.0476052631772904,-0.2496357827370227,-0.2370895410376829,-0.1616851751129409,1.0,0.0,0.0,1.0,0.0,0.0,0.0,0.0,0.0,1.0
window_10_0pct::CtpKKr4spD2KDFu93i,window_10_0pct,1784124897.510812,0,-0.3889975683235373,-0.1895889214650716,-0.4767545214457448,-0.2653197457193104,-0.429504096483598,-0.071838293965105,-0.156963007913417,-0.0957365241211927,1.0,0.0,0.0,1.0,0.0,0.0,0.0,0.0,0.0,1.0
window_10_0pct::CDh6YEtFkzwfv45C,window_10_0pct,1784124566.127231,0,-0.3260569200051528,0.4565530330212841,1.055188948394639,0.4724948903935946,0.9198717811986884,-0.2406297122246415,-0.2331065210850047,-0.2646193783040873,1.0,0.0,0.0,1.0,0.0,0.0,0.0,0.0,0.0,1.0
window_10_0pct::C1nJcLsGKZKrieSl,window_10_0pct,1784124877.268487,0,0.2318508865349356,0.2631485797410607,1.8441253894788183,0.6481650418490482,1.5563698367092011,-0.2490793475981642,-0.2366701142092737,-0.423487572035121,1.0,0.0,0.0,1.0,0.0,0.0,0.0,0.0,0.0,1.0
window_10_0pct::ChaDxXc2eqL66M88,window_10_0pct,1784124610.055387,0,-0.388004965866239,-0.1895889214650716,-0.4767545214457448,-0.2477527305737651,-0.429504096483598,-0.1752602867835487,-0.2007717734044508,-0.0957365241211927,1.0,0.0,0.0,1.0,0.0,0.0,0.0,0.0,0.0,1.0
window_10_0pct::CvFAHh3gXz1te151Dh,window_10_0pct,1784125035.756112,0,-0.3892955561598177,-0.1958479652605481,1.1531235417489236,0.2792577237925956,0.9453317034191092,0.0446193170845786,0.25538396135891,-0.5362672954086435,1.0,0.0,0.0,1.0,0.0,0.0,0.0,0.0,0.0,1.0
window_10_0pct::CwFpjO2u2ZY8pb3ack,window_10_0pct,1784124378.468875,0,-0.0917181176861651,-0.094451455773829,-0.3188695110750196,-0.195051685137129,-0.276744563161075,-0.2491458953831712,-0.2369056997940981,-0.1200483514607885,1.0,0.0,0.0,1.0,0.0,0.0,0.0,0.0,0.0,1.0
window_10_0pct::CS68Bw1AcgOm0YktLc,window_10_0pct,1784124685.238463,0,-0.3351732084830748,0.102291154197315,-0.4346065315943564,-0.1599176548460383,-0.378584252042757,-0.2436846365462635,-0.2355844671704412,0.5423042931064491,1.0,0.0,0.0,1.0,0.0,0.0,0.0,0.0,0.0,1.0
window_10_0pct::CD46Fe2BZqtqo0Z7b5,window_10_0pct,1784124939.52212,0,-0.2359827786323446,-0.0097457297417139,-0.3867439201350932,-0.1774846699915836,-0.327664407601916,-0.2481442282647606,-0.2366336949385743,0.1511243524523928,1.0,0.0,0.0,1.0,0.0,0.0,0.0,0.0,0.0,1.0
window_10_0pct::CQcYCi1ghsYViAXfF8,window_10_0pct,1784125569.42918,0,-0.3897121989649402,-0.3631730693929528,-0.7368866463097827,-0.4585569123203094,-0.7095632409082235,5.971292657011643,6.070915912956254,4.119297628905474,0.0,1.0,1.0,0.0,0.0,0.0,0.0,0.0,0.0,1.0
window_10_0pct::Cuohnr16zyETNgUv0b,window_10_0pct,1784124897.5129,0,-0.389019772762151,-0.279719152119933,-0.5573540544579261,-0.3004537760104012,-0.5058838631448596,-0.1579681879104486,-0.1681887504447204,-0.2364441801772219,1.0,0.0,0.0,1.0,0.0,0.0,0.0,0.0,0.0,1.0
window_10_0pct::CbCC7r93e75HjD52,window_10_0pct,1784125705.420797,0,-0.3891510458302438,-0.2803450564994806,1.1454757210097604,0.3846598146658678,0.9198717811986884,-0.1373015572685137,0.1797649317133681,-0.5690322141344901,1.0,0.0,0.0,1.0,0.0,0.0,0.0,0.0,0.0,1.0
window_10_0pct::CW02FF3YpVFXsaGUb,window_10_0pct,1784125578.320366,0,0.1909064034661547,0.4699056597849672,1.911893578806404,0.7008660872856843,1.607289681150042,-0.2487771294851864,-0.236610694505117,-0.3706421233362959,1.0,0.0,0.0,1.0,0.0,0.0,0.0,0.0,0.0,1.0
window_10_0pct::CCqZve4UPtstH212Hd,window_10_0pct,1784124833.431474,0,-0.0215810321634971,-0.0047384947053328,-0.2206799903627629,-0.1247836245549475,-0.174904874279393,-0.2490981356170664,-0.2369026582935534,-0.0841911160756613,1.0,0.0,0.0,1.0,0.0,0.0,0.0,0.0,0.0,1.0
window_10_0pct::CsEyru4mIixRPQtS4,window_10_0pct,1784123915.483473,0,1.185082621701652,0.8318870259566905,4.048206082559161,1.667051920290679,3.4404040810203185,-0.2492596483421241,-0.2367920129347364,-0.4191173918705306,1.0,0.0,0.0,1.0,0.0,0.0,0.0,0.0,0.0,1.0
window_10_0pct::CzfOvK3G0npSfwcW2g,window_10_0pct,1784125291.084224,0,-0.3735680989136684,-0.3698493827747943,-0.7379063557416712,-0.4058558668836733,-0.684103318687803,-0.2497985998628026,-0.2359778483950442,-0.6040302242810942,1.0,0.0,0.0,0.0,1.0,0.0,0.0,0.0,0.0,1.0
window_10_0pct::Ci9J9m30fFEBGq1Fl6,window_10_0pct,1784124936.365391,0,-0.2145034643923189,-0.3698493827747943,-0.7379063557416712,-0.4058558668836733,-0.684103318687803,-0.2497985998628026,-0.2370532573549437,-0.6040302242810942,1.0,0.0,0.0,0.0,1.0,0.0,0.0,0.0,0.0,1.0
window_10_0pct::C2Yedg30o0DEEMCrne,window_10_0pct,1784124102.650275,0,-0.0430931193008998,-0.1877112083264286,1.3260280222935057,0.4022268298114132,1.0726313145212116,-0.2494274816788907,-0.2364727286522144,-0.5390407115257799,1.0,0.0,0.0,1.0,0.0,0.0,0.0,0.0,0.0,1.0
window_10_0pct::CIZc8N31exFZWaH1Lj,window_10_0pct,1784124495.849576,0,0.337919322724849,0.0858090055358936,0.4367564219008042,0.1914226480648689,0.3597534923494376,-0.2493563251778394,-0.2369127186284995,-0.3183626381879722,1.0,0.0,0.0,1.0,0.0,0.0,0.0,0.0,0.0,1.0
window_10_0pct::CFEXDb4HcoKgszqqgg,window_10_0pct,1784125433.37314,0,0.0357187600036576,-0.0952859949465592,-0.4782203537540844,-0.2653197457193104,-0.429504096483598,-0.2493427965998075,-0.2370275499603071,0.1745461389215709,1.0,0.0,0.0,1.0,0.0,0.0,0.0,0.0,0.0,1.0
window_10_0pct::Co6CTg1y66B3diIAqb,window_10_0pct,1784125214.801125,0,-0.0229018439790543,-0.0041125903257851,1.4344996131106371,0.49006190553914,1.1744710034028936,-0.2490944082688717,-0.2364455207043408,-0.4800461013611985,1.0,0.0,0.0,1.0,0.0,0.0,0.0,0.0,0.0,1.0
window_10_0pct::Cm7iqc2NCGDDjNRZu1,window_10_0pct,1784125504.359708,0,-0.3897119534350901,-0.3631730693929528,-0.7368866463097827,-0.4585569123203094,-0.7095632409082235,4.449110753733854,4.527449940319026,4.119297628905474,0.0,1.0,1.0,0.0,0.0,0.0,0.0,0.0,0.0,1.0
window_10_0pct::CAOSZp3YRLlUhxPmY4,window_10_0pct,1784125468.117819,0,0.3369914227206457,0.928067665613846,2.671938252653744,1.1400414659243183,2.2947075811013957,-0.248537196952098,-0.2365571221713444,-0.3237113761254092,1.0,0.0,0.0,1.0,0.0,0.0,0.0,0.0,0.0,1.0
window_10_0pct::COiEgn2Z5OdCTX8BRb,window_10_0pct,1784125212.912357,0,-0.2661212581455434,-0.27784143898129,-0.5940211061129143,-0.3355878063014919,-0.53134378536528,-0.2492728239417404,-0.2368529300062265,-0.1331747863035858,1.0,0.0,0.0,1.0,0.0,0.0,0.0,0.0,0.0,1.0
window_10_0pct::CXcPg12onTDPrV0Nta,window_10_0pct,1784124023.964563,0,-0.2231487945922017,-0.3698493827747943,-0.7379063557416712,-0.4058558668836733,-0.684103318687803,-0.2497985998628026,-0.2370475919068058,-0.6040302242810942,1.0,0.0,0.0,0.0,1.0,0.0,0.0,0.0,0.0,1.0
window_10_0pct::CYJK9t2r9SAy40vWO9,window_10_0pct,1784124542.952682,0,0.2649966903780903,-0.0894442207374478,-0.3410057033255976,-0.1599176548460383,-0.276744563161075,-0.2494961161930013,-0.2370309614903155,-0.0837664305614434,1.0,0.0,0.0,1.0,0.0,0.0,0.0,0.0,0.0,1.0
window_10_0pct::CeIc0W2PS2AHS1ntCf,window_10_0pct,1784124545.132345,0,0.6487854665209473,1.1698753909124209,3.558044505018292,1.4386807233985894,3.0330453254935903,-0.2487514666726841,-0.2366605847053636,-0.3400786227119374,1.0,0.0,0.0,1.0,0.0,0.0,0.0,0.0,0.0,1.0
window_10_0pct::Ck1hxZ3HV4F8mYQOP1,window_10_0pct,1784124357.056455,0,-0.3896529622198115,-0.187085303946881,-0.4767545214457448,-0.2477527305737651,-0.429504096483598,1.9017082496287627,0.7988440476704448,-0.0886768893967496,1.0,0.0,0.0,1.0,0.0,0.0,0.0,0.0,0.0,1.0
window_10_0pct::CQBdka4sGgNHuWIpYd,window_10_0pct,1784124288.74951,0,0.244159917080449,0.2610622318092352,1.6923161478064286,0.6130310115579575,1.4545301478275192,-0.2490956391967016,-0.23669475948742,-0.4128419096908479,1.0,0.0,0.0,1.0,0.0,0.0,0.0,0.0,0.0,1.0
window_10_0pct::CWHjGk4o8mG5pq1P8i,window_10_0pct,1784125106.780113,0,-0.1459686212694261,-0.2753378214630994,-0.061732782667154,-0.1423506397004929,-0.0985251076181314,-0.2495247483936946,-0.2367897172348747,-0.5010969573580045,1.0,0.0,0.0,1.0,0.0,0.0,0.0,0.0,0.0,1.0
window_10_0pct::CtCsfm453BTx8NRi5h,window_10_0pct,1784124875.578877,0,-0.3892756575667523,-0.275546456256282,-0.5955506702607468,-0.3355878063014919,-0.53134378536528,-0.0974947014583997,-0.1496956468029259,-0.1162454898157475,1.0,0.0,0.0,1.0,0.0,0.0,0.0,0.0,0.0,1.0
window_10_0pct::CKntc01zFU4YpMEwqc,window_10_0pct,1784124121.463684,0,-0.3886480085435344,-0.1891716518787065,1.1531235417489236,0.2792577237925956,0.9453317034191092,-0.1299754457425659,-0.0441115261661369,-0.5336672789531058,1.0,0.0,0.0,1.0,0.0,0.0,0.0,0.0,0.0,1.0
window_10_0pct::C5Z2t9scFYDtEa8F6,window_10_0pct,1784124577.436448,0,-0.3895954868844768,-0.2751291866699169,1.1454757210097604,0.2792577237925956,0.9198717811986884,0.3196836780988786,1.5129796401652196,-0.5669927030536857,1.0,0.0,0.0,1.0,0.0,0.0,0.0,0.0,0.0,1.0
window_10_0pct::C674e23MJVN4cI4308,window_10_0pct,1784125826.32837,0,-0.3564768941538347,-0.0030694163598724,-0.1758765071991651,-0.1072166094094022,-0.174904874279393,-0.2420045944064805,-0.2341414733826442,-0.1234427286169064,1.0,0.0,0.0,1.0,0.0,0.0,0.0,0.0,0.0,1.0
window_10_0pct::CSigCi2mFvm7knEi09,window_10_0pct,1784125121.241318,0,-0.1844772560718607,0.4578048417803793,0.9994448327847384,0.3846598146658678,0.8689519367578475,-0.2469504640364005,-0.236020912246296,-0.2531986544957332,1.0,0.0,0.0,1.0,0.0,0.0,0.0,0.0,0.0,1.0
window_10_0pct::CjTAdEdGuPoXsjbe7,window_10_0pct,1784124816.590819,0,1.513846002054473,0.4471644673280693,0.8558145105139534,0.4373608601025039,0.8180320923170066,-0.2494954706753418,-0.237031802260533,-0.2264979992287541,1.0,0.0,0.0,1.0,0.0,0.0,0.0,0.0,0.0,1.0
window_10_0pct::CtaHNv24OzIpGWgvNf,window_10_0pct,1784125353.02046,0,-0.3868517868870043,-0.1900061910514367,1.1531235417489236,0.3846598146658678,0.9453317034191092,-0.2054055476764884,-0.1552811903647096,-0.5339922810100481,1.0,0.0,0.0,1.0,0.0,0.0,0.0,0.0,0.0,1.0
window_10_0pct::CwSBrb2Kd2EApuY8j,window_10_0pct,1784124030.052714,0,-0.3893084838401837,-0.2767982650153773,-0.5573540544579261,-0.3180207911559465,-0.5058838631448596,-0.0873198166571013,-0.1307763336052171,-0.2245316694886705,1.0,0.0,0.0,1.0,0.0,0.0,0.0,0.0,0.0,1.0
window_10_0pct::CUCKec4y1EuDKrs576,window_10_0pct,1784125944.895408,0,-0.0769842236662926,-0.2770068998085598,-0.5940211061129143,-0.3180207911559465,-0.53134378536528,-0.2495889263214931,-0.237024813741415,-0.128903988680207,1.0,0.0,0.0,1.0,0.0,0.0,0.0,0.0,0.0,1.0
window_10_0pct::C1OoDM2FVJbOiJUO7a,window_10_0pct,1784124108.942195,0,0.0037584276526253,0.1761478709839375,0.3477230421290457,0.1211545874826874,0.3088336479085966,-0.2488185639867664,-0.2367492696090348,-0.2336540669611723,1.0,0.0,0.0,1.0,0.0,0.0,0.0,0.0,0.0,1.0
window_10_0pct::CDFeFM3QLWaTdskEeg,window_10_0pct,1784125665.55365,0,-0.3888708962713304,-0.1916752693968971,1.1531235417489236,0.3846598146658678,0.9453317034191092,-0.1003589259636341,0.0410551925085479,-0.5346422851239325,1.0,0.0,0.0,1.0,0.0,0.0,0.0,0.0,0.0,1.0
window_10_0pct::CLbMbu45AEXy8hsS4b,window_10_0pct,1784124218.466087,0,0.4684139757912088,0.0803845009131473,-0.2679477713200912,-0.0720825791183115,-0.2003647964998135,-0.2494280460275028,-0.2370342630702267,0.1014772422860164,1.0,0.0,0.0,1.0,0.0,0.0,0.0,0.0,0.0,1.0
window_10_0pct::CluVCw1pw39Jn6N9i5,window_10_0pct,1784125333.659398,0,-0.388802638973015,-0.2784673433608376,-0.6191102069266692,-0.3531548214470372,-0.5568037075857005,-0.1789008555671053,-0.2003972186537843,-0.0376299114732869,1.0,0.0,0.0,1.0,0.0,0.0,0.0,0.0,0.0,1.0
window_10_0pct::CuLs6n2KmQsFlwaAYa,window_10_0pct,1784125267.652195,0,-0.3897121349136749,-0.3631730693929528,-0.7368866463097827,-0.4585569123203094,-0.7095632409082235,5.486532299333116,5.579377342336606,4.119297628905474,0.0,1.0,1.0,0.0,0.0,0.0,0.0,0.0,0.0,1.0
window_10_0pct::CgA46S2M8NStEyRKOl,window_10_0pct,1784125272.338111,0,-0.3280836835156741,-0.3698493827747943,-0.7379063557416712,-0.4058558668836733,-0.684103318687803,-0.2497985998628026,-0.2368520935216638,-0.6040302242810942,1.0,0.0,0.0,0.0,1.0,0.0,0.0,0.0,0.0,1.0
window_10_0pct::CLh4tI29qaXAdxj8h,window_10_0pct,1784124577.432467,0,-0.3896039416514874,-0.0848542552874317,-0.5306291697638502,-0.2301857154282197,-0.4549640187040185,1.596554822089389,0.3768436468993681,0.4084442406617402,1.0,0.0,0.0,1.0,0.0,0.0,0.0,0.0,0.0,1.0
window_10_0pct::Cm5pRf4rQ2Mm9sozyl,window_10_0pct,1784126089.566029,0,-0.3248588517642015,-0.3698493827747943,-0.7379063557416712,-0.4058558668836733,-0.684103318687803,-0.2497985998628026,-0.2368675238235227,-0.6040302242810942,1.0,0.0,0.0,0.0,1.0,0.0,0.0,0.0,0.0,1.0
window_10_0pct::CcUptT1uTlbqiOeBvi,window_10_0pct,1784125430.542655,0,-0.389712209640151,-0.3631730693929528,-0.7368866463097827,-0.4585569123203094,-0.7095632409082235,6.060165389252708,6.161031317569856,4.119297628905474,0.0,1.0,1.0,0.0,0.0,0.0,0.0,0.0,0.0,1.0
window_10_0pct::Cd3xc71cRZ40udEZc1,window_10_0pct,1784125567.698312,0,-0.277034045835478,-0.3698493827747943,-0.7379063557416712,-0.4058558668836733,-0.684103318687803,-0.2497985998628026,-0.2369926836589432,-0.6040302242810942,1.0,0.0,0.0,0.0,1.0,0.0,0.0,0.0,0.0,1.0
window_10_0pct::C2swB64no0xqRwtZ0f,window_10_0pct,1784125966.379348,0,-0.3892584918276702,-0.3698493827747943,-0.7379063557416712,-0.4058558668836733,-0.684103318687803,-0.2497985998628026,-0.1950808952980096,-0.6040302242810942,1.0,0.0,0.0,0.0,1.0,0.0,0.0,0.0,0.0,1.0
window_10_0pct::CkRCnMxxzwy9jI69a,window_10_0pct,1784125204.265853,0,0.2937061221127007,6.010553786583652e-05,1.2322572424527654,0.49006190553914,1.047171392300791,-0.2494163273759982,-0.2367776344358428,-0.4657592081241055,1.0,0.0,0.0,1.0,0.0,0.0,0.0,0.0,0.0,1.0
window_10_0pct::C2sUBs3fhz9qZZd1p1,window_10_0pct,1784125107.202499,0,-0.3883374773344794,0.0780895181881393,1.304444172651867,0.4549278752480493,1.0726313145212116,-0.0197978218326406,-0.0529352684859853,-0.4425101010289585,1.0,0.0,0.0,1.0,0.0,0.0,0.0,0.0,0.0,1.0
window_10_0pct::COcfb31lUkesX7s2W8,window_10_0pct,1784124376.708867,0,0.3401801082081059,0.005067340574247,0.2779791657771767,0.0157524966094153,0.232453881247335,-0.2494358224453682,-0.2369789967560774,-0.3322463927422326,1.0,0.0,0.0,1.0,0.0,0.0,0.0,0.0,0.0,1.0
window_10_0pct::C04W6k4SQD7D3nDnf,window_10_0pct,1784124688.313417,0,0.936844524023974,-0.0068248426371582,0.0642863079570577,0.0157524966094153,0.028774503483971,-0.2496053253531112,-0.2370614931086007,-0.2707661850661702,1.0,0.0,0.0,1.0,0.0,0.0,0.0,0.0,0.0,1.0
window_10_0pct::CkmdLC4sRWsfPoXHSj,window_10_0pct,1784124723.374363,0,0.4131834664994783,0.350983827670914,0.0275980123555719,0.1211545874826874,0.0542344257043915,-0.2491645258803568,-0.2369599443785431,0.0894238732154542,1.0,0.0,0.0,1.0,0.0,0.0,0.0,0.0,0.0,1.0
window_10_0pct::CaX2znwjYMM8LtbIe,window_10_0pct,1784124647.668058,0,-0.3893298556123493,-0.3698493827747943,-0.7379063557416712,-0.4058558668836733,-0.684103318687803,-0.2497985998628026,-0.1872419863405774,-0.6040302242810942,1.0,0.0,0.0,0.0,1.0,0.0,0.0,0.0,0.0,1.0
window_10_0pct::CHk9hh3sIMHgulPjW8,window_10_0pct,1784125598.730918,0,-0.388729919436555,-0.1916752693968971,1.1531235417489236,0.3495257843747771,0.9453317034191092,-0.1217899831657324,-0.0085711218121184,-0.5346422851239325,1.0,0.0,0.0,1.0,0.0,0.0,0.0,0.0,0.0,1.0
window_10_0pct::CI1Fdl2VTt1peBsU1g,window_10_0pct,1784124440.705459,0,-0.0872033361537661,-0.2761723606358297,-0.5306929016033433,-0.3180207911559465,-0.480423940924439,-0.2495798949418824,-0.2370201655864277,-0.2711306340134184,1.0,0.0,0.0,1.0,0.0,0.0,0.0,0.0,0.0,1.0
window_10_0pct::CY4mUv40PbgRkRPFNc,window_10_0pct,1784124502.872592,0,-0.3814893082096832,-0.2767982650153773,-0.5573540544579261,-0.3355878063014919,-0.5058838631448596,-0.2418072211169328,-0.2325112923384196,-0.2245316694886705,1.0,0.0,0.0,1.0,0.0,0.0,0.0,0.0,0.0,1.0
window_10_0pct::ClpjHbr83meb2ymZ3,window_10_0pct,1784125899.99135,0,-0.3291844472095273,0.0935284928836479,1.5501941457369788,0.5778969812668668,1.2763106922845755,-0.2443918038791003,-0.2324230122499717,-0.4548886158740151,1.0,0.0,0.0,1.0,0.0,0.0,0.0,0.0,0.0,1.0
window_10_0pct::Cv3bNK36xGBPoqj1R9,window_10_0pct,1784124676.679515,0,-0.0335290697781636,-0.0938255513942814,-0.325922501312248,-0.1774846699915836,-0.276744563161075,-0.2492512853300619,-0.2369342147772039,-0.1106444240037442,1.0,0.0,0.0,1.0,0.0,0.0,0.0,0.0,0.0,1.0
window_10_0pct::C188Bj2pSCX9BQhG79,window_10_0pct,1784126002.898267,0,-0.05753634867915,-0.0760915939737647,-0.4800473331528845,-0.2301857154282197,-0.429504096483598,-0.2491740242632816,-0.236960902652395,0.2348770046068075,1.0,0.0,0.0,1.0,0.0,0.0,0.0,0.0,0.0,1.0
window_10_0pct::CgthuH2n67vO2E9hV7,window_10_0pct,1784124335.647157,0,-0.3896843580149861,-0.3698493827747943,-0.7379063557416712,-0.4058558668836733,-0.684103318687803,-0.2497985998628026,0.4315551128553212,-0.6040302242810942,1.0,0.0,0.0,0.0,1.0,0.0,0.0,0.0,0.0,1.0
window_10_0pct::CwdRyG3AFxDu6jtjW7,window_10_0pct,1784124940.905589,0,-0.3892984598171748,-0.2811795956722108,-0.5573540544579261,-0.3180207911559465,-0.5058838631448596,-0.0987144686654496,-0.1333491296732827,-0.2424004355214976,1.0,0.0,0.0,1.0,0.0,0.0,0.0,0.0,0.0,1.0
window_10_0pct::CTK7byVupOnGoXD,window_10_0pct,1784124197.500803,0,-0.3279870301564392,-0.0850628900806143,-0.2555413065654486,-0.1599176548460383,-0.225824718720234,-0.2465401095270311,-0.2357681724484383,-0.1692527004718289,1.0,0.0,0.0,1.0,0.0,0.0,0.0,0.0,0.0,1.0
window_10_0pct::CJiytf1Fm7LRn4hnyg,window_10_0pct,1784125594.851672,0,0.08331743294048,-0.0982068820511149,-0.2313444515045961,-0.1072166094094022,-0.225824718720234,-0.2493930228367614,-0.2369501529379976,-0.2091279471989884,1.0,0.0,0.0,1.0,0.0,0.0,0.0,0.0,0.0,1.0
window_10_0pct::CKRcZzSOIApDtxNri,window_10_0pct,1784125245.340766,0,-0.3883061989666245,-0.2818055000517585,-0.5573540544579261,-0.3180207911559465,-0.5058838631448596,-0.2055963391861172,-0.2065741323746963,-0.24495311638333,1.0,0.0,0.0,1.0,0.0,0.0,0.0,0.0,0.0,1.0
window_10_0pct::CI3T7I3Xim5EZJnoy7,window_10_0pct,1784125919.066401,0,-0.0419432176114029,-0.1858334951877857,-0.4595469247826276,-0.2477527305737651,-0.4040441742631775,-0.2494248954721742,-0.2369836857592326,-0.1172208932585603,1.0,0.0,0.0,1.0,0.0,0.0,0.0,0.0,0.0,1.0
window_10_0pct::CsE1Ki3PxKT05rS6Lb,window_10_0pct,1784124599.446486,0,0.2853019022255724,-0.0925737426351861,-0.3328692718169879,-0.1774846699915836,-0.3022044853814955,-0.2495084896264448,-0.237041998631734,-0.0999068810582444,1.0,0.0,0.0,1.0,0.0,0.0,0.0,0.0,0.0,1.0
window_10_0pct::CFi5kF3b0axToeXoW5,window_10_0pct,1784125644.127016,0,0.3006925672439217,0.5158053142851281,0.7010311163318889,0.3846598146658678,0.6143527145536426,-0.2488926068632948,-0.2368230788601444,-0.1507583697643783,1.0,0.0,0.0,1.0,0.0,0.0,0.0,0.0,0.0,1.0
window_05_12pct::CP2Ldu3U5eIo9Tf27,window_05_12pct,1783707882.098077,1,-0.07273562851698644,-0.3258274414132764,-0.7379063557416712,-0.35315482144703725,-0.6077235520265416,-0.24970051417097508,-0.23705682511662843,1525.4736783412168,1.0,0.0,0.0,1.0,0.0,0.0,0.0,1.0,0.0,0.0
window_10_0pct::CtSlRK16SHroeO68zh,window_10_0pct,1784124800.807399,0,-0.3070719755374736,0.0876867186745366,1.2322572424527654,0.3846598146658678,1.0217114700803709,-0.2458884394828354,-0.2343275442094305,-0.4330046526892857,1.0,0.0,0.0,1.0,0.0,0.0,0.0,0.0,0.0,1.0
window_10_0pct::COycKg1yDns890fFBf,window_10_0pct,1784124104.275281,0,-0.3896430342737007,-0.3698493827747943,-0.7379063557416712,-0.4058558668836733,-0.684103318687803,-0.2497985998628026,0.0363481615641667,-0.6040302242810942,1.0,0.0,0.0,0.0,1.0,0.0,0.0,0.0,0.0,1.0
window_10_0pct::C8JE7m21VCJF5rae19,window_10_0pct,1784125083.857312,0,-0.389711793306927,-0.3631730693929528,-0.7368866463097827,-0.4585569123203094,-0.7095632409082235,3.802471851862754,3.871769341651834,4.119297628905474,0.0,1.0,1.0,0.0,0.0,0.0,0.0,0.0,0.0,1.0
window_10_0pct::C4qkCM2BJ2lIV8nDZf,window_10_0pct,1784124769.744024,0,0.1633585841273677,0.1905436717135335,-0.0517268838667488,0.0157524966094153,-0.0476052631772904,-0.2490829903560615,-0.2369203580336062,-0.002601406220801,1.0,0.0,0.0,1.0,0.0,0.0,0.0,0.0,0.0,1.0
window_10_0pct::CmYwquOZPFvz4Idlc,window_10_0pct,1784124279.631146,0,-0.3803456621937572,-0.0982068820511149,-0.2946726560141671,-0.195051685137129,-0.276744563161075,-0.2293177390960172,-0.2289958776437723,-0.1527079286041282,1.0,0.0,0.0,1.0,0.0,0.0,0.0,0.0,0.0,1.0
window_10_0pct::CyJlMQxmORaoHrAkc,window_10_0pct,1784124283.707787,0,0.4961365376567592,0.0826794836381554,1.7074630816592713,0.5954639964124121,1.4545301478275192,-0.2494378127508076,-0.2368331781919474,-0.467747536101168,1.0,0.0,0.0,1.0,0.0,0.0,0.0,0.0,0.0,1.0
window_10_0pct::Chy1wXxzCm1xKUjUd,window_10_0pct,1784125832.981772,0,-0.3885511096544494,-0.1845816864286904,-0.4767545214457448,-0.2477527305737651,-0.429504096483598,-0.137178648294784,-0.1836658069226036,-0.0816172546723065,1.0,0.0,0.0,1.0,0.0,0.0,0.0,0.0,0.0,1.0
window_10_0pct::CU2sHE1o0MgyrXPPA6,window_10_0pct,1784124072.180976,0,-0.2638578145347794,-0.0982068820511149,-0.2962022201619998,-0.195051685137129,-0.276744563161075,-0.2482742262446283,-0.2365545817111719,-0.1511451331783243,1.0,0.0,0.0,1.0,0.0,0.0,0.0,0.0,0.0,1.0
window_10_0pct::CWS0Od2TOQ95SrJCGj,window_10_0pct,1784124983.654702,0,0.0105447873064726,0.6249213111196015,0.2700551737335437,0.2441236935015049,0.2579138034677555,-0.2480433137845159,-0.2366726582401379,0.122765776732966,1.0,0.0,0.0,1.0,0.0,0.0,0.0,0.0,0.0,1.0
window_10_0pct::CIlNpo8xZb3A2s28f,window_10_0pct,1784124181.690128,0,0.3609001907757056,-0.0819333681828761,-0.3243929371644153,-0.1599176548460383,-0.276744563161075,-0.2495276965448394,-0.2370477562558298,-0.0912909779148727,1.0,0.0,0.0,1.0,0.0,0.0,0.0,0.0,0.0,1.0
window_10_0pct::C8Bsby41l0svRy5xT5,window_10_0pct,1784125103.485238,0,-0.3723391579628753,-0.0975809776715673,-0.2555413065654486,-0.1247836245549475,-0.225824718720234,-0.2387306514728413,-0.231658553616691,-0.1883638004194889,1.0,0.0,0.0,1.0,0.0,0.0,0.0,0.0,0.0,1.0
window_05_12pct::Cgnrhl4eB7zyljk9M1,window_05_12pct,1783706882.43587,1,-0.07662223794083471,-0.3258274414132764,-0.7379063557416712,-0.35315482144703725,-0.6077235520265416,-0.2496992965661369,-0.23705551441924289,1525.4736783412168,1.0,0.0,0.0,1.0,0.0,0.0,0.0,1.0,0.0,0.0
window_10_0pct::CAdVkf1gRjrmjhRAA5,window_10_0pct,1784124283.708744,0,0.4961267271379679,0.0822622140517903,-0.1908322455335287,-0.0720825791183115,-0.174904874279393,-0.2494381414348288,-0.2370382720392884,0.0045604270931501,1.0,0.0,0.0,1.0,0.0,0.0,0.0,0.0,0.0,1.0
window_10_0pct::CZgoj02grsqDMs42e4,window_10_0pct,1784125765.985053,0,-0.3447532387964864,-0.1883371127059763,-0.447076728188492,-0.2477527305737651,-0.378584252042757,-0.2469472725247873,-0.2357799529030844,-0.1444320704269579,1.0,0.0,0.0,1.0,0.0,0.0,0.0,0.0,0.0,1.0
window_10_0pct::CJJHAZ1iiEYjaVy82j,window_10_0pct,1784125657.533722,0,-0.208849862039308,0.188457323781708,1.450305109304908,0.4373608601025039,1.1999309256233142,-0.24761844393507,-0.2357877817172858,-0.4161322941377652,1.0,0.0,0.0,1.0,0.0,0.0,0.0,0.0,0.0,1.0
window_10_0pct::C5CzJk3uUzsOsMlHJ6,window_10_0pct,1784125717.762702,0,0.8148221239636299,0.0889385274336319,-0.013466536224435,-0.00181451853613,0.028774503483971,-0.2495295968268381,-0.237055239263273,-0.1376505952374293,1.0,0.0,0.0,1.0,0.0,0.0,0.0,0.0,0.0,1.0
window_10_0pct::Crs4Vn4pQGIkP0Htx2,window_10_0pct,1784125974.707742,0,-0.3890520225741953,-0.1895889214650716,-0.4300815709903515,-0.2301857154282197,-0.378584252042757,-0.0571761790557296,-0.1358875589466099,-0.1727996156436068,1.0,0.0,0.0,1.0,0.0,0.0,0.0,0.0,0.0,1.0
window_10_0pct::CRwcC13WwJpawXr81,window_10_0pct,1784125728.713178,0,-0.3650016905477621,0.856714566345414,2.295453032821937,1.0170723599055007,1.963728592235929,-0.2147428014105762,-0.220716579409413,-0.3062430813674505,1.0,0.0,0.0,1.0,0.0,0.0,0.0,0.0,0.0,1.0
window_10_0pct::CtW9y52ymzIpwtDZqk,window_10_0pct,1784125933.314485,0,-0.3397357295584932,-0.0097457297417139,-0.3742737235409576,-0.1423506397004929,-0.3022044853814955,-0.2447097453144461,-0.2353447471471433,0.1252290529698272,1.0,0.0,0.0,1.0,0.0,0.0,0.0,0.0,0.0,1.0
window_10_0pct::CPfJ431bJUGCXkoI17,window_10_0pct,1784125042.01425,0,0.2935749771471385,-0.0856887944601619,-0.3494820379781702,-0.1247836245549475,-0.276744563161075,-0.2495048857863681,-0.2370224647555766,-0.0652938039468634,1.0,0.0,0.0,1.0,0.0,0.0,0.0,0.0,0.0,1.0
window_10_0pct::C2BmsGeWblFPbiDt6,window_10_0pct,1784125030.184166,0,-0.3670071997134372,-0.2811795956722108,-0.5955506702607468,-0.3355878063014919,-0.53134378536528,-0.2470405358239553,-0.2354778523159775,-0.1453830735116864,1.0,0.0,0.0,1.0,0.0,0.0,0.0,0.0,0.0,1.0
window_10_0pct::CJcV3W3XE564VEUTcj,window_10_0pct,1784124857.219232,0,-0.3844441318525708,-0.2767982650153773,-0.6106338722740966,-0.3355878063014919,-0.53134378536528,-0.2373255549725857,-0.2299028868051867,-0.0656894840047921,1.0,0.0,0.0,1.0,0.0,0.0,0.0,0.0,0.0,1.0
window_10_0pct::CSljb84gtCZUXXJ9I8,window_10_0pct,1784124104.573423,0,-0.1054944666412428,-0.1854162256014206,-0.4385579056429241,-0.2653197457193104,-0.4040441742631775,-0.2493402982961483,-0.2369605450981206,-0.150324954250604,1.0,0.0,0.0,1.0,0.0,0.0,0.0,0.0,0.0,1.0
window_10_0pct::CcyTHu2TOPp5MTVrF1,window_10_0pct,1784124622.574205,0,-0.3848781645762038,-0.1895889214650716,-0.4767545214457448,-0.2653197457193104,-0.429504096483598,-0.2234663890620981,-0.2252955638974164,-0.0957365241211927,1.0,0.0,0.0,1.0,0.0,0.0,0.0,0.0,0.0,1.0
window_10_0pct::CMZk5A46eNyeAv4N0j,window_10_0pct,1784125714.544124,0,0.2754773455319273,0.1880400541953429,-0.132198953199944,0.0157524966094153,-0.0730651853977109,-0.249206265539711,-0.2369611562324194,0.0742555086429483,1.0,0.0,0.0,1.0,0.0,0.0,0.0,0.0,0.0,1.0
window_10_0pct::Cdc0wG4ncXtFfBEtHh,window_10_0pct,1784125960.576613,0,-0.3893705708666151,-0.1791571818059441,-0.4767545214457448,-0.2477527305737651,-0.429504096483598,0.1435535733276636,-0.0556279014658289,-0.0663213794360132,1.0,0.0,0.0,1.0,0.0,0.0,0.0,0.0,0.0,1.0
window_10_0pct::CTy0pIvDbQIwrDYp6,window_10_0pct,1784124915.45065,0,-0.3887749688264348,-0.1895889214650716,-0.4767545214457448,-0.2477527305737651,-0.429504096483598,-0.1140711064133647,-0.1708983682495453,-0.0957365241211927,1.0,0.0,0.0,1.0,0.0,0.0,0.0,0.0,0.0,1.0
window_10_0pct::C0aUDZ7agsaBRVb4b,window_10_0pct,1784125007.120554,0,-0.2327205836428201,0.0891471622268144,-0.4516654206319899,-0.1774846699915836,-0.378584252042757,-0.2477337164715097,-0.2366446812787069,0.5768017390155477,1.0,0.0,0.0,1.0,0.0,0.0,0.0,0.0,0.0,1.0
window_10_0pct::CTJFyN1IWzTgMzT3Mk,window_10_0pct,1784125068.712143,0,-0.388397632147743,-0.0053643990848804,-0.3500768684801051,-0.195051685137129,-0.3022044853814955,-0.0540893666069429,-0.1790031494075355,0.0880519808599643,1.0,0.0,0.0,1.0,0.0,0.0,0.0,0.0,0.0,1.0
window_10_0pct::CngetA1wCNQtDnadZ,window_10_0pct,1784125688.334027,0,-0.3890867597103727,-0.2818055000517585,-0.5955506702607468,-0.3180207911559465,-0.53134378536528,-0.1504978019042242,-0.1684455541278036,-0.1486205828112352,1.0,0.0,0.0,1.0,0.0,0.0,0.0,0.0,0.0,1.0
window_10_0pct::C8SJSw23wYBoZNI3i9,window_10_0pct,1784124571.910599,0,-0.2840448838235413,-0.0975809776715673,-0.2610647326548443,-0.1247836245549475,-0.225824718720234,-0.2479788230426088,-0.2362574735155598,-0.1835492029140754,1.0,0.0,0.0,1.0,0.0,0.0,0.0,0.0,0.0,1.0
window_10_0pct::CkX6631fvc8A96qjp6,window_10_0pct,1784125468.882066,0,-0.389339890310569,-0.1891716518787065,1.1531235417489236,0.3846598146658678,0.9453317034191092,0.0922461545333027,0.3908115072373582,-0.5336672789531058,1.0,0.0,0.0,1.0,0.0,0.0,0.0,0.0,0.0,1.0
window_10_0pct::CCykfq2Uc5CPNtWwLd,window_10_0pct,1784125851.005589,0,-0.3792170895755826,0.0088227668515329,-0.3777364868200788,-0.1599176548460383,-0.327664407601916,-0.2243179968313389,-0.2289629347144344,0.1702051830897908,1.0,0.0,0.0,1.0,0.0,0.0,0.0,0.0,0.0,1.0
window_10_0pct::CoFLh52RD6aBmQWkd5,window_10_0pct,1784125625.475621,0,-0.3096663613604797,-0.3698493827747943,-0.7379063557416712,-0.4058558668836733,-0.684103318687803,-0.2497985998628026,-0.236923491917025,-0.6040302242810942,1.0,0.0,0.0,0.0,1.0,0.0,0.0,0.0,0.0,1.0
window_10_0pct::CwwHcq1wqItAiZNw14,window_10_0pct,1784125229.724953,0,-0.208053107000667,-0.2784673433608376,-0.6191102069266692,-0.3180207911559465,-0.5568037075857005,-0.2494433232950996,-0.2369255370579029,-0.0376299114732869,1.0,0.0,0.0,1.0,0.0,0.0,0.0,0.0,0.0,1.0
window_10_0pct::Ca8Q8o4lQ7WDHw3bub,window_10_0pct,1784124335.644925,0,-0.3895970027644206,-0.2751291866699169,1.1454757210097604,0.296824738938141,0.9198717811986884,0.3271285762272674,1.577092486054787,-0.5669927030536857,1.0,0.0,0.0,1.0,0.0,0.0,0.0,0.0,0.0,1.0
window_10_0pct::C31RQu1OItXXCCvpub,window_10_0pct,1784124366.878207,0,-0.3897120708624098,-0.3631730693929528,-0.7368866463097827,-0.4585569123203094,-0.7095632409082235,5.071857776499676,5.158904589155943,4.119297628905474,0.0,1.0,1.0,0.0,0.0,0.0,0.0,0.0,0.0,1.0
window_10_0pct::CY1MUh4NQnfiR3bHOi,window_10_0pct,1784124769.749902,0,0.1632954829559035,0.0042328014015168,-0.206531521995311,-0.0720825791183115,-0.1494449520589724,-0.2493208506994898,-0.2369635589109349,-0.0855987768948651,1.0,0.0,0.0,1.0,0.0,0.0,0.0,0.0,0.0,1.0
window_10_0pct::CqPltN3VxPWXJyC7wa,window_10_0pct,1784125768.364311,0,0.3528033956112685,-0.0994586908102102,-0.3579583726307428,-0.1599176548460383,-0.3022044853814955,-0.2495414120506842,-0.2370465060101685,-0.0799642439250199,1.0,0.0,0.0,1.0,0.0,0.0,0.0,0.0,0.0,1.0
window_10_0pct::C7g0PB1rwdYWKjn6oi,window_10_0pct,1784125416.099385,0,-0.2065646409983653,0.6146982062536566,2.242980484972678,0.98193832961441,1.887348825574668,-0.2460019683094574,-0.2349956687473668,-0.3607925821886276,1.0,0.0,0.0,1.0,0.0,0.0,0.0,0.0,0.0,1.0
window_10_0pct::CgekPQ2wkHHZTf8Yk1,window_10_0pct,1784125576.119721,0,-0.3893691830892017,-0.1858334951877857,1.1531235417489236,0.2792577237925956,0.9453317034191092,0.1282496183621992,0.3608738946953724,-0.5323672707253371,1.0,0.0,0.0,1.0,0.0,0.0,0.0,0.0,0.0,1.0
window_10_0pct::CScr7t4Byi2f0k8jH7,window_10_0pct,1784125043.693831,0,-0.1319535212231966,0.4836755561350155,0.2491086424868355,0.1914226480648689,0.2069939590269145,-0.2474599440381634,-0.2364575531654098,0.0328030871628857,1.0,0.0,0.0,1.0,0.0,0.0,0.0,0.0,0.0,1.0
window_10_0pct::CuGDay1rZUb5nAa334,window_10_0pct,1784125929.267199,0,-0.3897119214094575,-0.3631730693929528,-0.7368866463097827,-0.4585569123203094,-0.7095632409082235,4.3037836603236475,4.380090795463925,4.119297628905474,0.0,1.0,1.0,0.0,0.0,0.0,0.0,0.0,0.0,1.0
window_10_0pct::CeMWqS35t4RqaZtv2b,window_10_0pct,1784125765.987596,0,-0.3447808982678556,-0.3698493827747943,-0.7379063557416712,-0.4058558668836733,-0.684103318687803,-0.2497985998628026,-0.2367367767307452,-0.6040302242810942,1.0,0.0,0.0,0.0,1.0,0.0,0.0,0.0,0.0,1.0
window_10_0pct::CrccXm2IF7MyJX1Cni,window_10_0pct,1784125889.466334,0,-0.389120834983476,-0.0967464384988371,-0.5306291697638502,-0.2477527305737651,-0.4549640187040185,0.0759480154234566,-0.1321926749807547,0.3661960382446528,1.0,0.0,0.0,1.0,0.0,0.0,0.0,0.0,0.0,1.0
window_10_0pct::CVbQpk4cgi5SI2XJBb,window_10_0pct,1784124200.973699,0,-0.1826872260376364,0.6226263283945934,0.1705272843919334,0.1738556329193235,0.181534036806494,-0.246412808210317,-0.23630791546802,0.2005311512675815,1.0,0.0,0.0,1.0,0.0,0.0,0.0,0.0,0.0,1.0
window_10_0pct::CqQfTO3MRK6tSOQLy3,window_10_0pct,1784125150.131223,0,-0.3897111954951182,-0.3631730693929528,-0.7368866463097827,-0.4585569123203094,-0.7095632409082235,2.4271558197619596,2.4772228077592717,4.119297628905474,0.0,1.0,1.0,0.0,0.0,0.0,0.0,0.0,0.0,1.0
window_10_0pct::CAOS634x0KkVRKLbwb,window_10_0pct,1784124634.962427,0,0.1859959132171531,-0.0982068820511149,-0.2877258855094272,-0.1599176548460383,-0.2512846409406545,-0.2494653580652602,-0.23701292366836,-0.1596719900747948,1.0,0.0,0.0,1.0,0.0,0.0,0.0,0.0,0.0,1.0
window_10_0pct::CXu0qy1WOAZCZaIfO3,window_10_0pct,1784124080.798699,0,-0.389711878708614,-0.3631730693929528,-0.7368866463097827,-0.4585569123203094,-0.7095632409082235,4.123443768831115,4.197229282376408,4.119297628905474,0.0,1.0,1.0,0.0,0.0,0.0,0.0,0.0,0.0,1.0
window_10_0pct::CK9gLW2mnv5peIv4v,window_10_0pct,1784125138.189885,0,-0.3868304257900495,-0.1895889214650716,-0.4300815709903515,-0.2126187002826743,-0.378584252042757,-0.2056322870966537,-0.212282480605426,-0.1727996156436068,1.0,0.0,0.0,1.0,0.0,0.0,0.0,0.0,0.0,1.0
window_10_0pct::CZbMKmCyC2i6YQltk,window_10_0pct,1784125598.493441,0,0.5949525985374199,0.1821982799862315,0.1009108717190504,0.050886526900506,0.130614192365653,-0.249402638784089,-0.2370167419155873,-0.1193660794916029,1.0,0.0,0.0,1.0,0.0,0.0,0.0,0.0,0.0,1.0
window_10_0pct::CPu1K85uKhAkvdNRe,window_10_0pct,1784125554.849544,0,0.2001443359719628,0.1598743571156987,1.6525899678557752,0.5778969812668668,1.403610303386678,-0.2491643401120036,-0.236676074256932,-0.4408377400487561,1.0,0.0,0.0,1.0,0.0,0.0,0.0,0.0,0.0,1.0
window_10_0pct::CB3WRk4Jwgje3OKXwk,window_10_0pct,1784125685.825101,0,1.258679841973833,0.4010561780347259,0.1992491000567909,0.1914226480648689,0.2069939590269145,-0.2494683024749206,-0.2370521914248209,0.0017601279649487,1.0,0.0,0.0,1.0,0.0,0.0,0.0,0.0,0.0,1.0
window_10_0pct::CjMJ3cvExUHxbqLw3,window_10_0pct,1784125899.201474,0,-0.3894524283835814,-0.3698493827747943,-0.7379063557416712,-0.4058558668836733,-0.684103318687803,-0.2497985998628026,-0.1637555571494131,-0.6040302242810942,1.0,0.0,0.0,0.0,1.0,0.0,0.0,0.0,0.0,1.0
window_10_0pct::CgFHoBO7ieU0YQxF1,window_10_0pct,1784125007.005688,0,-0.3897118893838248,-0.3631730693929528,-0.7368866463097827,-0.4585569123203094,-0.7095632409082235,4.167176192518054,4.24157319930013,4.119297628905474,0.0,1.0,1.0,0.0,0.0,0.0,0.0,0.0,0.0,1.0
window_10_0pct::CHdlbO2tKX53K3us44,window_10_0pct,1784125377.440591,0,-0.2631958767342406,-0.0856887944601619,-0.3338040054628856,-0.1774846699915836,-0.276744563161075,-0.2482123216763452,-0.2365199713630426,-0.086194160263252,1.0,0.0,0.0,1.0,0.0,0.0,0.0,0.0,0.0,1.0
window_10_0pct::C3Hd3l2MbFRh1nPQH7,window_10_0pct,1784124504.563556,0,0.0727575783971839,-0.0810988290101459,-0.4800473331528845,-0.2653197457193104,-0.429504096483598,-0.2493576355669975,-0.2370383507702731,0.2205774495689456,1.0,0.0,0.0,1.0,0.0,0.0,0.0,0.0,0.0,1.0
window_10_0pct::CRmo2s4CuXhL1obMp,window_10_0pct,1784125322.354668,0,0.4014129469664019,0.1609175310816114,0.0943464922512686,0.0860205571915967,0.130614192365653,-0.2493247694776535,-0.2369690189947007,-0.1343739552434375,1.0,0.0,0.0,1.0,0.0,0.0,0.0,0.0,0.0,1.0
window_10_0pct::CIgx932onLljeUdfh8,window_10_0pct,1784125458.440278,0,-0.0377061089889949,0.1936731936112717,0.3568366951765486,0.1387216026282328,0.3088336479085966,-0.2486679584804995,-0.2366870213330544,-0.2249480596721366,1.0,0.0,0.0,1.0,0.0,0.0,0.0,0.0,0.0,1.0
window_10_0pct::CQyM5gYmZ7Yr8bmRc,window_10_0pct,1784125899.822814,0,-0.3883158386820418,-0.1845816864286904,-0.4767545214457448,-0.2653197457193104,-0.429504096483598,-0.1561435469584521,-0.1960966393662475,-0.0816172546723065,1.0,0.0,0.0,1.0,0.0,0.0,0.0,0.0,0.0,1.0
window_10_0pct::CLZSzV3jzmY5iW037,window_10_0pct,1784125994.558163,0,-0.3859497742691656,-0.0103716341212616,-0.3500768684801051,-0.1774846699915836,-0.3022044853814955,-0.1823331553220565,-0.2155638143695888,0.0785442688259715,1.0,0.0,0.0,1.0,0.0,0.0,0.0,0.0,0.0,1.0
window_10_0pct::COwn6K21u3DYjjoe2k,window_10_0pct,1784125282.283594,0,1.2497984615111488,0.8433619395817308,1.2915703410742756,0.7184331024312297,1.1490110811824732,-0.2492759790772284,-0.2369641083333287,-0.1637892140255691,1.0,0.0,0.0,1.0,0.0,0.0,0.0,0.0,0.0,1.0
window_10_0pct::CyDzY31irIHbj6s7f2,window_10_0pct,1784124599.383406,0,-0.3893901065025108,-0.3698493827747943,-0.7379063557416712,-0.4058558668836733,-0.684103318687803,-0.2497985998628026,-0.1779257521339638,-0.6040302242810942,1.0,0.0,0.0,0.0,1.0,0.0,0.0,0.0,0.0,1.0
window_10_0pct::CmmpHz4F6TvumYzURl,window_10_0pct,1784124742.910752,0,-0.3897121135632532,-0.3631730693929528,-0.7368866463097827,-0.4585569123203094,-0.7095632409082235,5.341308732264865,5.4321231713914795,4.119297628905474,0.0,1.0,1.0,0.0,0.0,0.0,0.0,0.0,0.0,1.0
window_10_0pct::C4o39r4gFArWdA4SMb,window_10_0pct,1784124414.959934,0,-0.1386646313156074,-0.3698493827747943,-0.7379063557416712,-0.4058558668836733,-0.684103318687803,-0.2497985998628026,-0.2370862311216383,-0.6040302242810942,1.0,0.0,0.0,0.0,1.0,0.0,0.0,0.0,0.0,1.0
window_10_0pct::CBEBCL1GDOAaO9oMY5,window_10_0pct,1784124306.772124,0,-0.3886447419290075,-0.1916752693968971,1.1531235417489236,0.296824738938141,0.9453317034191092,-0.1319971560296301,-0.0402260518196852,-0.5346422851239325,1.0,0.0,0.0,1.0,0.0,0.0,0.0,0.0,0.0,1.0
window_10_0pct::ChoLqAZaDa6Q7FCS8,window_10_0pct,1784124085.115121,0,-0.3811339517901768,-0.3698493827747943,-0.7379063557416712,-0.4058558668836733,-0.684103318687803,-0.2497985998628026,-0.2349331796163986,-0.6040302242810942,1.0,0.0,0.0,0.0,1.0,0.0,0.0,0.0,0.0,1.0
window_10_0pct::CPEDkl4dkllDM8hHQe,window_10_0pct,1784125245.312433,0,-0.3880041225245801,-0.1067609085715994,-0.5306291697638502,-0.2653197457193104,-0.4549640187040185,-0.1410643109905502,-0.2035876311037813,0.3306186046302633,1.0,0.0,0.0,1.0,0.0,0.0,0.0,0.0,0.0,1.0
window_10_0pct::C6TAiG3NMaF3Dhmqmk,window_10_0pct,1784125867.744313,0,0.5690966933697329,0.0964493799882036,-0.0335633096112361,0.0333195117549606,0.0033145812635505,-0.2494551237525714,-0.2370178002743931,-0.1164909687148628,1.0,0.0,0.0,1.0,0.0,0.0,0.0,0.0,0.0,1.0
window_10_0pct::CZIEze3w8kFfjOC6Oc,window_10_0pct,1784125523.61385,0,-0.3894374190370955,-0.3698493827747943,-0.7379063557416712,-0.4058558668836733,-0.684103318687803,-0.2497985998628026,-0.1677542412415504,-0.6040302242810942,1.0,0.0,0.0,0.0,1.0,0.0,0.0,0.0,0.0,1.0
window_10_0pct::C8TfTt4g4WoAW1AaUb,window_10_0pct,1784124820.969131,0,-0.3897119534350901,-0.3631730693929528,-0.7368866463097827,-0.4585569123203094,-0.7095632409082235,4.449110753733854,4.527449940319026,4.119297628905474,0.0,1.0,1.0,0.0,0.0,0.0,0.0,0.0,0.0,1.0
window_10_0pct::CCQxPK24bIOg20Q9gj,window_10_0pct,1784124333.531378,0,0.0897356152465637,0.2610622318092352,-0.1903436347640822,-0.0193815336816754,-0.1494449520589724,-0.2488692244853339,-0.2369031334653145,0.244486598506786,1.0,0.0,0.0,1.0,0.0,0.0,0.0,0.0,0.0,1.0
window_10_0pct::CILIhu4nrnK4G6XKd3,window_10_0pct,1784125316.228691,0,0.3047241673818331,0.4688624858190545,0.1340939161484197,0.1562886177737781,0.1560741145860735,-0.2489456087071927,-0.2369145528416208,0.1042877209603685,1.0,0.0,0.0,1.0,0.0,0.0,0.0,0.0,0.0,1.0
window_10_0pct::Cvsmhj3WBu2lkNuQdc,window_10_0pct,1784124604.389582,0,-0.3889621372986532,-0.1916752693968971,1.1531235417489236,0.296824738938141,0.9453317034191092,-0.0821987324155672,0.0430252214275115,-0.5346422851239325,1.0,0.0,0.0,1.0,0.0,0.0,0.0,0.0,0.0,1.0
window_10_0pct::CCYPy32k4ZecLfYJ1d,window_10_0pct,1784125721.658143,0,-0.3803152698684048,0.3557824279141127,0.6785337769908504,0.2616907086470503,0.5888927923332221,-0.1952655226748801,-0.2157945907750562,-0.2267585207278286,1.0,0.0,0.0,1.0,0.0,0.0,0.0,0.0,0.0,1.0
window_10_0pct::CsuJC82HDSc20wsLD,window_10_0pct,1784125394.183821,0,-0.3859048956826598,-0.2784673433608376,-0.6191102069266692,-0.3180207911559465,-0.5568037075857005,-0.2328504773939999,-0.2258626173059249,-0.0376299114732869,1.0,0.0,0.0,1.0,0.0,0.0,0.0,0.0,0.0,1.0
window_10_0pct::Cd52kp3magG6Y3rJQ4,window_10_0pct,1784124998.261158,0,0.4652557680307882,-0.0032780511530549,0.2474516146600168,0.0333195117549606,0.2069939590269145,-0.2494957879628482,-0.237000236582464,-0.3300635379881435,1.0,0.0,0.0,1.0,0.0,0.0,0.0,0.0,0.0,1.0
window_10_0pct::CJHve61pifgwDOvNYh,window_10_0pct,1784126307.927182,0,-0.0514130690734047,-0.1931357129491749,-0.4682781867931723,-0.2126187002826743,-0.4040441742631775,-0.249429679215853,-0.2369504171067958,-0.1214013247626536,1.0,0.0,0.0,1.0,0.0,0.0,0.0,0.0,0.0,1.0
window_10_0pct::C2qtR720RErPNZJmKf,window_10_0pct,1784125583.231119,0,0.1926768658388506,0.0042328014015168,-0.1914483199819613,-0.1247836245549475,-0.1494449520589724,-0.249344952994106,-0.2369982194650798,-0.0999078395462499,1.0,0.0,0.0,1.0,0.0,0.0,0.0,0.0,0.0,1.0
window_10_0pct::CF7FmY2rUYBzKMHmqk,window_10_0pct,1784124068.537712,0,-0.3896107951368673,-0.0020262423939596,-0.3967498189354985,-0.1599176548460383,-0.3531243298223365,2.2930196338648137,0.6052330024108802,0.1899340566443962,1.0,0.0,0.0,1.0,0.0,0.0,0.0,0.0,0.0,1.0
window_10_0pct::CFrT5N2H7gWpaS7T11,window_10_0pct,1784124133.214486,0,0.2929232875490368,-0.1833298776695951,0.1674469121497704,-0.0720825791183115,0.1051542701452325,-0.2496056255155985,-0.237001319328425,-0.4523116869724081,1.0,0.0,0.0,1.0,0.0,0.0,0.0,0.0,0.0,1.0
window_10_0pct::CpNjAC2Gi8RbbGbeO3,window_10_0pct,1784125037.304296,0,-0.3853110550522733,0.3511924624640966,0.0474186144379032,0.0860205571915967,0.0542344257043915,-0.13411154000629,-0.2024054718035261,0.0721180931573205,1.0,0.0,0.0,1.0,0.0,0.0,0.0,0.0,0.0,1.0
window_10_0pct::CZl6BR3DMs0m13HxQe,window_10_0pct,1784125974.812606,0,0.2275575088760214,-0.1864593995673333,-0.4385579056429241,-0.2126187002826743,-0.4040441742631775,-0.2495887712149175,-0.2370462256414202,-0.152891160529057,1.0,0.0,0.0,1.0,0.0,0.0,0.0,0.0,0.0,1.0
window_10_0pct::CZlgOL2zOpez3QBqLf,window_10_0pct,1784124757.968468,0,-0.3897119961359336,-0.3631730693929528,-0.7368866463097827,-0.4585569123203094,-0.7095632409082235,4.657951169449261,4.739210489221911,4.119297628905474,0.0,1.0,1.0,0.0,0.0,0.0,0.0,0.0,0.0,1.0
window_10_0pct::CllBd83zPSouzJlVOh,window_10_0pct,1784126516.069919,0,-0.3853671959862491,0.4567616678144666,-0.6461112629252148,0.050886526900506,-0.174904874279393,-0.1154602385998712,-0.2041568342424658,6.0261281425191,1.0,0.0,0.0,0.0,0.0,1.0,0.0,0.0,0.0,1.0
window_10_0pct::CiYZ2D3zAnuhmMYuJj,window_10_0pct,1784125378.773183,0,-0.3629509184879897,-0.3698493827747943,-0.7379063557416712,-0.4058558668836733,-0.684103318687803,-0.2497985998628026,-0.2364477940712906,-0.6040302242810942,1.0,0.0,0.0,0.0,1.0,0.0,0.0,0.0,0.0,1.0
window_10_0pct::C0wRVx274ByMV0hFR5,window_10_0pct,1784125705.796929,0,-0.3041678698214388,0.095823475608656,-0.0711226070191266,-0.0545155639727661,-0.0476052631772904,-0.2459540055201712,-0.2358210416382505,-0.0897204953965399,1.0,0.0,0.0,1.0,0.0,0.0,0.0,0.0,0.0,1.0
window_10_0pct::CZVPu53BY43k0aayFc,window_10_0pct,1784125576.092943,0,-0.3890837813265394,-0.0917392034624559,-0.5391055044164228,-0.2477527305737651,-0.480423940924439,0.0623847219246945,-0.1383745941201478,0.4261065604534763,1.0,0.0,0.0,1.0,0.0,0.0,0.0,0.0,0.0,1.0
window_10_0pct::CvqMy74XeW8IXPiR16,window_10_0pct,1784124058.920255,0,-0.388951728968053,-0.2790932477403853,1.1454757210097604,0.3143917540836864,0.9198717811986884,-0.1655959142119258,0.0454750253806694,-0.5685427314750969,1.0,0.0,0.0,1.0,0.0,0.0,0.0,0.0,0.0,1.0
window_10_0pct::Cs8QBqk3fGebttt3h,window_10_0pct,1784125109.637046,0,0.0008865076973695,-0.090278759910178,-0.4782203537540844,-0.2126187002826743,-0.429504096483598,-0.2492930959055738,-0.2369788020365848,0.1887450999526226,1.0,0.0,0.0,1.0,0.0,0.0,0.0,0.0,0.0,1.0
window_10_0pct::CbwIgZHFhC2wHyUR4,window_10_0pct,1784124726.678517,0,-0.2053596231951363,-0.1937616173287226,-0.4767545214457448,-0.2653197457193104,-0.429504096483598,-0.2491240052694109,-0.236851193836533,-0.1075025819952644,1.0,0.0,0.0,1.0,0.0,0.0,0.0,0.0,0.0,1.0
window_10_0pct::CBr5Lo3AOVTAjHH6y3,window_10_0pct,1784126049.380317,0,0.0870355341607142,-0.27784143898129,-0.5815509095187786,-0.2828867608648558,-0.5058838631448596,-0.2496622983527431,-0.2370520948239308,-0.1707229648245473,1.0,0.0,0.0,1.0,0.0,0.0,0.0,0.0,0.0,1.0
window_10_0pct::C3UthL1duYwt4420Q8,window_10_0pct,1784124335.657442,0,-0.3009826858031447,0.8748657933522958,1.1477700672315094,0.5954639964124121,1.0217114700803709,-0.2398911280458567,-0.2338754840854942,-0.1179134833185974,1.0,0.0,0.0,1.0,0.0,0.0,0.0,0.0,0.0,1.0
window_10_0pct::CoDO3Z3wZ7LStjncP5,window_10_0pct,1784124514.657062,0,-0.3293180794992227,-0.3698493827747943,-0.7379063557416712,-0.4058558668836733,-0.684103318687803,-0.2497985998628026,-0.2368457510398859,-0.6040302242810942,1.0,0.0,0.0,0.0,1.0,0.0,0.0,0.0,0.0,1.0
window_10_0pct::CkAN1k3IYw48k2Vtkc,window_10_0pct,1784125043.69349,0,-0.1319464328831776,-0.0938255513942814,-0.2805241876467152,-0.1599176548460383,-0.2512846409406545,-0.2490423161735517,-0.2368285396259905,-0.159614070336599,1.0,0.0,0.0,1.0,0.0,0.0,0.0,0.0,0.0,1.0
window_10_0pct::CO0Ebw2rHiwoJmdMc9,window_10_0pct,1784126307.925267,0,-0.3897121135632532,-0.3631730693929528,-0.7368866463097827,-0.4585569123203094,-0.7095632409082235,5.341308732264865,5.4321231713914795,4.119297628905474,0.0,1.0,1.0,0.0,0.0,0.0,0.0,0.0,0.0,1.0
window_10_0pct::Ca33zv1se7FmCrcUZ1,window_10_0pct,1784125960.653344,0,-0.321069739041247,0.0140386366810966,-0.1335373218292976,-0.0896495942638568,-0.1239850298385519,-0.2458488318004057,-0.2356300636574582,-0.1362630458504033,1.0,0.0,0.0,1.0,0.0,0.0,0.0,0.0,0.0,1.0
window_10_0pct::CFGP7u4MtcFGsGlPbf,window_10_0pct,1784124409.491932,0,-0.3887490707648594,-0.279719152119933,-0.5573540544579261,-0.3355878063014919,-0.5058838631448596,-0.1837582422484608,-0.1974801736135273,-0.2364441801772219,1.0,0.0,0.0,1.0,0.0,0.0,0.0,0.0,0.0,1.0
window_10_0pct::C0CxT54rzSnjQxKwV9,window_10_0pct,1784124251.713498,0,1.044016947821424,-0.0041125903257851,-0.1507874063854102,-0.0545155639727661,-0.0985251076181314,-0.24961843670834,-0.2370823757630968,-0.1452871750766852,1.0,0.0,0.0,1.0,0.0,0.0,0.0,0.0,0.0,1.0
window_10_0pct::CSMiLP3TbLCSlIq2J9,window_10_0pct,1784125459.252303,0,0.8494926575004184,0.9973344169504524,2.5033038053551953,1.1049074356332276,2.167407969999293,-0.2490194011963897,-0.2368151689742126,-0.2933886903506697,1.0,0.0,0.0,1.0,0.0,0.0,0.0,0.0,0.0,1.0
window_10_0pct::CXSl5FiTgP89MC641,window_10_0pct,1784124169.279667,0,-0.3887323533846338,-0.1812435297377696,1.1531235417489236,0.296824738938141,0.9453317034191092,-0.1139590019129679,-0.0226308865477202,-0.5305797594121548,1.0,0.0,0.0,1.0,0.0,0.0,0.0,0.0,0.0,1.0
window_10_0pct::CZwD8E9MSouveFU2l,window_10_0pct,1784124181.691277,0,0.3608880317105224,0.1114710850973472,0.273178033868702,0.0157524966094153,0.232453881247335,-0.2493457128493528,-0.236984056844456,-0.2534556165834834,1.0,0.0,0.0,1.0,0.0,0.0,0.0,0.0,0.0,1.0
window_08_22pct::CPlgqu3swSmA7eg3o4,window_08_22pct,1783718128.561237,1,-0.3892348035347453,-0.3531585993201904,-0.6852426123739334,-0.38828885173812794,-0.6077235520265416,-0.22514535036859148,-0.18716647767359867,-0.37072068314587064,1.0,0.0,0.0,1.0,0.0,0.0,0.0,0.0,0.0,1.0
window_10_0pct::CndvzU1qMlEqCe9sTl,window_10_0pct,1784126046.445815,0,-0.3747140400999318,0.4686538510258719,1.9921319647281244,0.7887011630134111,1.658209525590883,-0.2103156570333555,-0.2142112580311725,-0.3778392475439036,1.0,0.0,0.0,1.0,0.0,0.0,0.0,0.0,0.0,1.0
window_10_0pct::CKvvSK133gSu1QyH12,window_10_0pct,1784125127.959105,0,-0.3891179633517515,-0.1891716518787065,1.1531235417489236,0.3143917540836864,0.9453317034191092,-0.0353332985874923,0.1244406874964272,-0.5336672789531058,1.0,0.0,0.0,1.0,0.0,0.0,0.0,0.0,0.0,1.0
window_10_0pct::CBf3PH2JWbFxvsj0vl,window_10_0pct,1784124128.883465,0,-0.3890657829210093,-0.0982068820511149,-0.6512947858706477,-0.3004537760104012,-0.5568037075857005,0.0466444950583442,-0.1632851401143963,1.705150673046001,1.0,0.0,0.0,1.0,0.0,0.0,0.0,0.0,0.0,1.0
window_10_0pct::C1DcQs19ajEpIfrEYd,window_10_0pct,1784125138.184398,0,-0.3867719790105254,-0.0103716341212616,-0.3967498189354985,-0.1774846699915836,-0.3531243298223365,-0.1634719430411948,-0.2095255276607503,0.1719201194708172,1.0,0.0,0.0,1.0,0.0,0.0,0.0,0.0,0.0,1.0
window_10_0pct::CR7GwA3p6qpl9Suoga,window_10_0pct,1784125543.728548,0,0.8505069626614193,0.1815723756066838,0.0795607054888864,0.0860205571915967,0.130614192365653,-0.2494845852448518,-0.237039047495256,-0.1072720674288222,1.0,0.0,0.0,1.0,0.0,0.0,0.0,0.0,0.0,1.0
window_10_0pct::Ck7r292PlVgE6mASha,window_10_0pct,1784125068.732358,0,-0.3886133354586222,-0.1891716518787065,1.1531235417489236,0.2616907086470503,0.9453317034191092,-0.1337536899840498,-0.0545467667964695,-0.5336672789531058,1.0,0.0,0.0,1.0,0.0,0.0,0.0,0.0,0.0,1.0
window_10_0pct::CLqcLo3dENK310o4M5,window_10_0pct,1784125341.469929,0,0.2368846968199302,-0.27784143898129,-0.5815509095187786,-0.3004537760104012,-0.480423940924439,-0.2496948944964251,-0.2370861067304992,-0.1707229648245473,1.0,0.0,0.0,1.0,0.0,0.0,0.0,0.0,0.0,1.0
window_10_0pct::ChEDid2QKbD5x8fZWf,window_10_0pct,1784124175.995036,0,-0.1654482763593346,-0.1831212428764126,-0.4682781867931723,-0.2653197457193104,-0.4040441742631775,-0.2492105508050567,-0.2369065795354626,-0.0940504544239462,1.0,0.0,0.0,1.0,0.0,0.0,0.0,0.0,0.0,1.0
window_10_0pct::C8EFN92yjNUbH5tlnb,window_10_0pct,1784124870.546814,0,-0.3892439735408843,-0.3698493827747943,-0.7379063557416712,-0.4058558668836733,-0.684103318687803,-0.2497985998628026,-0.1963836099476756,-0.6040302242810942,1.0,0.0,0.0,0.0,1.0,0.0,0.0,0.0,0.0,1.0
window_10_0pct::CPXO7T1aHFfDYqzP8f,window_10_0pct,1784124431.905123,0,-0.3883471063746859,0.0013119142969611,-0.3967498189354985,-0.1774846699915836,-0.3531243298223365,-0.0578768575934677,-0.1776540976156476,0.1971396315138278,1.0,0.0,0.0,1.0,0.0,0.0,0.0,0.0,0.0,1.0
window_10_0pct::C3UoJl4usXUkvAOEma,window_10_0pct,1784125847.393218,0,0.1129814527064737,0.2806739023683948,1.8535364577772888,0.7008660872856843,1.5563698367092011,-0.2488846477096158,-0.2365251705732206,-0.4191628327193704,1.0,0.0,0.0,1.0,0.0,0.0,0.0,0.0,0.0,1.0
window_10_0pct::CR6KDa1a22aTDgYXB6,window_10_0pct,1784125182.893843,0,-0.3893658737738314,-0.187085303946881,-0.4767545214457448,-0.2477527305737651,-0.429504096483598,0.1220978260020081,-0.0580846167413566,-0.0886768893967496,1.0,0.0,0.0,1.0,0.0,0.0,0.0,0.0,0.0,1.0
window_10_0pct::C0d44M2ocHPb3GpYi4,window_10_0pct,1784125903.815323,0,-0.3059362932288581,-0.3698493827747943,-0.7379063557416712,-0.4058558668836733,-0.684103318687803,-0.2497985998628026,-0.2369341294940417,-0.6040302242810942,1.0,0.0,0.0,0.0,1.0,0.0,0.0,0.0,0.0,1.0
window_10_0pct::CaeJAL1k6eVf9tthe7,window_10_0pct,1784124124.711767,0,-0.3892450090363389,-0.1916752693968971,1.1531235417489236,0.2616907086470503,0.9453317034191092,0.0191144029241578,0.1919624801385472,-0.5346422851239325,1.0,0.0,0.0,1.0,0.0,0.0,0.0,0.0,0.0,1.0
window_10_0pct::CHAq2f3EKcTwZWR1zc,window_10_0pct,1784124675.034612,0,-0.1123589474882513,-0.2751291866699169,1.1454757210097604,0.2792577237925956,0.9198717811986884,-0.2495574023586801,-0.2364211579662986,-0.5669927030536857,1.0,0.0,0.0,1.0,0.0,0.0,0.0,0.0,0.0,1.0
window_10_0pct::Cm99QF32XgqhbmcFVa,window_10_0pct,1784124429.840479,0,-0.3893236639900436,-0.2767982650153773,-0.5573540544579261,-0.3180207911559465,-0.5058838631448596,-0.0809840931339569,-0.1266278980161217,-0.2245316694886705,1.0,0.0,0.0,1.0,0.0,0.0,0.0,0.0,0.0,1.0
window_10_0pct::C9B5IXvuaUw4kRjO,window_10_0pct,1784125665.73183,0,0.2627757661322296,-0.188963017085524,-0.4134688048291692,-0.1774846699915836,-0.3531243298223365,-0.2496028067133518,-0.2370378416207688,-0.193458592179254,1.0,0.0,0.0,1.0,0.0,0.0,0.0,0.0,0.0,1.0
window_10_0pct::CKotE73nRwUPS6xw0k,window_10_0pct,1784124638.496115,0,0.2559642129807243,-0.094451455773829,-0.2877258855094272,-0.1423506397004929,-0.2512846409406545,-0.249497361758783,-0.2370217177836447,-0.1535287886802377,1.0,0.0,0.0,1.0,0.0,0.0,0.0,0.0,0.0,1.0
window_10_0pct::CvQmxh1BuyhREAp7bk,window_10_0pct,1784125519.342295,0,-0.1259381786745779,-0.3698493827747943,-0.7379063557416712,-0.4058558668836733,-0.684103318687803,-0.2497985998628026,-0.2370899065558174,-0.6040302242810942,1.0,0.0,0.0,0.0,1.0,0.0,0.0,0.0,0.0,1.0
window_10_0pct::CxKndZ1zkN0h8PvQG3,window_10_0pct,1784124841.861716,0,0.3269489422722601,0.1035429629564103,-0.0795989416716992,0.0157524966094153,-0.0476052631772904,-0.2493320784471908,-0.236975610541443,-0.0744629644821173,1.0,0.0,0.0,1.0,0.0,0.0,0.0,0.0,0.0,1.0
window_10_0pct::CRkppg2nAyZf7eZRRh,window_10_0pct,1784125997.052414,0,-0.2140671685239811,-0.3698493827747943,-0.7379063557416712,-0.4058558668836733,-0.684103318687803,-0.2497985998628026,-0.2370535284849645,-0.6040302242810942,1.0,0.0,0.0,0.0,1.0,0.0,0.0,0.0,0.0,1.0
window_10_0pct::Cnnp8X1tj51NVSnxO6,window_10_0pct,1784125922.381693,0,0.0538164343197124,0.249587318184195,0.2275885246846901,0.1387216026282328,0.232453881247335,-0.2488122313542592,-0.2367851180552654,-0.1315538913244869,1.0,0.0,0.0,1.0,0.0,0.0,0.0,0.0,0.0,1.0
window_10_0pct::CL7cm82rKbrOyYPmj1,window_10_0pct,1784125150.14309,0,0.5516151922252088,0.4083583957961151,1.7759323212212796,0.7535671327223203,1.5054499922683602,-0.2492147257895573,-0.2368068696566498,-0.3760500138455783,1.0,0.0,0.0,1.0,0.0,0.0,0.0,0.0,0.0,1.0
window_10_0pct::CbO9qWYvXihSQ1vO4,window_10_0pct,1784124577.438604,0,-0.3896468132983492,-0.2745032822903692,-0.5573540544579261,-0.3355878063014919,-0.5058838631448596,0.7682763073949299,0.3411120392353535,-0.2151718396619515,1.0,0.0,0.0,1.0,0.0,0.0,0.0,0.0,0.0,1.0
window_10_0pct::C46k0t3n9bTPI9FJge,window_10_0pct,1784125103.52,0,0.4752481710649736,0.5304097498079066,1.8366050324186416,0.736000117576775,1.5563698367092011,-0.249063518156608,-0.2367810067465372,-0.3465097333953439,1.0,0.0,0.0,1.0,0.0,0.0,0.0,0.0,0.0,1.0
window_10_0pct::CGdrdB37NLDZeDzUZ8,window_10_0pct,1784124200.529044,0,-0.3893531275720503,-0.0938255513942814,-0.2680115031595843,-0.1774846699915836,-0.2512846409406545,0.2919710668903822,-0.0112790464274013,-0.1714477554484122,1.0,0.0,0.0,1.0,0.0,0.0,0.0,0.0,0.0,1.0
window_10_0pct::CVVPF04ul7FkI3zOTi,window_10_0pct,1784125950.770813,0,0.3112225311967762,-0.3698493827747943,-0.7379063557416712,-0.3882888517381279,-0.6331834742469621,-0.2497985998628026,-0.2371283045411994,-0.6040302242810942,1.0,0.0,0.0,0.0,1.0,0.0,0.0,0.0,0.0,1.0
window_10_0pct::CTB2Fz2dzmdmW0MPQ2,window_10_0pct,1784125228.098675,0,-0.389260424040838,-0.1916752693968971,1.1531235417489236,0.3846598146658678,0.9453317034191092,0.0282746108934053,0.2805372075066525,-0.5346422851239325,1.0,0.0,0.0,1.0,0.0,0.0,0.0,0.0,0.0,1.0
window_10_0pct::CdL8DF13QpjwhVhrNk,window_10_0pct,1784125627.090311,0,-0.3727383040973787,0.1953422719567321,-0.3076102194312516,-0.0720825791183115,-0.2512846409406545,-0.2262828132916756,-0.230684143282242,0.3632437663880873,1.0,0.0,0.0,1.0,0.0,0.0,0.0,0.0,0.0,1.0
window_10_0pct::CM2K9M2CAhosNDgsvh,window_10_0pct,1784124334.407717,0,0.2239195037629598,-0.27784143898129,-0.5573540544579261,-0.3180207911559465,-0.480423940924439,-0.2496927033475171,-0.2370922860941789,-0.2287861375917246,1.0,0.0,0.0,1.0,0.0,0.0,0.0,0.0,0.0,1.0
window_10_0pct::CuH3IU3NNJv4S7U17a,window_10_0pct,1784124940.963703,0,-0.0992430845050337,0.4292218751143701,1.1039013177138093,0.4724948903935946,0.9453317034191092,-0.247855705961468,-0.236273568023956,-0.2845243266469219,1.0,0.0,0.0,1.0,0.0,0.0,0.0,0.0,0.0,1.0
window_10_0pct::CI9SJl4q5pEakbzz96,window_10_0pct,1784124840.681097,0,-0.3887807654659383,-0.1833298776695951,1.1531235417489236,0.3670927995203225,0.9453317034191092,-0.108485047577448,0.0090262335988148,-0.5313922645545104,1.0,0.0,0.0,1.0,0.0,0.0,0.0,0.0,0.0,1.0
window_10_0pct::CfujqDoKsxh599gUi,window_10_0pct,1784124421.072692,0,-0.3892206588803399,-0.275546456256282,-0.5573540544579261,-0.3004537760104012,-0.5058838631448596,-0.1145098303633239,-0.1400435009557356,-0.2194263077650056,1.0,0.0,0.0,1.0,0.0,0.0,0.0,0.0,0.0,1.0
window_10_0pct::CtZdHF14w3vlO5zOx6,window_10_0pct,1784124542.952021,0,0.2650034584617832,0.0042328014015168,-0.2219546271526235,-0.0896495942638568,-0.2003647964998135,-0.2493950674123439,-0.2370017523721015,-0.0701021847175594,1.0,0.0,0.0,1.0,0.0,0.0,0.0,0.0,0.0,1.0
window_10_0pct::CpGapoCzvmfRccH12,window_10_0pct,1784125477.507728,0,0.2572338585105722,-0.1038400214670438,-0.2046832986500132,-0.1774846699915836,-0.2003647964998135,-0.2495082022711039,-0.2370367745370286,-0.2366520475801774,1.0,0.0,0.0,1.0,0.0,0.0,0.0,0.0,0.0,1.0
window_10_0pct::CYKeM34K7enbgCj3e9,window_10_0pct,1784125394.427002,0,0.0791564065459567,-0.3698493827747943,-0.7379063557416712,-0.4058558668836733,-0.684103318687803,-0.2497985998628026,-0.237121621280918,-0.6040302242810942,1.0,0.0,0.0,0.0,1.0,0.0,0.0,0.0,0.0,1.0
window_10_0pct::CFb6kv3ozKOkAjXX0i,window_10_0pct,1784124378.467906,0,-0.091708285816952,-0.0024435119803247,-0.132262685039437,-0.0896495942638568,-0.0985251076181314,-0.2489278614788416,-0.236809445113943,-0.1572886893770959,1.0,0.0,0.0,1.0,0.0,0.0,0.0,0.0,0.0,1.0
window_10_0pct::CcoGVN1di68yaCYVb5,window_10_0pct,1784124397.683589,0,0.1037171951306552,0.0059018797469772,-0.4072230845588525,-0.1599176548460383,-0.3531243298223365,-0.2492607767853381,-0.2369879970534169,0.2327337630716821,1.0,0.0,0.0,1.0,0.0,0.0,0.0,0.0,0.0,1.0
window_10_0pct::Ck46Y54bUN5tzIE98,window_10_0pct,1784125458.440171,0,-0.0377046464851054,-0.0888183163579002,-0.2695410673074169,-0.1599176548460383,-0.2512846409406545,-0.2492347466179312,-0.2369179254136378,-0.1621621859472983,1.0,0.0,0.0,1.0,0.0,0.0,0.0,0.0,0.0,1.0
window_10_0pct::Cjrqyt4QDh6AhkFgU5,window_10_0pct,1784125933.328766,0,-0.3398847021262117,-0.0074507470167059,-0.1899187558341287,-0.0896495942638568,-0.1494449520589724,-0.2446620022325356,-0.2350514553975636,-0.1170160026378787,1.0,0.0,0.0,1.0,0.0,0.0,0.0,0.0,0.0,1.0
window_10_0pct::CbOHt82QN3fB8DtfMd,window_10_0pct,1784124167.939174,0,0.1152375944730012,0.3849912989596696,0.2504894990091844,0.1562886177737781,0.232453881247335,-0.2487428254881145,-0.2368215425406985,-0.0416141752204539,1.0,0.0,0.0,1.0,0.0,0.0,0.0,0.0,0.0,1.0
window_10_0pct::CHPLBR1iiUjM1eh0Ub,window_10_0pct,1784125805.398507,0,-0.3893405414984322,-0.187085303946881,-0.4767545214457448,-0.2828867608648558,-0.429504096483598,0.0968008524717325,-0.0959421735048785,-0.0886768893967496,1.0,0.0,0.0,1.0,0.0,0.0,0.0,0.0,0.0,1.0
window_10_0pct::CANza8M8T0uHwBCyk,window_10_0pct,1784124565.8661,0,-0.3896887455266544,-0.3631730693929528,-0.7368866463097827,-0.4585569123203094,-0.7095632409082235,-0.0550466248901017,-0.0396872949475701,4.119297628905474,0.0,1.0,1.0,0.0,0.0,0.0,0.0,0.0,0.0,1.0
window_10_0pct::CR1XoW3bDT9609P2rh,window_10_0pct,1784124323.21596,0,0.1951277021012612,-0.279719152119933,-0.6106338722740966,-0.3355878063014919,-0.53134378536528,-0.2496897575919921,-0.2370970090066413,-0.0825880722645864,1.0,0.0,0.0,1.0,0.0,0.0,0.0,0.0,0.0,1.0
window_10_0pct::Cxab114VSaufRLs667,window_10_0pct,1784124503.098526,0,1.051107380181749,0.6831304184175327,1.972587533950263,0.8414022084500472,1.7091293700317245,-0.2492824511128658,-0.2369135338218246,-0.317934833753673,1.0,0.0,0.0,1.0,0.0,0.0,0.0,0.0,0.0,1.0
window_10_0pct::CLyRLNq0YuLBynAE,window_10_0pct,1784124151.454498,0,-0.3892435678828712,-0.1875025735332461,1.1531235417489236,0.3143917540836864,0.9453317034191092,0.0245671586473227,0.2212026171096788,-0.5330172748392215,1.0,0.0,0.0,1.0,0.0,0.0,0.0,0.0,0.0,1.0
window_10_0pct::CaInP41cwV8nhYALVk,window_10_0pct,1784125236.564458,0,0.180975820578129,0.3672573415391529,0.0435734601218239,0.1211545874826874,0.028774503483971,-0.2488863880116278,-0.2368775631118344,0.0905836576270009,1.0,0.0,0.0,1.0,0.0,0.0,0.0,0.0,0.0,1.0
window_10_0pct::Cjg0Mm1wt0XzNDGzj5,window_10_0pct,1784124007.558323,0,0.3026073050915523,-0.3698493827747943,-0.7379063557416712,-0.3882888517381279,-0.6331834742469621,-0.2497985998628026,-0.2371278801332776,-0.6040302242810942,1.0,0.0,0.0,0.0,1.0,0.0,0.0,0.0,0.0,1.0
window_10_0pct::Cn3wKO2tCBwqSuGHXg,window_10_0pct,1784125974.685104,0,-0.3888105066034276,-0.0103716341212616,-0.3967498189354985,-0.1423506397004929,-0.3531243298223365,0.0315296782606897,-0.1365011887831434,0.1719201194708172,1.0,0.0,0.0,1.0,0.0,0.0,0.0,0.0,0.0,1.0
window_10_0pct::C5zsSc1x2dL3dZgtKb,window_10_0pct,1784125158.344235,0,0.0070038412106591,-0.0041125903257851,1.3711714086010662,0.4724948903935946,1.1235511589620526,-0.2491474923132614,-0.2365116137215778,-0.4763233307082553,1.0,0.0,0.0,1.0,0.0,0.0,0.0,0.0,0.0,1.0
window_10_0pct::Cpyifh3iqq7qEfkny3,window_10_0pct,1784125980.429107,0,0.16295754848054,0.2744148585729183,0.6233844918828845,0.3143917540836864,0.5125130256719606,-0.2489752917239546,-0.2367731156338585,-0.2554931494715954,1.0,0.0,0.0,1.0,0.0,0.0,0.0,0.0,0.0,1.0
window_10_0pct::Caz1DzSa0uxYeKhwg,window_10_0pct,1784125384.250495,0,-0.0713438692499739,-0.0957032645329243,-0.2228681168520235,-0.0896495942638568,-0.2003647964998135,-0.2491904426283285,-0.2368320224437413,-0.2120470999832101,1.0,0.0,0.0,1.0,0.0,0.0,0.0,0.0,0.0,1.0
window_10_0pct::Cz83iP3aGnu2NkTd4d,window_10_0pct,1784125738.936665,0,0.3902484805049496,0.1598743571156987,1.733210744814454,0.5954639964124121,1.4545301478275192,-0.2493189316104471,-0.2367884814743911,-0.4461618874814148,1.0,0.0,0.0,1.0,0.0,0.0,0.0,0.0,0.0,1.0
window_10_0pct::Ca0Vnj2LaZ3SiUwMk1,window_10_0pct,1784124493.835195,0,0.3420765807699346,0.2867243113706888,0.668995245013394,0.2616907086470503,0.5379729478923811,-0.2491649316062466,-0.2368880031243134,-0.2603489627936494,1.0,0.0,0.0,1.0,0.0,0.0,0.0,0.0,0.0,1.0
window_10_0pct::C4hdFC3FT6rR35LZwg,window_10_0pct,1784125350.064736,0,0.6616217991074821,-0.0157961387440079,-0.0889887660236718,-0.0193815336816754,-0.0730651853977109,-0.2495607558489707,-0.2370441700521779,-0.2022325017387592,1.0,0.0,0.0,1.0,0.0,0.0,0.0,0.0,0.0,1.0
window_10_0pct::C6QjyR1E4aEPBJai3,window_10_0pct,1784124929.629697,0,-0.3894187694437021,-0.0103716341212616,-0.3500768684801051,-0.1423506397004929,-0.3022044853814955,0.6132048346290211,0.0716262414905128,0.0785442688259715,1.0,0.0,0.0,1.0,0.0,0.0,0.0,0.0,0.0,1.0
window_10_0pct::CiyKNv4hFcZyo0jd05,window_10_0pct,1784125425.255455,0,0.1985100465891498,0.095823475608656,0.0946651514487338,0.050886526900506,0.0542344257043915,-0.2492394817122246,-0.2369185665209633,-0.1921310160184796,1.0,0.0,0.0,1.0,0.0,0.0,0.0,0.0,0.0,1.0
window_10_0pct::CHLPrG3fyB8RNsJc8k,window_10_0pct,1784125903.795067,0,-0.3057201735847549,0.0004773751242309,-0.3777364868200788,-0.1599176548460383,-0.327664407601916,-0.2466846774353603,-0.2361377909593258,0.1531421438088897,1.0,0.0,0.0,1.0,0.0,0.0,0.0,0.0,0.0,1.0
window_10_0pct::CNv8BB19xzP0j5t3O8,window_10_0pct,1784125460.661746,0,0.7791508534588584,-0.0018176076007771,-0.1555672943473872,-0.0720825791183115,-0.0985251076181314,-0.2495762248053334,-0.2370683303201596,-0.1386196910509272,1.0,0.0,0.0,1.0,0.0,0.0,0.0,0.0,0.0,1.0
window_10_0pct::CX4O8UbmK8S3dwbgi,window_10_0pct,1784124573.154159,0,-0.2374555307242428,0.5531509422648044,1.6963949855339822,0.683299072140139,1.4545301478275192,-0.2455171778338834,-0.2350898966310537,-0.3247974557828168,1.0,0.0,0.0,1.0,0.0,0.0,0.0,0.0,0.0,1.0
window_10_0pct::Clq7ok1ITVGB0ZZgO9,window_10_0pct,1784125598.493847,0,0.5949447095565855,0.5756834999285199,0.3279874158327051,0.2441236935015049,0.283373725688176,-0.249120402589162,-0.2369633286911337,0.0492457907297644,1.0,0.0,0.0,1.0,0.0,0.0,0.0,0.0,0.0,1.0
window_10_0pct::C6DIGt49Gr69zaovG1,window_10_0pct,1784124722.054535,0,-0.3660670552423638,-0.0030694163598724,-0.1453702000285029,-0.1072166094094022,-0.1239850298385519,-0.2388435490415076,-0.2329162602707583,-0.1481845507147006,1.0,0.0,0.0,1.0,0.0,0.0,0.0,0.0,0.0,1.0
window_10_0pct::CcVgz71ErUCLcVA07k,window_10_0pct,1784124184.841382,0,-0.3897121349136749,-0.3631730693929528,-0.7368866463097827,-0.4585569123203094,-0.7095632409082235,5.486532299333116,5.579377342336606,4.119297628905474,0.0,1.0,1.0,0.0,0.0,0.0,0.0,0.0,0.0,1.0
window_10_0pct::Cv4CHxsoHbZuT3cGh,window_10_0pct,1784126000.685284,0,-0.3755596342283122,-0.3698493827747943,-0.7379063557416712,-0.4058558668836733,-0.684103318687803,-0.2497985998628026,-0.2358111669510913,-0.6040302242810942,1.0,0.0,0.0,0.0,1.0,0.0,0.0,0.0,0.0,1.0
window_10_0pct::CGHPC33EvWxwRW8pAj,window_10_0pct,1784125038.572712,0,-0.3869476182550021,-0.1858334951877857,1.1531235417489236,0.4022268298114132,0.9453317034191092,-0.2028014342513029,-0.150714684921371,-0.5323672707253371,1.0,0.0,0.0,1.0,0.0,0.0,0.0,0.0,0.0,1.0
window_10_0pct::CfKeBI375azgyikO6i,window_10_0pct,1784125893.200606,0,0.9475731109503128,0.2635658493274258,0.3044278791667828,0.1211545874826874,0.283373725688176,-0.2494640746526602,-0.2370408511731859,-0.1565072802163099,1.0,0.0,0.0,1.0,0.0,0.0,0.0,0.0,0.0,1.0
window_10_0pct::CsyJT52pkFnevt9wh1,window_10_0pct,1784125343.592822,0,-0.3892439094896191,-0.3698493827747943,-0.7379063557416712,-0.4058558668836733,-0.684103318687803,-0.2497985998628026,-0.1963891785397893,-0.6040302242810942,1.0,0.0,0.0,0.0,1.0,0.0,0.0,0.0,0.0,1.0
window_10_0pct::CwRs0w1FdogVEsuJP4,window_10_0pct,1784125974.994479,0,-0.1019201498362433,-0.0080766513962535,-0.2206799903627629,-0.0896495942638568,-0.174904874279393,-0.2489107887783921,-0.2367969207238625,-0.0889439307792538,1.0,0.0,0.0,1.0,0.0,0.0,0.0,0.0,0.0,1.0
window_10_0pct::C6xdBp3UqBvOJORdV4,window_10_0pct,1784123950.838616,0,0.1592921507763809,-0.0170479475031032,1.5956561912420044,0.4373608601025039,1.327230536725417,-0.2493447432917253,-0.2367095553297357,-0.492690638713445,1.0,0.0,0.0,1.0,0.0,0.0,0.0,0.0,0.0,1.0
window_10_0pct::C6r0Uw1bltQKxMalA6,window_10_0pct,1784124336.318008,0,0.206736502864838,-0.1858334951877857,-0.4682781867931723,-0.2126187002826743,-0.378584252042757,-0.2495807053264376,-0.2370421698490923,-0.1014579818073461,1.0,0.0,0.0,1.0,0.0,0.0,0.0,0.0,0.0,1.0
window_10_0pct::CcXSFF2MXomlPDQdIg,window_10_0pct,1784124800.808685,0,-0.3070867180036878,-0.3698493827747943,-0.7379063557416712,-0.4058558668836733,-0.684103318687803,-0.2497985998628026,-0.2369309510903235,-0.6040302242810942,1.0,0.0,0.0,0.0,1.0,0.0,0.0,0.0,0.0,1.0
window_10_0pct::Ceu4Qy1OmUvZERjhVi,window_10_0pct,1784124684.851033,0,-0.0642351609286363,-0.0074507470167059,-0.1805076875356584,-0.1072166094094022,-0.1494449520589724,-0.2490122245752077,-0.2368539280039249,-0.125238392980039,1.0,0.0,0.0,1.0,0.0,0.0,0.0,0.0,0.0,1.0
window_10_0pct::C6YWlF2zRQiPRIuXM6,window_10_0pct,1784125236.580578,0,0.180803629426764,-0.0988327864306626,1.4363053485629398,0.4549278752480493,1.1999309256233142,-0.2494631000508096,-0.2367182499564911,-0.5122323825288585,1.0,0.0,0.0,1.0,0.0,0.0,0.0,0.0,0.0,1.0
window_10_0pct::CgFa8n3fEwKup4JB3k,window_10_0pct,1784125806.170207,0,0.0278728963459773,0.0071536885060725,1.4051617229973472,0.49006190553914,1.1490110811824732,-0.249160977147896,-0.2365326880912078,-0.4744772844935067,1.0,0.0,0.0,1.0,0.0,0.0,0.0,0.0,0.0,1.0
window_10_0pct::CsJHOB2EOYinIliyye,window_10_0pct,1784124566.127517,0,-0.3260593966540751,0.7438431432336546,2.5516337836374072,1.0522063901965917,2.192867892219714,-0.2374417640840794,-0.2306276680606168,-0.3547028479162016,1.0,0.0,0.0,1.0,0.0,0.0,0.0,0.0,0.0,1.0
window_10_0pct::C7U4tq1WhBEGeV7Ml7,window_10_0pct,1784125391.468864,0,-0.3363955948543924,-0.3698493827747943,-0.7379063557416712,-0.4058558668836733,-0.684103318687803,-0.2497985998628026,-0.2368037167280348,-0.6040302242810942,1.0,0.0,0.0,0.0,1.0,0.0,0.0,0.0,0.0,1.0
window_10_0pct::CWhZWH29fk9ZFcCFRf,window_10_0pct,1784125278.89126,0,-0.3177851474593131,-0.3698493827747943,-0.7379063557416712,-0.4058558668836733,-0.684103318687803,-0.2497985998628026,-0.236896524256082,-0.6040302242810942,1.0,0.0,0.0,0.0,1.0,0.0,0.0,0.0,0.0,1.0
window_10_0pct::CjDG5qTNM7I5w9mSi,window_10_0pct,1784125335.026937,0,-0.173736083071904,0.5744316911694245,0.13473123454335,0.1562886177737781,0.130614192365653,-0.2467107320255988,-0.2363654672195977,0.1928617490018963,1.0,0.0,0.0,1.0,0.0,0.0,0.0,0.0,0.0,1.0
window_10_0pct::CMfCAF1toNNHSmSzG9,window_10_0pct,1784124503.103222,0,1.0510575482973985,0.6704036960333972,0.8635260630926096,0.4549278752480493,0.7925721700965861,-0.249288671850645,-0.2369865314166557,-0.1256565304587052,1.0,0.0,0.0,1.0,0.0,0.0,0.0,0.0,0.0,1.0
window_10_0pct::CjQyS63lW9XsocSJ87,window_10_0pct,1784125629.528197,0,-0.3886439946642465,-0.188963017085524,-0.4118967527883412,-0.2301857154282197,-0.378584252042757,-0.1302875290273616,-0.1745446454478912,-0.1954382820714503,1.0,0.0,0.0,1.0,0.0,0.0,0.0,0.0,0.0,1.0
window_10_0pct::CuFj7k1AGuC6yiST46,window_10_0pct,1784124243.352409,0,-0.3866837804183011,-0.1891716518787065,1.1531235417489236,0.2616907086470503,0.9453317034191092,-0.207673133684296,-0.1708710999392866,-0.5336672789531058,1.0,0.0,0.0,1.0,0.0,0.0,0.0,0.0,0.0,1.0
window_10_0pct::CJh4oh2k4fnUAJ9OVe,window_10_0pct,1784124395.173316,0,-0.3892574029561613,-0.275546456256282,-0.5573540544579261,-0.3180207911559465,-0.5058838631448596,-0.1035977071825298,-0.1427053155504156,-0.2194263077650056,1.0,0.0,0.0,1.0,0.0,0.0,0.0,0.0,0.0,1.0
window_10_0pct::C05y9fgTCHmoKVqKi,window_10_0pct,1784124929.671674,0,-0.3771616310982374,-0.2818055000517585,-0.5955506702607468,-0.3355878063014919,-0.53134378536528,-0.2448443916735675,-0.2341149902854681,-0.1486205828112352,1.0,0.0,0.0,1.0,0.0,0.0,0.0,0.0,0.0,1.0
window_10_0pct::C8yWuW22oOzWi4Z8Nj,window_10_0pct,1784125497.922053,0,-0.3413399788979125,-0.1897975562582541,-0.6587726550378294,-0.3355878063014919,-0.582263629806121,-0.2471697887871307,-0.2363716966838122,1.071152318389501,1.0,0.0,0.0,1.0,0.0,0.0,0.0,0.0,0.0,1.0
window_10_0pct::CIVi2l392GW6ZaI6t2,window_10_0pct,1784126149.854569,0,0.2958013457505441,0.0949889364359258,1.5152690976948,0.6130310115579575,1.2763106922845755,-0.2493196940911028,-0.2367299887164564,-0.4520995473520273,1.0,0.0,0.0,1.0,0.0,0.0,0.0,0.0,0.0,1.0
window_10_0pct::CgI4RrhOBcUqsLoX1,window_10_0pct,1784124199.517241,0,-0.389301534277906,-0.3698493827747943,-0.7379063557416712,-0.4058558668836733,-0.684103318687803,-0.2497985998628026,-0.1906783870659942,-0.6040302242810942,1.0,0.0,0.0,0.0,1.0,0.0,0.0,0.0,0.0,1.0
window_10_0pct::CeCUde21zGVazG4Ihe,window_10_0pct,1784124089.452863,0,0.0568352024757231,-0.2767982650153773,-0.5573540544579261,-0.3004537760104012,-0.5058838631448596,-0.2496514303134136,-0.2370553410357742,-0.2245316694886705,1.0,0.0,0.0,1.0,0.0,0.0,0.0,0.0,0.0,1.0
window_10_0pct::C6stTL1UoHu0sw2jH9,window_10_0pct,1784125052.558114,0,0.2558955179987631,-0.1931357129491749,-0.4682781867931723,-0.2301857154282197,-0.4040441742631775,-0.2496052848455232,-0.2370587310193974,-0.1214013247626536,1.0,0.0,0.0,1.0,0.0,0.0,0.0,0.0,0.0,1.0
window_10_0pct::CBm15v4BB9bY3Mkgob,window_10_0pct,1784124618.027766,0,0.1111692182336357,0.1886659585748905,0.40690867707157,0.1738556329193235,0.3852134145698581,-0.2490110751346581,-0.2368092284235896,-0.2447491166509438,1.0,0.0,0.0,1.0,0.0,0.0,0.0,0.0,0.0,1.0
window_10_0pct::C1f2cw4h7AfnGd2FEb,window_10_0pct,1784124105.372114,0,0.1965267311868775,-0.2790932477403853,-0.5815509095187786,-0.3004537760104012,-0.480423940924439,-0.249689263292833,-0.2370808538542011,-0.1766183016879016,1.0,0.0,0.0,1.0,0.0,0.0,0.0,0.0,0.0,1.0
window_10_0pct::CXXkGA2b4jkt2wTq7f,window_10_0pct,1784124492.153314,0,-0.3883238664406176,-0.1858334951877857,1.1531235417489236,0.296824738938141,0.9453317034191092,-0.1562387620823969,-0.085717725498132,-0.5323672707253371,1.0,0.0,0.0,1.0,0.0,0.0,0.0,0.0,0.0,1.0
window_10_0pct::CQIttK2TYvIRLD5fN6,window_10_0pct,1784124647.665991,0,-0.3893074163190964,-0.1916752693968971,1.1531235417489236,0.296824738938141,0.9453317034191092,0.060496524440717,0.281578190728064,-0.5346422851239325,1.0,0.0,0.0,1.0,0.0,0.0,0.0,0.0,0.0,1.0
window_10_0pct::CYXgyD2Ay8wtlpCZFg,window_10_0pct,1784124035.671681,0,0.7108333576293192,-0.1858334951877857,-0.3868076519745863,-0.1774846699915836,-0.3022044853814955,-0.2496805102587711,-0.2370885562571262,-0.2180700673522895,1.0,0.0,0.0,1.0,0.0,0.0,0.0,0.0,0.0,1.0
window_10_0pct::CIr0ym1pLgB5TKx1w7,window_10_0pct,1784125376.553746,0,-0.3893854094097271,-0.1812435297377696,-0.4767545214457448,-0.2653197457193104,-0.429504096483598,0.1568745999050141,-0.0620008309079568,-0.072204408373049,1.0,0.0,0.0,1.0,0.0,0.0,0.0,0.0,0.0,1.0
window_10_0pct::CCfrRdk1Q7DA6pcvk,window_10_0pct,1784124634.962146,0,0.185999009028306,0.1861623410566999,1.7289194676219235,0.7535671327223203,1.4290702256070986,-0.2491165072246511,-0.2365810774037531,-0.4380392861060468,1.0,0.0,0.0,1.0,0.0,0.0,0.0,0.0,0.0,1.0
window_10_0pct::C8UFli27de8mipo4Ce,window_10_0pct,1784125973.867322,0,0.1657003090594558,-0.0994586908102102,-0.3343988359648205,-0.195051685137129,-0.3022044853814955,-0.2494547727202619,-0.2370246777521805,-0.1105611995562327,1.0,0.0,0.0,1.0,0.0,0.0,0.0,0.0,0.0,1.0
window_10_0pct::CGbENk2NU6rJrQ2ntf,window_10_0pct,1784125308.741025,0,-0.3363764221756664,-0.3698493827747943,-0.7379063557416712,-0.4058558668836733,-0.684103318687803,-0.2497985998628026,-0.2368038456661224,-0.6040302242810942,1.0,0.0,0.0,0.0,1.0,0.0,0.0,0.0,0.0,1.0
window_10_0pct::CSB4dF3rcgKcRr3zse,window_10_0pct,1784126014.307167,0,-0.389711878708614,-0.3631730693929528,-0.7368866463097827,-0.4585569123203094,-0.7095632409082235,4.123443768831115,4.197229282376408,4.119297628905474,0.0,1.0,1.0,0.0,0.0,0.0,0.0,0.0,0.0,1.0
window_10_0pct::CnjMpt1yUCYFbO7Eud,window_10_0pct,1784125765.984081,0,-0.3447432467991101,-0.1883371127059763,-0.4118967527883412,-0.2477527305737651,-0.378584252042757,-0.2469479060724622,-0.2357802600766821,-0.194024469122628,1.0,0.0,0.0,1.0,0.0,0.0,0.0,0.0,0.0,1.0
window_10_0pct::CQngV02vB5uw28MD5h,window_10_0pct,1784125576.121044,0,-0.3893834771965593,-0.2767982650153773,-0.5955506702607468,-0.3355878063014919,-0.53134378536528,-0.0503377841266434,-0.121072840029695,-0.1227205084148451,1.0,0.0,0.0,1.0,0.0,0.0,0.0,0.0,0.0,1.0
window_10_0pct::CH8iE62Q26rTu9cx38,window_10_0pct,1784124899.977413,0,-0.3885615820363148,-0.1812435297377696,-0.4767545214457448,-0.2126187002826743,-0.429504096483598,-0.1341066635735632,-0.1748741209602087,-0.072204408373049,1.0,0.0,0.0,1.0,0.0,0.0,0.0,0.0,0.0,1.0
window_10_0pct::C9XEME3qGLhiIDygy2,window_10_0pct,1784124795.591355,0,0.4998447749821476,-0.0080766513962535,-0.1925317612533428,-0.0896495942638568,-0.1239850298385519,-0.2495113721371921,-0.2370441656371752,-0.1155278648301998,1.0,0.0,0.0,1.0,0.0,0.0,0.0,0.0,0.0,1.0
window_10_0pct::CukaoMXe1a07n9cod,window_10_0pct,1784126149.849926,0,0.2958503769940791,0.0966580147813862,-0.0647706670163216,0.0860205571915967,-0.0476052631772904,-0.2493180088754116,-0.2369392407815347,-0.0936605410252113,1.0,0.0,0.0,1.0,0.0,0.0,0.0,0.0,0.0,1.0
window_10_0pct::CiXnMi4rnRyyM1LwK1,window_10_0pct,1784124676.732774,0,-0.3527164336968606,-0.184790321221873,-0.4667486226453396,-0.2477527305737651,-0.4040441742631775,-0.2462658400433892,-0.2354823904751352,-0.1014597227068487,1.0,0.0,0.0,1.0,0.0,0.0,0.0,0.0,0.0,1.0
window_10_0pct::Cr8RUF3DuDvCParvW3,window_10_0pct,1784124063.835245,0,-0.3892156308560192,-0.3698493827747943,-0.7379063557416712,-0.4058558668836733,-0.684103318687803,-0.2497985998628026,-0.1987075997759115,-0.6040302242810942,1.0,0.0,0.0,0.0,1.0,0.0,0.0,0.0,0.0,1.0
window_10_0pct::CAd8Df1u3Swn6dkWk,window_10_0pct,1784125186.18487,0,0.0393118651797918,0.2873502157502364,0.7019021181382936,0.296824738938141,0.6143527145536426,-0.2487167187503384,-0.2366720645513556,-0.2678835544886221,1.0,0.0,0.0,1.0,0.0,0.0,0.0,0.0,0.0,1.0
window_10_0pct::CtgTWb3rkGI4PKzKB,window_10_0pct,1784124030.052897,0,-0.3893105548310928,-0.3698493827747943,-0.7379063557416712,-0.4058558668836733,-0.684103318687803,-0.2497985998628026,-0.1896363655942932,-0.6040302242810942,1.0,0.0,0.0,0.0,1.0,0.0,0.0,0.0,0.0,1.0
window_10_0pct::CTpHzc31OPPMFLhEI6,window_10_0pct,1784124606.744935,0,-0.3887722146220298,-0.0020262423939596,-0.3500768684801051,-0.1599176548460383,-0.3022044853814955,0.0263437733473703,-0.1456808147808256,0.0943904555492927,1.0,0.0,0.0,1.0,0.0,0.0,0.0,0.0,0.0,1.0
window_10_0pct::CEAlHo47otoCdNdKJ8,window_10_0pct,1784124638.493497,0,0.2559913813923935,0.3605810281573113,1.7463182598035198,0.7184331024312297,1.4545301478275192,-0.2489996678720709,-0.2366589011594413,-0.3874958105359197,1.0,0.0,0.0,1.0,0.0,0.0,0.0,0.0,0.0,1.0
window_10_0pct::CSNlo84JKHMMRcCfog,window_10_0pct,1784124110.057507,0,-0.1625423451822406,-0.1902148258446192,1.3260280222935057,0.296824738938141,1.0726313145212116,-0.2492401265702949,-0.23623636430051,-0.5399340381615919,1.0,0.0,0.0,1.0,0.0,0.0,0.0,0.0,0.0,1.0
window_10_0pct::CsDMnW2Rzbk5okl4K8,window_10_0pct,1784124151.486983,0,0.1149231668119779,-0.3698493827747943,-0.7379063557416712,-0.3882888517381279,-0.6586433964673826,-0.2497985998628026,-0.2371150377955895,-0.6040302242810942,1.0,0.0,0.0,0.0,1.0,0.0,0.0,0.0,0.0,1.0
window_10_0pct::C2yLO32WrcKntXFemk,window_10_0pct,1784125716.647088,0,-0.3893819719918264,-0.1881284779127937,-0.6579016532314248,-0.3180207911559465,-0.582263629806121,0.1379599314389759,-0.1071555708291026,1.0682795501261724,1.0,0.0,0.0,1.0,0.0,0.0,0.0,0.0,0.0,1.0
window_10_0pct::CoXfa02TMjY0mKttn,window_10_0pct,1784125578.632414,0,-0.3893048222428545,-0.3698493827747943,-0.7379063557416712,-0.4058558668836733,-0.684103318687803,-0.2497985998628026,-0.1903039081200219,-0.6040302242810942,1.0,0.0,0.0,0.0,1.0,0.0,0.0,0.0,0.0,1.0
window_10_0pct::CQLoGZ2xwuk7uGBS8c,window_10_0pct,1784125960.554112,0,-0.3891304960493152,-0.0848542552874317,-0.5306291697638502,-0.2653197457193104,-0.4549640187040185,0.0957708650573942,-0.1386601056237095,0.4084442406617402,1.0,0.0,0.0,1.0,0.0,0.0,0.0,0.0,0.0,1.0
window_10_0pct::CoZ93x12YSGXAXRZk,window_10_0pct,1784125042.471654,0,0.9858629252802936,-0.0024435119803247,-0.1899187558341287,-0.0720825791183115,-0.0985251076181314,-0.2496099631550234,-0.2370824679660282,-0.1102869633060208,1.0,0.0,0.0,1.0,0.0,0.0,0.0,0.0,0.0,1.0
window_10_0pct::CXklt01W5w9vNuI5ik,window_10_0pct,1784125035.758664,0,-0.3893233223832957,-0.3698493827747943,-0.7379063557416712,-0.4058558668836733,-0.684103318687803,-0.2497985998628026,-0.188079031171314,-0.6040302242810942,1.0,0.0,0.0,0.0,1.0,0.0,0.0,0.0,0.0,1.0
window_10_0pct::CSvQwR1xpZm80DINEa,window_10_0pct,1784124604.390125,0,-0.3889682114936393,-0.1895889214650716,-0.4767545214457448,-0.2477527305737651,-0.429504096483598,-0.0788532420933469,-0.1537045192200682,-0.0957365241211927,1.0,0.0,0.0,1.0,0.0,0.0,0.0,0.0,0.0,1.0
window_10_0pct::ClkWNA47K1gq6n0HZd,window_10_0pct,1784124200.990559,0,-0.1828679787081208,-0.0041125903257851,1.3696418444532334,0.4197938449569585,1.1235511589620526,-0.2485498129474292,-0.2359835639722795,-0.4762306476954211,1.0,0.0,0.0,1.0,0.0,0.0,0.0,0.0,0.0,1.0
window_10_0pct::CnrCqb4sydEq8GIalh,window_10_0pct,1784124380.59763,0,0.7575479629777786,0.4573875721940142,1.952936883439913,0.7887011630134111,1.6836694478113037,-0.2492893482693632,-0.2368623540862667,-0.3776279643937061,1.0,0.0,0.0,1.0,0.0,0.0,0.0,0.0,0.0,1.0
window_10_0pct::CXNdrp4r34zTgjPDug,window_10_0pct,1784125471.16041,0,-0.3860099824584835,-0.1958479652605481,1.1531235417489236,0.296824738938141,0.9453317034191092,-0.2166116957453583,-0.1803512247859,-0.5362672954086435,1.0,0.0,0.0,1.0,0.0,0.0,0.0,0.0,0.0,1.0
window_10_0pct::C1qvu02uFWtKfa273d,window_10_0pct,1784124675.036423,0,-0.1123790062094797,-0.3698493827747943,-0.7379063557416712,-0.4058558668836733,-0.684103318687803,-0.2497985998628026,-0.2370934513315142,-0.6040302242810942,1.0,0.0,0.0,0.0,1.0,0.0,0.0,0.0,0.0,1.0
window_10_0pct::CJ8zKq34kdUyHANwG6,window_10_0pct,1784126036.879671,0,-0.3866420296685808,-0.1833298776695951,1.1531235417489236,0.3670927995203225,0.9453317034191092,-0.2069023429626361,-0.1624309271992757,-0.5313922645545104,1.0,0.0,0.0,1.0,0.0,0.0,0.0,0.0,0.0,1.0
window_10_0pct::CcAZdW20fdvUi8i5o,window_10_0pct,1784124296.984186,0,-0.2747521447851164,-0.3698493827747943,-0.7379063557416712,-0.4058558668836733,-0.684103318687803,-0.2497985998628026,-0.2369960526218047,-0.6040302242810942,1.0,0.0,0.0,0.0,1.0,0.0,0.0,0.0,0.0,1.0
window_10_0pct::CEue7n1T55SoilhxS5,window_10_0pct,1784125543.728238,0,0.8505101331990483,0.6526697386128806,2.157452356373036,0.8941032538866832,1.8618889033542472,-0.2492163139345865,-0.2368617146692933,-0.3439492812014149,1.0,0.0,0.0,1.0,0.0,0.0,0.0,0.0,0.0,1.0
window_10_0pct::Cc3gWinm9nWicam42,window_10_0pct,1784126061.810991,0,-0.3262456790837911,-0.1925098085696273,-0.4682781867931723,-0.195051685137129,-0.4040441742631775,-0.2478251756185454,-0.2359570910041765,-0.1196918953664844,1.0,0.0,0.0,1.0,0.0,0.0,0.0,0.0,0.0,1.0
window_10_0pct::CeRM7k2T06g6Asf2d7,window_10_0pct,1784125806.287671,0,-0.3893511206324063,-0.1895889214650716,-0.4767545214457448,-0.2477527305737651,-0.429504096483598,0.1020477473691876,-0.06538615119416,-0.0957365241211927,1.0,0.0,0.0,1.0,0.0,0.0,0.0,0.0,0.0,1.0
window_10_0pct::CDQXOW9ET6KtHInvj,window_10_0pct,1784124230.399905,0,-0.3874261452575494,-0.1891716518787065,1.1531235417489236,0.2265566783559596,0.9453317034191092,-0.1939979956536096,-0.1535325279735348,-0.5336672789531058,1.0,0.0,0.0,1.0,0.0,0.0,0.0,0.0,0.0,1.0
window_10_0pct::CMcfVj4JKAlnepdyhb,window_10_0pct,1784124058.914231,0,-0.3897117826317162,-0.3631730693929528,-0.7368866463097827,-0.4585569123203094,-0.7095632409082235,3.76563302957434,3.8344154166368543,4.119297628905474,0.0,1.0,1.0,0.0,0.0,0.0,0.0,0.0,0.0,1.0
window_10_0pct::CGVmUk1r9sVjRGhJt,window_10_0pct,1784124336.319483,0,0.2067243651500765,-0.0810988290101459,-0.4801747968318706,-0.2477527305737651,-0.429504096483598,-0.249456681296695,-0.2370581997479931,0.2209852337973393,1.0,0.0,0.0,1.0,0.0,0.0,0.0,0.0,0.0,1.0
window_10_0pct::CaZxhZ1lVRox9kPMS5,window_10_0pct,1784124475.255615,0,0.9127230844179228,0.6393171118491974,2.381044893261072,0.9643713144688648,2.0401083588971907,-0.2492513683649492,-0.2368613941659222,-0.3657467437263671,1.0,0.0,0.0,1.0,0.0,0.0,0.0,0.0,0.0,1.0
window_10_0pct::CPX5E24f0xML9MjSBk,window_10_0pct,1784124346.182156,0,-0.1521063444354811,0.0021464534696913,-0.3792660509679114,-0.1599176548460383,-0.327664407601916,-0.2486928822549189,-0.2368002121436142,0.1597983765106617,1.0,0.0,0.0,1.0,0.0,0.0,0.0,0.0,0.0,1.0
window_10_0pct::CuVKQ945QvWxDwE7S1,window_10_0pct,1784125537.968551,0,-0.3897122630162054,-0.3631730693929528,-0.7368866463097827,-0.4585569123203094,-0.7095632409082235,6.545547234569286,6.653200065844145,4.119297628905474,0.0,1.0,1.0,0.0,0.0,0.0,0.0,0.0,0.0,1.0
window_10_0pct::C6K2aB4hb2dahyC1g8,window_10_0pct,1784124676.673976,0,-0.0334697903321915,-0.0028607815666898,-0.3410694351650907,-0.1247836245549475,-0.3022044853814955,-0.2490710367003951,-0.2368939897057381,0.0769898479079004,1.0,0.0,0.0,1.0,0.0,0.0,0.0,0.0,0.0,1.0
window_10_0pct::CdsazF3NSbPoCqms2l,window_10_0pct,1784124277.26391,0,-0.3893306455779539,-0.3698493827747943,-0.7379063557416712,-0.4058558668836733,-0.684103318687803,-0.2497985998628026,-0.1871388363293945,-0.6040302242810942,1.0,0.0,0.0,0.0,1.0,0.0,0.0,0.0,0.0,1.0
window_10_0pct::CMLOWv3yCMRpzmsmhl,window_10_0pct,1784124941.048854,0,-0.1001527512490677,-0.3698493827747943,-0.7379063557416712,-0.4058558668836733,-0.684103318687803,-0.2497985998628026,-0.23709636300997,-0.6040302242810942,1.0,0.0,0.0,0.0,1.0,0.0,0.0,0.0,0.0,1.0
window_10_0pct::Cs76Zw2wqOKgWKmdw6,window_10_0pct,1784125738.567833,0,-0.2402906959284664,-0.3698493827747943,-0.7379063557416712,-0.4058558668836733,-0.684103318687803,-0.2497985998628026,-0.2370344198376513,-0.6040302242810942,1.0,0.0,0.0,0.0,1.0,0.0,0.0,0.0,0.0,1.0
window_10_0pct::CMLpKn2FpHOjuGJVwi,window_10_0pct,1784123980.380783,0,0.2647648674987944,-0.0034866859462375,-0.1392519434371723,-0.00181451853613,-0.0985251076181314,-0.2494032505569556,-0.2369651673968756,-0.1533564305464136,1.0,0.0,0.0,1.0,0.0,0.0,0.0,0.0,0.0,1.0
window_10_0pct::CHIt5H1PiUnz2ILoj,window_10_0pct,1784125621.861776,0,-0.388608339459934,-0.1067609085715994,-0.5306291697638502,-0.2477527305737651,-0.4549640187040185,-0.0815875219094244,-0.1808941684681371,0.3306186046302633,1.0,0.0,0.0,1.0,0.0,0.0,0.0,0.0,0.0,1.0
window_10_0pct::CeoF5a1JIBznJ6LHBl,window_10_0pct,1784124429.838245,0,-0.3893000504235948,-0.1837471472559602,-0.4767545214457448,-0.2653197457193104,-0.429504096483598,0.0685218643105637,-0.0982114875016423,-0.0792640430974921,1.0,0.0,0.0,1.0,0.0,0.0,0.0,0.0,0.0,1.0
window_10_0pct::CE6ATs3vaOBX95npm9,window_10_0pct,1784125457.228537,0,0.2517661436044752,0.0098659408174456,-0.1335373218292976,-0.0896495942638568,-0.1239850298385519,-0.2493805382598256,-0.2369984371034533,-0.1413474717029108,1.0,0.0,0.0,1.0,0.0,0.0,0.0,0.0,0.0,1.0
window_10_0pct::CVB3BN35UE7k6TWIDe,window_10_0pct,1784124493.594314,0,-0.067751916996614,0.2612708666024178,1.811345980032905,0.6657320569945936,1.5054499922683602,-0.2484141620181609,-0.2361971552991241,-0.4217085391147976,1.0,0.0,0.0,1.0,0.0,0.0,0.0,0.0,0.0,1.0
window_10_0pct::C4F1gA3iUrwSV70sG7,window_10_0pct,1784125344.747836,0,-0.3878054354998309,-0.3698493827747943,-0.7379063557416712,-0.4058558668836733,-0.684103318687803,-0.2497985998628026,-0.2271365309799718,-0.6040302242810942,1.0,0.0,0.0,0.0,1.0,0.0,0.0,0.0,0.0,1.0
window_10_0pct::CUxzjs1SZQySSVKMw9,window_10_0pct,1784125357.392645,0,-0.3895867011859292,-0.187085303946881,-0.4767545214457448,-0.2653197457193104,-0.429504096483598,0.7725628184294604,0.2172624425580258,-0.0886768893967496,1.0,0.0,0.0,1.0,0.0,0.0,0.0,0.0,0.0,1.0
window_10_0pct::CtycMv1pPwjwCL7Z1h,window_10_0pct,1784125330.970009,0,0.8654614065379069,0.6007196751104258,1.9653008603015605,0.929237284177774,1.7091293700317245,-0.2492524811590392,-0.2368576781692327,-0.3396150667827416,1.0,0.0,0.0,1.0,0.0,0.0,0.0,0.0,0.0,1.0
window_10_0pct::CS3gbg3TXf66aJAKn,window_10_0pct,1784126046.447969,0,-0.3747370985554153,-0.094451455773829,-0.3119227405702797,-0.1599176548460383,-0.2512846409406545,-0.236810859065183,-0.2314157874841232,-0.1279405407797053,1.0,0.0,0.0,1.0,0.0,0.0,0.0,0.0,0.0,1.0
window_10_0pct::CfU7hh3vQAGMapTBhj,window_10_0pct,1784125973.865933,0,0.1657150195000374,0.2591845186705923,1.559159091158998,0.4549278752480493,1.327230536725417,-0.2489987454033039,-0.2367061840219968,-0.4023611414059759,1.0,0.0,0.0,1.0,0.0,0.0,0.0,0.0,0.0,1.0
window_10_0pct::CDvRmI1vhsBFAzT4m3,window_10_0pct,1784124102.6495,0,-0.043085016815848,-0.0043212251189677,-0.2156026871498185,-0.0896495942638568,-0.2003647964998135,-0.2490538302640583,-0.2368589572980985,-0.0886559289975596,1.0,0.0,0.0,1.0,0.0,0.0,0.0,0.0,0.0,1.0
window_10_0pct::CtZgOo2oUb3vxFTIQe,window_10_0pct,1784124973.368411,0,-0.3892011125692333,-0.1791571818059441,-0.4767545214457448,-0.2653197457193104,-0.429504096483598,0.013324937600184,-0.1250702513383107,-0.0663213794360132,1.0,0.0,0.0,1.0,0.0,0.0,0.0,0.0,0.0,1.0
window_10_0pct::CyXaG2wJ5Szz5vyH,window_10_0pct,1784125436.263275,0,-0.3825669600719986,-0.100501864776123,-0.5306291697638502,-0.2653197457193104,-0.4549640187040185,-0.2231781844794801,-0.2291336159977464,0.3528545006392568,1.0,0.0,0.0,1.0,0.0,0.0,0.0,0.0,0.0,1.0
window_10_0pct::CVavAr1A0GnaaeWBY7,window_10_0pct,1784124730.43487,0,0.0734432151658585,0.1014566150245848,-0.4498596851796875,-0.195051685137129,-0.378584252042757,-0.2490799122159565,-0.2369972425644256,0.6008690276480041,1.0,0.0,0.0,1.0,0.0,0.0,0.0,0.0,0.0,1.0
window_10_0pct::Cub2cU2yVCGYcMgr0h,window_10_0pct,1784124451.002232,0,0.0772297871886254,0.1615434354611591,0.1727578987741893,0.0860205571915967,0.1560741145860735,-0.2489948577600128,-0.2368347539126687,-0.1743059208516398,1.0,0.0,0.0,1.0,0.0,0.0,0.0,0.0,0.0,1.0
window_10_0pct::CosxVy1Lk3w35klpbl,window_10_0pct,1784125468.883932,0,-0.3893604827923411,-0.3698493827747943,-0.7379063557416712,-0.4058558668836733,-0.684103318687803,-0.2497985998628026,-0.1829043009729868,-0.6040302242810942,1.0,0.0,0.0,0.0,1.0,0.0,0.0,0.0,0.0,1.0
window_10_0pct::CpKKxu40nw419PqZT6,window_10_0pct,1784125633.498688,0,0.2737469152000013,0.0109091147833584,-0.3110729827103727,-0.1599176548460383,-0.276744563161075,-0.2493932783889842,-0.2370326951354457,0.0528894636562608,1.0,0.0,0.0,1.0,0.0,0.0,0.0,0.0,0.0,1.0
window_10_0pct::Cwo0Gs3FlWaBcqnQPh,window_10_0pct,1784125042.711747,0,0.138807734163991,0.1557016612520477,1.4849964739356123,0.5954639964124121,1.2253908478437343,-0.2490963080939532,-0.2366105870832838,-0.4299165298516472,1.0,0.0,0.0,1.0,0.0,0.0,0.0,0.0,0.0,1.0
window_10_0pct::CBw9Cg3qpNi6dF8QG8,window_10_0pct,1784125547.027815,0,0.4226068487685546,0.159248452736151,-0.0356452163680083,0.0157524966094153,-0.0221453409568699,-0.2493385831480928,-0.2369976078442575,-0.0491913687578702,1.0,0.0,0.0,1.0,0.0,0.0,0.0,0.0,0.0,1.0
window_10_0pct::C9XAgh2cx6NzWt6Xx3,window_10_0pct,1784124904.770341,0,-0.2151478201205515,0.2114071510317884,-0.2636564941275607,-0.0720825791183115,-0.225824718720234,-0.2474469373077998,-0.2365324656078894,0.2985458935099347,1.0,0.0,0.0,1.0,0.0,0.0,0.0,0.0,0.0,1.0
window_10_0pct::CoZzVn46HRNFDsmDyf,window_10_0pct,1784125395.53649,0,-0.1379796350595851,0.0878953534677191,1.6150519143943822,0.49006190553914,1.327230536725417,-0.2485143565247977,-0.2361178007365722,-0.4607626626092714,1.0,0.0,0.0,1.0,0.0,0.0,0.0,0.0,0.0,1.0
window_10_0pct::CyjD222Yt0f37NggB7,window_10_0pct,1784124346.415677,0,-0.2179655954062646,0.0828881184313379,-0.4516654206319899,-0.195051685137129,-0.378584252042757,-0.2479368511381396,-0.2367169981150786,0.5606994849705935,1.0,0.0,0.0,1.0,0.0,0.0,0.0,0.0,0.0,1.0
window_10_0pct::CepN8O1gNZ0khOffAi,window_10_0pct,1784124043.685422,0,-0.1341244214309113,-0.07734340273286,1.2228886620472903,0.3319587692292318,0.99625154785995,-0.2489903269045829,-0.2363019149971281,-0.4941699937630109,1.0,0.0,0.0,1.0,0.0,0.0,0.0,0.0,0.0,1.0
window_10_0pct::Cr9imP1MvmGoc45M14,window_10_0pct,1784125295.380905,0,-0.3896061300697161,-0.2765896302221947,-0.5573540544579261,-0.3180207911559465,-0.5058838631448596,0.3667659712481206,0.1656418318714393,-0.2236807758680597,1.0,0.0,0.0,1.0,0.0,0.0,0.0,0.0,0.0,1.0
window_10_0pct::CIShhl1xJBixeWE2s7,window_10_0pct,1784125832.464149,0,-0.2062191698241263,-0.3698493827747943,-0.7379063557416712,-0.4058558668836733,-0.684103318687803,-0.2497985998628026,-0.2370581853290453,-0.6040302242810942,1.0,0.0,0.0,0.0,1.0,0.0,0.0,0.0,0.0,1.0
window_10_0pct::CbqqUN6ODpzevJrF9,window_10_0pct,1784124036.276395,0,0.2693465505777281,-0.3698493827747943,-0.7379063557416712,-0.3882888517381279,-0.6331834742469621,-0.2497985998628026,-0.2371261375147873,-0.6040302242810942,1.0,0.0,0.0,0.0,1.0,0.0,0.0,0.0,0.0,1.0
window_10_0pct::Cai1hw49WVHvjE1Joa,window_10_0pct,1784124750.976651,0,0.3682918348859942,-0.3698493827747943,-0.7379063557416712,-0.3882888517381279,-0.6331834742469621,-0.2497985998628026,-0.2371308723014202,-0.6040302242810942,1.0,0.0,0.0,0.0,1.0,0.0,0.0,0.0,0.0,1.0
window_10_0pct::CCKekM118yoA7blrsk,window_10_0pct,1784124621.099359,0,-0.0283917526485543,-0.2790932477403853,-0.5306929016033433,-0.3004537760104012,-0.480423940924439,-0.2496212024780908,-0.2370300860511457,-0.2815105766943704,1.0,0.0,0.0,1.0,0.0,0.0,0.0,0.0,0.0,1.0
window_10_0pct::Cy1yHZ1gXmf8z9bUc4,window_10_0pct,1784125282.728573,0,0.9639219188452656,0.0895644318131795,0.0203538265998645,0.0157524966094153,0.028774503483971,-0.2495589003317256,-0.2370635117965426,-0.1578438653139671,1.0,0.0,0.0,1.0,0.0,0.0,0.0,0.0,0.0,1.0
window_10_0pct::C0pL1i2yGlykogLN06,window_10_0pct,1784124499.908199,0,0.2772449576233204,-0.3698493827747943,-0.7379063557416712,-0.3882888517381279,-0.6331834742469621,-0.2497985998628026,-0.2371265670693576,-0.6040302242810942,1.0,0.0,0.0,0.0,1.0,0.0,0.0,0.0,0.0,1.0
window_10_0pct::C6AlEK3TEmwL0EnvS1,window_10_0pct,1784125030.184818,0,-0.3670138610450214,-0.2811795956722108,-0.5573540544579261,-0.3355878063014919,-0.5058838631448596,-0.2470397264358102,-0.2354773579616055,-0.2424004355214976,1.0,0.0,0.0,1.0,0.0,0.0,0.0,0.0,0.0,1.0
window_10_0pct::CWnAFaa2Km9aCk5Hl,window_10_0pct,1784125975.755769,0,0.3123257822147626,-0.0975809776715673,-0.3322744413150529,-0.1423506397004929,-0.2512846409406545,-0.2495246943084323,-0.2370330129350653,-0.1097365617188805,1.0,0.0,0.0,1.0,0.0,0.0,0.0,0.0,0.0,1.0
window_10_0pct::Ckg2wD3NVkl2VrXyy5,window_10_0pct,1784124508.838906,0,-0.3796388351315018,0.0013119142969611,-0.3500768684801051,-0.1774846699915836,-0.3022044853814955,-0.2237778290862977,-0.2290942665045239,0.1007289302386213,1.0,0.0,0.0,1.0,0.0,0.0,0.0,0.0,0.0,1.0
window_10_0pct::CALXg12J4DvVUzaoB8,window_10_0pct,1784124904.47138,0,1.1967538190727758,0.0889385274336319,-0.0195210609762725,-0.0193815336816754,0.028774503483971,-0.24959435758141,-0.2370840536355472,-0.1337200811682498,1.0,0.0,0.0,1.0,0.0,0.0,0.0,0.0,0.0,1.0
window_10_0pct::CWnqP52vpr5GLchuo9,window_10_0pct,1784124618.026603,0,0.1111812171706558,0.4761647035804437,1.988754177234994,0.8941032538866832,1.6836694478113037,-0.2486057211648892,-0.2364178828952821,-0.3755304395626013,1.0,0.0,0.0,1.0,0.0,0.0,0.0,0.0,0.0,1.0
window_03_5pct::CD1Q134s8S1QHCZTra,window_03_5pct,1783699381.647606,1,-0.3897129142040686,-0.36984938277479434,-0.7379063557416712,-0.4585569123203094,-0.7095632409082235,-0.24979859986280267,111.73122782240476,-0.6040302242810942,1.0,0.0,0.0,0.0,1.0,0.0,1.0,0.0,0.0,0.0
window_10_0pct::CqLDTo2MZPkPvbqYE7,window_10_0pct,1784124729.42749,0,0.3485649419122907,0.3516097320504617,1.7746151965384238,0.6305980267035028,1.4799900700479396,-0.249108429149602,-0.2367544171289581,-0.392564047529281,1.0,0.0,0.0,1.0,0.0,0.0,0.0,0.0,0.0,1.0
window_10_0pct::Ct2Qj3h4D8gQJEO7l,window_10_0pct,1784125145.620202,0,1.052615403170368,0.9514347624502912,0.7844348502817633,0.5603299661213215,0.7161924034353246,-0.2491516110816235,-0.2369668321056484,0.0351463019227056,1.0,0.0,0.0,1.0,0.0,0.0,0.0,0.0,0.0,1.0
window_10_0pct::CsxksL3l44XcvvkfP4,window_10_0pct,1784124973.369771,0,-0.3892150116937886,-0.2745032822903692,-0.5573540544579261,-0.3180207911559465,-0.5058838631448596,-0.1145645527973313,-0.1507466730816194,-0.2151718396619515,1.0,0.0,0.0,1.0,0.0,0.0,0.0,0.0,0.0,1.0
window_10_0pct::CE8kJm3N5waONBCwq,window_10_0pct,1784125607.296419,0,0.1174031357248581,-0.0074507470167059,-0.0991858603425561,-0.0720825791183115,-0.0730651853977109,-0.2492938876299698,-0.2369455635383349,-0.1861960917933706,1.0,0.0,0.0,1.0,0.0,0.0,0.0,0.0,0.0,1.0
window_07_17pct::C2BZ122OcnVJx190Al,window_07_17pct,1783715379.279044,1,-0.3892447421560671,-0.3531585993201904,-0.6852426123739334,-0.4058558668836733,-0.6077235520265416,-0.22462204495867102,-0.19631666800505204,-0.37072068314587064,1.0,0.0,0.0,1.0,0.0,0.0,0.0,0.0,0.0,1.0
window_10_0pct::CXra8p1mhJU7qvIKBk,window_10_0pct,1784124035.673674,0,0.7108116442504057,0.1796946624680409,-0.261935734461249,-0.0896495942638568,-0.2003647964998135,-0.2494459307539541,-0.2370668326835472,0.2462178017769058,1.0,0.0,0.0,1.0,0.0,0.0,0.0,0.0,0.0,1.0
window_10_0pct::CsoEem9G1fEulQAAf,window_10_0pct,1784125048.347208,0,0.2692234440459525,0.0862262751222587,-0.2269044666865819,-0.1247836245549475,-0.2003647964998135,-0.2493097696242003,-0.2370172929648741,0.0532324805440798,1.0,0.0,0.0,1.0,0.0,0.0,0.0,0.0,0.0,1.0
window_10_0pct::CvI6TE2zvdAH9v8Ui9,window_10_0pct,1784124050.948428,0,-0.3141064484424075,-0.3698493827747943,-0.7379063557416712,-0.4058558668836733,-0.684103318687803,-0.2497985998628026,-0.2369094611530444,-0.6040302242810942,1.0,0.0,0.0,0.0,1.0,0.0,0.0,0.0,0.0,1.0
window_10_0pct::CHu3XJ3f3WkjLPc1F2,window_10_0pct,1784123960.214197,0,0.7974198542341975,0.3645450892277797,0.8430893865618457,0.3495257843747771,0.7416523256557451,-0.249361687071153,-0.23697311879013,-0.2619440517961354,1.0,0.0,0.0,1.0,0.0,0.0,0.0,0.0,0.0,1.0
window_10_0pct::CztyF34T4WGPydlAX4,window_10_0pct,1784125045.326185,0,-0.3893807763682087,-0.2767982650153773,-0.5955506702607468,-0.3355878063014919,-0.53134378536528,-0.051959521002989,-0.1220167183342054,-0.1227205084148451,1.0,0.0,0.0,1.0,0.0,0.0,0.0,0.0,0.0,1.0
window_10_0pct::CKyHlA3JiubSHTLAQh,window_10_0pct,1784123766.112988,0,19.792268174073424,15.720900406636147,9.323354169236486,16.177406430511144,11.383899813791515,-0.2492355107179233,-0.2369378272280926,0.5737537116951531,1.0,0.0,0.0,1.0,0.0,0.0,0.0,0.0,0.0,1.0
window_10_0pct::CmvH381YuAyZju25L5,window_10_0pct,1784124151.456746,0,-0.389267683184231,-0.2776328041881075,-0.5573540544579261,-0.3180207911559465,-0.5058838631448596,-0.1035315136750809,-0.1405245435250267,-0.2279352439711137,1.0,0.0,0.0,1.0,0.0,0.0,0.0,0.0,0.0,1.0
window_10_0pct::Csr2Uk4Q1vlFu4ysQ2,window_10_0pct,1784125826.312002,0,-0.3563022690543909,-0.0047384947053328,-0.3961549884335635,-0.1774846699915836,-0.327664407601916,-0.242080612967438,-0.2347296716942759,0.1827078790621355,1.0,0.0,0.0,1.0,0.0,0.0,0.0,0.0,0.0,1.0
window_10_0pct::CGjRxZ1q5YYKtoqzf9,window_10_0pct,1784124638.480844,0,0.256127340878059,0.0866435447086238,-0.1961432321579476,-0.0896495942638568,-0.1494449520589724,-0.2492994010050268,-0.2369995443712003,0.0164818549299768,1.0,0.0,0.0,1.0,0.0,0.0,0.0,0.0,0.0,1.0
window_10_0pct::CTB0Cq1wVKYKDWH371,window_10_0pct,1784125302.949748,0,-0.3807210132832269,0.3851999337528521,1.5903664485640832,0.6305980267035028,1.327230536725417,-0.1904942686198282,-0.2036644112085407,-0.3652050257334966,1.0,0.0,0.0,1.0,0.0,0.0,0.0,0.0,0.0,1.0
window_10_0pct::C45DBB23OKl39myBVd,window_10_0pct,1784124960.537847,0,0.2744301500462297,-0.187085303946881,-0.4767545214457448,-0.2477527305737651,-0.4040441742631775,-0.2496042457024178,-0.237068823417131,-0.0886768893967496,1.0,0.0,0.0,1.0,0.0,0.0,0.0,0.0,0.0,1.0
window_10_0pct::CkOWyLqGSnfhqFhTi,window_10_0pct,1784124525.067253,0,0.1798762525078934,0.5767266738944326,2.045178099132821,0.929237284177774,1.7600492144725652,-0.2486248962779007,-0.2364908881864379,-0.3535528678646753,1.0,0.0,0.0,1.0,0.0,0.0,0.0,0.0,0.0,1.0
window_10_0pct::CGJyCP9Z1mgfat0A6,window_10_0pct,1784124357.080633,0,-0.3729346852765796,0.1830328191589617,0.4004505173362766,0.1562886177737781,0.3597534923494376,-0.2265257237363794,-0.2269038319217383,-0.2463551075666796,1.0,0.0,0.0,1.0,0.0,0.0,0.0,0.0,0.0,1.0
window_10_0pct::CHyIMP375st7pzX8rk,window_10_0pct,1784124208.01236,0,0.2334874283872425,-0.0074507470167059,-0.1235314230288924,-0.1072166094094022,-0.1239850298385519,-0.2493879009905665,-0.2370012996352243,-0.1696393366386065,1.0,0.0,0.0,1.0,0.0,0.0,0.0,0.0,0.0,1.0
window_10_0pct::CJt4fa1IVHilAuelt6,window_10_0pct,1784125436.288344,0,-0.3828336908908459,-0.1916752693968971,1.1531235417489236,0.3846598146658678,0.9453317034191092,-0.231506348010865,-0.203107019470302,-0.5346422851239325,1.0,0.0,0.0,1.0,0.0,0.0,0.0,0.0,0.0,1.0
window_10_0pct::CZsj7I1vAUrlqMfN02,window_10_0pct,1784124550.389788,0,-0.3897117399308726,-0.3631730693929528,-0.7368866463097827,-0.4585569123203094,-0.7095632409082235,3.624740691699352,3.691553036755004,4.119297628905474,0.0,1.0,1.0,0.0,0.0,0.0,0.0,0.0,0.0,1.0
window_10_0pct::CkwUrW1doChw6MlTa1,window_10_0pct,1784125433.371076,0,0.035740665536367,-0.0938255513942814,-0.2555413065654486,-0.1599176548460383,-0.225824718720234,-0.2493403957073557,-0.2369601303579167,-0.1826304704351909,1.0,0.0,0.0,1.0,0.0,0.0,0.0,0.0,0.0,1.0
window_10_0pct::CO2tWe1oXEe0PkJMwg,window_10_0pct,1784124838.457418,0,-0.3897119427598792,-0.3631730693929528,-0.7368866463097827,-0.4585569123203094,-0.7095632409082235,4.399648550011783,4.477296126105184,4.119297628905474,0.0,1.0,1.0,0.0,0.0,0.0,0.0,0.0,0.0,1.0
window_10_0pct::CRe5ul2UDPohELUywk,window_10_0pct,1784126120.705977,0,0.3445378787389998,-0.0957032645329243,-0.3564288084829101,-0.1599176548460383,-0.3022044853814955,-0.2495349046043281,-0.2370452012702852,-0.0748158992670504,1.0,0.0,0.0,1.0,0.0,0.0,0.0,0.0,0.0,1.0
window_10_0pct::CSV7Zn498b1LMUsPD9,window_10_0pct,1784124090.612949,0,-0.3855599155681209,-0.279719152119933,-0.5573540544579261,-0.3180207911559465,-0.5058838631448596,-0.2344711855111381,-0.2268012556339179,-0.2364441801772219,1.0,0.0,0.0,1.0,0.0,0.0,0.0,0.0,0.0,1.0
window_10_0pct::CLXXtd4YN2EgMsz9b1,window_10_0pct,1784125800.531618,0,0.1654399299910774,0.5629567775443843,0.8866819647750761,0.4549278752480493,0.7925721700965861,-0.2486118929497402,-0.2367059579527786,-0.1811814690063194,1.0,0.0,0.0,1.0,0.0,0.0,0.0,0.0,0.0,1.0
window_10_0pct::CMddDp39ggphMsRUJl,window_10_0pct,1784125467.039119,0,1.0040497909831836,1.045111784589256,1.803421987989272,0.9643713144688648,1.5818297589296215,-0.2490815979111122,-0.2368811183151127,-0.1939934888672521,1.0,0.0,0.0,1.0,0.0,0.0,0.0,0.0,0.0,1.0
window_10_0pct::CCR2cU17jo9WtdoKb,window_10_0pct,1784124638.495022,0,0.2559753258752421,-0.0950773601533767,-0.3328692718169879,-0.195051685137129,-0.3022044853814955,-0.2494980515636417,-0.2370439343825842,-0.1044587848345229,1.0,0.0,0.0,1.0,0.0,0.0,0.0,0.0,0.0,1.0
window_10_0pct::Cf5aEiyHlch7tlvW4,window_10_0pct,1784124139.619023,0,-0.3879628414841382,-0.3698493827747943,-0.7379063557416712,-0.4058558668836733,-0.684103318687803,-0.2497985998628026,-0.2262347999647969,-0.6040302242810942,1.0,0.0,0.0,0.0,1.0,0.0,0.0,0.0,0.0,1.0
window_10_0pct::C7ah9N2zXfuYGxubR,window_10_0pct,1784125189.98863,0,0.2161406270535011,0.2675299103978942,-0.3725317199281482,-0.1072166094094022,-0.3022044853814955,-0.2490555893847886,-0.2369966867229739,0.6805965253242169,1.0,0.0,0.0,1.0,0.0,0.0,0.0,0.0,0.0,1.0
window_10_0pct::CV326v4W5JswPvMC0g,window_10_0pct,1784125383.038402,0,-0.3886344083248834,-0.1937616173287226,-0.4767545214457448,-0.2477527305737651,-0.429504096483598,-0.1344920068198908,-0.17953414703147,-0.1075025819952644,1.0,0.0,0.0,1.0,0.0,0.0,0.0,0.0,0.0,1.0
window_10_0pct::CI2zKc1mbMoVdRgnB5,window_10_0pct,1784125182.196987,0,-0.388327997747225,-0.0967464384988371,-0.5306291697638502,-0.2653197457193104,-0.4549640187040185,-0.1105297191351484,-0.1957361078811764,0.3661960382446528,1.0,0.0,0.0,1.0,0.0,0.0,0.0,0.0,0.0,1.0
window_10_0pct::CXfI3HxWiiLB8iLCd,window_10_0pct,1784124397.676362,0,0.1037939925976683,-0.007868016603071,-0.3065267781598701,-0.1247836245549475,-0.2512846409406545,-0.2492805666419614,-0.2369686479947031,0.0139120453775457,1.0,0.0,0.0,1.0,0.0,0.0,0.0,0.0,0.0,1.0
window_10_0pct::Cbmzkv3pb1TTI8lwO3,window_10_0pct,1784125134.396624,0,-0.38838461906569,-0.1891716518787065,1.1531235417489236,0.4197938449569585,0.9453317034191092,-0.1537345807047027,-0.053595870782432,-0.5336672789531058,1.0,0.0,0.0,1.0,0.0,0.0,0.0,0.0,0.0,1.0
window_10_0pct::CvSVnw2SRjPcTOmN39,window_10_0pct,1784124572.37301,0,-0.3891895619910698,-0.3698493827747943,-0.7379063557416712,-0.4058558668836733,-0.684103318687803,-0.2497985998628026,-0.2006229283887162,-0.6040302242810942,1.0,0.0,0.0,0.0,1.0,0.0,0.0,0.0,0.0,1.0
window_10_0pct::ClJFpI1SIbKnF3r5Tj,window_10_0pct,1784123939.368747,0,0.3411209038670424,0.1765651405703026,1.3190812517887656,0.49006190553914,1.098091236741632,-0.2492705581359036,-0.2368025977690757,-0.4084032534128777,1.0,0.0,0.0,1.0,0.0,0.0,0.0,0.0,0.0,1.0
window_10_0pct::CURFSP3dm88mK1oZUa,window_10_0pct,1784124072.964219,0,-0.3876017204507608,-0.3698493827747943,-0.7379063557416712,-0.4058558668836733,-0.684103318687803,-0.2497985998628026,-0.2281039368011827,-0.6040302242810942,1.0,0.0,0.0,0.0,1.0,0.0,0.0,0.0,0.0,1.0
window_10_0pct::CFuErljk1pwAuSMd,window_10_0pct,1784124570.83422,0,-0.2834477338777846,0.5875756831399251,-0.0498574165749533,0.0860205571915967,0.0033145812635505,-0.2434353598482215,-0.2357226479903902,0.4207121886478563,1.0,0.0,0.0,1.0,0.0,0.0,0.0,0.0,0.0,1.0
window_10_0pct::C3mGb51tVBnRNvQwRd,window_10_0pct,1784124713.193498,0,-0.3888337999135502,-0.0863146988397096,-0.6512947858706477,-0.3004537760104012,-0.5568037075857005,-0.0220244535281241,-0.1827791228937645,1.8062438459704593,1.0,0.0,0.0,1.0,0.0,0.0,0.0,0.0,0.0,1.0
window_10_0pct::CLJro7emg8NUXM8Ed,window_10_0pct,1784125272.333761,0,-0.3280368513655787,-0.1824953384968649,-0.447076728188492,-0.2126187002826743,-0.378584252042757,-0.2476531874018366,-0.2359996068328803,-0.1296404057052156,1.0,0.0,0.0,1.0,0.0,0.0,0.0,0.0,0.0,1.0
window_10_0pct::Cv0Nrp3sgDHz5ocyLk,window_10_0pct,1784124030.051231,0,-0.389293026134841,-0.2767982650153773,-0.6106338722740966,-0.3355878063014919,-0.53134378536528,-0.0933006814429735,-0.1460779732712645,-0.0656894840047921,1.0,0.0,0.0,1.0,0.0,0.0,0.0,0.0,0.0,1.0
window_10_0pct::C1NmQs4vNVTBC0VVx9,window_10_0pct,1784123893.692525,0,1.5980372802455838,1.1780121478465402,2.471352909822691,1.2454435567975903,2.1419480477788726,-0.2492486349761886,-0.2369266901491465,-0.2488350270444263,1.0,0.0,0.0,1.0,0.0,0.0,0.0,0.0,0.0,1.0
window_10_0pct::CMbVq44SDSCbSw9Bqd,window_10_0pct,1784125657.534564,0,-0.208858786515597,-0.0894442207374478,-0.2313444515045961,-0.1247836245549475,-0.225824718720234,-0.2487035796244626,-0.2366336807222921,-0.1963891640673075,1.0,0.0,0.0,1.0,0.0,0.0,0.0,0.0,0.0,1.0
window_10_0pct::C6E1fQ3OcY3qFNHduk,window_10_0pct,1784125229.723924,0,-0.2080423997641624,-0.0965378037056545,1.224609421713602,0.3495257843747771,0.99625154785995,-0.2487360773208358,-0.2359254797813286,-0.5014690865417167,1.0,0.0,0.0,1.0,0.0,0.0,0.0,0.0,0.0,1.0
window_10_0pct::CZIRdP1HzkvUGtCq4g,window_10_0pct,1784124936.261122,0,-0.3890971039897076,-0.1937616173287226,-0.4767545214457448,-0.2828867608648558,-0.429504096483598,-0.0478611581067875,-0.1517644351263234,-0.1075025819952644,1.0,0.0,0.0,1.0,0.0,0.0,0.0,0.0,0.0,1.0
window_10_0pct::C4hWoQ3RIPeTzvdWw,window_10_0pct,1784125547.016147,0,0.4227399686481281,0.1605002614952463,-0.0714412662165918,-0.0193815336816754,-0.0221453409568699,-0.2493375703322369,-0.2370094045004759,-0.0180085349132336,1.0,0.0,0.0,1.0,0.0,0.0,0.0,0.0,0.0,1.0
window_10_0pct::CR5wmt3Lx8QabT0gLj,window_10_0pct,1784124833.433291,0,-0.0216010588590929,-0.3698493827747943,-0.7379063557416712,-0.4058558668836733,-0.684103318687803,-0.2497985998628026,-0.2371104568291301,-0.6040302242810942,1.0,0.0,0.0,0.0,1.0,0.0,0.0,0.0,0.0,1.0
window_10_0pct::C1f8Of1l21VIyRtpT5,window_10_0pct,1784125202.175959,0,-0.2516322427878633,-0.27784143898129,-0.5940211061129143,-0.3355878063014919,-0.53134378536528,-0.2493279943936292,-0.2368854042033067,-0.1331747863035858,1.0,0.0,0.0,1.0,0.0,0.0,0.0,0.0,0.0,1.0
window_10_0pct::CzmJLy10WbfTlXvv14,window_10_0pct,1784124265.748703,0,-0.389245585497726,-0.1879198431196112,-0.4767545214457448,-0.2653197457193104,-0.429504096483598,0.0251210298678529,-0.11440407347651,-0.091030100971564,1.0,0.0,0.0,1.0,0.0,0.0,0.0,0.0,0.0,1.0
window_10_0pct::CWz2Jq1gblHsGaEEfh,window_10_0pct,1784125182.220448,0,-0.388577989835425,-0.1891716518787065,1.1531235417489236,0.3846598146658678,0.9453317034191092,-0.1373676095142192,-0.0307457685471239,-0.5336672789531058,1.0,0.0,0.0,1.0,0.0,0.0,0.0,0.0,0.0,1.0
window_10_0pct::CCOItA49hHirJutM27,window_10_0pct,1784124090.611457,0,-0.3855445859653088,-0.1916752693968971,1.1531235417489236,0.3143917540836864,0.9453317034191092,-0.2196100038119554,-0.1855471591153407,-0.5346422851239325,1.0,0.0,0.0,1.0,0.0,0.0,0.0,0.0,0.0,1.0
window_10_0pct::CTyAzk1ciz4xfBvnme,window_10_0pct,1784124593.525841,0,0.4551854573076594,-0.2790932477403853,-0.5306929016033433,-0.2828867608648558,-0.429504096483598,-0.2497227357877875,-0.2371001627589602,-0.2815105766943704,1.0,0.0,0.0,1.0,0.0,0.0,0.0,0.0,0.0,1.0
window_10_0pct::C91RTs4OfM1lr4o6H6,window_10_0pct,1784125303.407348,0,-0.3856046447016745,-0.1833298776695951,-0.4228798731276394,-0.2301857154282197,-0.378584252042757,-0.2177340251336538,-0.2208695815579897,-0.1680261364171976,1.0,0.0,0.0,1.0,0.0,0.0,0.0,0.0,0.0,1.0
window_10_0pct::CW3v8Q26Q2r5f3HgFc,window_10_0pct,1784125506.51543,0,-0.2202771521924286,0.3605810281573113,0.1530435164243464,0.1035875723371421,0.1560741145860735,-0.2467539431959582,-0.2362312149890572,-0.0002792035622827,1.0,0.0,0.0,1.0,0.0,0.0,0.0,0.0,0.0,1.0
window_10_0pct::CVRVuF3rW0m9NOlyWd,window_10_0pct,1784124090.221572,0,0.0895863651233626,0.1763565057771201,-0.2711131193482449,-0.0720825791183115,-0.225824718720234,-0.2489937511894168,-0.2369329785671312,0.2576670424638079,1.0,0.0,0.0,1.0,0.0,0.0,0.0,0.0,0.0,1.0
window_10_0pct::CkIz2c1cL0jY9OIEK5,window_10_0pct,1784124656.127812,0,0.2975019708937156,-0.2811795956722108,-0.5815509095187786,-0.3004537760104012,-0.480423940924439,-0.2497074727206941,-0.2370928372245035,-0.1864438631268256,1.0,0.0,0.0,1.0,0.0,0.0,0.0,0.0,0.0,1.0
window_10_0pct::CmmN8eQyh7Bw2jxXk,window_10_0pct,1784125230.481776,0,0.1000705537719982,-0.100501864776123,-0.5316701231422363,-0.2477527305737651,-0.4549640187040185,-0.2494102049906332,-0.2370355072320525,0.3576837674557256,1.0,0.0,0.0,1.0,0.0,0.0,0.0,0.0,0.0,1.0
window_10_0pct::C0s4KD4BQZOVNYAun8,window_10_0pct,1784124656.119777,0,-0.3896879342106281,-0.271373760392631,-0.7164074818860234,-0.3707218365925826,-0.6331834742469621,2.529654394489486,0.9092716196873872,2.7659452997964893,1.0,0.0,0.0,1.0,0.0,0.0,0.0,0.0,0.0,1.0
window_10_0pct::CJI5BY2hmr6fs5peYi,window_10_0pct,1784125411.887016,0,-0.3351407344916022,-0.3698493827747943,-0.7379063557416712,-0.4058558668836733,-0.684103318687803,-0.2497985998628026,-0.2368119646964029,-0.6040302242810942,1.0,0.0,0.0,0.0,1.0,0.0,0.0,0.0,0.0,1.0
window_10_0pct::CDCyxE0Sde6G9GLAe,window_10_0pct,1784125093.133538,0,-0.3891462099597187,-0.1916752693968971,1.1531235417489236,0.3670927995203225,0.9453317034191092,-0.027764290630058,0.1677713049150276,-0.5346422851239325,1.0,0.0,0.0,1.0,0.0,0.0,0.0,0.0,0.0,1.0
window_10_0pct::CWG46ETqAo24GMmC1,window_10_0pct,1784125127.959318,0,-0.389120173120402,-0.2784673433608376,-0.6191102069266692,-0.3355878063014919,-0.5568037075857005,-0.1409233410418029,-0.1726377744462403,-0.0376299114732869,1.0,0.0,0.0,1.0,0.0,0.0,0.0,0.0,0.0,1.0
window_10_0pct::CDar931rGAOJaJWaTf,window_10_0pct,1784125146.796491,0,0.2624243168399022,-0.3698493827747943,-0.7379063557416712,-0.3882888517381279,-0.6331834742469621,-0.2497985998628026,-0.2371257524937149,-0.6040302242810942,1.0,0.0,0.0,0.0,1.0,0.0,0.0,0.0,0.0,1.0
window_10_0pct::CgJ0Gn27u1nqpZcGh9,window_10_0pct,1784125425.256964,0,0.1984936708156722,0.0941543972631956,1.5501941457369788,0.4022268298114132,1.2763106922845755,-0.2492414702097794,-0.2367559928899347,-0.454687163904082,1.0,0.0,0.0,1.0,0.0,0.0,0.0,0.0,0.0,1.0
window_10_0pct::CXtI941gOcOP2ZAinh,window_10_0pct,1784125825.410386,0,-0.3838760184803859,0.1942990979908193,-0.0457998227938973,-0.0193815336816754,-0.0476052631772904,-0.1815375473354957,-0.2158653269467994,-0.003755854234471,1.0,0.0,0.0,1.0,0.0,0.0,0.0,0.0,0.0,1.0
window_10_0pct::C0wt4TM6mMn9KzIH2,window_10_0pct,1784124998.302326,0,-0.3059938646410907,-0.2818055000517585,-0.5573540544579261,-0.3355878063014919,-0.5058838631448596,-0.2490558555327371,-0.2367055350272241,-0.24495311638333,1.0,0.0,0.0,1.0,0.0,0.0,0.0,0.0,0.0,1.0
window_10_0pct::CNyqjv7NzEnUZ1Zc4,window_10_0pct,1784125192.365881,0,0.0944838743159438,-0.094451455773829,-0.2962022201619998,-0.195051685137129,-0.276744563161075,-0.2493968984184237,-0.2370044198762215,-0.1448840489695302,1.0,0.0,0.0,1.0,0.0,0.0,0.0,0.0,0.0,1.0
window_10_0pct::CrQPZYdewPLPneN4i,window_10_0pct,1784125363.337803,0,0.4084189490839403,0.5535682118511696,0.2920214144121403,0.296824738938141,0.283373725688176,-0.2489814755322489,-0.2368988315503715,0.0562451129780842,1.0,0.0,0.0,1.0,0.0,0.0,0.0,0.0,0.0,1.0
window_10_0pct::CuopfF4aFhkDDdi51,window_10_0pct,1784124555.656633,0,0.2696434495424996,0.0889385274336319,0.0140868623830502,0.0333195117549606,0.028774503483971,-0.249307175815791,-0.2369521243368129,-0.1547384897787902,1.0,0.0,0.0,1.0,0.0,0.0,0.0,0.0,0.0,1.0
window_10_0pct::CbBl5nx0yWoVwIJKb,window_10_0pct,1784124752.444366,0,14.41729470686244,13.767244203274757,8.05162780004613,14.104498643336791,9.856304480566283,-0.249124293122017,-0.2368944051297645,0.5804720034901975,1.0,0.0,0.0,1.0,0.0,0.0,0.0,0.0,0.0,1.0
window_10_0pct::CWcR5E3L1kWTNe3Jfc,window_10_0pct,1784125810.69286,0,-0.3895901172534082,-0.2803450564994806,1.1454757210097604,0.296824738938141,0.9198717811986884,0.2648018025909722,1.4753983513582811,-0.5690322141344901,1.0,0.0,0.0,1.0,0.0,0.0,0.0,0.0,0.0,1.0
window_10_0pct::C8OJ3m2ENv8qoepnId,window_10_0pct,1784126014.332089,0,-0.3889663753573694,-0.187085303946881,-0.4767545214457448,-0.2653197457193104,-0.429504096483598,-0.0769052617516353,-0.1603138237004939,-0.0886768893967496,1.0,0.0,0.0,1.0,0.0,0.0,0.0,0.0,0.0,1.0
window_10_0pct::CKFQeh3RFxAs6qQy9b,window_10_0pct,1784124679.441068,0,-0.3882967407297919,-0.0979982472579324,-0.5306291697638502,-0.2653197457193104,-0.4549640187040185,-0.1142277650264808,-0.1966504193190337,0.3617488590428541,1.0,0.0,0.0,1.0,0.0,0.0,0.0,0.0,0.0,1.0
window_10_0pct::CTF2Zx1ieSH4Is0ARh,window_10_0pct,1784125732.968509,0,-0.3353868087774122,-0.08798377718517,-0.4773493519476797,-0.2477527305737651,-0.429504096483598,-0.2461342423364551,-0.2360183038272802,0.1925812947376813,1.0,0.0,0.0,1.0,0.0,0.0,0.0,0.0,0.0,1.0
window_10_0pct::C7bwzYHUgn1fts2R,window_10_0pct,1784125404.807728,0,-0.388701075016779,-0.1895889214650716,-0.4767545214457448,-0.2653197457193104,-0.429504096483598,-0.1239827588341037,-0.1804623769626508,-0.0957365241211927,1.0,0.0,0.0,1.0,0.0,0.0,0.0,0.0,0.0,1.0
window_10_0pct::CJF7iA2lHfSdMYGN61,window_10_0pct,1784124994.498564,0,0.0729139488860366,-0.19355298253554,-0.6560959177791224,-0.3180207911559465,-0.582263629806121,-0.2495294604957124,-0.2370693970262144,0.982559451221809,1.0,0.0,0.0,1.0,0.0,0.0,0.0,0.0,0.0,1.0
window_10_0pct::CKjYjl1gfOVrCwi1i,window_10_0pct,1784126120.706875,0,0.3445301712367501,-0.096329168912472,1.4363053485629398,0.6130310115579575,1.2253908478437343,-0.2495355038865532,-0.2367586868142046,-0.511384365514981,1.0,0.0,0.0,1.0,0.0,0.0,0.0,0.0,0.0,1.0
window_10_0pct::CO4vAiwmkAloGiRtk,window_10_0pct,1784125471.137603,0,-0.3857670787103026,-0.1067609085715994,-0.5306291697638502,-0.2653197457193104,-0.4549640187040185,-0.2027092367396097,-0.2226222408236013,0.3306186046302633,1.0,0.0,0.0,1.0,0.0,0.0,0.0,0.0,0.0,1.0
window_10_0pct::CTEo8PtT4mZeYKPj6,window_10_0pct,1784124675.034898,0,-0.1123626090855804,-0.2745032822903692,-0.6106338722740966,-0.3355878063014919,-0.53134378536528,-0.2495558053372268,-0.2370245008208903,-0.0524120218006681,1.0,0.0,0.0,1.0,0.0,0.0,0.0,0.0,0.0,1.0
window_10_0pct::CCuIv122pcMH0xi2M1,window_10_0pct,1784124875.577991,0,-0.3892664128341372,-0.275546456256282,-0.6191102069266692,-0.3355878063014919,-0.5568037075857005,-0.1006478254368413,-0.1515064576306838,-0.0195257918858227,1.0,0.0,0.0,1.0,0.0,0.0,0.0,0.0,0.0,1.0
window_10_0pct::CpMWNh2dqPePNwqce6,window_10_0pct,1784125301.168018,0,1.048202751380381,0.0956148408154734,-0.2156026871498185,-0.0545155639727661,-0.1239850298385519,-0.2495699781115291,-0.2370826087444702,0.0522483446558724,1.0,0.0,0.0,1.0,0.0,0.0,0.0,0.0,0.0,1.0
window_10_0pct::CqbnSy4jip5zab4VPa,window_10_0pct,1784124599.446656,0,0.2852995109783371,0.0017291838833262,0.3899347638199272,0.1035875723371421,0.3088336479085966,-0.2494098202079294,-0.2369286694609651,-0.3614042975587339,1.0,0.0,0.0,1.0,0.0,0.0,0.0,0.0,0.0,1.0
window_10_0pct::CKi77D429gEZSaxrs3,window_10_0pct,1784124757.972847,0,0.1840830542066359,-0.0164220431235555,-0.2156026871498185,-0.0720825791183115,-0.2003647964998135,-0.2493635818038935,-0.2369707629190089,-0.1057174068094575,1.0,0.0,0.0,1.0,0.0,0.0,0.0,0.0,0.0,1.0
window_10_0pct::CV816HYwXx8ehR9i4,window_10_0pct,1784125914.14212,0,-0.3853946419534009,0.4567616678144666,-0.6461112629252148,0.050886526900506,-0.174904874279393,-0.1146064226341861,-0.2039470603009797,6.0261281425191,1.0,0.0,0.0,0.0,0.0,1.0,0.0,0.0,0.0,1.0
window_10_0pct::CCOain4o3zeM4axob,window_10_0pct,1784124636.842791,0,-0.3894297542356894,-0.1812435297377696,-0.4767545214457448,-0.2301857154282197,-0.429504096483598,0.2205528565990286,-0.0008086140362125,-0.072204408373049,1.0,0.0,0.0,1.0,0.0,0.0,0.0,0.0,0.0,1.0
window_10_0pct::CIydem3HGatbrXiXB1,window_10_0pct,1784125974.707594,0,-0.3890503252156666,-0.1916752693968971,1.1531235417489236,0.296824738938141,0.9453317034191092,-0.0598933047673262,0.0803146598730066,-0.5346422851239325,1.0,0.0,0.0,1.0,0.0,0.0,0.0,0.0,0.0,1.0
window_10_0pct::CIvidk1SVUxga8ibJl,window_10_0pct,1784125754.077346,0,0.5053195889034745,0.1688456532225483,-0.3093097351510656,-0.0896495942638568,-0.225824718720234,-0.2493735216800909,-0.237044888924685,0.3215527600342094,1.0,0.0,0.0,1.0,0.0,0.0,0.0,0.0,0.0,1.0
window_10_0pct::Cw5Blb3qSh3rEVVq91,window_10_0pct,1784125569.450606,0,-0.3892422121310904,-0.1837471472559602,-0.4767545214457448,-0.2653197457193104,-0.429504096483598,0.0294112609840041,-0.1152837622158828,-0.0792640430974921,1.0,0.0,0.0,1.0,0.0,0.0,0.0,0.0,0.0,1.0
window_10_0pct::Cff1Uu24aJc06xxQw7,window_10_0pct,1784125520.008722,0,0.2264542685332459,-0.1837471472559602,-0.4767545214457448,-0.2477527305737651,-0.4040441742631775,-0.2495852866949371,-0.2370615365988312,-0.0792640430974921,1.0,0.0,0.0,1.0,0.0,0.0,0.0,0.0,0.0,1.0
window_10_0pct::Cj7OmYIdTu6BMYK49,window_10_0pct,1784125290.697041,0,-0.3887945791888066,-0.1854162256014206,-0.4767545214457448,-0.2653197457193104,-0.429504096483598,-0.1079639526629965,-0.1746894911992664,-0.0839704662471209,1.0,0.0,0.0,1.0,0.0,0.0,0.0,0.0,0.0,1.0
window_10_0pct::C6kqOz32SSDlBOgJ7k,window_10_0pct,1784125311.824978,0,-0.3893178460001184,-0.1891716518787065,1.1531235417489236,0.2616907086470503,0.9453317034191092,0.0731625487344277,0.2710697730540152,-0.5336672789531058,1.0,0.0,0.0,1.0,0.0,0.0,0.0,0.0,0.0,1.0
window_10_0pct::CZYLRt4gl2it3Uv5Qb,window_10_0pct,1784126132.374754,0,0.6375488996852656,-0.0030694163598724,-0.1040719680370215,0.050886526900506,-0.0730651853977109,-0.2495464323626013,-0.2370227821684952,-0.1778847212885877,1.0,0.0,0.0,1.0,0.0,0.0,0.0,0.0,0.0,1.0
window_10_0pct::CCA7GM39mipsJY8hrf,window_10_0pct,1784125506.472381,0,-0.3892604453912597,-0.3698493827747943,-0.7379063557416712,-0.4058558668836733,-0.684103318687803,-0.2497985998628026,-0.1948992227605656,-0.6040302242810942,1.0,0.0,0.0,0.0,1.0,0.0,0.0,0.0,0.0,1.0
window_10_0pct::CmkgacP4Qgy36kSee,window_10_0pct,1784125207.232907,0,-0.1972032710292444,0.1529894089406746,-0.3360983516846346,-0.1247836245549475,-0.276744563161075,-0.2478804616987627,-0.2366656926816309,0.3541979022127456,1.0,0.0,0.0,1.0,0.0,0.0,0.0,0.0,0.0,1.0
window_10_0pct::CxXFUt3Frdav3yH7vk,window_10_0pct,1784124629.074466,0,0.7297970584273632,0.3689264198846133,0.2599005673076547,0.2265566783559596,0.2579138034677555,-0.2493325317951304,-0.2369915800920476,-0.0587753458490177,1.0,0.0,0.0,1.0,0.0,0.0,0.0,0.0,0.0,1.0
window_10_0pct::Cg0qWm2T4zhdyzZcGb,window_10_0pct,1784124220.128588,0,0.1855941303055645,-0.0938255513942814,-0.2046832986500132,-0.1423506397004929,-0.2003647964998135,-0.2494597467144818,-0.2370045086742352,-0.222821339751437,1.0,0.0,0.0,1.0,0.0,0.0,0.0,0.0,0.0,1.0
window_10_0pct::CSOgLD2Jt1sM50jhj5,window_10_0pct,1784126005.223847,0,-0.0799290019357497,0.5487696116079709,1.7614014618168696,0.8238351933045018,1.5054499922683602,-0.2477042888789781,-0.236020308532486,-0.3333511773009237,1.0,0.0,0.0,1.0,0.0,0.0,0.0,0.0,0.0,1.0
window_10_0pct::CGNiJl1dv2AQKdt7Ta,window_10_0pct,1784125646.577172,0,0.1032517879622696,0.074959996290401,0.2505532308486775,0.0157524966094153,0.232453881247335,-0.2491613309339431,-0.2368908448318809,-0.2726334008830887,1.0,0.0,0.0,1.0,0.0,0.0,0.0,0.0,0.0,1.0
window_10_0pct::CO0FXUg0ZTQzRTRai,window_10_0pct,1784124676.680815,0,-0.0335425739199166,0.091650779745005,0.5989539534105576,0.1914226480648689,0.48705310345154,-0.2488834784354493,-0.2366523072261488,-0.3498032760096092,1.0,0.0,0.0,1.0,0.0,0.0,0.0,0.0,0.0,1.0
window_10_0pct::CTH2by2YwApz8aAKte,window_10_0pct,1784125608.267776,0,-0.3892133677113144,-0.1895889214650716,-0.4767545214457448,-0.2653197457193104,-0.429504096483598,0.0050323140333983,-0.1223205815133378,-0.0957365241211927,1.0,0.0,0.0,1.0,0.0,0.0,0.0,0.0,0.0,1.0
window_10_0pct::C4s2i9y8UYgaV7nRb,window_10_0pct,1784125633.498657,0,0.2737426557908634,-0.1858334951877857,-0.3743374553804507,-0.2301857154282197,-0.327664407601916,-0.2496027117340194,-0.237061520012277,-0.2313074972159885,1.0,0.0,0.0,1.0,0.0,0.0,0.0,0.0,0.0,1.0
window_10_0pct::CiUy7FCVUEAWqGLQ7,window_10_0pct,1784124014.380843,0,0.5587005431851585,0.0019378186765087,-0.3234157156255222,-0.1247836245549475,-0.2512846409406545,-0.2495217391214667,-0.2370615859416947,0.0565112717927076,1.0,0.0,0.0,1.0,0.0,0.0,0.0,0.0,0.0,1.0
window_10_0pct::Cj8ewV37WPeKy3vvyc,window_10_0pct,1784124929.636695,0,-0.3894940296803496,-0.3698493827747943,-0.7379063557416712,-0.4058558668836733,-0.684103318687803,-0.2497985998628026,-0.1498065369844656,-0.6040302242810942,1.0,0.0,0.0,0.0,1.0,0.0,0.0,0.0,0.0,1.0
window_10_0pct::CwmAiL3P5Nf8YAByF8,window_10_0pct,1784126132.377833,0,0.6375172903858737,-0.0018176076007771,-0.188389191686296,0.0333195117549606,-0.1239850298385519,-0.249545563936642,-0.2370274322760847,-0.1108224406318531,1.0,0.0,0.0,1.0,0.0,0.0,0.0,0.0,0.0,1.0
window_10_0pct::CzGSRm427ZbFY6fAs4,window_10_0pct,1784125021.802917,0,-0.3884114778962439,-0.1891716518787065,1.1531235417489236,0.3846598146658678,0.9453317034191092,-0.1517520921699593,-0.0571548270244193,-0.5336672789531058,1.0,0.0,0.0,1.0,0.0,0.0,0.0,0.0,0.0,1.0
window_10_0pct::CPbsq31ebGI8K7gFCa,window_10_0pct,1784125737.495093,0,0.8289130713831048,0.6282594678105222,0.9179530540196544,0.3846598146658678,0.8180320923170066,-0.2492201414706105,-0.2369701639046421,-0.1601236968323707,1.0,0.0,0.0,1.0,0.0,0.0,0.0,0.0,0.0,1.0
window_10_0pct::C8pwX21Sny3TO2Txlj,window_10_0pct,1784125007.454244,0,-0.3893517824954804,-0.1916752693968971,1.1531235417489236,0.3670927995203225,0.9453317034191092,0.0986127581949046,0.3982506755898022,-0.5346422851239325,1.0,0.0,0.0,1.0,0.0,0.0,0.0,0.0,0.0,1.0
window_10_0pct::CetNfy3WwUApLHhpFc,window_10_0pct,1784125384.490176,0,-0.3875534044463543,-0.3698493827747943,-0.7379063557416712,-0.4058558668836733,-0.684103318687803,-0.2497985998628026,-0.2283066034366044,-0.6040302242810942,1.0,0.0,0.0,0.0,1.0,0.0,0.0,0.0,0.0,1.0
window_10_0pct::CvTTqA1SDn2QLcNJl,window_10_0pct,1784125192.364868,0,0.0944940584671156,-0.094451455773829,-0.2877258855094272,-0.1774846699915836,-0.2512846409406545,-0.249396906867265,-0.2369945490243752,-0.1535287886802377,1.0,0.0,0.0,1.0,0.0,0.0,0.0,0.0,0.0,1.0
window_10_0pct::Czl5Cp1Bifs5xBFDn4,window_10_0pct,1784125138.964643,0,-0.2126426577100134,-0.279719152119933,-0.5573540544579261,-0.3180207911559465,-0.5058838631448596,-0.249439107696821,-0.236919397460435,-0.2364441801772219,1.0,0.0,0.0,1.0,0.0,0.0,0.0,0.0,0.0,1.0
window_10_0pct::CASR8tUlymheqvuPl,window_10_0pct,1784124857.212533,0,-0.3897120068111444,-0.3631730693929528,-0.7368866463097827,-0.4585569123203094,-0.7095632409082235,4.713094425284227,4.795124791460313,4.119297628905474,0.0,1.0,1.0,0.0,0.0,0.0,0.0,0.0,0.0,1.0
window_10_0pct::CvVNSx1sisbqCoo4T5,window_10_0pct,1784125780.196128,0,-0.2101216532865412,-0.1839557820491427,-0.4833613888065219,-0.2653197457193104,-0.4040441742631775,-0.2490675553761333,-0.2368429416512325,-0.0662481300062038,1.0,0.0,0.0,1.0,0.0,0.0,0.0,0.0,0.0,1.0
window_10_0pct::C8gxAN1xHHpLAgfGz9,window_10_0pct,1784124247.31288,0,0.0001611911698838,0.0225926632015811,-0.2734074655699938,-0.1599176548460383,-0.2512846409406545,-0.2490876879991116,-0.236941670546642,0.0181463353610911,1.0,0.0,0.0,1.0,0.0,0.0,0.0,0.0,0.0,1.0
window_10_0pct::Co7kSTLuYypDftkEa,window_10_0pct,1784125153.557056,0,0.099235869709129,-0.0975809776715673,-0.2979229798283115,-0.1599176548460383,-0.225824718720234,-0.2494053228989133,-0.2369863985197659,-0.1483264058847311,1.0,0.0,0.0,1.0,0.0,0.0,0.0,0.0,0.0,1.0
window_10_0pct::CBB9802oMAfAXYjr1k,window_10_0pct,1784126123.691876,0,-0.2687674934677547,-0.0917392034624559,-0.5306291697638502,-0.2301857154282197,-0.4549640187040185,-0.2481745776261521,-0.2366089702554174,0.3839847550518475,1.0,0.0,0.0,1.0,0.0,0.0,0.0,0.0,0.0,1.0
window_10_0pct::CGuHje1mFRSvNyxNz5,window_10_0pct,1784125620.019284,0,-0.1331894651123217,0.0816363096722426,1.5783848627393942,0.5603299661213215,1.301770614504996,-0.2485555701253262,-0.2360627542266081,-0.4604847498647163,1.0,0.0,0.0,1.0,0.0,0.0,0.0,0.0,0.0,1.0
window_10_0pct::C8g11G4dVNeoziI594,window_10_0pct,1784124972.810854,0,-0.3887385983829939,-0.2818055000517585,-0.5573540544579261,-0.2828867608648558,-0.5058838631448596,-0.1859803238397482,-0.1831857775829629,-0.24495311638333,1.0,0.0,0.0,1.0,0.0,0.0,0.0,0.0,0.0,1.0
window_10_0pct::CzooMA3DH401t38Kaj,window_10_0pct,1784125565.838555,0,-0.3892471227280916,-0.2765896302221947,-0.5940211061129143,-0.3355878063014919,-0.53134378536528,-0.1084057070629537,-0.1550534545810685,-0.1267685898685176,1.0,0.0,0.0,1.0,0.0,0.0,0.0,0.0,0.0,1.0
window_10_0pct::COg2zk4TRVnI5SpFsf,window_10_0pct,1784123950.830379,0,0.1593799650610138,0.4235887356984412,0.2088301199272425,0.1211545874826874,0.181534036806494,-0.2487780555075521,-0.2368663600678566,0.0131569079061093,1.0,0.0,0.0,1.0,0.0,0.0,0.0,0.0,0.0,1.0
window_10_0pct::CLM8152o5zFz46OVEf,window_10_0pct,1784124431.926336,0,-0.3885733034178522,-0.1858334951877857,1.1531235417489236,0.2792577237925956,0.9453317034191092,-0.1357612367718602,-0.056766153825594,-0.5323672707253371,1.0,0.0,0.0,1.0,0.0,0.0,0.0,0.0,0.0,1.0
window_10_0pct::CJBEAP2DnbXUhVb2,window_10_0pct,1784124646.020006,0,-0.388984661993593,-0.0967464384988371,-0.5306291697638502,-0.2477527305737651,-0.4549640187040185,0.0150415201859043,-0.1518193982244282,0.3661960382446528,1.0,0.0,0.0,1.0,0.0,0.0,0.0,0.0,0.0,1.0
window_10_0pct::CGVQMA4QZkE4XZL115,window_10_0pct,1784124629.07315,0,0.7298112884834554,0.2781702848502043,0.0636277456156297,0.0684535420460513,0.079694347924812,-0.2493897918938865,-0.2370300185032375,-0.0086459917469408,1.0,0.0,0.0,1.0,0.0,0.0,0.0,0.0,0.0,1.0
window_10_0pct::CTSm8d3ly2lComDX08,window_10_0pct,1784125394.426755,0,0.0791590966990964,-0.3698493827747943,-0.7379063557416712,-0.4058558668836733,-0.684103318687803,-0.2497985998628026,-0.2371216215149432,-0.6040302242810942,1.0,0.0,0.0,0.0,1.0,0.0,0.0,0.0,0.0,1.0
window_10_0pct::CYjHGktirJ8i4dWCd,window_10_0pct,1784124606.749135,0,-0.3888171359093791,-0.1854162256014206,-0.4767545214457448,-0.2477527305737651,-0.429504096483598,-0.1043925644946712,-0.167779261465403,-0.0839704662471209,1.0,0.0,0.0,1.0,0.0,0.0,0.0,0.0,0.0,1.0
window_10_0pct::C8VYKB2kxL81Eq5jyb,window_10_0pct,1784125608.270024,0,-0.3892376858416806,-0.3698493827747943,-0.7379063557416712,-0.4058558668836733,-0.684103318687803,-0.2497985998628026,-0.1969231017207355,-0.6040302242810942,1.0,0.0,0.0,0.0,1.0,0.0,0.0,0.0,0.0,1.0
window_10_0pct::CeLWpq3IJix7n639E1,window_10_0pct,1784124472.603779,0,-0.1023994881548169,-0.0975809776715673,-0.3407507759676255,-0.1774846699915836,-0.3022044853814955,-0.2491293228154559,-0.236879515287301,-0.0991876116032234,1.0,0.0,0.0,1.0,0.0,0.0,0.0,0.0,0.0,1.0
window_10_0pct::C21H0R1EeF4Ajr0Eh5,window_10_0pct,1784124657.846148,0,0.0478765441615368,0.3899985339960508,1.7540935442216692,0.5778969812668668,1.4799900700479396,-0.2485722215753416,-0.2365068442619938,-0.379477870901025,1.0,0.0,0.0,1.0,0.0,0.0,0.0,0.0,0.0,1.0
window_10_0pct::Cb6LTv4uFBkCB3hqre,window_10_0pct,1784125083.858459,0,-0.3884849767230975,-0.0917392034624559,-0.5306291697638502,-0.2477527305737651,-0.4549640187040185,-0.0898464076753792,-0.1865468690366341,0.3839847550518475,1.0,0.0,0.0,1.0,0.0,0.0,0.0,0.0,0.0,1.0
window_10_0pct::CHZeQp1w5mRFeuvP74,window_10_0pct,1784125810.680498,0,0.0476436430859429,-0.3698493827747943,-0.7379063557416712,-0.4058558668836733,-0.684103318687803,-0.2497985998628026,-0.2371186823401841,-0.6040302242810942,1.0,0.0,0.0,0.0,1.0,0.0,0.0,0.0,0.0,1.0
window_10_0pct::CvxM3esh2ncqEDTi5,window_10_0pct,1784124022.954259,0,0.650665936941679,-0.0894442207374478,-0.2962022201619998,-0.1247836245549475,-0.2512846409406545,-0.249608247119263,-0.2370704983907069,-0.1365359366911381,1.0,0.0,0.0,1.0,0.0,0.0,0.0,0.0,0.0,1.0
window_10_0pct::CrBrKW3KJKCTpR3HL2,window_10_0pct,1784124657.847352,0,0.0478645879253602,0.0036068970219691,-0.2000733622600176,-0.0720825791183115,-0.174904874279393,-0.2491958329446251,-0.2369111029314496,-0.0926807323151586,1.0,0.0,0.0,1.0,0.0,0.0,0.0,0.0,0.0,1.0
window_10_0pct::Ce64NPTiyvYu0ZfM5,window_10_0pct,1784124593.525442,0,0.4551904639815583,-0.0950773601533767,0.2705225405564925,0.0333195117549606,0.283373725688176,-0.2495689161967404,-0.2369983046164255,-0.4033702572297402,1.0,0.0,0.0,1.0,0.0,0.0,0.0,0.0,0.0,1.0
window_10_0pct::CqcA6d1OePthiEiwdi,window_10_0pct,1784125431.970283,0,1.4302770673067768,0.2827602503002203,0.1868213913556506,0.1035875723371421,0.2069939590269145,-0.2495453500448261,-0.2370757184353768,-0.0843068246762157,1.0,0.0,0.0,1.0,0.0,0.0,0.0,0.0,0.0,1.0
window_10_0pct::C3t2ey2Mx5RGsxNPUf,window_10_0pct,1784124335.688707,0,-0.3013167451769615,0.7922464152520061,2.317185590089059,0.9995053447599554,2.01464843667677,-0.2405137914500041,-0.2326190461171784,-0.3239017329430251,1.0,0.0,0.0,1.0,0.0,0.0,0.0,0.0,0.0,1.0
window_10_0pct::C0UBQs3Zzo3WrtSwv,window_10_0pct,1784125458.441337,0,-0.0377168696015538,0.0175854281651999,-0.3114553737473309,-0.1423506397004929,-0.276744563161075,-0.2490212339863529,-0.2369043339754287,0.0650074023456264,1.0,0.0,0.0,1.0,0.0,0.0,0.0,0.0,0.0,1.0
window_10_0pct::ChY7yt4DiwwmFu1USg,window_10_0pct,1784124776.309676,0,-0.3806541544375357,-0.3698493827747943,-0.7379063557416712,-0.4058558668836733,-0.684103318687803,-0.2497985998628026,-0.2350512502817389,-0.6040302242810942,1.0,0.0,0.0,0.0,1.0,0.0,0.0,0.0,0.0,1.0
window_10_0pct::CDMeCb30SdMpmaey9,window_10_0pct,1784126000.729722,0,-0.3760427302211127,-0.2767982650153773,-0.5573540544579261,-0.3180207911559465,-0.5058838631448596,-0.2449911966706936,-0.2340146712379743,-0.2245316694886705,1.0,0.0,0.0,1.0,0.0,0.0,0.0,0.0,0.0,1.0
window_10_0pct::Cz06uL1HKJu9738S57,window_10_0pct,1784125303.407662,0,-0.3856090855893972,-0.2765896302221947,-0.5955506702607468,-0.3355878063014919,-0.53134378536528,-0.2337489636140525,-0.227842147562067,-0.1216413386483288,1.0,0.0,0.0,1.0,0.0,0.0,0.0,0.0,0.0,1.0
window_10_0pct::Cugb3D0jpJCfg0kZh,window_10_0pct,1784125705.797997,0,-0.3041784276049911,0.2018099505453911,0.0023177160233379,0.0157524966094153,0.0033145812635505,-0.2450783988030809,-0.2355972870813358,-0.0353026471817717,1.0,0.0,0.0,1.0,0.0,0.0,0.0,0.0,0.0,1.0
window_10_0pct::CsgG5J1KrzZEl22Wp5,window_10_0pct,1784125161.73292,0,-0.3492570035112655,-0.2767982650153773,-0.5573540544579261,-0.3355878063014919,-0.5058838631448596,-0.2481741593074882,-0.2362169581044749,-0.2245316694886705,1.0,0.0,0.0,1.0,0.0,0.0,0.0,0.0,0.0,1.0
window_10_0pct::CtvB6E4hoQlbpXDup6,window_10_0pct,1784124197.954204,0,-0.3719226539354943,-0.0825592725624237,-0.2946726560141671,-0.1599176548460383,-0.276744563161075,-0.2383934236117337,-0.2323249092027796,-0.1267101005121371,1.0,0.0,0.0,1.0,0.0,0.0,0.0,0.0,0.0,1.0
window_10_0pct::C37a1F1yX18NeoAMth,window_10_0pct,1784124921.752332,0,-0.3892748035498826,-0.2818055000517585,-0.6106338722740966,-0.3355878063014919,-0.53134378536528,-0.1078805239576215,-0.1498661306996084,-0.0946584924501537,1.0,0.0,0.0,1.0,0.0,0.0,0.0,0.0,0.0,1.0
window_10_0pct::C1WxPB3z8k5OH2WU8,window_10_0pct,1784125625.474741,0,-0.3096568924484363,-0.1937616173287226,-0.4767545214457448,-0.2828867608648558,-0.429504096483598,-0.2482451415078521,-0.2365054629909057,-0.1075025819952644,1.0,0.0,0.0,1.0,0.0,0.0,0.0,0.0,0.0,1.0
window_10_0pct::ClXJ8Y3fNB9ig5l2s1,window_10_0pct,1784125109.634718,0,0.000911231485749,-0.0888183163579002,-0.3407507759676255,-0.195051685137129,-0.3022044853814955,-0.2492904873752743,-0.2369665739018083,-0.0829398033791081,1.0,0.0,0.0,1.0,0.0,0.0,0.0,0.0,0.0,1.0
window_10_0pct::C9O8zL3PPlPAMTotF7,window_10_0pct,1784125146.796178,0,0.6123690342716793,0.0897730666063621,0.1914313277456462,0.050886526900506,0.181534036806494,-0.2494746613046266,-0.2370192736632702,-0.2398130552695545,1.0,0.0,0.0,1.0,0.0,0.0,0.0,0.0,0.0,1.0
window_10_0pct::C1SB1tgXXAwSE83ki,window_10_0pct,1784125942.691408,0,0.8172560079911757,-0.2811795956722108,-0.5306929016033433,-0.2477527305737651,-0.429504096483598,-0.2497467145747746,-0.2371109133269693,-0.2889248214664791,1.0,0.0,0.0,1.0,0.0,0.0,0.0,0.0,0.0,1.0
window_10_0pct::C45X052aapoFyqLwk,window_10_0pct,1784124870.546641,0,-0.3892424576609404,-0.3698493827747943,-0.7379063557416712,-0.4058558668836733,-0.684103318687803,-0.2497985998628026,-0.1965149932940215,-0.6040302242810942,1.0,0.0,0.0,0.0,1.0,0.0,0.0,0.0,0.0,1.0
window_10_0pct::C3YYWm2urd7FRNnJOg,window_10_0pct,1784125172.034184,0,0.0553585219062241,0.5771439434807977,0.0692786353840114,0.1562886177737781,0.079694347924812,-0.248295866864377,-0.236775682879819,0.2599525170825971,1.0,0.0,0.0,1.0,0.0,0.0,0.0,0.0,0.0,1.0
window_10_0pct::CHA73h2fRXKBxAQnX6,window_10_0pct,1784124196.97451,0,-0.3895963622517683,-0.2761723606358297,1.1454757210097604,0.296824738938141,0.9198717811986884,0.3176403083554165,1.5671258779461037,-0.5674006052698465,1.0,0.0,0.0,1.0,0.0,0.0,0.0,0.0,0.0,1.0
window_10_0pct::CZDHmx8ckE9bYIh9j,window_10_0pct,1784124565.886908,0,-0.3892686439532095,-0.1891716518787065,1.1531235417489236,0.3143917540836864,0.9453317034191092,0.0373986811222936,0.2470717564545046,-0.5336672789531058,1.0,0.0,0.0,1.0,0.0,0.0,0.0,0.0,0.0,1.0
window_10_0pct::CIk7ye4PJa5XzyrmT1,window_10_0pct,1784125603.424915,0,-0.3897119534350901,-0.3631730693929528,-0.7368866463097827,-0.4585569123203094,-0.7095632409082235,4.449110753733854,4.527449940319026,4.119297628905474,0.0,1.0,1.0,0.0,0.0,0.0,0.0,0.0,0.0,1.0
window_10_0pct::CyeymD1jgm6HrHWZIj,window_10_0pct,1784125623.059433,0,0.0980135260386548,0.2011840461658435,0.5400869776654984,0.1562886177737781,0.4615931812311196,-0.2489717058173474,-0.2368095048011443,-0.274975309194402,1.0,0.0,0.0,1.0,0.0,0.0,0.0,0.0,0.0,1.0
window_10_0pct::CS8dnF4GjmEugG8Hu4,window_10_0pct,1784125165.317746,0,-0.3870995692065538,-0.3698493827747943,-0.7379063557416712,-0.4058558668836733,-0.684103318687803,-0.2497985998628026,-0.2298444835972813,-0.6040302242810942,1.0,0.0,0.0,0.0,1.0,0.0,0.0,0.0,0.0,1.0
window_10_0pct::CWSLQp3TJ8SaYEj4aa,window_10_0pct,1784124903.532586,0,0.305666948629992,0.104168867335958,0.0649448702984856,0.050886526900506,0.0542344257043915,-0.2493171649344391,-0.2369561424002038,-0.1692286049008897,1.0,0.0,0.0,1.0,0.0,0.0,0.0,0.0,0.0,1.0
window_10_0pct::CVSADs3DeCU8B1W6K9,window_10_0pct,1784124769.751821,0,0.1632750612775053,-0.2761723606358297,-0.5955506702607468,-0.3355878063014919,-0.53134378536528,-0.2496789583145076,-0.2370932418468626,-0.1194829991152963,1.0,0.0,0.0,1.0,0.0,0.0,0.0,0.0,0.0,1.0
window_10_0pct::Co2wNb3WlVpg1K0B06,window_10_0pct,1784125903.814561,0,-0.3059287245043499,-0.3698493827747943,-0.7379063557416712,-0.4058558668836733,-0.684103318687803,-0.2497985998628026,-0.2369341501159676,-0.6040302242810942,1.0,0.0,0.0,0.0,1.0,0.0,0.0,0.0,0.0,1.0
window_10_0pct::Cp6isGnD1nW21QGWk,window_10_0pct,1784125806.289342,0,-0.3893693218669431,-0.3698493827747943,-0.7379063557416712,-0.4058558668836733,-0.684103318687803,-0.2497985998628026,-0.1815086590260788,-0.6040302242810942,1.0,0.0,0.0,0.0,1.0,0.0,0.0,0.0,0.0,1.0
window_10_0pct::CJKeW71GmcJplLvGRf,window_10_0pct,1784125764.511532,0,-0.3892648329029282,-0.3698493827747943,-0.7379063557416712,-0.4058558668836733,-0.684103318687803,-0.2497985998628026,-0.1944854305371696,-0.6040302242810942,1.0,0.0,0.0,0.0,1.0,0.0,0.0,0.0,0.0,1.0
window_10_0pct::CojMfs4LQ6GJjiAOAg,window_10_0pct,1784126048.010036,0,-0.3887328764699666,-0.1895889214650716,-0.4767545214457448,-0.2653197457193104,-0.429504096483598,-0.1199003116837754,-0.1786225856741492,-0.0957365241211927,1.0,0.0,0.0,1.0,0.0,0.0,0.0,0.0,0.0,1.0
window_10_0pct::C7vZkD3uiA53W90Enk,window_10_0pct,1784125263.386023,0,0.2434715047569477,0.5085030965237389,1.6092735609470146,0.6481650418490482,1.352690458945837,-0.2488188769791231,-0.2366791491457496,-0.3284416697452348,1.0,0.0,0.0,1.0,0.0,0.0,0.0,0.0,0.0,1.0
window_10_0pct::CVuIBgsBgIyWYeRIb,window_10_0pct,1784125410.434758,0,-0.3834065760822906,-0.0929910122215512,-0.5306291697638502,-0.2653197457193104,-0.4549640187040185,-0.2187928574300403,-0.2280646821395179,0.3795375758500489,1.0,0.0,0.0,1.0,0.0,0.0,0.0,0.0,0.0,1.0
window_10_0pct::CQYs2s3slCkeWLjnL7,window_10_0pct,1784124023.961635,0,-0.2231173774466055,-0.1824953384968649,-0.4682781867931723,-0.2653197457193104,-0.4040441742631775,-0.2490043369790083,-0.2368180206869511,-0.092341025027777,1.0,0.0,0.0,1.0,0.0,0.0,0.0,0.0,0.0,1.0
window_10_0pct::CLrUgx1wkQNFncBgR7,window_10_0pct,1784125035.758462,0,-0.3893207283070539,-0.2818055000517585,-0.5573540544579261,-0.3355878063014919,-0.5058838631448596,-0.09126380296954,-0.1396448963211688,-0.24495311638333,1.0,0.0,0.0,1.0,0.0,0.0,0.0,0.0,0.0,1.0
window_10_0pct::CITwPc3oiESfyW9Dx2,window_10_0pct,1784125457.432138,0,-0.200489730773081,0.0213408544424858,1.4037596225285007,0.4549278752480493,1.1490110811824732,-0.2483385145430149,-0.2358232473854372,-0.4695140154362426,1.0,0.0,0.0,1.0,0.0,0.0,0.0,0.0,0.0,1.0
window_10_0pct::CT7A7v8NYsF2I4Zyi,window_10_0pct,1784124786.142391,0,-0.3893300584413559,-0.1895889214650716,-0.4767545214457448,-0.2653197457193104,-0.429504096483598,0.0826936478072183,-0.0873218074767915,-0.0957365241211927,1.0,0.0,0.0,1.0,0.0,0.0,0.0,0.0,0.0,1.0
window_10_0pct::CXbUvg3bHPwOSFTyOc,window_10_0pct,1784125779.519566,0,-0.3894531436227099,-0.1833298776695951,1.1531235417489236,0.4197938449569585,0.9453317034191092,0.2572242995625413,0.7013515027089172,-0.5313922645545104,1.0,0.0,0.0,1.0,0.0,0.0,0.0,0.0,0.0,1.0
window_10_0pct::Ctk903eHnuBwrxSTb,window_10_0pct,1784125705.42514,0,-0.3891979206811826,-0.3698493827747943,-0.7379063557416712,-0.4058558668836733,-0.684103318687803,-0.2497985998628026,-0.2000299172769469,-0.6040302242810942,1.0,0.0,0.0,0.0,1.0,0.0,0.0,0.0,0.0,1.0
window_10_0pct::CGbzMV2utNvSIzw9Qh,window_10_0pct,1784125774.437705,0,-0.3893848649739727,-0.1866680343605159,1.1531235417489236,0.3319587692292318,0.9453317034191092,0.1445228222298301,0.4331761011891669,-0.5326922727822792,1.0,0.0,0.0,1.0,0.0,0.0,0.0,0.0,0.0,1.0
window_10_0pct::CBoEZh17GNL9OBq3Uj,window_10_0pct,1784125193.115489,0,-0.3086971055893584,-0.1044659258465914,-0.3410057033255976,-0.1247836245549475,-0.276744563161075,-0.2474851051229108,-0.2359821114174645,-0.1116377052249961,1.0,0.0,0.0,1.0,0.0,0.0,0.0,0.0,0.0,1.0
window_10_0pct::CPtsJI2lfSr7EkYzxi,window_10_0pct,1784125865.659899,0,-0.3897121349136749,-0.3631730693929528,-0.7368866463097827,-0.4585569123203094,-0.7095632409082235,5.486532299333116,5.579377342336606,4.119297628905474,0.0,1.0,1.0,0.0,0.0,0.0,0.0,0.0,0.0,1.0
window_10_0pct::COoVNA1WxEr4t48LC9,window_10_0pct,1784125346.64596,0,-0.3882626547814776,-0.0967464384988371,-0.5306291697638502,-0.2477527305737651,-0.4549640187040185,-0.1168044404887333,-0.1943059043165062,0.3661960382446528,1.0,0.0,0.0,1.0,0.0,0.0,0.0,0.0,0.0,1.0
window_10_0pct::CB614F1aIfqQE4gmUd,window_10_0pct,1784125895.35797,0,0.628649221911147,0.0019378186765087,-0.0507921502208511,-0.00181451853613,-0.0476052631772904,-0.2495407559736735,-0.2370356467384106,-0.2055610429117319,1.0,0.0,0.0,1.0,0.0,0.0,0.0,0.0,0.0,1.0
window_10_0pct::C7Ckup2lIGEE5wgYZi,window_10_0pct,1784124910.06712,0,-0.3892553319652521,-0.3698493827747943,-0.7379063557416712,-0.4058558668836733,-0.684103318687803,-0.2497985998628026,-0.1953714646819458,-0.6040302242810942,1.0,0.0,0.0,0.0,1.0,0.0,0.0,0.0,0.0,1.0
window_10_0pct::CGYE5A4KAB7Im6SJAa,window_10_0pct,1784124744.356197,0,-0.0751694911941106,-0.2749205518767343,-0.5940211061129143,-0.3355878063014919,-0.53134378536528,-0.2495854514347871,-0.2370408078587514,-0.1182269946217601,1.0,0.0,0.0,1.0,0.0,0.0,0.0,0.0,0.0,1.0
window_10_0pct::CXXNXGrO9DqGW9b4l,window_10_0pct,1784125386.714635,0,0.1714731321674849,0.0853917359495285,0.202903058854391,0.0157524966094153,0.181534036806494,-0.2492256729092578,-0.2369238580175054,-0.2476835766989867,1.0,0.0,0.0,1.0,0.0,0.0,0.0,0.0,0.0,1.0
window_10_0pct::C96sb34WdpEuwUgEYh,window_10_0pct,1784124513.986851,0,-0.0385123329396794,0.7046198021153354,0.0881432598739474,0.1914226480648689,0.130614192365653,-0.2476378556662108,-0.2366450888795174,0.3538678917594985,1.0,0.0,0.0,1.0,0.0,0.0,0.0,0.0,0.0,1.0
window_10_0pct::Cv2ZbT1AY8b3JdRDQ,window_10_0pct,1784124652.451531,0,-0.3883867968087079,0.0019378186765087,-0.1931265917552777,-0.0720825791183115,-0.1494449520589724,-0.0517995306105334,-0.1542415555880259,-0.1014571819183715,1.0,0.0,0.0,1.0,0.0,0.0,0.0,0.0,0.0,1.0
window_10_0pct::CtgS3w1tBdbFHB4FQi,window_10_0pct,1784125405.105734,0,-0.1179742151590208,-0.187085303946881,-0.4385579056429241,-0.2653197457193104,-0.4040441742631775,-0.2493235885519474,-0.2369512743436356,-0.1544308842961288,1.0,0.0,0.0,1.0,0.0,0.0,0.0,0.0,0.0,1.0
window_10_0pct::Ce7NNO3TrQaXYkKrW9,window_10_0pct,1784124419.327604,0,0.1847181758774642,0.169471557602096,-0.3256675739542758,-0.0896495942638568,-0.276744563161075,-0.2491355075657633,-0.2369792980829978,0.3593965550073292,1.0,0.0,0.0,1.0,0.0,0.0,0.0,0.0,0.0,1.0
window_10_0pct::CLesmo33ehR1wCaaCk,window_10_0pct,1784125705.421102,0,-0.3891547181027837,-0.279719152119933,-0.6106338722740966,-0.3355878063014919,-0.53134378536528,-0.1357696481921363,-0.1686448553052714,-0.0825880722645864,1.0,0.0,0.0,1.0,0.0,0.0,0.0,0.0,0.0,1.0
window_10_0pct::Cifot414uS4LHZfwU8,window_10_0pct,1784125161.733088,0,-0.3492591705790724,-0.3698493827747943,-0.7379063557416712,-0.4058558668836733,-0.684103318687803,-0.2497985998628026,-0.2366896587267417,-0.6040302242810942,1.0,0.0,0.0,0.0,1.0,0.0,0.0,0.0,0.0,1.0
window_10_0pct::C2moKz3NCLm4Y4MJW,window_10_0pct,1784124357.079386,0,-0.3729219497500093,-0.0024435119803247,-0.1271853818264926,-0.0896495942638568,-0.1239850298385519,-0.2343448451641028,-0.2308980339175822,-0.1610026003598102,1.0,0.0,0.0,1.0,0.0,0.0,0.0,0.0,0.0,1.0
window_10_0pct::CjpqM03REsC5QYkhY3,window_10_0pct,1784125867.745037,0,0.5690893915254964,0.5779784826535278,1.0770277253942495,0.4373608601025039,0.9453317034191092,-0.2491004236425628,-0.2369031078308915,-0.2194329608181058,1.0,0.0,0.0,1.0,0.0,0.0,0.0,0.0,0.0,1.0
window_10_0pct::Cvo6RC3N6nhYfBTaPl,window_10_0pct,1784125439.937398,0,0.3086217402472469,0.5130930619737549,0.2310937758568066,0.2265566783559596,0.2579138034677555,-0.2489056369058358,-0.2368885502133929,0.0669994008474246,1.0,0.0,0.0,1.0,0.0,0.0,0.0,0.0,0.0,1.0
window_10_0pct::CyoPj01HwQ1xZV9Bq5,window_10_0pct,1784124366.879299,0,-0.3891451317634207,-0.0053643990848804,-0.3967498189354985,-0.1774846699915836,-0.3531243298223365,0.2035472999539753,-0.0940207030190906,0.1827284817749646,1.0,0.0,0.0,1.0,0.0,0.0,0.0,0.0,0.0,1.0
window_10_0pct::CCiq5G49ffBqG96CVa,window_10_0pct,1784124409.490634,0,-0.3887354171701541,-0.1895889214650716,-0.4767545214457448,-0.2653197457193104,-0.429504096483598,-0.1195626961440673,-0.1784704362142921,-0.0957365241211927,1.0,0.0,0.0,1.0,0.0,0.0,0.0,0.0,0.0,1.0
window_10_0pct::Cy2HIl453B4qlnKOC4,window_10_0pct,1784125891.65396,0,1.0426156982919466,0.5368774283965656,0.797754804735806,0.4549278752480493,0.7161924034353246,-0.2493515062696388,-0.2369854948245441,-0.1692020198905434,1.0,0.0,0.0,1.0,0.0,0.0,0.0,0.0,0.0,1.0
window_10_0pct::Cjr6sS3K2XH268DxIk,window_10_0pct,1784125974.956533,0,-0.1015154952929301,0.2596017882569573,-0.1366389380179582,-0.0369485488272207,-0.0985251076181314,-0.2482560594038076,-0.2367476644356673,0.1669117434179609,1.0,0.0,0.0,1.0,0.0,0.0,0.0,0.0,0.0,1.0
window_10_0pct::CQwgXf4E9munOfWcG2,window_10_0pct,1784125935.748039,0,-0.3893530528455741,-0.1958479652605481,1.1531235417489236,0.296824738938141,0.9453317034191092,0.0916542254513875,0.3473554959453307,-0.5362672954086435,1.0,0.0,0.0,1.0,0.0,0.0,0.0,0.0,0.0,1.0
window_10_0pct::CtB2xJ3dJjJmzzjEjb,window_10_0pct,1784124090.611618,0,-0.3855458136145591,-0.1895889214650716,-0.4767545214457448,-0.2653197457193104,-0.429504096483598,-0.2192475096058627,-0.2233942881711169,-0.0957365241211927,1.0,0.0,0.0,1.0,0.0,0.0,0.0,0.0,0.0,1.0
window_10_0pct::Cvpq2N1K6aDpnAbTr6,window_10_0pct,1784124475.255401,0,0.9127245789474449,0.4440349454303311,2.034747321402462,0.8414022084500472,1.7345892922521446,-0.2493572627481594,-0.2368870909551378,-0.387854765953964,1.0,0.0,0.0,1.0,0.0,0.0,0.0,0.0,0.0,1.0
window_10_0pct::CrUb9C4Yj5LLCI8zOg,window_10_0pct,1784126028.74831,0,-0.3897120601871988,-0.3631730693929528,-0.7368866463097827,-0.4585569123203094,-0.7095632409082235,5.008504724400122,5.094665696308897,4.119297628905474,0.0,1.0,1.0,0.0,0.0,0.0,0.0,0.0,0.0,1.0
window_10_0pct::CFyVfV1eo4iJBOp4H5,window_10_0pct,1784124225.884727,0,-0.3086038789728134,0.1615434354611591,0.1094296942646183,0.0684535420460513,0.1051542701452325,-0.2451714785517404,-0.2353350499803102,-0.1421899896328667,1.0,0.0,0.0,1.0,0.0,0.0,0.0,0.0,0.0,1.0
window_10_0pct::Cv92Da1CcBz2UeZ3v7,window_10_0pct,1784125404.621676,0,-0.032295250256002,-0.3698493827747943,-0.7379063557416712,-0.4058558668836733,-0.684103318687803,-0.2497985998628026,-0.2371089023535159,-0.6040302242810942,1.0,0.0,0.0,0.0,1.0,0.0,0.0,0.0,0.0,1.0
window_10_0pct::CakJXoDuBFd79FlXg,window_10_0pct,1784125481.198872,0,0.6038004054619116,0.182406914779414,2.3883952987492676,0.7887011630134111,1.9891885144563497,-0.2494060167323603,-0.2368159200220949,-0.4739385503077922,1.0,0.0,0.0,1.0,0.0,0.0,0.0,0.0,0.0,1.0
window_10_0pct::Clwm7pafjUhYdcSP6,window_10_0pct,1784124133.212532,0,0.2929435277488501,-0.0018176076007771,-0.2050019578474783,-0.0896495942638568,-0.1494449520589724,-0.2494178429772437,-0.2370083278390328,-0.0954477899576242,1.0,0.0,0.0,1.0,0.0,0.0,0.0,0.0,0.0,1.0
window_10_0pct::ClU5tI26YGw8oLFOi4,window_10_0pct,1784125764.650426,0,-0.2429369739515212,-0.3698493827747943,-0.7379063557416712,-0.4058558668836733,-0.684103318687803,-0.2497985998628026,-0.2370321122561512,-0.6040302242810942,1.0,0.0,0.0,0.0,1.0,0.0,0.0,0.0,0.0,1.0
window_10_0pct::C5FZm53LJSSmvF5FB6,window_10_0pct,1784124080.822912,0,-0.3882629003113277,-0.1916752693968971,1.1531235417489236,0.3143917540836864,0.9453317034191092,-0.163017665213404,-0.0887878480906871,-0.5346422851239325,1.0,0.0,0.0,1.0,0.0,0.0,0.0,0.0,0.0,1.0
window_10_0pct::CUSXgm4CF3PiqPrcBg,window_10_0pct,1784125721.660828,0,-0.3803439968608613,-0.2790932477403853,-0.5940211061129143,-0.3355878063014919,-0.53134378536528,-0.2429571322533095,-0.2330798696205051,-0.1395809827386539,1.0,0.0,0.0,1.0,0.0,0.0,0.0,0.0,0.0,1.0
window_10_0pct::CHgFhh3f0EiayqAZ8d,window_10_0pct,1784124590.04832,0,0.3103629738925754,0.2053567420294945,0.1721630682722544,0.1035875723371421,0.130614192365653,-0.2492183126178507,-0.236937037620719,-0.1385711544350588,1.0,0.0,0.0,1.0,0.0,0.0,0.0,0.0,0.0,1.0
window_10_0pct::CqR8mZ3KCzKn3YcFIj,window_10_0pct,1784123939.486612,0,0.255508947262667,-0.3698493827747943,-0.7379063557416712,-0.3882888517381279,-0.6331834742469621,-0.2497985998628026,-0.2371253596053555,-0.6040302242810942,1.0,0.0,0.0,0.0,1.0,0.0,0.0,0.0,0.0,1.0
window_10_0pct::CnEESs2TE83DEEJc0b,window_10_0pct,1784124526.702211,0,-0.2653828004334743,-0.3698493827747943,-0.7379063557416712,-0.4058558668836733,-0.684103318687803,-0.2497985998628026,-0.2370085890777019,-0.6040302242810942,1.0,0.0,0.0,0.0,1.0,0.0,0.0,0.0,0.0,1.0
window_10_0pct::CFTA0G2qyTqEZAw6q2,window_10_0pct,1784124061.056168,0,0.3540090966279933,-0.0760915939737647,-0.4804722120828381,-0.2301857154282197,-0.429504096483598,-0.2495196389213543,-0.2370724085960735,0.2362614541965228,1.0,0.0,0.0,1.0,0.0,0.0,0.0,0.0,0.0,1.0
window_10_0pct::C0tS0b41kzJLHsvube,window_10_0pct,1784124721.70596,0,-0.3883052915737003,-0.0053643990848804,-0.3500768684801051,-0.195051685137129,-0.3022044853814955,-0.0669275764737228,-0.1828183030449419,0.0880519808599643,1.0,0.0,0.0,1.0,0.0,0.0,0.0,0.0,0.0,1.0
window_10_0pct::CnQ61dof1g3kEf7M2,window_10_0pct,1784125605.892961,0,0.072244239531983,-0.0074507470167059,-0.2219546271526235,-0.0720825791183115,-0.2003647964998135,-0.2492445491901629,-0.2369243655859222,-0.0867781301807818,1.0,0.0,0.0,1.0,0.0,0.0,0.0,0.0,0.0,1.0
window_08_22pct::Ccki5F3YKhlbtl7wfg,window_08_22pct,1783719130.414188,1,-0.0755702386102447,-0.32603607620645897,-0.7379063557416712,-0.35315482144703725,-0.6077235520265416,-0.24970009816813526,-0.237055872390536,1518.2410825660247,1.0,0.0,0.0,1.0,0.0,0.0,0.0,1.0,0.0,0.0
window_10_0pct::C30EXx4WxIzUqdsPj4,window_10_0pct,1784124286.807756,0,-0.3893091990793121,-0.1845816864286904,-0.4767545214457448,-0.2828867608648558,-0.429504096483598,0.0742748243045305,-0.106904645461349,-0.0816172546723065,1.0,0.0,0.0,1.0,0.0,0.0,0.0,0.0,0.0,1.0
window_10_0pct::CZJ9Xc3vJpFzE0YlWk,window_10_0pct,1784124455.689449,0,-0.2043324757554563,-0.2738773779108216,-0.5940211061129143,-0.3355878063014919,-0.53134378536528,-0.2494329669925876,-0.2369560821375469,-0.1128884975925367,1.0,0.0,0.0,1.0,0.0,0.0,0.0,0.0,0.0,1.0
window_10_0pct::CFsgho31AmLdk7HTWf,window_10_0pct,1784124116.330806,0,0.2342250641080746,-0.0975809776715673,-0.2805241876467152,-0.1774846699915836,-0.2512846409406545,-0.249490408498353,-0.2370321415120399,-0.1656605486215581,1.0,0.0,0.0,1.0,0.0,0.0,0.0,0.0,0.0,1.0
window_10_0pct::CGiMZV2p2rWKv16SN5,window_10_0pct,1784124595.783281,0,-0.3892580007679701,-0.1897975562582541,-0.5497062337187629,-0.2828867608648558,-0.480423940924439,0.0297083899819137,-0.1215631521652696,0.1004539917449371,1.0,0.0,0.0,1.0,0.0,0.0,0.0,0.0,0.0,1.0
window_10_0pct::CutY6p2lkUOy0jNO9l,window_10_0pct,1784124525.069119,0,0.1798560870345563,-0.2761723606358297,-0.5955506702607468,-0.3180207911559465,-0.5058838631448596,-0.2496824412629139,-0.2370868611176342,-0.1194829991152963,1.0,0.0,0.0,1.0,0.0,0.0,0.0,0.0,0.0,1.0
window_10_0pct::C8SM9v1aPXRwODQB11,window_10_0pct,1784125506.471495,0,-0.3892506989237337,-0.1879198431196112,-0.4767545214457448,-0.2653197457193104,-0.429504096483598,0.0281621481219979,-0.1130461398200325,-0.091030100971564,1.0,0.0,0.0,1.0,0.0,0.0,0.0,0.0,0.0,1.0
window_10_0pct::CrW2qJ7nyjVR7kdQj,window_10_0pct,1784124998.694055,0,0.6936331589664826,0.4404881539462277,0.8394141838177478,0.4022268298114132,0.7161924034353246,-0.2492703208036948,-0.2369417443823462,-0.225689748438383,1.0,0.0,0.0,1.0,0.0,0.0,0.0,0.0,0.0,1.0
window_10_0pct::CJH4Nd35LNRYVeMbg3,window_10_0pct,1784125738.935838,0,0.39025778928883,-0.0157961387440079,-0.0968702701743095,-0.0369485488272207,-0.0985251076181314,-0.2494780062001925,-0.2370091624308352,-0.1972925840868767,1.0,0.0,0.0,1.0,0.0,0.0,0.0,0.0,0.0,1.0
window_10_0pct::CoZw9Z2SRNLMnUvOvj,window_10_0pct,1784124690.301337,0,-0.3892201357950072,-0.0850628900806143,-0.3407507759676255,-0.1599176548460383,-0.3022044853814955,0.1583278617152238,-0.0625339231176797,-0.0759764569973443,1.0,0.0,0.0,1.0,0.0,0.0,0.0,0.0,0.0,1.0
window_10_0pct::CHdSDG2ljCulKk2Pxl,window_10_0pct,1784124984.597642,0,0.2209623635993129,0.1162696853405459,1.5483671663381786,0.5251959358302307,1.2763106922845755,-0.2492363919458144,-0.2367161413501141,-0.4474441662050941,1.0,0.0,0.0,1.0,0.0,0.0,0.0,0.0,0.0,1.0
window_10_0pct::Cwxfsx3hrQZXfZT5rb,window_10_0pct,1784124327.773833,0,-0.3844619808051487,-0.2784673433608376,-0.5573540544579261,-0.3180207911559465,-0.5058838631448596,-0.2375076492400528,-0.2289676855209343,-0.231338818453557,1.0,0.0,0.0,1.0,0.0,0.0,0.0,0.0,0.0,1.0
window_10_0pct::C1kjOzzhiURTSpbyg,window_10_0pct,1784124514.002824,0,-0.038683136313631,-0.0074507470167059,-0.2134782925000509,-0.1072166094094022,-0.174904874279393,-0.2490694660958039,-0.2368763829037361,-0.0951381409372944,1.0,0.0,0.0,1.0,0.0,0.0,0.0,0.0,0.0,1.0
window_10_0pct::C5RVW4261JteTvkKh9,window_10_0pct,1784125629.530397,0,-0.3886670637949408,-0.2790932477403853,-0.5815509095187786,-0.3180207911559465,-0.5058838631448596,-0.1885137170531518,-0.1960202493372882,-0.1766183016879016,1.0,0.0,0.0,1.0,0.0,0.0,0.0,0.0,0.0,1.0
window_10_0pct::C6CjkW1QT5Q2ropqz2,window_10_0pct,1784124884.595619,0,-0.3889907361885792,-0.1854162256014206,-0.4767545214457448,-0.2653197457193104,-0.429504096483598,-0.0694412985361683,-0.1577216861487437,-0.0839704662471209,1.0,0.0,0.0,1.0,0.0,0.0,0.0,0.0,0.0,1.0
window_10_0pct::CfJy8h4McE8pjINwjj,window_10_0pct,1784125713.906835,0,-0.3688688924382451,-0.3698493827747943,-0.7379063557416712,-0.4058558668836733,-0.684103318687803,-0.2497985998628026,-0.2362449028149804,-0.6040302242810942,1.0,0.0,0.0,0.0,1.0,0.0,0.0,0.0,0.0,1.0
window_10_0pct::Cq6N1J1i6dHDvtpiFf,window_10_0pct,1784124284.9918,0,-0.3897118573581922,-0.3631730693929528,-0.7368866463097827,-0.4585569123203094,-0.7095632409082235,4.03852644128366,4.111124589320634,4.119297628905474,0.0,1.0,1.0,0.0,0.0,0.0,0.0,0.0,0.0,1.0
window_10_0pct::CUt1DG2Gc09cdJRZWl,window_10_0pct,1784124766.808411,0,-0.3893218171785628,-0.1891716518787065,1.1531235417489236,0.2441236935015049,0.9453317034191092,0.0764415210946398,0.2640061489045874,-0.5336672789531058,1.0,0.0,0.0,1.0,0.0,0.0,0.0,0.0,0.0,1.0
window_10_0pct::CSG98v2r4J5nUuXo58,window_10_0pct,1784124727.09533,0,-0.3414202137828263,-0.094451455773829,-0.3410057033255976,-0.195051685137129,-0.276744563161075,-0.2457710264865415,-0.2355783559462609,-0.0930568554492942,1.0,0.0,0.0,1.0,0.0,0.0,0.0,0.0,0.0,1.0
window_10_0pct::Ch2n4Ho9zA8kK1Prb,window_10_0pct,1784125059.791727,0,1.432210732303283,0.1721838099134691,-0.2540542303106113,-0.0896495942638568,-0.174904874279393,-0.2495884832606782,-0.2371046769612056,0.2209372351713639,1.0,0.0,0.0,1.0,0.0,0.0,0.0,0.0,0.0,1.0
window_10_0pct::Cwv9or4A0yrrhwOFph,window_10_0pct,1784125623.059102,0,0.0980167392771273,-0.1799917209786743,-0.4516654206319899,-0.2477527305737651,-0.4040441742631775,-0.2495236752650853,-0.2370349728484833,-0.1155951849174832,1.0,0.0,0.0,1.0,0.0,0.0,0.0,0.0,0.0,1.0
window_10_0pct::CCK0Tr1ui0jzfapD96,window_10_0pct,1784125316.686658,0,-0.3895894767407559,-0.2818055000517585,-0.5573540544579261,-0.3180207911559465,-0.5058838631448596,0.2537792947902842,0.1113170616360246,-0.24495311638333,1.0,0.0,0.0,1.0,0.0,0.0,0.0,0.0,0.0,1.0
window_10_0pct::CiMXo421dBx7gUM3gl,window_10_0pct,1784125414.029074,0,-0.0602940225276539,-0.1864593995673333,-0.4627547607037766,-0.2477527305737651,-0.4040441742631775,-0.2494054195877856,-0.2369737296417829,-0.1132210151099594,1.0,0.0,0.0,1.0,0.0,0.0,0.0,0.0,0.0,1.0
window_10_0pct::Cu66A11pvbPi5gakR2,window_10_0pct,1784125182.896175,0,-0.3893909071433262,-0.3698493827747943,-0.7379063557416712,-0.4058558668836733,-0.684103318687803,-0.2497985998628026,-0.1777784851842275,-0.6040302242810942,1.0,0.0,0.0,0.0,1.0,0.0,0.0,0.0,0.0,1.0
window_10_0pct::CMD9zm3OM1wfYrC5Z1,window_10_0pct,1784125714.565789,0,-0.3453594946971169,0.2635658493274258,2.425126082243749,0.98193832961441,2.0401083588971907,-0.2397124446766766,-0.2282153066375568,-0.4565531215926844,1.0,0.0,0.0,1.0,0.0,0.0,0.0,0.0,0.0,1.0
window_10_0pct::CUiIjU1Mj3cxs0qVc7,window_10_0pct,1784124105.372253,0,0.1965253861103076,-0.2790932477403853,-0.5573540544579261,-0.3180207911559465,-0.480423940924439,-0.2496892630419691,-0.237089009299959,-0.2338914993153894,1.0,0.0,0.0,1.0,0.0,0.0,0.0,0.0,0.0,1.0
window_10_0pct::C5JWSs2Koyytnc9jQ5,window_10_0pct,1784124922.45375,0,-0.0031232082582544,0.0853917359495285,0.2295642117089739,0.1211545874826874,0.181534036806494,-0.24896692070548,-0.2367419153485237,-0.2575034142712397,1.0,0.0,0.0,1.0,0.0,0.0,0.0,0.0,0.0,1.0
window_10_0pct::COkIg73QpaPK8hxuU1,window_10_0pct,1784124593.495834,0,-0.3894573710062152,-0.1895889214650716,-0.4767545214457448,-0.2477527305737651,-0.429504096483598,0.2483148384225667,0.0060234680462407,-0.0957365241211927,1.0,0.0,0.0,1.0,0.0,0.0,0.0,0.0,0.0,1.0
window_10_0pct::CbWdQm1l5rwjQ0yvBc,window_10_0pct,1784125245.311375,0,-0.3897120174863553,-0.3631730693929528,-0.7368866463097827,-0.4585569123203094,-0.7095632409082235,4.769490936933626,4.852309873295043,4.119297628905474,0.0,1.0,1.0,0.0,0.0,0.0,0.0,0.0,0.0,1.0
window_10_0pct::CKkEYe2KgmVdLKsC3d,window_10_0pct,1784124625.786587,0,0.7532947988382193,0.0042328014015168,-0.1774485592399931,-0.0896495942638568,-0.0985251076181314,-0.2495674559198845,-0.2370703850879077,-0.1124999121513464,1.0,0.0,0.0,1.0,0.0,0.0,0.0,0.0,0.0,1.0
window_10_0pct::C5s0CxHAKvfbgbCsc,window_10_0pct,1784124409.621541,0,0.3182882290935106,-0.0850628900806143,-0.3322744413150529,-0.195051685137129,-0.276744563161075,-0.2495145137062338,-0.237054361708939,-0.0870104163137212,1.0,0.0,0.0,1.0,0.0,0.0,0.0,0.0,0.0,1.0
window_10_0pct::COALq04bSf5gyuU9i3,window_10_0pct,1784125212.906323,0,-0.266056662444557,0.091650779745005,0.2004387610606607,0.0333195117549606,0.181534036806494,-0.2471627522443643,-0.2360411310743058,-0.2418355296913282,1.0,0.0,0.0,1.0,0.0,0.0,0.0,0.0,0.0,1.0
window_10_0pct::COrHRh4Oh7ac4G7N9a,window_10_0pct,1784125411.884681,0,-0.3351157224725292,-0.1824953384968649,-0.4228798731276394,-0.2653197457193104,-0.378584252042757,-0.247375021329135,-0.2361115557341485,-0.1660753351292159,1.0,0.0,0.0,1.0,0.0,0.0,0.0,0.0,0.0,1.0
window_10_0pct::C2cVRiVcnlB7VUZUk,window_10_0pct,1784124327.773895,0,-0.3844628454972294,-0.3698493827747943,-0.7379063557416712,-0.4058558668836733,-0.684103318687803,-0.2497985998628026,-0.2335197103762945,-0.6040302242810942,1.0,0.0,0.0,0.0,1.0,0.0,0.0,0.0,0.0,1.0
window_10_0pct::C98WMs4hvXeYcgBfP8,window_10_0pct,1784124022.440549,0,-0.3897121562640966,-0.3631730693929528,-0.7368866463097827,-0.4585569123203094,-0.7095632409082235,5.639501123311674,5.734485069065473,4.119297628905474,0.0,1.0,1.0,0.0,0.0,0.0,0.0,0.0,0.0,1.0
window_10_0pct::CDFvOs3aHwWvZYgJPc,window_10_0pct,1784125047.579683,0,0.2532691278935628,-0.1824953384968649,-0.4667486226453396,-0.2477527305737651,-0.4040441742631775,-0.249592807682124,-0.2370657434127059,-0.0952271685723316,1.0,0.0,0.0,1.0,0.0,0.0,0.0,0.0,0.0,1.0
window_10_0pct::C1UuzhulsxyeP3t79,window_10_0pct,1784125949.419043,0,-0.3897122309905728,-0.3631730693929528,-0.7368866463097827,-0.4585569123203094,-0.7095632409082235,6.245752565403164,6.349213486027672,4.119297628905474,0.0,1.0,1.0,0.0,0.0,0.0,0.0,0.0,0.0,1.0
window_10_0pct::CUaIIs1XmrxRudBRG2,window_10_0pct,1784125688.309847,0,-0.388829070795134,-0.1067609085715994,-0.5306291697638502,-0.2653197457193104,-0.4549640187040185,-0.039580463057254,-0.1722516303737403,0.3306186046302633,1.0,0.0,0.0,1.0,0.0,0.0,0.0,0.0,0.0,1.0
window_10_0pct::CWhXKf4Ukn606uwUK,window_10_0pct,1784124094.99034,0,0.1526972403543117,0.2629399449478781,-0.1001205939884538,0.0333195117549606,-0.0730651853977109,-0.2489746591370555,-0.2369067857521022,0.1266250395552023,1.0,0.0,0.0,1.0,0.0,0.0,0.0,0.0,0.0,1.0
window_10_0pct::CAE1rn4NrZJ5RnJFA3,window_10_0pct,1784125565.83892,0,-0.3892515529406034,-0.2765896302221947,-0.5573540544579261,-0.2828867608648558,-0.5058838631448596,-0.1070481102254187,-0.1231785783771454,-0.2236807758680597,1.0,0.0,0.0,1.0,0.0,0.0,0.0,0.0,0.0,1.0
window_10_0pct::Ca05t841bEg9lSee2i,window_10_0pct,1784124232.457007,0,0.482406593843342,-0.094451455773829,-0.2877258855094272,-0.1599176548460383,-0.225824718720234,-0.2495755770372069,-0.2370637301708071,-0.1535287886802377,1.0,0.0,0.0,1.0,0.0,0.0,0.0,0.0,0.0,1.0
window_10_0pct::C2oidS1nElIOK70YO7,window_10_0pct,1784124953.596106,0,-0.3889651477081191,-0.0187170258485636,-0.3500768684801051,-0.1774846699915836,-0.3022044853814955,0.0818244576050146,-0.1284723051322501,0.0626980821026501,1.0,0.0,0.0,1.0,0.0,0.0,0.0,0.0,0.0,1.0
window_10_0pct::Cbebe618bjdLc4BS8k,window_10_0pct,1784125620.019813,0,-0.1331951870253491,-0.2790932477403853,-0.5573540544579261,-0.3180207911559465,-0.5058838631448596,-0.2495487246330823,-0.236994662153778,-0.2338914993153894,1.0,0.0,0.0,1.0,0.0,0.0,0.0,0.0,0.0,1.0
window_10_0pct::ClmgLs2ETjgLcJFPcj,window_10_0pct,1784124251.692829,0,1.5527035454490472,1.2896317621992042,3.441054091655592,1.526515799126316,3.0075854032731697,-0.2491952146918256,-0.2368818056579863,-0.3115850155217958,1.0,0.0,0.0,1.0,0.0,0.0,0.0,0.0,0.0,1.0
window_10_0pct::Cbx5G23nOG3c1FR5Yi,window_10_0pct,1784125107.203901,0,-0.3883521877750609,-0.279719152119933,-0.6106338722740966,-0.3355878063014919,-0.53134378536528,-0.2030196246551918,-0.2090539257451951,-0.0825880722645864,1.0,0.0,0.0,1.0,0.0,0.0,0.0,0.0,0.0,1.0
window_10_0pct::CYQBY8xStXjVWMhxd,window_10_0pct,1784124737.61266,0,-0.1041603321625172,0.2771271108842915,-0.1376586474498466,-0.00181451853613,-0.1239850298385519,-0.248198426580641,-0.2367103360315855,0.189722589240642,1.0,0.0,0.0,1.0,0.0,0.0,0.0,0.0,0.0,1.0
window_10_0pct::CMQo1GdqaF1xXGVLf,window_10_0pct,1784124421.071534,0,-0.3892082009092523,-0.1833298776695951,1.1531235417489236,0.3143917540836864,0.9453317034191092,0.0111815267411357,0.1890861411077168,-0.5313922645545104,1.0,0.0,0.0,1.0,0.0,0.0,0.0,0.0,0.0,1.0
window_10_0pct::CtIRc926iJLXcUQM66,window_10_0pct,1784125128.476665,0,-0.260369892211367,-0.1833298776695951,0.0083509968286778,-0.1247836245549475,-0.0221453409568699,-0.2487801356415976,-0.236423113348142,-0.4199674663596735,1.0,0.0,0.0,1.0,0.0,0.0,0.0,0.0,0.0,1.0
window_10_0pct::CRMjEd2GiXNj0Ha5U,window_10_0pct,1784125587.510488,0,-0.3852191414866657,-0.279719152119933,-0.6191102069266692,-0.3355878063014919,-0.5568037075857005,-0.2356334908264756,-0.2286508993762216,-0.0453888198679144,1.0,0.0,0.0,1.0,0.0,0.0,0.0,0.0,0.0,1.0
window_10_0pct::CC9G4h4QIA7QYuiWQ1,window_10_0pct,1784125425.25562,0,0.1985081570768254,0.0025637230560564,-0.1971204536968407,-0.0545155639727661,-0.1494449520589724,-0.2493514542065801,-0.2369673345893212,-0.0968933480302556,1.0,0.0,0.0,1.0,0.0,0.0,0.0,0.0,0.0,1.0
window_10_0pct::CvOH8l2UkVfouBmXPb,window_10_0pct,1784124110.057785,0,-0.1625164471206652,-0.3698493827747943,-0.7379063557416712,-0.4058558668836733,-0.6586433964673826,-0.2497985998628026,-0.2370782336199216,-0.6040302242810942,1.0,0.0,0.0,0.0,1.0,0.0,0.0,0.0,0.0,1.0
window_10_0pct::C9qWOz485E0sRoN4Tc,window_10_0pct,1784126005.222018,0,-0.0799124980597416,-0.1831212428764126,-0.4761596909438099,-0.2477527305737651,-0.4040441742631775,-0.249372910906201,-0.2369617812382061,-0.0786956017525454,1.0,0.0,0.0,1.0,0.0,0.0,0.0,0.0,0.0,1.0
window_10_0pct::CUE0xz2sWWSdqi7k8k,window_10_0pct,1784124192.013801,0,0.8643243257766672,0.2618967709819654,3.579033524157995,1.280577587088681,3.0075854032731697,-0.2494428073312739,-0.2367811498234164,-0.4962579306952728,1.0,0.0,0.0,1.0,0.0,0.0,0.0,0.0,0.0,1.0
window_10_0pct::CK5dZaRAJpEiQasij,window_10_0pct,1784124568.782269,0,-0.3556839715158968,-0.273668743117639,-0.1220868346670504,-0.2126187002826743,-0.1239850298385519,-0.2478024031776207,-0.2350548781437483,-0.4890132643182296,1.0,0.0,0.0,1.0,0.0,0.0,0.0,0.0,0.0,1.0
window_10_0pct::CvKWHw2AJ68lF7YZGk,window_10_0pct,1784124690.305883,0,-0.3892688254317943,-0.3698493827747943,-0.7379063557416712,-0.4058558668836733,-0.684103318687803,-0.2497985998628026,-0.1941017849666099,-0.6040302242810942,1.0,0.0,0.0,0.0,1.0,0.0,0.0,0.0,0.0,1.0
window_10_0pct::CjcNgu16JyjxjwBzw2,window_10_0pct,1784124676.733917,0,-0.3527285500612004,-0.2770068998085598,-0.5815509095187786,-0.3355878063014919,-0.5058838631448596,-0.2480256650893859,-0.2361282131297167,-0.1667927402489777,1.0,0.0,0.0,1.0,0.0,0.0,0.0,0.0,0.0,1.0
window_10_0pct::CKiiZe39WyydMJfR9c,window_10_0pct,1784124441.369254,0,-0.2679049791301423,0.3539047147754697,1.7230986262815604,0.5954639964124121,1.4799900700479396,-0.2456021699735167,-0.2347680690631481,-0.3874506725991992,1.0,0.0,0.0,1.0,0.0,0.0,0.0,0.0,0.0,1.0
window_10_0pct::CJgvhF1RxGgDf0zxZ1,window_10_0pct,1784126307.925518,0,-0.3894029808068224,-0.3623385302202226,-0.7331477117261919,-0.4585569123203094,-0.7095632409082235,-0.2326856176627529,-0.2217381733003142,0.5531850997496149,0.0,1.0,1.0,0.0,0.0,0.0,0.0,0.0,0.0,1.0
window_10_0pct::CDfesY1fuqEcMF5Off,window_10_0pct,1784125737.503563,0,0.8288223641163255,0.8181171296066423,2.230850191522505,0.9643713144688648,1.912808747795088,-0.2491100573732658,-0.2368406680987157,-0.3093376702803438,1.0,0.0,0.0,1.0,0.0,0.0,0.0,0.0,0.0,1.0
window_10_0pct::CdZ5Lf2LPznAtol4bf,window_10_0pct,1784124100.43535,0,0.4039116081735191,1.299437597478784,0.8772708964766057,0.683299072140139,0.7925721700965861,-0.2483130727818275,-0.2367647968617501,0.1570803595243357,1.0,0.0,0.0,1.0,0.0,0.0,0.0,0.0,0.0,1.0
window_10_0pct::CgxsA12IYHcLuqkbJl,window_10_0pct,1784123972.250339,0,0.2238742301936518,0.0801758661199648,-0.398215651243838,-0.1423506397004929,-0.3531243298223365,-0.2492806052202508,-0.2370143597247342,0.3715628647745618,1.0,0.0,0.0,1.0,0.0,0.0,0.0,0.0,0.0,1.0
window_10_0pct::CHbfib2Yf47Gyx8a3,window_10_0pct,1784124996.352564,0,-0.3884402475895439,-0.2811795956722108,-0.5955506702607468,-0.3355878063014919,-0.53134378536528,-0.2005933873068702,-0.2071090763765098,-0.1453830735116864,1.0,0.0,0.0,1.0,0.0,0.0,0.0,0.0,0.0,1.0
window_10_0pct::CPbnvh3ecI7mbylIO3,window_10_0pct,1784124251.690044,0,-0.3897120281615662,-0.3631730693929528,-0.7368866463097827,-0.4585569123203094,-0.7095632409082235,4.827183920115194,4.910809554712181,4.119297628905474,0.0,1.0,1.0,0.0,0.0,0.0,0.0,0.0,0.0,1.0
window_10_0pct::CF5SYS3o3eYEgiJBJ3,window_10_0pct,1784125832.46098,0,-0.2061761273738905,0.0123695583356362,0.3392891953694685,0.0684535420460513,0.2579138034677555,-0.2483277997684853,-0.2363548582565917,-0.3427228020287105,1.0,0.0,0.0,1.0,0.0,0.0,0.0,0.0,0.0,1.0
window_10_0pct::CYqb443SuHdm9N5Jni,window_10_0pct,1784124599.376852,0,-0.3893202585977754,-0.0942428209806465,-0.5306291697638502,-0.2477527305737651,-0.4549640187040185,0.2458743209439506,-0.0788859925521717,0.3750903966482501,1.0,0.0,0.0,1.0,0.0,0.0,0.0,0.0,0.0,1.0
window_10_0pct::CzydmL3OGCG0Rf9K6j,window_10_0pct,1784124472.604062,0,-0.1024023064104872,-0.0975809776715673,-0.2877258855094272,-0.1774846699915836,-0.2512846409406545,-0.2491293162504579,-0.2368795125123617,-0.158648123175702,1.0,0.0,0.0,1.0,0.0,0.0,0.0,0.0,0.0,1.0
window_10_0pct::C6mShaf9e6qJ5I9zj,window_10_0pct,1784126087.465023,0,-0.1500167252833457,-0.1883371127059763,-0.4682781867931723,-0.2301857154282197,-0.4040441742631775,-0.2492637776318282,-0.2368831564363222,-0.108295699392023,1.0,0.0,0.0,1.0,0.0,0.0,0.0,0.0,0.0,1.0
window_10_0pct::CMs0go4NYd5GjiYsU4,window_10_0pct,1784124336.320218,0,0.2067126757941717,-0.3698493827747943,-0.7379063557416712,-0.3882888517381279,-0.6586433964673826,-0.2497985998628026,-0.2371223283457723,-0.6040302242810942,1.0,0.0,0.0,0.0,1.0,0.0,0.0,0.0,0.0,1.0
window_10_0pct::CLGRsE2lhGdcTBOxxb,window_10_0pct,1784124759.719678,0,-0.3893571414513382,-0.2767982650153773,-0.5573540544579261,-0.3180207911559465,-0.5058838631448596,-0.0651009125182639,-0.1162280831420233,-0.2245316694886705,1.0,0.0,0.0,1.0,0.0,0.0,0.0,0.0,0.0,1.0
window_10_0pct::Cu8QhU13rUhH8EFP5h,window_10_0pct,1784124357.080776,0,-0.3729369911221279,-0.1864593995673333,-0.4752249572979122,-0.2477527305737651,-0.429504096483598,-0.2420779697130203,-0.2334574142898613,-0.0899228584074318,1.0,0.0,0.0,1.0,0.0,0.0,0.0,0.0,0.0,1.0
window_10_0pct::CQSOvCgVyatUp6lQ1,window_10_0pct,1784125193.120342,0,-0.3087486561826592,-0.2818055000517585,-0.5955506702607468,-0.3355878063014919,-0.53134378536528,-0.2490305838292856,-0.2366899899624483,-0.1486205828112352,1.0,0.0,0.0,1.0,0.0,0.0,0.0,0.0,0.0,1.0
window_10_0pct::CfiaH21ff1VFuUcTKa,window_10_0pct,1784124277.262224,0,-0.389312049360615,-0.1916752693968971,1.1531235417489236,0.3143917540836864,0.9453317034191092,0.0640824140412423,0.2994987600701971,-0.5346422851239325,1.0,0.0,0.0,1.0,0.0,0.0,0.0,0.0,0.0,1.0
window_10_0pct::C5IlPi3xvXhXYLpw5b,window_10_0pct,1784124514.65391,0,-0.3292840896278063,-0.2803450564994806,1.1454757210097604,0.2616907086470503,0.9198717811986884,-0.2487525214411885,-0.2338393611495675,-0.5690322141344901,1.0,0.0,0.0,1.0,0.0,0.0,0.0,0.0,0.0,1.0
window_10_0pct::CM9FMB2f7p96AEu8Fb,window_10_0pct,1784126000.67955,0,-0.3754987641759202,-0.1038400214670438,-0.2470649719128761,-0.1423506397004929,-0.2003647964998135,-0.2365814020425826,-0.2307714913441487,-0.204932171248561,1.0,0.0,0.0,1.0,0.0,0.0,0.0,0.0,0.0,1.0
window_10_0pct::CyT6zQ2SywAfcRulRi,window_10_0pct,1784125520.00996,0,0.2264350424784655,-0.3698493827747943,-0.7379063557416712,-0.3882888517381279,-0.6586433964673826,-0.2497985998628026,-0.2371236113248647,-0.6040302242810942,1.0,0.0,0.0,0.0,1.0,0.0,0.0,0.0,0.0,1.0
window_10_0pct::CkKT1u4x3aYwZLePMi,window_10_0pct,1784125322.356444,0,0.2518516840691924,-0.3698493827747943,-0.7379063557416712,-0.3882888517381279,-0.6331834742469621,-0.2497985998628026,-0.2371251483982207,-0.6040302242810942,1.0,0.0,0.0,0.0,1.0,0.0,0.0,0.0,0.0,1.0
window_10_0pct::CoRaK01UDud3L8Z9mk,window_10_0pct,1784125496.204291,0,0.1210652774897013,-0.1931357129491749,-0.4034204181357686,-0.2126187002826743,-0.3531243298223365,-0.2495542554387891,-0.2370220023477731,-0.2149784891364501,1.0,0.0,0.0,1.0,0.0,0.0,0.0,0.0,0.0,1.0
window_10_0pct::C4wThs43wpDpAic1Xb,window_10_0pct,1784125571.081652,0,0.3370669818631976,0.6359789551582766,1.9688273554201745,0.7535671327223203,1.6836694478113037,-0.2488211699958071,-0.2367019127922294,-0.330366279218971,1.0,0.0,0.0,1.0,0.0,0.0,0.0,0.0,0.0,1.0
window_10_0pct::CANyPw3NCppjjCggb1,window_10_0pct,1784125080.609461,0,0.2965631181231575,0.1711406359475564,-0.0749252734422106,0.0333195117549606,-0.0476052631772904,-0.2492418564811468,-0.2369603729417924,-0.0031099498387,1.0,0.0,0.0,1.0,0.0,0.0,0.0,0.0,0.0,1.0
window_10_0pct::CIEGSb1XbZa4m5wvS3,window_10_0pct,1784125921.663902,0,-0.3131676063470604,-0.0938255513942814,-0.2555413065654486,-0.0896495942638568,-0.225824718720234,-0.2472518139857791,-0.2357882548997941,-0.1826304704351909,1.0,0.0,0.0,1.0,0.0,0.0,0.0,0.0,0.0,1.0
window_10_0pct::Cmw3G826G14k1iQU85,window_10_0pct,1784124280.720142,0,0.1767097928094689,0.0853917359495285,0.3689457446802237,0.1211545874826874,0.334293570129017,-0.2492309697022094,-0.2368754177800697,-0.301139335436521,1.0,0.0,0.0,1.0,0.0,0.0,0.0,0.0,0.0,1.0
window_10_0pct::CBILAJ1CXO9rFwOz49,window_10_0pct,1784125893.199152,0,0.9475884832539684,0.3670487067459703,1.99884505182139,0.7887011630134111,1.7091293700317245,-0.2494094267862661,-0.2369049942715424,-0.4057354058595185,1.0,0.0,0.0,1.0,0.0,0.0,0.0,0.0,0.0,1.0
window_10_0pct::Calw603xYwqeF2dgj1,window_10_0pct,1784125291.083331,0,-0.3735609571975951,-0.3698493827747943,-0.7379063557416712,-0.4058558668836733,-0.684103318687803,-0.2497985998628026,-0.2359783721569794,-0.6040302242810942,1.0,0.0,0.0,0.0,1.0,0.0,0.0,0.0,0.0,1.0
window_10_0pct::CfCC2C205RZyK4zN5,window_10_0pct,1784125487.892871,0,0.8785290602688266,0.5606617948193763,0.6788736801348132,0.4724948903935946,0.6652725589944836,-0.2492804157109875,-0.2369588354330941,-0.1203533641276123,1.0,0.0,0.0,1.0,0.0,0.0,0.0,0.0,0.0,1.0
window_10_0pct::C2W0HN0f4eCI6wqih,window_10_0pct,1784125150.147507,0,0.5515664705627891,-0.3698493827747943,-0.7379063557416712,-0.3882888517381279,-0.6331834742469621,-0.2497985998628026,-0.2371370129428668,-0.6040302242810942,1.0,0.0,0.0,0.0,1.0,0.0,0.0,0.0,0.0,1.0
window_10_0pct::CCVjAA3vZdsfC8fZs2,window_10_0pct,1784125824.516838,0,0.2601798430788578,-0.1883371127059763,-0.4118967527883412,-0.2301857154282197,-0.3531243298223365,-0.2496013444487478,-0.237059414508181,-0.194024469122628,1.0,0.0,0.0,1.0,0.0,0.0,0.0,0.0,0.0,1.0
window_10_0pct::CY68PZ3RWQudeOnMWc,window_10_0pct,1784124870.545144,0,-0.3892263807933673,-0.1895889214650716,-0.4767545214457448,-0.2477527305737651,-0.429504096483598,0.0118475594050409,-0.1094231319773606,-0.0957365241211927,1.0,0.0,0.0,1.0,0.0,0.0,0.0,0.0,0.0,1.0
window_10_0pct::Cz1lfR3yA3p8dB58s3,window_10_0pct,1784126046.148137,0,-0.3897121349136749,-0.3631730693929528,-0.7368866463097827,-0.4585569123203094,-0.7095632409082235,5.486532299333116,5.579377342336606,4.119297628905474,0.0,1.0,1.0,0.0,0.0,0.0,0.0,0.0,0.0,1.0
window_10_0pct::Cefb3c4DdJun0W30M1,window_10_0pct,1784125544.252238,0,0.3086604805875014,-0.0869406032192572,1.482383468516398,0.3670927995203225,1.2253908478437343,-0.2495124962237072,-0.2368337964868317,-0.5101929772719542,1.0,0.0,0.0,1.0,0.0,0.0,0.0,0.0,0.0,1.0
window_10_0pct::C9Yf4X3xospfeZd2mg,window_10_0pct,1784125466.614971,0,-0.3896421375559874,-0.3698493827747943,-0.7379063557416712,-0.4058558668836733,-0.684103318687803,-0.2497985998628026,0.0328849586683203,-0.6040302242810942,1.0,0.0,0.0,0.0,1.0,0.0,0.0,0.0,0.0,1.0
window_10_0pct::Cyeh3f3b7IG4MCdpxi,window_10_0pct,1784124568.777068,0,-0.3556286845987909,-0.1697686161127294,-0.6606421223296249,-0.3355878063014919,-0.582263629806121,-0.2456527269429891,-0.2360402162370931,1.3025281452651023,1.0,0.0,0.0,1.0,0.0,0.0,0.0,0.0,0.0,1.0
window_10_0pct::CB9jysEKFNC5qdHJa,window_10_0pct,1784125832.463352,0,-0.2062018332816702,-0.3698493827747943,-0.7379063557416712,-0.4058558668836733,-0.684103318687803,-0.2497985998628026,-0.2370581951752897,-0.6040302242810942,1.0,0.0,0.0,0.0,1.0,0.0,0.0,0.0,0.0,1.0
window_10_0pct::CMsRzd4lFOQXeM2Wni,window_10_0pct,1784125650.050053,0,-0.3893421534552739,-0.275546456256282,-0.5573540544579261,-0.3180207911559465,-0.5058838631448596,-0.0701821641570891,-0.1211162879758462,-0.2194263077650056,1.0,0.0,0.0,1.0,0.0,0.0,0.0,0.0,0.0,1.0
window_10_0pct::C7uC0V3V7fdm6eUsil,window_10_0pct,1784125238.44069,0,0.5416933950357309,0.0013119142969611,-0.4033566862962756,-0.1774846699915836,-0.327664407601916,-0.2495171583492309,-0.2370751446902125,0.2129605614238043,1.0,0.0,0.0,1.0,0.0,0.0,0.0,0.0,0.0,1.0
window_10_0pct::CNyHH01VRDvVcQEEth,window_10_0pct,1784124358.051637,0,-0.3884119582807331,-0.187085303946881,-0.4767545214457448,-0.2653197457193104,-0.429504096483598,-0.1505832943828887,-0.1930626427735441,-0.0886768893967496,1.0,0.0,0.0,1.0,0.0,0.0,0.0,0.0,0.0,1.0
window_10_0pct::CXcAgk3powCJcsxJ7i,window_10_0pct,1784125459.253337,0,0.6927158914723078,-0.0074507470167059,-0.0883939355217369,-0.0369485488272207,-0.0221453409568699,-0.2495621430316675,-0.2370519836913384,-0.1931383563658567,1.0,0.0,0.0,1.0,0.0,0.0,0.0,0.0,0.0,1.0
window_10_0pct::CqnHZK1CKUZ0u7g08j,window_10_0pct,1784124059.154802,0,1.60385867556308,0.9084559950546862,1.3293845658401382,0.736000117576775,1.2508507700641551,-0.2493457362362147,-0.2369969286159425,-0.1486530977450613,1.0,0.0,0.0,1.0,0.0,0.0,0.0,0.0,0.0,1.0
window_10_0pct::Cqvn8h2bu2MzuRjFu,window_10_0pct,1784124737.628035,0,-0.1043240151708173,-0.0950773601533767,0.3504635112272459,0.1211545874826874,0.283373725688176,-0.249118613756829,-0.2365928051645134,-0.4181084817337561,1.0,0.0,0.0,1.0,0.0,0.0,0.0,0.0,0.0,1.0
window_10_0pct::CVJyuR2weH8Ky1IR4d,window_10_0pct,1784125153.556361,0,0.0992435985618003,-0.0074507470167059,-0.1689297366944251,-0.0545155639727661,-0.1494449520589724,-0.2492751429369163,-0.2369277317373003,-0.1349808342904884,1.0,0.0,0.0,1.0,0.0,0.0,0.0,0.0,0.0,1.0
window_10_0pct::CxGEzNFTUXXqVfmk,window_10_0pct,1784125732.898886,0,-0.2253136633057738,-0.3698493827747943,-0.7379063557416712,-0.4058558668836733,-0.684103318687803,-0.2497985998628026,-0.2370460799411313,-0.6040302242810942,1.0,0.0,0.0,0.0,1.0,0.0,0.0,0.0,0.0,1.0
window_10_0pct::CMAVQh4HTROI7dcRf9,window_10_0pct,1784124099.784186,0,-0.0528729468609913,0.1688456532225483,-0.3093097351510656,-0.0896495942638568,-0.2512846409406545,-0.2486691057507745,-0.2368501395398468,0.3215527600342094,1.0,0.0,0.0,1.0,0.0,0.0,0.0,0.0,0.0,1.0
window_10_0pct::COx77h14MMWznHuNUg,window_10_0pct,1784124727.096652,0,-0.3414340702065381,0.1778169493293979,-0.2558599657629138,-0.1072166094094022,-0.225824718720234,-0.2417869222342424,-0.2350827423458868,0.2326330892161216,1.0,0.0,0.0,1.0,0.0,0.0,0.0,0.0,0.0,1.0
window_10_0pct::CA3Lpc3vp4Lswnw,window_10_0pct,1784123994.066174,0,-0.009014643634282,-0.188963017085524,-0.4627547607037766,-0.2477527305737651,-0.4040441742631775,-0.2494630249006573,-0.2369991445465277,-0.1199214821293606,1.0,0.0,0.0,1.0,0.0,0.0,0.0,0.0,0.0,1.0
window_02_3pct::CbOzju208qTyRoBDji,window_02_3pct,1783696630.970767,1,-0.38971290352885773,-0.36984938277479434,-0.7379063557416712,-0.4585569123203094,-0.7095632409082235,-0.24979859986280267,89.33754977592461,-0.6040302242810942,1.0,0.0,0.0,0.0,1.0,0.0,1.0,0.0,0.0,0.0
window_10_0pct::CqBRRb2lxLiQ5hxu6c,window_10_0pct,1784124318.817,0,0.430316528761141,0.2846379634388633,1.6190457763359454,0.49006190553914,1.352690458945837,-0.2492349148925756,-0.2368417349915497,-0.3995321445790979,1.0,0.0,0.0,1.0,0.0,0.0,0.0,0.0,0.0,1.0
window_10_0pct::CEH2t93H7bncaPTgPe,window_10_0pct,1784125060.412055,0,-0.3879804342316551,-0.3698493827747943,-0.7379063557416712,-0.4058558668836733,-0.684103318687803,-0.2497985998628026,-0.2261238365198683,-0.6040302242810942,1.0,0.0,0.0,0.0,1.0,0.0,0.0,0.0,0.0,1.0
window_10_0pct::Cz1ZxOwSRuJOuZgjf,window_10_0pct,1784125954.695011,0,-0.3890715368596692,-0.0103716341212616,-0.3500768684801051,-0.1599176548460383,-0.3022044853814955,0.1460181372217555,-0.1029904187046776,0.0785442688259715,1.0,0.0,0.0,1.0,0.0,0.0,0.0,0.0,0.0,1.0
window_10_0pct::CqewYUfoEtN4Z7EHl,window_10_0pct,1784126129.963064,0,1.5098081569182011,0.1636297833929846,0.6904516309760464,0.4022268298114132,0.6398126367740631,-0.2496002472124584,-0.2370365586781054,-0.3289770928628904,1.0,0.0,0.0,1.0,0.0,0.0,0.0,0.0,0.0,1.0
window_10_0pct::CLLz8k1U5m57LcjcEh,window_10_0pct,1784124151.456933,0,-0.3892699463289358,-0.3698493827747943,-0.7379063557416712,-0.4058558668836733,-0.684103318687803,-0.2497985998628026,-0.1939928337719287,-0.6040302242810942,1.0,0.0,0.0,0.0,1.0,0.0,0.0,0.0,0.0,1.0
window_10_0pct::CJo8By2ZLmZhBoe8Cf,window_10_0pct,1784125080.613662,0,0.2965181541349648,0.4388190756007674,1.5353871150280989,0.6481650418490482,1.301770614504996,-0.2489663288477475,-0.2367165059027713,-0.3420589951936825,1.0,0.0,0.0,1.0,0.0,0.0,0.0,0.0,0.0,1.0
window_10_0pct::CQF8J1I0d9tMAAbw7,window_10_0pct,1784124072.167517,0,-0.2637137845896947,0.5362515240170179,0.9138317283991056,0.4197938449569585,0.7925721700965861,-0.2447196544856446,-0.2352271720449491,-0.2000385140786742,1.0,0.0,0.0,1.0,0.0,0.0,0.0,0.0,0.0,1.0
window_10_0pct::Cl0zrjmfE5fAVOqti,window_10_0pct,1784124888.996656,0,-0.3349275078296453,-0.3698493827747943,-0.7379063557416712,-0.4058558668836733,-0.684103318687803,-0.2497985998628026,-0.2368133286403455,-0.6040302242810942,1.0,0.0,0.0,0.0,1.0,0.0,0.0,0.0,0.0,1.0
window_10_0pct::C66bKCrKklvMVeW9,window_10_0pct,1784124381.071688,0,-0.3756600986378284,0.009240036437898,-0.4079028908467781,-0.1774846699915836,-0.3531243298223365,-0.2307465518979442,-0.2313785716853786,0.2419064685752778,1.0,0.0,0.0,1.0,0.0,0.0,0.0,0.0,0.0,1.0
window_10_0pct::CyWzCQ2euvetl71Qe2,window_10_0pct,1784124058.915314,0,-0.3888993243578825,-0.0967464384988371,-0.5306291697638502,-0.2301857154282197,-0.4549640187040185,-0.0127361661526993,-0.1548942827668729,0.3661960382446528,1.0,0.0,0.0,1.0,0.0,0.0,0.0,0.0,0.0,1.0
window_10_0pct::CBpCmy1yh6IFRbMVik,window_10_0pct,1784125573.206471,0,-0.3891909924693266,-0.1837471472559602,-0.4767545214457448,-0.2301857154282197,-0.429504096483598,0.0020127762239473,-0.1089237382909273,-0.0792640430974921,1.0,0.0,0.0,1.0,0.0,0.0,0.0,0.0,0.0,1.0
window_10_0pct::CZb7yGEN8Fbczw5D9,window_10_0pct,1784125945.467339,0,0.4560689804602678,0.0966580147813862,-0.2638689335925375,-0.0369485488272207,-0.2003647964998135,-0.2494090484370723,-0.2370210867866948,0.1206878645976492,1.0,0.0,0.0,1.0,0.0,0.0,0.0,0.0,0.0,1.0
window_10_0pct::CK8ccu31vNPoBPMv5c,window_10_0pct,1784126120.708498,0,0.3445166030437318,-0.1872939387400636,-0.4531949847798225,-0.1599176548460383,-0.378584252042757,-0.2496229986169106,-0.2370451978739399,-0.13185822522917,1.0,0.0,0.0,1.0,0.0,0.0,0.0,0.0,0.0,1.0
window_10_0pct::CblAvV3kYLx66SDiH6,window_10_0pct,1784124477.63663,0,0.2559734363629177,-0.3698493827747943,-0.7379063557416712,-0.3882888517381279,-0.6331834742469621,-0.2497985998628026,-0.2371253862583914,-0.6040302242810942,1.0,0.0,0.0,0.0,1.0,0.0,0.0,0.0,0.0,1.0
window_10_0pct::C9r3kxKBjVtezC0Rg,window_10_0pct,1784124050.949173,0,-0.3141139424404396,-0.3698493827747943,-0.7379063557416712,-0.4058558668836733,-0.684103318687803,-0.2497985998628026,-0.2369094360786681,-0.6040302242810942,1.0,0.0,0.0,0.0,1.0,0.0,0.0,0.0,0.0,1.0
window_10_0pct::CwH9ll41TsN1Da3b7,window_10_0pct,1784125013.805434,0,0.5323167274894305,-0.1943875217082702,1.3260280222935057,0.4022268298114132,1.0726313145212116,-0.2496641988635676,-0.236903137177036,-0.541422915887945,1.0,0.0,0.0,1.0,0.0,0.0,0.0,0.0,0.0,1.0
window_10_0pct::CpgcKj2SYGCyB0pzxd,window_10_0pct,1784124939.528475,0,-0.2360508544520752,-0.2790932477403853,-0.5573540544579261,-0.3180207911559465,-0.5058838631448596,-0.2493814674947506,-0.2368823780187506,-0.2338914993153894,1.0,0.0,0.0,1.0,0.0,0.0,0.0,0.0,0.0,1.0
window_10_0pct::CSErYQ1QibMMSz1Hbc,window_10_0pct,1784125824.518324,0,0.26016432132225,-0.2790932477403853,-0.5815509095187786,-0.3004537760104012,-0.480423940924439,-0.2496999698001378,-0.2370888400332723,-0.1766183016879016,1.0,0.0,0.0,1.0,0.0,0.0,0.0,0.0,0.0,1.0
window_10_0pct::CE3kYc2qIKhmWqRsb,window_10_0pct,1784124504.563181,0,0.0727613253962,-0.0938255513942814,-0.3243929371644153,-0.1774846699915836,-0.276744563161075,-0.2493770745473136,-0.2369866608502071,-0.1124693380908688,1.0,0.0,0.0,1.0,0.0,0.0,0.0,0.0,0.0,1.0
window_10_0pct::CXAxSM1r7i7jTMTV96,window_10_0pct,1784125474.293707,0,-0.3776015565382716,-0.1858334951877857,-0.4118967527883412,-0.2301857154282197,-0.378584252042757,-0.239067959757826,-0.2316357141663141,-0.1883692173273388,1.0,0.0,0.0,1.0,0.0,0.0,0.0,0.0,0.0,1.0
window_10_0pct::CblFBw18VdSiiuTfuj,window_10_0pct,1784125867.745149,0,0.5690823885871643,0.5769353086876151,0.8640359178085538,0.3143917540836864,0.7416523256557451,-0.2491011869575541,-0.2369380122526001,-0.1687777361124518,1.0,0.0,0.0,1.0,0.0,0.0,0.0,0.0,0.0,1.0
window_10_0pct::CXWG7jVEx2myCx0Nc,window_10_0pct,1784124063.833428,0,-0.3891958069894299,-0.1837471472559602,-0.4767545214457448,-0.2653197457193104,-0.429504096483598,0.0043570692347458,-0.1262202348832868,-0.0792640430974921,1.0,0.0,0.0,1.0,0.0,0.0,0.0,0.0,0.0,1.0
window_10_0pct::CLmhXr3RQcQBimDKt3,window_10_0pct,1784125975.75412,0,0.3123442396543602,0.2781702848502043,0.1715469938238218,0.1211545874826874,0.1560741145860735,-0.2491467007936775,-0.2369308634483616,-0.0792949348053487,1.0,0.0,0.0,1.0,0.0,0.0,0.0,0.0,0.0,1.0
window_10_0pct::Cup3jH2Kl3KnU7E8ce,window_10_0pct,1784124419.794456,0,-0.3895831676911306,-0.0053643990848804,-0.3500768684801051,-0.1599176548460383,-0.3022044853814955,1.7335803898685875,0.4259173808194395,0.0880519808599643,1.0,0.0,0.0,1.0,0.0,0.0,0.0,0.0,0.0,1.0
window_10_0pct::CtWjf72JhAbflbTCM8,window_10_0pct,1784124234.273252,0,-0.3890941469562961,-0.0848542552874317,-0.5306291697638502,-0.2653197457193104,-0.4549640187040185,0.0754720048774078,-0.144446162283314,0.4084442406617402,1.0,0.0,0.0,1.0,0.0,0.0,0.0,0.0,0.0,1.0
window_10_0pct::C22LNU3Vmx3a6vFjuf,window_10_0pct,1784125587.472042,0,-0.3897119107342466,-0.3631730693929528,-0.7368866463097827,-0.4585569123203094,-0.7095632409082235,4.257318535219705,4.332975966836784,4.119297628905474,0.0,1.0,1.0,0.0,0.0,0.0,0.0,0.0,0.0,1.0
window_10_0pct::CJRaOX1mKHRHBuVUdb,window_10_0pct,1784125938.878324,0,-0.2073550336113266,-0.27784143898129,-0.5940211061129143,-0.3355878063014919,-0.53134378536528,-0.2494422592219508,-0.2369526622812671,-0.1331747863035858,1.0,0.0,0.0,1.0,0.0,0.0,0.0,0.0,0.0,1.0
window_10_0pct::CF8wmz4jcZ8YGqKbH5,window_10_0pct,1784124928.528506,0,0.7423600202138882,0.1984717938544704,0.1491983621082671,0.1035875723371421,0.1560741145860735,-0.2494440444789266,-0.2370230393205799,-0.1322375354805285,1.0,0.0,0.0,1.0,0.0,0.0,0.0,0.0,0.0,1.0
window_10_0pct::CR0bx03EelRIHOy2t1,window_10_0pct,1784124708.737368,0,-0.3889752251071822,-0.08798377718517,-0.5306291697638502,-0.2477527305737651,-0.4549640187040185,0.0200425949739422,-0.1529110853531703,0.3973262926572436,1.0,0.0,0.0,1.0,0.0,0.0,0.0,0.0,0.0,1.0
window_10_0pct::CJChvl3X2DpnW64nY1,window_10_0pct,1784124722.046872,0,-0.3659853898791932,0.3653796284005099,0.4313817034368923,0.1738556329193235,0.4106733367902785,-0.2279142274900515,-0.2297068476972484,-0.1409716960340035,1.0,0.0,0.0,1.0,0.0,0.0,0.0,0.0,0.0,1.0
window_10_0pct::Chapmf4FxDYZ3tF22f,window_10_0pct,1784124514.654363,0,-0.3292894485836641,-0.279719152119933,-0.6191102069266692,-0.3355878063014919,-0.5568037075857005,-0.2487451127820764,-0.2365293921735624,-0.0453888198679144,1.0,0.0,0.0,1.0,0.0,0.0,0.0,0.0,0.0,1.0
window_10_0pct::CwA8U02PGye5R9XrU9,window_10_0pct,1784124072.177934,0,-0.2638252444664091,0.4573875721940142,1.888822652909928,0.736000117576775,1.607289681150042,-0.2451576032140908,-0.2345418286985927,-0.3721018940455364,1.0,0.0,0.0,1.0,0.0,0.0,0.0,0.0,0.0,1.0
window_10_0pct::CHguwo3uyjy0GqvkVh,window_10_0pct,1784123787.668338,0,2.6393832094194347,1.93744279503102,4.260624303589419,2.071093268638222,3.7968429921062055,-0.2492606346393877,-0.2369335410711621,-0.2640911836897992,1.0,0.0,0.0,1.0,0.0,0.0,0.0,0.0,0.0,1.0
window_10_0pct::CzUQMK3tldQIVjF2u9,window_10_0pct,1784126049.514934,0,0.2535745883774536,-0.1824953384968649,-0.4516654206319899,-0.2301857154282197,-0.378584252042757,-0.2495929054010672,-0.2370583569540056,-0.1220360865354649,1.0,0.0,0.0,1.0,0.0,0.0,0.0,0.0,0.0,1.0
window_08_22pct::CzWALk3MrWnmWHN9ed,window_08_22pct,1783718128.512162,1,-0.3892354333721867,-0.3531585993201904,-0.6852426123739334,-0.38828885173812794,-0.6077235520265416,-0.22511283356361608,-0.18710053472432261,-0.37072068314587064,1.0,0.0,0.0,1.0,0.0,0.0,0.0,0.0,0.0,1.0
window_10_0pct::COBbGTu55MIJqx2m1,window_10_0pct,1784124050.943044,0,-0.3140486528507465,0.1765651405703026,-0.3282168475339969,-0.1423506397004929,-0.276744563161075,-0.2446982982246345,-0.2359618207541549,0.3781417312943319,1.0,0.0,0.0,1.0,0.0,0.0,0.0,0.0,0.0,1.0
window_10_0pct::CaaUnx3qjKDThpZd39,window_10_0pct,1784125523.309729,0,-0.3894278220225215,-0.1895889214650716,-0.4767545214457448,-0.2828867608648558,-0.429504096483598,0.1966945465029148,-0.0527142943004398,-0.0957365241211927,1.0,0.0,0.0,1.0,0.0,0.0,0.0,0.0,0.0,1.0
window_10_0pct::CbcgU13QyLIBXbtTDg,window_10_0pct,1784123928.024689,0,0.4862947938736102,0.0849744663631634,0.3010288477271547,0.1035875723371421,0.283373725688176,-0.2494319091169271,-0.2369822999738238,-0.2816350418920538,1.0,0.0,0.0,1.0,0.0,0.0,0.0,0.0,0.0,1.0
window_10_0pct::CA3odl2h7huUZBRcR9,window_10_0pct,1784125042.469256,0,0.9858885244359644,0.3766459072323676,1.772384582156168,0.736000117576775,1.5309099144887806,-0.2494153349109869,-0.2369225883693191,-0.3850312932549383,1.0,0.0,0.0,1.0,0.0,0.0,0.0,0.0,0.0,1.0
window_10_0pct::CiUgkiIXi73KxmrPa,window_10_0pct,1784126014.308206,0,-0.3887108428347268,0.0845571967767983,-0.3424290477409419,-0.1599176548460383,-0.276744563161075,0.0704535991789048,-0.1512833596115164,0.2421100560201373,1.0,0.0,0.0,1.0,0.0,0.0,0.0,0.0,0.0,1.0
window_10_0pct::C1c6Uw3qsQZ2AKHZX2,window_10_0pct,1784124858.00467,0,-0.1104821386648487,0.1703060967748262,-0.3036163574896885,-0.0896495942638568,-0.2512846409406545,-0.2484323815368723,-0.2367857138123767,0.311895742358111,1.0,0.0,0.0,1.0,0.0,0.0,0.0,0.0,0.0,1.0
window_10_0pct::Cu55k82hixZkdhMZC,window_10_0pct,1784124800.293303,0,0.1377421559651718,-0.0982068820511149,-0.3479524738303376,-0.195051685137129,-0.276744563161075,-0.2494348717387227,-0.2370173771515003,-0.0910466376765348,1.0,0.0,0.0,1.0,0.0,0.0,0.0,0.0,0.0,1.0
window_10_0pct::CnvFkp1XSu2PlQK359,window_10_0pct,1784124287.296676,0,-0.1742438708274514,-0.2784673433608376,-0.5573540544579261,-0.3355878063014919,-0.5058838631448596,-0.2494990697114554,-0.2369848942401483,-0.231338818453557,1.0,0.0,0.0,1.0,0.0,0.0,0.0,0.0,0.0,1.0
window_10_0pct::C5D1GK8Mvx2mbb2K4,window_10_0pct,1784125456.507775,0,-0.3895430075478301,-0.3698493827747943,-0.7379063557416712,-0.4058558668836733,-0.684103318687803,-0.2497985998628026,-0.1246313645361966,-0.6040302242810942,1.0,0.0,0.0,0.0,1.0,0.0,0.0,0.0,0.0,1.0
window_10_0pct::CVU5xF4y8jhmajoLkh,window_10_0pct,1784125474.295229,0,-0.3776182098672319,-0.3698493827747943,-0.7379063557416712,-0.4058558668836733,-0.684103318687803,-0.2497985998628026,-0.2355811798330781,-0.6040302242810942,1.0,0.0,0.0,0.0,1.0,0.0,0.0,0.0,0.0,1.0
window_10_0pct::C0KsDnUooYbXIk2v5,window_10_0pct,1784124689.059337,0,-0.1741577325509254,0.5577409077148205,0.285159619693391,0.2089896632104142,0.2579138034677555,-0.246759378661271,-0.2362973665058657,0.0636771786239356,1.0,0.0,0.0,1.0,0.0,0.0,0.0,0.0,0.0,1.0
window_10_0pct::CfYoq11Ay0h13Ey8Bl,window_10_0pct,1784125458.441898,0,-0.0377230505486487,-0.2761723606358297,-0.5940211061129143,-0.3355878063014919,-0.53134378536528,-0.2496106389540117,-0.2370537445001968,-0.1246331910568282,1.0,0.0,0.0,1.0,0.0,0.0,0.0,0.0,0.0,1.0
window_10_0pct::CTcL2LEQAKC5hARfa,window_10_0pct,1784124035.672574,0,0.7108236325122148,-0.1858334951877857,-0.4531949847798225,-0.2301857154282197,-0.3531243298223365,-0.2496805092152481,-0.2371015887323955,-0.1280808492367545,1.0,0.0,0.0,1.0,0.0,0.0,0.0,0.0,0.0,1.0
window_10_0pct::COb3qa2G0Y1Obn6ufi,window_10_0pct,1784123977.794164,0,-0.1633819398421109,-0.3698493827747943,-0.7379063557416712,-0.4058558668836733,-0.684103318687803,-0.2497985998628026,-0.2370779117283767,-0.6040302242810942,1.0,0.0,0.0,0.0,1.0,0.0,0.0,0.0,0.0,1.0
window_10_0pct::CMSjGqW2PlG6ldeZe,window_10_0pct,1784125654.658015,0,-0.1388979593996362,-0.0180911214690159,-0.3500768684801051,-0.1774846699915836,-0.3022044853814955,-0.2488080975961858,-0.2368383485927665,0.0638865461068992,1.0,0.0,0.0,1.0,0.0,0.0,0.0,0.0,0.0,1.0
window_10_0pct::CbYNeB12ywOlPAjvoh,window_10_0pct,1784124161.392428,0,0.3662024719389196,-0.0850628900806143,-0.2423275718438944,-0.1423506397004929,-0.225824718720234,-0.2495325207114826,-0.2370422355081622,-0.1808447798498289,1.0,0.0,0.0,1.0,0.0,0.0,0.0,0.0,0.0,1.0
window_10_0pct::CCdVDP10rKAuyUmT9g,window_10_0pct,1784124121.459653,0,-0.3886055745803182,-0.0967464384988371,-0.5306291697638502,-0.2301857154282197,-0.4549640187040185,-0.0756205337506027,-0.176717137924883,0.3661960382446528,1.0,0.0,0.0,1.0,0.0,0.0,0.0,0.0,0.0,1.0
window_10_0pct::CDYfjZ1rxyoHwc6nE1,window_10_0pct,1784125620.280778,0,0.1396109370299987,-0.2811795956722108,-0.5815509095187786,-0.3355878063014919,-0.5058838631448596,-0.2496802905759895,-0.2370901495933455,-0.1864438631268256,1.0,0.0,0.0,1.0,0.0,0.0,0.0,0.0,0.0,1.0
window_10_0pct::CX4TpK3JYVLmtyiqge,window_10_0pct,1784125291.379723,0,-0.1510424742704015,0.2587672490842271,-0.3725317199281482,-0.1072166094094022,-0.3022044853814955,-0.2479384333348812,-0.2367417294084316,0.6629355356406087,1.0,0.0,0.0,1.0,0.0,0.0,0.0,0.0,0.0,1.0
window_10_0pct::CB4C1Q1R7KPeBaVzX5,window_10_0pct,1784125031.47885,0,-0.2795049087934845,-0.3698493827747943,-0.7379063557416712,-0.4058558668836733,-0.684103318687803,-0.2497985998628026,-0.236988878396749,-0.6040302242810942,1.0,0.0,0.0,0.0,1.0,0.0,0.0,0.0,0.0,1.0
window_10_0pct::C8VGeE4TwaLKwg24Ni,window_10_0pct,1784124722.052507,0,-0.3660457368462525,0.1809464712271362,0.1022279964019063,0.0684535420460513,0.1051542701452325,-0.2333621475897386,-0.2308999302645721,-0.1212231835582586,1.0,0.0,0.0,1.0,0.0,0.0,0.0,0.0,0.0,1.0
window_10_0pct::CTtPL31DOofZaxNFw5,window_10_0pct,1784124361.85021,0,-0.0883807051608366,-0.1858334951877857,-0.4767545214457448,-0.2301857154282197,-0.429504096483598,-0.2493673049126289,-0.2369402763692784,-0.085147072034528,1.0,0.0,0.0,1.0,0.0,0.0,0.0,0.0,0.0,1.0
window_10_0pct::CMSNfX2jjJ8lmRseYe,window_10_0pct,1784124001.162551,0,-0.3120876166135641,-0.3698493827747943,-0.7379063557416712,-0.4058558668836733,-0.684103318687803,-0.2497985998628026,-0.2369160396900672,-0.6040302242810942,1.0,0.0,0.0,0.0,1.0,0.0,0.0,0.0,0.0,1.0
window_10_0pct::CZL6QR2h0tJrWg2dG5,window_10_0pct,1784125037.316697,0,-0.3854424668981074,-0.1900061910514367,0.0350121496832607,-0.1247836245549475,0.0033145812635505,-0.2200558608055733,-0.2147708591467464,-0.4326774989563513,1.0,0.0,0.0,1.0,0.0,0.0,0.0,0.0,0.0,1.0
window_10_0pct::CsLOTm2Y1lFPbgWi86,window_10_0pct,1784125487.898367,0,0.8784699623014393,0.4809633038236423,0.3566242557115718,0.2441236935015049,0.3597534923494376,-0.2493247762203821,-0.2370078369212909,-0.0315766487666113,1.0,0.0,0.0,1.0,0.0,0.0,0.0,0.0,0.0,1.0
window_10_0pct::Cg49lc43hKnt9FPmc1,window_10_0pct,1784124514.115655,0,-0.3894015930294091,-0.2767982650153773,-0.5573540544579261,-0.3355878063014919,-0.5058838631448596,-0.0387327166084117,-0.1143184943570978,-0.2245316694886705,1.0,0.0,0.0,1.0,0.0,0.0,0.0,0.0,0.0,1.0
window_10_0pct::CSfEc44ZKm3u9lfAoj,window_10_0pct,1784124684.750158,0,-0.3893364955935117,-0.1812435297377696,-0.4767545214457448,-0.2653197457193104,-0.429504096483598,0.1040353371420441,-0.0847596670168732,-0.072204408373049,1.0,0.0,0.0,1.0,0.0,0.0,0.0,0.0,0.0,1.0
window_10_0pct::CwWoZB3wxr85Lxzya3,window_10_0pct,1784125182.864634,0,-0.3890539547873631,-0.0053643990848804,-0.3500768684801051,-0.1774846699915836,-0.3022044853814955,0.1408241202362422,-0.1138252342069493,0.0880519808599643,1.0,0.0,0.0,1.0,0.0,0.0,0.0,0.0,0.0,1.0
window_10_0pct::CODX3Q16cf2tT10RLa,window_10_0pct,1784125724.999839,0,-0.1409899164229527,0.3399261836322389,0.4973441573121751,0.2089896632104142,0.4361332590106991,-0.2477831606861033,-0.2364127221374325,-0.1808735553694916,1.0,0.0,0.0,1.0,0.0,0.0,0.0,0.0,0.0,1.0
window_10_0pct::C6R6xZ1wrAxKkztTN2,window_10_0pct,1784124841.851664,0,0.3270563989448974,0.6708209656197623,0.8992371371552024,0.4549278752480493,0.7925721700965861,-0.2487731878044423,-0.2368088783229832,-0.1359034776820238,1.0,0.0,0.0,1.0,0.0,0.0,0.0,0.0,0.0,1.0
window_10_0pct::C7cmrB1XOjqgKiQzgl,window_10_0pct,1784125093.111915,0,-0.3889154652767209,-0.0103716341212616,-0.3500768684801051,-0.1599176548460383,-0.3022044853814955,0.0685555751954354,-0.1292482931799819,0.0785442688259715,1.0,0.0,0.0,1.0,0.0,0.0,0.0,0.0,0.0,1.0
window_10_0pct::CP7gC2OjAHCoXZgH,window_10_0pct,1784124244.765312,0,0.1178816734026164,0.3664228023664227,0.6857992066930555,0.296824738938141,0.5888927923332221,-0.2487741610027601,-0.2367479643840963,-0.2231798484021911,1.0,0.0,0.0,1.0,0.0,0.0,0.0,0.0,0.0,1.0
window_10_0pct::CaY8Q74HBNYq8lZfml,window_10_0pct,1784125107.024655,0,-0.2447353520006474,-0.2761723606358297,-0.5573540544579261,-0.3180207911559465,-0.5058838631448596,-0.2493422511548235,-0.2368656034484944,-0.221978988626838,1.0,0.0,0.0,1.0,0.0,0.0,0.0,0.0,0.0,1.0
window_10_0pct::CZRv9K2n3PZ75n969,window_10_0pct,1784125305.59854,0,-0.2071544784246747,-0.1931357129491749,-0.4761596909438099,-0.2653197457193104,-0.4040441742631775,-0.2491149514531491,-0.2368481340610802,-0.1068699725697189,1.0,0.0,0.0,1.0,0.0,0.0,0.0,0.0,0.0,1.0
window_10_0pct::CLiRRo1XjFvM0ek8Da,window_10_0pct,1784124717.063028,0,-0.3893176218206901,-0.3698493827747943,-0.7379063557416712,-0.4058558668836733,-0.684103318687803,-0.2497985998628026,-0.1887867924731888,-0.6040302242810942,1.0,0.0,0.0,0.0,1.0,0.0,0.0,0.0,0.0,1.0
window_10_0pct::CSPdTl2VSUI7WPnaJ,window_10_0pct,1784125831.402165,0,0.2227320146559826,0.6758282006561436,0.3274138292772678,0.2265566783559596,0.283373725688176,-0.2485927440142866,-0.2368501439195022,0.1188255232115668,1.0,0.0,0.0,1.0,0.0,0.0,0.0,0.0,0.0,1.0
window_10_0pct::CboWrp4BjmH4NwwIg6,window_10_0pct,1784124526.70234,0,-0.265383899980194,-0.3698493827747943,-0.7379063557416712,-0.4058558668836733,-0.684103318687803,-0.2497985998628026,-0.2370085877173338,-0.6040302242810942,1.0,0.0,0.0,0.0,1.0,0.0,0.0,0.0,0.0,1.0
window_10_0pct::C9RQge3efC4Wkw2ruh,window_10_0pct,1784125384.251227,0,-0.0713231059648279,-0.2782587085676551,-0.5940211061129143,-0.3180207911559465,-0.53134378536528,-0.2495954312058823,-0.237027260265981,-0.1353101851152752,1.0,0.0,0.0,1.0,0.0,0.0,0.0,0.0,0.0,1.0
window_10_0pct::CYD5vw10uinYimNFn,window_10_0pct,1784125685.825686,0,1.258675070154573,0.4025166215870037,2.2629497946804933,0.8765362387411378,1.912808747795088,-0.2494676757844166,-0.236939071718507,-0.4144829451198394,1.0,0.0,0.0,1.0,0.0,0.0,0.0,0.0,0.0,1.0
window_10_0pct::CHbwcA1h4yqU9Pp88f,window_10_0pct,1784124925.389997,0,0.2191351411304107,0.272745780227458,0.5343298681646284,0.2265566783559596,0.4615931812311196,-0.2490531933760017,-0.2368482991546311,-0.2320626349878944,1.0,0.0,0.0,1.0,0.0,0.0,0.0,0.0,0.0,1.0
window_10_0pct::C4g9944y9MhsfMTgHi,window_10_0pct,1784125053.092425,0,-0.1052358169570256,-0.2753378214630994,-0.061732782667154,-0.1072166094094022,-0.0985251076181314,-0.2495639597633811,-0.2368094676158387,-0.5010969573580045,1.0,0.0,0.0,1.0,0.0,0.0,0.0,0.0,0.0,1.0
window_10_0pct::CLemV11TU6EIHG4Dc2,window_10_0pct,1784125284.971122,0,-0.3066403981123413,-0.0950773601533767,-0.3407507759676255,-0.1599176548460383,-0.3022044853814955,-0.2474625635350633,-0.2361264408867797,-0.0945453806820476,1.0,0.0,0.0,1.0,0.0,0.0,0.0,0.0,0.0,1.0
window_10_0pct::CKAugN24HvCA0Hfgeh,window_10_0pct,1784125647.254792,0,-0.099119903246782,0.2815084415411251,-0.1364689864459768,-0.0193815336816754,-0.0985251076181314,-0.2482155336677068,-0.236734630457415,0.1935172471143992,1.0,0.0,0.0,1.0,0.0,0.0,0.0,0.0,0.0,1.0
window_10_0pct::CtHoTb4nXTAwjwKPi3,window_10_0pct,1784125295.351008,0,-0.389286610333107,0.0002687403310483,-0.3867439201350932,-0.1774846699915836,-0.327664407601916,0.3633168291837539,-0.0465206518757284,0.1721251749803229,1.0,0.0,0.0,1.0,0.0,0.0,0.0,0.0,0.0,1.0
window_10_0pct::Czq7cE48BvtkdyJgm5,window_10_0pct,1784124708.736431,0,-0.3897120815376206,-0.3631730693929528,-0.7368866463097827,-0.4585569123203094,-0.7095632409082235,5.1367560249919,5.22471028426755,4.119297628905474,0.0,1.0,1.0,0.0,0.0,0.0,0.0,0.0,0.0,1.0
window_10_0pct::CLmUxVTK1CYzcWNO1,window_10_0pct,1784124187.680174,0,2.656723296045538,0.7926636848383712,0.7401624657806074,0.5427629509757761,0.7416523256557451,-0.2495290926343568,-0.2370713835079028,-0.0248154886735019,1.0,0.0,0.0,1.0,0.0,0.0,0.0,0.0,0.0,1.0
window_10_0pct::CaocWE1zQSwMZNty1h,window_10_0pct,1784124063.630887,0,-0.3144183887792976,-0.3698493827747943,-0.7379063557416712,-0.4058558668836733,-0.684103318687803,-0.2497985998628026,-0.2369084132029834,-0.6040302242810942,1.0,0.0,0.0,0.0,1.0,0.0,0.0,0.0,0.0,1.0
window_10_0pct::C0jKwt3hS0BBwsATE1,window_10_0pct,1784125313.168021,0,-0.2786334486291614,-0.2784673433608376,-0.5573540544579261,-0.3355878063014919,-0.5058838631448596,-0.2492175792140326,-0.2368180696378136,-0.231338818453557,1.0,0.0,0.0,1.0,0.0,0.0,0.0,0.0,0.0,1.0
window_10_0pct::CKbQoH2Q6hN40UKKQj,window_10_0pct,1784125826.33092,0,-0.3565039344629734,-0.0810988290101459,-0.4806209197083218,-0.2653197457193104,-0.429504096483598,-0.2436577086550998,-0.2354347549111007,0.2224156602025281,1.0,0.0,0.0,1.0,0.0,0.0,0.0,0.0,0.0,1.0
window_10_0pct::CAMb1p1RVsQHo7Xobf,window_10_0pct,1784124673.701445,0,-0.3897120174863553,-0.3631730693929528,-0.7368866463097827,-0.4585569123203094,-0.7095632409082235,4.769490936933626,4.852309873295043,4.119297628905474,0.0,1.0,1.0,0.0,0.0,0.0,0.0,0.0,0.0,1.0
window_10_0pct::CKG4qtV5kuQwWuzO9,window_10_0pct,1784124116.330642,0,0.2342257259711486,0.2669040060183466,0.5976580726741993,0.2089896632104142,0.5125130256719606,-0.2490778343099071,-0.2368635590852424,-0.2529210559169437,1.0,0.0,0.0,1.0,0.0,0.0,0.0,0.0,0.0,1.0
window_10_0pct::CE1Tal4KQRcTVG6cJa,window_10_0pct,1784125779.612909,0,-0.2038960304341663,0.2790048240229345,-0.1799765888732165,-0.0369485488272207,-0.1494449520589724,-0.247332409923436,-0.2365191498799154,0.2524034058151176,1.0,0.0,0.0,1.0,0.0,0.0,0.0,0.0,0.0,1.0
window_10_0pct::Cifq5OT8DdZT1VM1g,window_10_0pct,1784124657.45455,0,-0.3884950541221607,0.0019378186765087,-0.3882734842829259,-0.1774846699915836,-0.327664407601916,-0.0341997290442966,-0.1704251784462605,0.1790359201621905,1.0,0.0,0.0,1.0,0.0,0.0,0.0,0.0,0.0,1.0
window_10_0pct::CSTFpV3THFy6pImsk7,window_10_0pct,1784125430.566111,0,-0.388318165878012,-0.1937616173287226,-0.4767545214457448,-0.2653197457193104,-0.429504096483598,-0.1606355927915817,-0.1960281215065288,-0.1075025819952644,1.0,0.0,0.0,1.0,0.0,0.0,0.0,0.0,0.0,1.0
window_10_0pct::CG5dIBZOHggoNRIf2,window_10_0pct,1784126016.121279,0,0.4149701978935431,-0.1038400214670438,-0.2555413065654486,-0.1072166094094022,-0.2003647964998135,-0.2495651268541613,-0.237037635370944,-0.1979193503933189,1.0,0.0,0.0,1.0,0.0,0.0,0.0,0.0,0.0,1.0
window_10_0pct::C8HTIi33Ookh8yQPd4,window_10_0pct,1784125832.981295,0,-0.3885455051687416,-0.1866680343605159,1.1531235417489236,0.3143917540836864,0.9453317034191092,-0.138981447618447,-0.0528708413212118,-0.5326922727822792,1.0,0.0,0.0,1.0,0.0,0.0,0.0,0.0,0.0,1.0
window_10_0pct::CBTOXE3uubmPvq6s3e,window_10_0pct,1784125107.025137,0,-0.2447409137855117,-0.3698493827747943,-0.7379063557416712,-0.4058558668836733,-0.684103318687803,-0.2497985998628026,-0.2370304909140085,-0.6040302242810942,1.0,0.0,0.0,0.0,1.0,0.0,0.0,0.0,0.0,1.0
window_10_0pct::CG2OtX2nhm70nKTWsi,window_10_0pct,1784124116.330333,0,0.2342298893033886,0.3576601410527556,0.6304162381736151,0.3143917540836864,0.5888927923332221,-0.2489751094589388,-0.2368175843229703,-0.2124812424597552,1.0,0.0,0.0,1.0,0.0,0.0,0.0,0.0,0.0,1.0
window_10_0pct::CmCU9qyXqL4r4tqqi,window_10_0pct,1784125921.669432,0,-0.3132263627076998,-0.3698493827747943,-0.7379063557416712,-0.4058558668836733,-0.684103318687803,-0.2497985998628026,-0.2369123716848903,-0.6040302242810942,1.0,0.0,0.0,0.0,1.0,0.0,0.0,0.0,0.0,1.0
window_10_0pct::CGB53l3JcNqYmrFs9e,window_10_0pct,1784126083.808216,0,-0.3897121989649402,-0.3631730693929528,-0.7368866463097827,-0.4585569123203094,-0.7095632409082235,5.971292657011643,6.070915912956254,4.119297628905474,0.0,1.0,1.0,0.0,0.0,0.0,0.0,0.0,0.0,1.0
window_10_0pct::CcF43E1eKucQzZiybi,window_10_0pct,1784124972.786636,0,-0.389712049511988,-0.3631730693929528,-0.7368866463097827,-0.4585569123203094,-0.7095632409082235,4.94664233234997,5.031938306822958,4.119297628905474,0.0,1.0,1.0,0.0,0.0,0.0,0.0,0.0,0.0,1.0
window_10_0pct::CEIIYOSNsldsagoG1,window_10_0pct,1784126046.440149,0,-0.3746533728765464,0.3630846456755019,0.0274068168370928,0.0684535420460513,0.028774503483971,-0.2154256678751269,-0.2273204724207967,0.1012412174068328,1.0,0.0,0.0,1.0,0.0,0.0,0.0,0.0,0.0,1.0
window_10_0pct::CvNruG4qFaISpH4TSf,window_10_0pct,1784125899.201778,0,-0.3894555882459995,-0.3698493827747943,-0.7379063557416712,-0.4058558668836733,-0.684103318687803,-0.2497985998628026,-0.1628542991775952,-0.6040302242810942,1.0,0.0,0.0,0.0,1.0,0.0,0.0,0.0,0.0,1.0
window_10_0pct::Cp8OEP1bXVrAYZm7nf,window_10_0pct,1784124508.836832,0,-0.389711793306927,-0.3631730693929528,-0.7368866463097827,-0.4585569123203094,-0.7095632409082235,3.802471851862754,3.871769341651834,4.119297628905474,0.0,1.0,1.0,0.0,0.0,0.0,0.0,0.0,0.0,1.0
window_10_0pct::Cp7uo84jFerouFlkGl,window_10_0pct,1784125589.091255,0,0.2363172239603976,-0.0030694163598724,-0.2000733622600176,-0.0720825791183115,-0.174904874279393,-0.2493848146135508,-0.2369867534035781,-0.1018221757469518,1.0,0.0,0.0,1.0,0.0,0.0,0.0,0.0,0.0,1.0
window_10_0pct::CWh1402dg9Ncwg0Fp3,window_10_0pct,1784125069.062051,0,-0.3835606834264385,-0.279719152119933,-0.5955506702607468,-0.3355878063014919,-0.53134378536528,-0.2394519555513437,-0.2309453330422962,-0.1378288851460726,1.0,0.0,0.0,1.0,0.0,0.0,0.0,0.0,0.0,1.0
window_10_0pct::CBG3uv1V4qhQuXsWHe,window_10_0pct,1784124572.373164,0,-0.389190800315531,-0.3698493827747943,-0.7379063557416712,-0.4058558668836733,-0.684103318687803,-0.2497985998628026,-0.2005362729010865,-0.6040302242810942,1.0,0.0,0.0,0.0,1.0,0.0,0.0,0.0,0.0,1.0
window_10_0pct::C9vaoB3zBIwocvRq23,window_10_0pct,1784124857.239581,0,0.1770074390390014,0.1010393454382197,0.4117098089800446,0.1562886177737781,0.3597534923494376,-0.249211767412533,-0.2368586954822122,-0.3023824922867082,1.0,0.0,0.0,1.0,0.0,0.0,0.0,0.0,0.0,1.0
window_10_0pct::CoD66v3EWBRl6vDnLc,window_10_0pct,1784123974.083782,0,0.4174456832178572,0.2677385451910768,1.5756019057481987,0.5954639964124121,1.327230536725417,-0.2492407133593712,-0.2368010809923718,-0.4010715115827614,1.0,0.0,0.0,1.0,0.0,0.0,0.0,0.0,0.0,1.0
window_10_0pct::Cxi25T3T7bC6CTYa1,window_10_0pct,1784125716.711563,0,-0.3154203106956871,0.0885212578472668,-0.2589403380050767,-0.1072166094094022,-0.225824718720234,-0.2454411175366322,-0.2358109432765344,0.1007204262753733,1.0,0.0,0.0,1.0,0.0,0.0,0.0,0.0,0.0,1.0
window_10_0pct::C4uA9r1aEP9tLEOg17,window_10_0pct,1784125236.575175,0,0.1808609659843574,0.1740615230521121,0.049203105943708,0.0684535420460513,0.0542344257043915,-0.2491253434215979,-0.2369026443810153,-0.0951406316565296,1.0,0.0,0.0,1.0,0.0,0.0,0.0,0.0,0.0,1.0
window_10_0pct::CzlAap3LTNlX94IBOd,window_10_0pct,1784125777.567865,0,-0.3876318672462633,-0.3698493827747943,-0.7379063557416712,-0.4058558668836733,-0.684103318687803,-0.2497985998628026,-0.2279727151895473,-0.6040302242810942,1.0,0.0,0.0,0.0,1.0,0.0,0.0,0.0,0.0,1.0
window_10_0pct::CRtyf92jEwFP0h9k48,window_10_0pct,1784124327.77244,0,-0.3844459146127865,-0.1891716518787065,1.1531235417489236,0.3143917540836864,0.9453317034191092,-0.2255714407556446,-0.1963137704980703,-0.5336672789531058,1.0,0.0,0.0,1.0,0.0,0.0,0.0,0.0,0.0,1.0
window_10_0pct::CofTy21uKSvEeyGTSa,window_10_0pct,1784125474.294024,0,-0.3776046416742137,-0.1858334951877857,-0.4300815709903515,-0.2126187002826743,-0.378584252042757,-0.2390652256463631,-0.2312394414212268,-0.1638156446303259,1.0,0.0,0.0,1.0,0.0,0.0,0.0,0.0,0.0,1.0
window_10_0pct::C9Q7xi3ehPfZHw3lpe,window_10_0pct,1784125702.876333,0,-0.0549852401610189,-0.0982068820511149,-0.2610647326548443,-0.1072166094094022,-0.225824718720234,-0.2492254466724817,-0.2368624526460183,-0.1845158259517007,1.0,0.0,0.0,1.0,0.0,0.0,0.0,0.0,0.0,1.0
window_10_0pct::CQioka1mX47CivDJVj,window_10_0pct,1784124245.4353,0,0.1107298372293559,-0.27784143898129,-0.5815509095187786,-0.3355878063014919,-0.5058838631448596,-0.2496687517762431,-0.2370859793666539,-0.1707229648245473,1.0,0.0,0.0,1.0,0.0,0.0,0.0,0.0,0.0,1.0
window_10_0pct::CPZjq83JI8OYUMjOM8,window_10_0pct,1784125423.245703,0,-0.1275070930660109,-0.2788846129472028,-0.5955506702607468,-0.3355878063014919,-0.53134378536528,-0.2495535832710127,-0.2370165354639717,-0.1335122060800076,1.0,0.0,0.0,1.0,0.0,0.0,0.0,0.0,0.0,1.0
window_10_0pct::CIUAm11WZAvPITiCR3,window_10_0pct,1784126215.096679,0,-0.3849604704520267,0.4567616678144666,-0.6461112629252148,0.050886526900506,-0.1239850298385519,-0.1269571344443725,-0.2069815051939172,6.0261281425191,1.0,0.0,0.0,0.0,0.0,1.0,0.0,0.0,0.0,1.0
window_10_0pct::CQvjQS1hib23i1aG7a,window_10_0pct,1784125578.632626,0,-0.3893071921396682,-0.3698493827747943,-0.7379063557416712,-0.4058558668836733,-0.684103318687803,-0.2497985998628026,-0.1900302278407153,-0.6040302242810942,1.0,0.0,0.0,0.0,1.0,0.0,0.0,0.0,0.0,1.0
window_10_0pct::CGw5ld2pb3apmZVnn8,window_10_0pct,1784124895.784138,0,-0.3878475492067207,-0.1858334951877857,1.1531235417489236,0.4022268298114132,0.9453317034191092,-0.1801285332989557,-0.1090096015899022,-0.5323672707253371,1.0,0.0,0.0,1.0,0.0,0.0,0.0,0.0,0.0,1.0
window_10_0pct::CPYfkC3aTmHvsRP5he,window_10_0pct,1784125966.376755,0,-0.3892301277923833,-0.1900061910514367,1.1531235417489236,0.296824738938141,0.9453317034191092,0.0132677037692903,0.1985411580887957,-0.5339922810100481,1.0,0.0,0.0,1.0,0.0,0.0,0.0,0.0,0.0,1.0
window_10_0pct::C7nAZt3lSVJCUrAjfc,window_10_0pct,1784125069.062123,0,-0.3835613239390908,-0.279719152119933,-0.5573540544579261,-0.3355878063014919,-0.5058838631448596,-0.2394508782509541,-0.2309446857155666,-0.2364441801772219,1.0,0.0,0.0,1.0,0.0,0.0,0.0,0.0,0.0,1.0
window_10_0pct::CHgwmOOmorQbL080k,window_10_0pct,1784125665.555693,0,-0.3888929192313593,-0.279719152119933,-0.5573540544579261,-0.3180207911559465,-0.5058838631448596,-0.1721736474471374,-0.1846888423173035,-0.2364441801772219,1.0,0.0,0.0,1.0,0.0,0.0,0.0,0.0,0.0,1.0
window_10_0pct::CDE8LI2yzXyPhHUzce,window_10_0pct,1784125335.035727,0,-0.1738319678159561,0.009240036437898,-0.1674001725465925,-0.0720825791183115,-0.1494449520589724,-0.2485583992741463,-0.2366530259657274,-0.1146935202475918,1.0,0.0,0.0,1.0,0.0,0.0,0.0,0.0,0.0,1.0
window_10_0pct::CautgI2uqaF4GDvnu9,window_10_0pct,1784125633.204032,0,5.343766363754367e-06,-0.1883371127059763,-0.4118967527883412,-0.2301857154282197,-0.378584252042757,-0.2494696574622759,-0.2369906551006769,-0.194024469122628,1.0,0.0,0.0,1.0,0.0,0.0,0.0,0.0,0.0,1.0
window_10_0pct::CReLdR3ibZBbnwo66f,window_10_0pct,1784124922.458809,0,-0.0031778226370754,-0.0975809776715673,-0.3119227405702797,-0.1599176548460383,-0.2512846409406545,-0.2493011229377302,-0.2369397637288563,-0.1333506508194939,1.0,0.0,0.0,1.0,0.0,0.0,0.0,0.0,0.0,1.0
window_10_0pct::CTLZ9L2N0PUk7FCAS,window_10_0pct,1784125069.061269,0,-0.3835521112321083,-0.2803450564994806,1.1454757210097604,0.2265566783559596,0.9198717811986884,-0.2395381035838236,-0.2061202774002798,-0.5690322141344901,1.0,0.0,0.0,1.0,0.0,0.0,0.0,0.0,0.0,1.0
window_10_0pct::CeF0SQNpDlfybag6,window_10_0pct,1784124108.944413,0,0.0037351343425027,-0.0975809776715673,-0.2861963213615945,-0.1599176548460383,-0.2512846409406545,-0.2493098637008902,-0.236943675665653,-0.1601561889807992,1.0,0.0,0.0,1.0,0.0,0.0,0.0,0.0,0.0,1.0
window_10_0pct::CFsbsR1ytR4kaaSfR4,window_10_0pct,1784125158.346641,0,0.0069784555592055,-0.094451455773829,-0.2313444515045961,-0.1423506397004929,-0.225824718720234,-0.2493082878460717,-0.236933411468131,-0.2036684687139823,1.0,0.0,0.0,1.0,0.0,0.0,0.0,0.0,0.0,1.0
window_10_0pct::CUOMdap6xcBS8Du75,window_10_0pct,1784125818.892578,0,-0.3890770559436901,-0.1833298776695951,1.1531235417489236,0.4022268298114132,0.9453317034191092,-0.0426416812787639,0.1387722872657233,-0.5313922645545104,1.0,0.0,0.0,1.0,0.0,0.0,0.0,0.0,0.0,1.0
window_10_0pct::CFcnRV1KojUNhdxAyg,window_10_0pct,1784125423.24612,0,-0.1275121317655425,-0.3698493827747943,-0.7379063557416712,-0.4058558668836733,-0.684103318687803,-0.2497985998628026,-0.2370894713283022,-0.6040302242810942,1.0,0.0,0.0,0.0,1.0,0.0,0.0,0.0,0.0,1.0
window_10_0pct::CZiFFjTE9bjaS99bb,window_10_0pct,1784124994.50934,0,0.0727993184716933,0.0699527612540199,1.523787920240368,0.5603299661213215,1.2508507700641551,-0.2491270183261294,-0.236552507183094,-0.46082395836863,1.0,0.0,0.0,1.0,0.0,0.0,0.0,0.0,0.0,1.0
window_10_0pct::CaHOI12WSwivnsgQX9,window_10_0pct,1784125933.326587,0,-0.3398654013449552,-0.0091198253621663,1.3696418444532334,0.3495257843747771,1.1235511589620526,-0.2446876392726278,-0.2326543895182544,-0.4779803281506727,1.0,0.0,0.0,1.0,0.0,0.0,0.0,0.0,0.0,1.0
window_10_0pct::CQJO874KGYZEazJ1pd,window_10_0pct,1784125007.456395,0,-0.3893753213354531,-0.3698493827747943,-0.7379063557416712,-0.4058558668836733,-0.684103318687803,-0.2497985998628026,-0.1805197438861699,-0.6040302242810942,1.0,0.0,0.0,0.0,1.0,0.0,0.0,0.0,0.0,1.0
window_10_0pct::CzEUco29sItOmp9PJf,window_10_0pct,1784124156.833171,0,0.0409543317741327,-0.2782587085676551,1.1454757210097604,0.2441236935015049,0.9198717811986884,-0.2496483984426043,-0.2367072397562789,-0.5682164097021682,1.0,0.0,0.0,1.0,0.0,0.0,0.0,0.0,0.0,1.0
window_10_0pct::CEg7KV1OOMWIMu4HO9,window_10_0pct,1784124690.301881,0,-0.389225825682402,-0.0850628900806143,-0.2470649719128761,-0.1072166094094022,-0.2003647964998135,0.1630949419225583,-0.0310494896873041,-0.1767605439756762,1.0,0.0,0.0,1.0,0.0,0.0,0.0,0.0,0.0,1.0
window_10_0pct::CHCkVH1gERyawcKEq3,window_10_0pct,1784125086.153859,0,0.1919538871825458,0.1087588327859741,-0.0743304429402756,0.0157524966094153,-0.0476052631772904,-0.2492174735911513,-0.236932257541524,-0.0728788746543601,1.0,0.0,0.0,1.0,0.0,0.0,0.0,0.0,0.0,1.0
window_10_0pct::CxVRpI3JZ536vgv7xg,window_10_0pct,1784126037.524486,0,-0.3841897415774916,0.2888106593025143,-0.1171794830260874,0.0157524966094153,-0.0730651853977109,-0.1655749588821008,-0.2129243450541233,0.1773970468441942,1.0,0.0,0.0,1.0,0.0,0.0,0.0,0.0,0.0,1.0
window_10_0pct::C8qWxX1OLr20mGqAwk,window_10_0pct,1784125885.185817,0,-0.3897120174863553,-0.3631730693929528,-0.7368866463097827,-0.4585569123203094,-0.7095632409082235,4.769490936933626,4.852309873295043,4.119297628905474,0.0,1.0,1.0,0.0,0.0,0.0,0.0,0.0,0.0,1.0
window_10_0pct::CO1E8Fbrq5uhnIu32,window_10_0pct,1784125457.431974,0,-0.2004885778503068,-0.180617625358222,-0.4752249572979122,-0.2653197457193104,-0.429504096483598,-0.2490923122274677,-0.2368592052145165,-0.0735462870257907,1.0,0.0,0.0,1.0,0.0,0.0,0.0,0.0,0.0,1.0
window_10_0pct::CzSAkv1K5iIrvO5iJg,window_10_0pct,1784124747.123923,0,0.4448639695479235,0.2468750658728218,-0.1799765888732165,0.0333195117549606,-0.1494449520589724,-0.2492766972619365,-0.2369962740866638,0.20999479519299,1.0,0.0,0.0,1.0,0.0,0.0,0.0,0.0,0.0,1.0
window_10_0pct::C0pRhp2erq9n0caWY8,window_10_0pct,1784125322.349199,0,0.4014712015921304,0.4242146400779889,0.164918882516547,0.1738556329193235,0.2069939590269145,-0.2490897690207227,-0.2369388181149719,0.0436852400917261,1.0,0.0,0.0,1.0,0.0,0.0,0.0,0.0,0.0,1.0
window_10_0pct::C9ikMh1ZBTL9ljBh6h,window_10_0pct,1784125238.448407,0,0.5416108863309013,-0.1837471472559602,-0.4385579056429241,-0.2653197457193104,-0.4040441742631775,-0.2496574710988955,-0.2371008054993509,-0.1462190242050792,1.0,0.0,0.0,1.0,0.0,0.0,0.0,0.0,0.0,1.0
window_10_0pct::CPSxDm3knaI6tLp773,window_10_0pct,1784126002.898012,0,-0.0575340214831799,0.296321511857086,1.6289879432968577,0.6305980267035028,1.352690458945837,-0.2483822249212444,-0.2362556333029284,-0.3967558802893171,1.0,0.0,0.0,1.0,0.0,0.0,0.0,0.0,0.0,1.0
window_10_0pct::CXF5v23aSYDHvayNL4,window_10_0pct,1784126132.3739,0,0.6375581444178808,-0.0041125903257851,1.3696418444532334,0.5603299661213215,1.1490110811824732,-0.2495471518254245,-0.2368878110732314,-0.4762306476954211,1.0,0.0,0.0,1.0,0.0,0.0,0.0,0.0,0.0,1.0
window_10_0pct::C4CaBe3jJap7geRyLa,window_10_0pct,1784126149.833372,0,0.2960267101272624,0.2817170763343076,0.0314006787786558,0.1387216026282328,0.028774503483971,-0.2491275355911431,-0.2369183814340569,0.0196897902415876,1.0,0.0,0.0,1.0,0.0,0.0,0.0,0.0,0.0,1.0
window_10_0pct::CA2m0d4gznz5qbLXBd,window_10_0pct,1784125103.485709,0,-0.372344773123794,0.2629399449478781,-0.1267817468430367,-0.00181451853613,-0.0985251076181314,-0.2240668447630986,-0.2297298016867388,0.1584997738472821,1.0,0.0,0.0,1.0,0.0,0.0,0.0,0.0,0.0,1.0
window_10_0pct::CvPQVQ1s4v3SUIYxSh,window_10_0pct,1784125654.659098,0,-0.1389096060546975,-0.3698493827747943,-0.7379063557416712,-0.4058558668836733,-0.684103318687803,-0.2497985998628026,-0.2370861567131434,-0.6040302242810942,1.0,0.0,0.0,0.0,1.0,0.0,0.0,0.0,0.0,1.0
window_10_0pct::C2aD7N3o5sm0gsDKDb,window_10_0pct,1784124327.772624,0,-0.3844491705521024,-0.187085303946881,-0.4767545214457448,-0.2828867608648558,-0.429504096483598,-0.2252765225452152,-0.2271710106018246,-0.0886768893967496,1.0,0.0,0.0,1.0,0.0,0.0,0.0,0.0,0.0,1.0
window_10_0pct::CvKkRJ1Yxy03KF9Mo4,window_10_0pct,1784124592.379768,0,0.0980115297742217,0.0071536885060725,1.4051617229973472,0.49006190553914,1.1490110811824732,-0.2492526723304997,-0.2366232470748983,-0.4744772844935067,1.0,0.0,0.0,1.0,0.0,0.0,0.0,0.0,0.0,1.0
window_10_0pct::C9NrHI5IB9RJ6GHXb,window_10_0pct,1784124097.387265,0,-0.3893732610197548,-0.3698493827747943,-0.7379063557416712,-0.4058558668836733,-0.684103318687803,-0.2497985998628026,-0.1808632916866532,-0.6040302242810942,1.0,0.0,0.0,0.0,1.0,0.0,0.0,0.0,0.0,1.0
window_10_0pct::CRaRIa4IBI9oVZnhYk,window_10_0pct,1784124940.840923,0,-0.3886085529641516,-0.2811795956722108,-0.5306929016033433,-0.2828867608648558,-0.480423940924439,-0.1930947706991003,-0.1895416167019455,-0.2889248214664791,1.0,0.0,0.0,1.0,0.0,0.0,0.0,0.0,0.0,1.0
window_10_0pct::CAu4uk3BZDgPp9JI18,window_10_0pct,1784125148.100816,0,-0.3871759076394993,-0.3698493827747943,-0.7379063557416712,-0.4058558668836733,-0.684103318687803,-0.2497985998628026,-0.2296242911708682,-0.6040302242810942,1.0,0.0,0.0,0.0,1.0,0.0,0.0,0.0,0.0,1.0
window_10_0pct::CaBGZr3QSK8a5VHHfi,window_10_0pct,1784123939.36263,0,0.341186150755892,0.920556813059274,2.064595066231696,0.8589692235955926,1.7600492144725652,-0.2485516939702107,-0.236665259303117,-0.2649363357450605,1.0,0.0,0.0,1.0,0.0,0.0,0.0,0.0,0.0,1.0
window_10_0pct::CYbEmc1R8aXgEhIht2,window_10_0pct,1784124820.990396,0,-0.3891753853110318,-0.2788846129472028,-0.5573540544579261,-0.3180207911559465,-0.5058838631448596,-0.1302893329362797,-0.1571166954305638,-0.2330406056947786,1.0,0.0,0.0,1.0,0.0,0.0,0.0,0.0,0.0,1.0
window_10_0pct::C1vwsW1iXGDig5VR96,window_10_0pct,1784125482.826799,0,-0.2304780314197327,-0.2803450564994806,1.1454757210097604,0.3319587692292318,0.9198717811986884,-0.2494016182715559,-0.2357812264656645,-0.5690322141344901,1.0,0.0,0.0,1.0,0.0,0.0,0.0,0.0,0.0,1.0
window_10_0pct::Cw1r2I1XGreM5tOhg4,window_10_0pct,1784125397.551408,0,0.1713622487521577,-0.1931357129491749,-0.4149983689770018,-0.2477527305737651,-0.378584252042757,-0.2495761594266126,-0.2370516318318224,-0.201029854464137,1.0,0.0,0.0,1.0,0.0,0.0,0.0,0.0,0.0,1.0
window_10_0pct::C78XYV3sOe5Ox7JDpf,window_10_0pct,1784125165.317547,0,-0.3870973274122707,-0.2767982650153773,-0.5573540544579261,-0.3180207911559465,-0.5058838631448596,-0.2246733703219066,-0.2207111876483782,-0.2245316694886705,1.0,0.0,0.0,1.0,0.0,0.0,0.0,0.0,0.0,1.0
window_10_0pct::C1GdBl3qo9uTmqhQQ5,window_10_0pct,1784123915.492594,0,1.184983246163645,0.6295112765696176,2.1783988876197444,0.8941032538866832,1.912808747795088,-0.2493503809909933,-0.2369255838154478,-0.3516654333956693,1.0,0.0,0.0,1.0,0.0,0.0,0.0,0.0,0.0,1.0
window_10_0pct::CEtPUc4vzrrCyCRWM9,window_10_0pct,1784125104.926208,0,-0.0271062544305614,-0.0810988290101459,-0.4800898210458799,-0.2477527305737651,-0.429504096483598,-0.2492361916322363,-0.236990998709878,0.220713332847161,1.0,0.0,0.0,1.0,0.0,0.0,0.0,0.0,0.0,1.0
window_10_0pct::C5q413S1flbWvnqI1,window_10_0pct,1784124998.259805,0,0.4652715673428788,-0.0957032645329243,-0.3410057033255976,-0.1774846699915836,-0.2512846409406545,-0.2495721414201067,-0.2370673445792569,-0.095379461671257,1.0,0.0,0.0,1.0,0.0,0.0,0.0,0.0,0.0,1.0
window_10_0pct::CMamWfoCLZQPWpYD1,window_10_0pct,1784125148.100978,0,-0.3871775836476062,-0.3698493827747943,-0.7379063557416712,-0.4058558668836733,-0.684103318687803,-0.2497985998628026,-0.2296193080985631,-0.6040302242810942,1.0,0.0,0.0,0.0,1.0,0.0,0.0,0.0,0.0,1.0
window_10_0pct::C6IAUn3Lbdg4ZEchM3,window_10_0pct,1784124335.689779,0,-0.3013283171055467,0.2187093687931776,0.0289363809849254,-0.00181451853613,0.028774503483971,-0.2450955704501328,-0.2357018518335325,-0.0388146255826499,1.0,0.0,0.0,1.0,0.0,0.0,0.0,0.0,0.0,1.0
window_10_0pct::Cj9Zp92Y5nPhiLo1T9,window_10_0pct,1784125560.657412,0,-0.2330275600066548,-0.3698493827747943,-0.7379063557416712,-0.4058558668836733,-0.684103318687803,-0.2497985998628026,-0.2370403528086517,-0.6040302242810942,1.0,0.0,0.0,0.0,1.0,0.0,0.0,0.0,0.0,1.0
window_10_0pct::CtNO9S2wWZZOUpKc25,window_10_0pct,1784124219.439679,0,-0.3696246012910834,-0.0913219338760908,-0.3407507759676255,-0.2126187002826743,-0.3022044853814955,-0.2400062193074316,-0.2335923233256736,-0.0875820343002839,1.0,0.0,0.0,1.0,0.0,0.0,0.0,0.0,0.0,1.0
window_10_0pct::CDywpL2xZmABvl5aNh,window_10_0pct,1784124973.368297,0,-0.3891991696808546,-0.1812435297377696,1.1531235417489236,0.3143917540836864,0.9453317034191092,0.0094620078472249,0.1815936464738442,-0.5305797594121548,1.0,0.0,0.0,1.0,0.0,0.0,0.0,0.0,0.0,1.0
window_10_0pct::CCbeHQ3iFl0dbmkOs5,window_10_0pct,1784125587.494569,0,-0.3850490106509989,-0.100501864776123,-0.5306291697638502,-0.2653197457193104,-0.4549640187040185,-0.209011379413927,-0.2248608667620405,0.3528545006392568,1.0,0.0,0.0,1.0,0.0,0.0,0.0,0.0,0.0,1.0
window_10_0pct::Cfocdp2nRBTb46s2d7,window_10_0pct,1784124277.26233,0,-0.3893136079414023,-0.1895889214650716,-0.4767545214457448,-0.2653197457193104,-0.429504096483598,0.0689971963206909,-0.0934942357288683,-0.0957365241211927,1.0,0.0,0.0,1.0,0.0,0.0,0.0,0.0,0.0,1.0
window_10_0pct::CbfrkG3qsGF0NhSVJa,window_10_0pct,1784125372.095045,0,-0.3886773226725888,-0.1833298776695951,1.1531235417489236,0.3143917540836864,0.9453317034191092,-0.1225999427115547,-0.0294138583396011,-0.5313922645545104,1.0,0.0,0.0,1.0,0.0,0.0,0.0,0.0,0.0,1.0
window_10_0pct::CzhJV84zb816M9QORi,window_10_0pct,1784124063.814768,0,-0.3889969064604632,-0.0917392034624559,-0.5306291697638502,-0.2301857154282197,-0.4549640187040185,0.0245090603958816,-0.1436829262309957,0.3839847550518475,1.0,0.0,0.0,1.0,0.0,0.0,0.0,0.0,0.0,1.0
window_10_0pct::Cu11GW1fUpKBsBnbaa,window_10_0pct,1784123974.085084,0,0.4174315278882409,0.0872694490881715,1.5501941457369788,0.5076289206846853,1.2763106922845755,-0.249398615973513,-0.2368306923063976,-0.4569031355733451,1.0,0.0,0.0,1.0,0.0,0.0,0.0,0.0,0.0,1.0
window_10_0pct::CjEzm01QVfjryNh1Al,window_10_0pct,1784124440.694882,0,0.0482586633346993,0.0098659408174456,-0.2010080959059153,-0.0369485488272207,-0.1494449520589724,-0.2491862821494117,-0.2368894959253282,-0.0832054909247075,1.0,0.0,0.0,1.0,0.0,0.0,0.0,0.0,0.0,1.0
window_10_0pct::CMWVT4CXNbt6EpyRl,window_10_0pct,1784124533.119743,0,-0.3881221476559806,-0.0967464384988371,-0.5306291697638502,-0.2301857154282197,-0.4549640187040185,-0.1285510575354287,-0.1950856959324916,0.3661960382446528,1.0,0.0,0.0,1.0,0.0,0.0,0.0,0.0,0.0,1.0
window_10_0pct::CbcTY546ylOXKjb1x2,window_10_0pct,1784125047.582623,0,0.2532378495257079,-0.2761723606358297,-0.5815509095187786,-0.3355878063014919,-0.5058838631448596,-0.2496956987667588,-0.2371029199738402,-0.1628625156734081,1.0,0.0,0.0,1.0,0.0,0.0,0.0,0.0,0.0,1.0
window_10_0pct::CokIAM174uf3EpJaA9,window_10_0pct,1784124440.979171,0,-0.3860964196409139,-0.2788846129472028,-0.5955506702607468,-0.3180207911559465,-0.53134378536528,-0.2320344286638236,-0.2252642048286144,-0.1335122060800076,1.0,0.0,0.0,1.0,0.0,0.0,0.0,0.0,0.0,1.0
window_10_0pct::Czhz6W3FyfMhKy4MT8,window_10_0pct,1784125389.750677,0,-0.320387059305984,-0.2784673433608376,-0.5955506702607468,-0.3004537760104012,-0.53134378536528,-0.2488676420216678,-0.2364727478533921,-0.1313538665469751,1.0,0.0,0.0,1.0,0.0,0.0,0.0,0.0,0.0,1.0
window_10_0pct::Cz0dyf1dT8ZZoNlUP9,window_10_0pct,1784125966.379515,0,-0.3892599863571923,-0.3698493827747943,-0.7379063557416712,-0.4058558668836733,-0.684103318687803,-0.2497985998628026,-0.1949420516880524,-0.6040302242810942,1.0,0.0,0.0,0.0,1.0,0.0,0.0,0.0,0.0,1.0
window_10_0pct::CoVxos4tS6SX9HTiO1,window_10_0pct,1784126087.464852,0,-0.1500154976340954,-0.1883371127059763,-0.4118967527883412,-0.1774846699915836,-0.378584252042757,-0.2492637803710066,-0.2368233181245648,-0.194024469122628,1.0,0.0,0.0,1.0,0.0,0.0,0.0,0.0,0.0,1.0
window_10_0pct::CWinoDQ9N8s868Lq5,window_10_0pct,1784124438.450085,0,0.1186397308018464,-0.1858334951877857,-0.4118967527883412,-0.2126187002826743,-0.3531243298223365,-0.249542944524207,-0.2370213324087444,-0.1883692173273388,1.0,0.0,0.0,1.0,0.0,0.0,0.0,0.0,0.0,1.0
window_10_0pct::CTIi2ZcdL7lewwoSa,window_10_0pct,1784125618.297524,0,-0.3627316283062575,-0.2782587085676551,1.1454757210097604,0.3670927995203225,0.9198717811986884,-0.2474011331051503,-0.2286567152117255,-0.5682164097021682,1.0,0.0,0.0,1.0,0.0,0.0,0.0,0.0,0.0,1.0
window_10_0pct::CC1G162Iu6QFLElsmf,window_10_0pct,1784124679.451466,0,-0.3884071010597864,-0.1900061910514367,1.1531235417489236,0.4373608601025039,0.9453317034191092,-0.1525320674250876,-0.0467742245869121,-0.5339922810100481,1.0,0.0,0.0,1.0,0.0,0.0,0.0,0.0,0.0,1.0
window_10_0pct::C2JWhF38LdJw8Fl1Mg,window_10_0pct,1784125560.657295,0,-0.2330265565368328,-0.3698493827747943,-0.7379063557416712,-0.4058558668836733,-0.684103318687803,-0.2497985998628026,-0.2370403535903449,-0.6040302242810942,1.0,0.0,0.0,0.0,1.0,0.0,0.0,0.0,0.0,1.0
window_10_0pct::CXg2po2xW1cf0kMxMg,window_10_0pct,1784125121.143553,0,-0.3892982356377465,-0.1891716518787065,1.1531235417489236,0.2616907086470503,0.9453317034191092,0.0578911227009877,0.2470376867644663,-0.5336672789531058,1.0,0.0,0.0,1.0,0.0,0.0,0.0,0.0,0.0,1.0
window_10_0pct::C7vNV547fs58c5NAZ8,window_10_0pct,1784126054.141969,0,1.2699323255489243,0.5581581773011857,0.5943865049135573,0.4724948903935946,0.5125130256719606,-0.2494036873379728,-0.2370068455407062,-0.0910654469861295,1.0,0.0,0.0,1.0,0.0,0.0,0.0,0.0,0.0,1.0
window_10_0pct::CDOdF74cXJ5Y5teEyb,window_10_0pct,1784124595.844741,0,-0.2603919258466067,-0.010162999328079,-0.5771321686472621,-0.2477527305737651,-0.5058838631448596,-0.247834246982541,-0.2366817853002747,1.0433465912071989,1.0,0.0,0.0,1.0,0.0,0.0,0.0,0.0,0.0,1.0
window_10_0pct::CHpzVWrRJ7ziuoFC6,window_10_0pct,1784125987.638233,0,0.2475831903268208,1.0188238006482548,2.132426987398774,1.1049074356332276,1.8618889033542472,-0.2482596537062666,-0.2364872089524079,-0.2477373347235539,1.0,0.0,0.0,1.0,0.0,0.0,0.0,0.0,0.0,1.0
window_10_0pct::CWGv9jkoZqaSDxvv5,window_10_0pct,1784124931.922466,0,0.5101527052240759,0.3683005155050656,0.1683179139561751,0.1562886177737781,0.181534036806494,-0.2492192624791927,-0.236971135657189,-0.0041820362638163,1.0,0.0,0.0,1.0,0.0,0.0,0.0,0.0,0.0,1.0
window_10_0pct::C52ddC3ERkhbxbSAX1,window_10_0pct,1784124014.385652,0,0.5586487577372186,-0.2761723606358297,-0.5955506702607468,-0.3180207911559465,-0.5058838631448596,-0.2497288370901574,-0.237117036694024,-0.1194829991152963,1.0,0.0,0.0,1.0,0.0,0.0,0.0,0.0,0.0,1.0
window_10_0pct::CJcwGp146jJkuoyhI,window_10_0pct,1784125468.117571,0,0.3369943690788464,0.0774636138085917,0.0046545501380822,-0.0193815336816754,0.0033145812635505,-0.2493638728292627,-0.2369913510868484,-0.1604117049845271,1.0,0.0,0.0,1.0,0.0,0.0,0.0,0.0,0.0,1.0
window_10_0pct::CtHXrS2uVnUooqgqm2,window_10_0pct,1784124441.372485,0,-0.2679401219243328,-0.2788846129472028,-0.5955506702607468,-0.3180207911559465,-0.53134378536528,-0.2492710208907323,-0.236809044630221,-0.1335122060800076,1.0,0.0,0.0,1.0,0.0,0.0,0.0,0.0,0.0,1.0
window_10_0pct::CnKZen46g9sahxe8c2,window_10_0pct,1784124717.059991,0,-0.3892854040342784,-0.1916752693968971,1.1531235417489236,0.3846598146658678,0.9453317034191092,0.0445211793478639,0.3107840703803876,-0.5346422851239325,1.0,0.0,0.0,1.0,0.0,0.0,0.0,0.0,0.0,1.0
window_10_0pct::Cz0sfx1cUJSOUNvaOh,window_10_0pct,1784124763.894916,0,0.2658284067323371,-0.3698493827747943,-0.7379063557416712,-0.3882888517381279,-0.6331834742469621,-0.2497985998628026,-0.2371259428484958,-0.6040302242810942,1.0,0.0,0.0,0.0,1.0,0.0,0.0,0.0,0.0,1.0
window_10_0pct::C85eMX3iVZxfNM32Db,window_10_0pct,1784124875.579075,0,-0.3892776751816072,-0.275546456256282,-0.5573540544579261,-0.3355878063014919,-0.5058838631448596,-0.0967887434743793,-0.149290221462804,-0.2194263077650056,1.0,0.0,0.0,1.0,0.0,0.0,0.0,0.0,0.0,1.0
window_10_0pct::C2NC1G4V1hV5xdquF6,window_10_0pct,1784125037.327439,0,0.2710944775802734,0.6405689206082927,1.7936285286538436,0.8765362387411378,1.5563698367092011,-0.2487186814310704,-0.2366052913510085,-0.3100918413593336,1.0,0.0,0.0,1.0,0.0,0.0,0.0,0.0,0.0,1.0
window_10_0pct::CikUKl3jJuUMqlFl83,window_10_0pct,1784124477.632459,0,0.4886749815904701,0.1757306013975725,1.4467998581327914,0.5427629509757761,1.1999309256233142,-0.2493599310749983,-0.2368467107691104,-0.4201208704097708,1.0,0.0,0.0,1.0,0.0,0.0,0.0,0.0,0.0,1.0
window_10_0pct::CUnASdK2BWQIaM5d,window_10_0pct,1784125578.326455,0,0.1908406975432376,0.7678361444496479,1.203981549664359,0.5778969812668668,1.047171392300791,-0.2484145729361862,-0.2366682805037869,-0.1725747515524912,1.0,0.0,0.0,1.0,0.0,0.0,0.0,0.0,0.0,1.0
window_10_0pct::CXvkUzwYTcySpInk7,window_10_0pct,1784125384.461537,0,-0.3872476023557156,-0.0948687253601941,-0.5137402322981981,-0.2477527305737651,-0.4549640187040185,-0.1710237779329733,-0.2119510742835315,0.2992732185032293,1.0,0.0,0.0,1.0,0.0,0.0,0.0,0.0,0.0,1.0
window_10_0pct::CXrFjz2ORUFxUCM0Ej,window_10_0pct,1784126117.220556,0,-0.2674611785885615,-0.0988327864306626,1.4714853239630905,0.5427629509757761,1.1999309256233142,-0.2482329113297665,-0.2348940880391955,-0.5136940585152981,1.0,0.0,0.0,1.0,0.0,0.0,0.0,0.0,0.0,1.0
window_10_0pct::CGFAWc1LHlqPcrwR48,window_10_0pct,1784125544.252366,0,0.3086586658016532,-0.0863146988397096,-0.2877258855094272,-0.1774846699915836,-0.2512846409406545,-0.2495118625059417,-0.237046025742334,-0.1402185189920306,1.0,0.0,0.0,1.0,0.0,0.0,0.0,0.0,0.0,1.0
window_10_0pct::CPNe4XYJW8mJMVeP7,window_10_0pct,1784125456.505258,0,-0.389515913862637,-0.1812435297377696,-0.4767545214457448,-0.2477527305737651,-0.429504096483598,0.4262201339369547,0.0782756814595616,-0.072204408373049,1.0,0.0,0.0,1.0,0.0,0.0,0.0,0.0,0.0,1.0
window_10_0pct::CTxkYE2sUpk70ZWfpc,window_10_0pct,1784124845.37322,0,0.2743515377933684,-0.1900061910514367,0.6992466248260841,0.1562886177737781,0.5634328701128016,-0.2496073291791071,-0.2369032164825807,-0.5118734555974762,1.0,0.0,0.0,1.0,0.0,0.0,0.0,0.0,0.0,1.0
window_10_0pct::CAHPUB3sBmeHfttfhe,window_10_0pct,1784125261.99313,0,-0.3629728880719643,-0.2784673433608376,-0.6106338722740966,-0.3180207911559465,-0.53134378536528,-0.2473850126590215,-0.2355532031299379,-0.075345820153246,1.0,0.0,0.0,1.0,0.0,0.0,0.0,0.0,0.0,1.0
window_10_0pct::Cj4npbM6Os66mZRof,window_10_0pct,1784125578.326186,0,0.1908441456363492,0.4728265468895229,1.1542494709133004,0.5427629509757761,0.99625154785995,-0.2487734666232086,-0.2366847543238064,-0.2760546734609412,1.0,0.0,0.0,1.0,0.0,0.0,0.0,0.0,0.0,1.0
window_10_0pct::CJKu6l3LhzngTFTk16,window_10_0pct,1784125411.885463,0,-0.3351243480429137,-0.2761723606358297,-0.5955506702607468,-0.3355878063014919,-0.53134378536528,-0.2485866191206074,-0.2364617297907645,-0.1194829991152963,1.0,0.0,0.0,1.0,0.0,0.0,0.0,0.0,0.0,1.0
window_10_0pct::Ci2QVp4tkbnFqN9Yr9,window_10_0pct,1784125405.010453,0,-0.1369936939338709,-0.0982068820511149,-0.3203990752228523,-0.1774846699915836,-0.276744563161075,-0.2490394560742162,-0.2368407904285471,-0.1248992738740576,1.0,0.0,0.0,1.0,0.0,0.0,0.0,0.0,0.0,1.0
window_10_0pct::CNRs4GdlxoFwmKrtg,window_10_0pct,1784125165.313911,0,0.2778726173217493,-0.0982068820511149,-0.2610647326548443,-0.1423506397004929,-0.225824718720234,-0.2495112205871752,-0.2370263349323559,-0.1845158259517007,1.0,0.0,0.0,1.0,0.0,0.0,0.0,0.0,0.0,1.0
window_10_0pct::CLxCwM1SANPQtdo4G2,window_10_0pct,1784125431.162607,0,-0.3462727589872146,-0.3698493827747943,-0.7379063557416712,-0.4058558668836733,-0.684103318687803,-0.2497985998628026,-0.2367221592662867,-0.6040302242810942,1.0,0.0,0.0,0.0,1.0,0.0,0.0,0.0,0.0,1.0
window_10_0pct::C6a77x1srdnoXY0hce,window_10_0pct,1784124197.959767,0,-0.3889981874857679,-0.0967464384988371,-0.5306291697638502,-0.2653197457193104,-0.4549640187040185,0.0200530565993955,-0.1568935359419614,0.3661960382446528,1.0,0.0,0.0,1.0,0.0,0.0,0.0,0.0,0.0,1.0
window_10_0pct::CImk0b1N2wSmMfZqx1,window_10_0pct,1784125212.912817,0,-0.2661267452039316,-0.3698493827747943,-0.7379063557416712,-0.4058558668836733,-0.684103318687803,-0.2497985998628026,-0.2370076631308175,-0.6040302242810942,1.0,0.0,0.0,0.0,1.0,0.0,0.0,0.0,0.0,1.0
window_10_0pct::CjmdwP2tm1NvkOnith,window_10_0pct,1784125974.99534,0,-0.1019296400987085,0.081010405292695,1.6150519143943822,0.5778969812668668,1.327230536725417,-0.2486921275317936,-0.2361655882009492,-0.4629175530081639,1.0,0.0,0.0,1.0,0.0,0.0,0.0,0.0,0.0,1.0
window_10_0pct::Cxcgh33h4ddFuv8OC2,window_10_0pct,1784125942.682782,0,0.8173478468303073,-0.016213408330373,-0.3792660509679114,-0.1423506397004929,-0.276744563161075,-0.2495916848701032,-0.2370871513600838,0.1220996009247533,1.0,0.0,0.0,1.0,0.0,0.0,0.0,0.0,0.0,1.0
window_10_0pct::Cqts9B2pRaMAeyg9T5,window_10_0pct,1784124097.38463,0,-0.3893443738991353,-0.1812435297377696,1.1531235417489236,0.296824738938141,0.9453317034191092,0.111598387667997,0.333591975873207,-0.5305797594121548,1.0,0.0,0.0,1.0,0.0,0.0,0.0,0.0,0.0,1.0
window_10_0pct::CLfGgO1ylE8Hdvam94,window_10_0pct,1784125506.52061,0,-0.2203326526137519,0.2683644495706244,0.1104069158035114,0.1035875723371421,0.1051542701452325,-0.2471374583291022,-0.2362309098667147,-0.0499894440664316,1.0,0.0,0.0,1.0,0.0,0.0,0.0,0.0,0.0,1.0
window_08_22pct::C9IQMD3dlGk7PCX76b,window_08_22pct,1783718127.969293,1,-0.3897128501528033,-0.36984938277479434,-0.7379063557416712,-0.4585569123203094,-0.7095632409082235,-0.24979859986280267,44.55019368296436,-0.6040302242810942,1.0,0.0,0.0,0.0,1.0,0.0,1.0,0.0,0.0,0.0
window_10_0pct::ChO178VHVxS4WEICh,window_10_0pct,1784125316.230254,0,0.277729548145643,-0.3698493827747943,-0.7379063557416712,-0.3882888517381279,-0.6331834742469621,-0.2497985998628026,-0.2371265930927863,-0.6040302242810942,1.0,0.0,0.0,0.0,1.0,0.0,0.0,0.0,0.0,1.0
window_10_0pct::CKcY85oOTgiuixHsg,window_10_0pct,1784125994.581567,0,-0.3861997450069439,-0.1895889214650716,-0.4767545214457448,-0.2477527305737651,-0.429504096483598,-0.213560885066606,-0.2194706558418854,-0.0957365241211927,1.0,0.0,0.0,1.0,0.0,0.0,0.0,0.0,0.0,1.0
window_10_0pct::CHUYc9M6exzOv7Ecc,window_10_0pct,1784124358.617319,0,-0.3482203231082768,-0.1879198431196112,-0.4767545214457448,-0.2828867608648558,-0.429504096483598,-0.2467019158865563,-0.2358948936450719,-0.091030100971564,1.0,0.0,0.0,1.0,0.0,0.0,0.0,0.0,0.0,1.0
window_10_0pct::ChMSQf29iaKisKoNU6,window_10_0pct,1784125007.024831,0,-0.3891875230257933,-0.2770068998085598,-0.5940211061129143,-0.3004537760104012,-0.53134378536528,-0.1250047036690881,-0.1461681879459969,-0.128903988680207,1.0,0.0,0.0,1.0,0.0,0.0,0.0,0.0,0.0,1.0
window_10_0pct::CVTMAF2jphneZLrKdg,window_10_0pct,1784125007.02441,0,-0.3891827085056901,-0.1841644168423253,-0.3743374553804507,-0.2301857154282197,-0.327664407601916,-0.0024770009155445,-0.1109271851561616,-0.2279267922085952,1.0,0.0,0.0,1.0,0.0,0.0,0.0,0.0,0.0,1.0
window_10_0pct::CzvGaq4wrZ89vUgEIl,window_10_0pct,1784124097.387366,0,-0.3893740296349376,-0.3698493827747943,-0.7379063557416712,-0.4058558668836733,-0.684103318687803,-0.2497985998628026,-0.1807356172238901,-0.6040302242810942,1.0,0.0,0.0,0.0,1.0,0.0,0.0,0.0,0.0,1.0
window_10_0pct::C8PAH9SAKQTenPvCi,window_10_0pct,1784124931.923887,0,0.5101376104759029,0.083305388017703,0.1197542522624887,0.0333195117549606,0.079694347924812,-0.2494429351072375,-0.23700832530503,-0.2149286459065152,1.0,0.0,0.0,1.0,0.0,0.0,0.0,0.0,0.0,1.0
window_10_0pct::CSWE0M32zpJmBmgcVl,window_10_0pct,1784124551.236066,0,-0.3131006941253149,-0.1864593995673333,-0.4516654206319899,-0.2653197457193104,-0.4040441742631775,-0.2481079954802263,-0.2364135254909707,-0.1322341807639358,1.0,0.0,0.0,1.0,0.0,0.0,0.0,0.0,0.0,1.0
window_10_0pct::CpvNo12IeGyamxcgmc,window_10_0pct,1784125660.233731,0,-0.3832739472624171,-0.3698493827747943,-0.7379063557416712,-0.4058558668836733,-0.684103318687803,-0.2497985998628026,-0.2341922981480403,-0.6040302242810942,1.0,0.0,0.0,0.0,1.0,0.0,0.0,0.0,0.0,1.0
window_10_0pct::Cxsl6d1avsmUcvF0O,window_10_0pct,1784125650.048384,0,-0.3893247742119743,-0.1812435297377696,-0.4767545214457448,-0.2653197457193104,-0.429504096483598,0.0933511344406354,-0.0893615483740486,-0.072204408373049,1.0,0.0,0.0,1.0,0.0,0.0,0.0,0.0,0.0,1.0
window_10_0pct::CbfMc73nrRzSPxUwQ1,window_10_0pct,1784125423.243217,0,-0.1274803730131983,0.1792773928816758,0.4568531952876054,0.1738556329193235,0.3852134145698581,-0.2483196595887088,-0.2364878090308661,-0.2655548756865606,1.0,0.0,0.0,1.0,0.0,0.0,0.0,0.0,0.0,1.0
window_10_0pct::CYWwY32YEOowcwDqsi,window_10_0pct,1784125117.671496,0,0.3241846818186481,-0.0049471294985153,1.0197328016900185,0.2616907086470503,0.8434920145374271,-0.2494376014694937,-0.2368811258638329,-0.4511384103307371,1.0,0.0,0.0,1.0,0.0,0.0,0.0,0.0,0.0,1.0
window_10_0pct::Cbo6PF2l0JbbsxReJa,window_10_0pct,1784124591.222022,0,-0.3897118253325596,-0.3631730693929528,-0.7368866463097827,-0.4585569123203094,-0.7095632409082235,3.9171587514398927,3.9880598629248833,4.119297628905474,0.0,1.0,1.0,0.0,0.0,0.0,0.0,0.0,0.0,1.0
window_06_15pct::CYFFxc2p1uSvJ2Fq5k,window_06_15pct,1783710631.575287,1,-0.07778784286552431,-0.32603607620645897,-0.7379063557416712,-0.35315482144703725,-0.6077235520265416,-0.24969939787897158,-0.23705511497076964,1518.2410825660247,1.0,0.0,0.0,1.0,0.0,0.0,0.0,1.0,0.0,0.0
window_10_0pct::CVJSZq4zXTzwnHcUk8,window_10_0pct,1784125229.72552,0,-0.2080588182384835,-0.2784673433608376,-0.5955506702607468,-0.3004537760104012,-0.53134378536528,-0.2494433121251423,-0.2368992095677632,-0.1313538665469751,1.0,0.0,0.0,1.0,0.0,0.0,0.0,0.0,0.0,1.0
window_10_0pct::Cy1MtH3iHoK3jU1mad,window_10_0pct,1784124657.401029,0,0.1996596493727423,-0.279719152119933,-0.5573540544579261,-0.3004537760104012,-0.480423940924439,-0.2496905945284682,-0.2370812873808305,-0.2364441801772219,1.0,0.0,0.0,1.0,0.0,0.0,0.0,0.0,0.0,1.0
window_10_0pct::ClGgBt4KzokffHrGya,window_10_0pct,1784125623.046,0,0.0981566699412372,0.4012648128279084,-0.00318446611956,0.050886526900506,0.0033145812635505,-0.2486823033029553,-0.2368684086207037,0.1688742453051366,1.0,0.0,0.0,1.0,0.0,0.0,0.0,0.0,0.0,1.0
window_10_0pct::Ch4VIC4oaNV4GbIU99,window_10_0pct,1784125045.325044,0,-0.389368489200495,-0.1837471472559602,-0.4385579056429241,-0.2477527305737651,-0.4040441742631775,0.1317657125755771,-0.0567249396821226,-0.1462190242050792,1.0,0.0,0.0,1.0,0.0,0.0,0.0,0.0,0.0,1.0
window_10_0pct::CW2o7917DDGDOulHEj,window_10_0pct,1784125716.570488,0,-0.3894747395743039,-0.2803450564994806,1.1454757210097604,0.3143917540836864,0.9198717811986884,0.0155613298273423,0.6660108027234461,-0.5690322141344901,1.0,0.0,0.0,1.0,0.0,0.0,0.0,0.0,0.0,1.0
window_10_0pct::CWfYzA4z9ttTdK7vOe,window_10_0pct,1784125037.32838,0,0.2710851260955494,0.1809464712271362,0.1876923931620553,0.0684535420460513,0.1560741145860735,-0.2492099099998359,-0.2369381123023536,-0.1658017501467686,1.0,0.0,0.0,1.0,0.0,0.0,0.0,0.0,0.0,1.0
window_10_0pct::CXAiZk21yYCZJVo16a,window_10_0pct,1784123961.433546,0,22.8614907500318,21.652387576816032,12.95757734054035,22.22045964057875,15.763006435703842,-0.24912966988423,-0.2368967360531966,0.5801724543501128,1.0,0.0,0.0,1.0,0.0,0.0,0.0,0.0,0.0,1.0
window_10_0pct::CMvgmeUXiYTqLXRwc,window_10_0pct,1784125926.47926,0,1.1913333419747871,0.5364601588102005,0.7269062431660578,0.5076289206846853,0.6652725589944836,-0.249393747541502,-0.2369930638459592,-0.148380781219389,1.0,0.0,0.0,1.0,0.0,0.0,0.0,0.0,0.0,1.0
window_10_0pct::CmgtyH2G5NJu8yhdy3,window_10_0pct,1784124265.750251,0,-0.3892622281514754,-0.3698493827747943,-0.7379063557416712,-0.4058558668836733,-0.684103318687803,-0.2497985998628026,-0.1947320598533538,-0.6040302242810942,1.0,0.0,0.0,0.0,1.0,0.0,0.0,0.0,0.0,1.0
window_10_0pct::C4Pd1G4eBd2UPsUKYi,window_10_0pct,1784125171.336475,0,-0.0429950354634081,-0.27784143898129,-0.5306929016033433,-0.3004537760104012,-0.480423940924439,-0.2496111808249269,-0.2370245127482708,-0.2770620298311053,1.0,0.0,0.0,1.0,0.0,0.0,0.0,0.0,0.0,1.0
window_10_0pct::CUO1Es1FzKfTVJCcm,window_10_0pct,1784124652.451327,0,-0.3883850460741249,0.0920680493313701,1.4421474338498006,0.4373608601025039,1.1999309256233142,-0.0041240842606332,-0.0499363410498274,-0.4479903586953472,1.0,0.0,0.0,1.0,0.0,0.0,0.0,0.0,0.0,1.0
window_10_0pct::CJj1R38VFgZm9WoMi,window_10_0pct,1784125859.034178,0,-0.3895803494354604,-0.2803450564994806,1.1454757210097604,0.2792577237925956,0.9198717811986884,0.2268965241941596,1.3131968815813797,-0.5690322141344901,1.0,0.0,0.0,1.0,0.0,0.0,0.0,0.0,0.0,1.0
window_10_0pct::C6rgJn1MoJcLIL5uth,window_10_0pct,1784125282.014316,0,-0.3827718493942645,-0.0070334774303408,-0.4033566862962756,-0.1774846699915836,-0.327664407601916,-0.2128819556699525,-0.225452540945064,0.1945908978891242,1.0,0.0,0.0,1.0,0.0,0.0,0.0,0.0,0.0,1.0
window_10_0pct::CWJY4l5Dc4i15qQek,window_10_0pct,1784124193.116447,0,-0.3568231446184674,1.1049899702326478,4.105309810744913,1.5967838597084976,3.51678384768158,-0.2181286050777692,-0.2200089197144201,-0.379770328610244,1.0,0.0,0.0,1.0,0.0,0.0,0.0,0.0,0.0,1.0
window_10_0pct::CRigJy4e2rc2j1YuWe,window_10_0pct,1784124455.689678,0,-0.2043351125325417,-0.3698493827747943,-0.7379063557416712,-0.4058558668836733,-0.684103318687803,-0.2497985998628026,-0.2370592445993384,-0.6040302242810942,1.0,0.0,0.0,0.0,1.0,0.0,0.0,0.0,0.0,1.0
window_10_0pct::ClI9cDVEGAWdkJp8i,window_10_0pct,1784125161.731953,0,-0.3492469901634676,-0.2767982650153773,-0.6106338722740966,-0.3355878063014919,-0.53134378536528,-0.248174561277083,-0.2362171920575811,-0.0656894840047921,1.0,0.0,0.0,1.0,0.0,0.0,0.0,0.0,0.0,1.0
window_10_0pct::C2V07U1HHQusE6caQ6,window_10_0pct,1784126036.860441,0,-0.3864373218248997,-0.08798377718517,-0.5306291697638502,-0.2653197457193104,-0.4549640187040185,-0.1890255207786301,-0.2196471083577553,0.3973262926572436,1.0,0.0,0.0,1.0,0.0,0.0,0.0,0.0,0.0,1.0
window_10_0pct::ClzeSA4YJnuzAhOfd8,window_10_0pct,1784124820.990747,0,-0.3891793991903197,-0.3698493827747943,-0.7379063557416712,-0.4058558668836733,-0.684103318687803,-0.2497985998628026,-0.2013189045894732,-0.6040302242810942,1.0,0.0,0.0,0.0,1.0,0.0,0.0,0.0,0.0,1.0
window_10_0pct::CLfcHi2m1I8U49XIAh,window_10_0pct,1784124169.258977,0,-0.3897121882897292,-0.3631730693929528,-0.7368866463097827,-0.4585569123203094,-0.7095632409082235,5.884888611777276,5.983303714026363,4.119297628905474,0.0,1.0,1.0,0.0,0.0,0.0,0.0,0.0,0.0,1.0
window_10_0pct::Cd1YXS1s7UjplQRMOj,window_10_0pct,1784124335.689895,0,-0.3013290109942534,0.4947332001736906,0.9236676756275292,0.4022268298114132,0.7925721700965861,-0.2428898771070384,-0.234457651423711,-0.2208316448219704,1.0,0.0,0.0,1.0,0.0,0.0,0.0,0.0,0.0,1.0
window_10_0pct::CIIcR81T0QXVSxC1Dc,window_10_0pct,1784124323.216194,0,0.1951256738111955,-0.279719152119933,-0.5573540544579261,-0.3180207911559465,-0.5058838631448596,-0.2496897572145141,-0.2370888336278138,-0.2364441801772219,1.0,0.0,0.0,1.0,0.0,0.0,0.0,0.0,0.0,1.0
window_10_0pct::CwZQtm3NAUU3UYcUg1,window_10_0pct,1784125587.473084,0,0.2626877169929575,0.5596186208534635,1.8432118997794185,0.6481650418490482,1.5563698367092011,-0.248792398937384,-0.2366933834091912,-0.33883504585739,1.0,0.0,0.0,1.0,0.0,0.0,0.0,0.0,0.0,1.0
window_10_0pct::CGIAfU2slFf9SEpUP5,window_10_0pct,1784124274.235449,0,0.1286074313980739,0.0102832104038107,-0.5798089059059692,-0.2653197457193104,-0.5058838631448596,-0.2492806335856656,-0.2370517183507712,1.166464133155383,1.0,0.0,0.0,1.0,0.0,0.0,0.0,0.0,0.0,1.0
window_10_0pct::CxnYHa3YsO80HcMLHk,window_10_0pct,1784125377.914553,0,-0.3059047373055206,1.1060331441985605,1.090921266403729,0.7535671327223203,0.9453317034191092,-0.2373611928790884,-0.2331690053980733,-0.0097153079895352,1.0,0.0,0.0,1.0,0.0,0.0,0.0,0.0,0.0,1.0
window_10_0pct::CDahedD6dlvcdU9Yb,window_10_0pct,1784124599.445619,0,0.2853109761548136,0.0002687403310483,-0.213733219858023,-0.1247836245549475,-0.1494449520589724,-0.2494113548356376,-0.2370207514717236,-0.0840454256918141,1.0,0.0,0.0,1.0,0.0,0.0,0.0,0.0,0.0,1.0
window_10_0pct::CxypF22qQ6t3WAQQed,window_10_0pct,1784125578.759463,0,-0.3118036880300021,0.3511924624640966,0.0550664351770664,0.050886526900506,0.0542344257043915,-0.2432622391644839,-0.2353213666479275,0.0655971599629937,1.0,0.0,0.0,1.0,0.0,0.0,0.0,0.0,0.0,1.0
window_10_0pct::Cf0aDC2ErgKCfwt4E7,window_10_0pct,1784125255.867218,0,-0.297577912697214,-0.0022348771871422,0.0767140166581979,-0.0369485488272207,0.0542344257043915,-0.2469806551993167,-0.2358650901899462,-0.2717008698103876,1.0,0.0,0.0,1.0,0.0,0.0,0.0,0.0,0.0,1.0
window_10_0pct::CxRPFn1vaBAObNxNY8,window_10_0pct,1784125022.49474,0,-0.3881063483438901,-0.3698493827747943,-0.7379063557416712,-0.4058558668836733,-0.684103318687803,-0.2497985998628026,-0.225258714664243,-0.6040302242810942,1.0,0.0,0.0,0.0,1.0,0.0,0.0,0.0,0.0,1.0
window_10_0pct::Ckgkyc1C4fp00WWfXb,window_10_0pct,1784125013.802598,0,0.5323472158916808,-0.105091830226139,-0.325922501312248,-0.1774846699915836,-0.276744563161075,-0.2495958064876026,-0.2370742601523006,-0.130782619933432,1.0,0.0,0.0,1.0,0.0,0.0,0.0,0.0,0.0,1.0
window_10_0pct::CrhiYT1qKQJDskF666,window_10_0pct,1784125765.989213,0,-0.3447982241351008,-0.3698493827747943,-0.7379063557416712,-0.4058558668836733,-0.684103318687803,-0.2497985998628026,-0.2367366125426271,-0.6040302242810942,1.0,0.0,0.0,0.0,1.0,0.0,0.0,0.0,0.0,1.0
window_10_0pct::CMmzPI2H5nQLAcJNgk,window_10_0pct,1784125011.323489,0,-0.3852428724804341,0.4567616678144666,-0.6461112629252148,0.050886526900506,-0.1239850298385519,-0.1191965027174351,-0.2050747965222476,6.0261281425191,1.0,0.0,0.0,0.0,0.0,1.0,0.0,0.0,0.0,1.0
window_10_0pct::CGskod3Zd0Z2wZVVtj,window_10_0pct,1784124759.228609,0,-0.1279581741014063,-0.275546456256282,-0.5573540544579261,-0.3180207911559465,-0.5058838631448596,-0.2495441541053725,-0.2369980183393182,-0.2194263077650056,1.0,0.0,0.0,1.0,0.0,0.0,0.0,0.0,0.0,1.0
window_10_0pct::C0pGhv3aMxhtXryuya,window_10_0pct,1784124292.910936,0,0.2473968331706287,0.4661502335076813,1.9422936662445776,0.7711341478678657,1.658209525590883,-0.2488718629349413,-0.2366295955901555,-0.3743211846882304,1.0,0.0,0.0,1.0,0.0,0.0,0.0,0.0,0.0,1.0
window_10_0pct::CU4Mch2JkvNSyqDpfe,window_10_0pct,1784124814.331947,0,-0.1107129153734791,0.1688456532225483,-0.3243929371644153,-0.1072166094094022,-0.2512846409406545,-0.2484349484240724,-0.236802538942494,0.3553123366736767,1.0,0.0,0.0,1.0,0.0,0.0,0.0,0.0,0.0,1.0
window_10_0pct::CanFA31HwkWW4XjAuk,window_10_0pct,1784124647.724247,0,-0.1163345347947175,-0.2790932477403853,-0.5940211061129143,-0.3355878063014919,-0.53134378536528,-0.2495641357226513,-0.2370224971331321,-0.1395809827386539,1.0,0.0,0.0,1.0,0.0,0.0,0.0,0.0,0.0,1.0
window_10_0pct::C5hJzb1wFeo9vjRGy7,window_10_0pct,1784125343.584312,0,-0.3897119000590358,-0.3631730693929528,-0.7368866463097827,-0.4585569123203094,-0.7095632409082235,4.2117920995118014,4.286812952929384,4.119297628905474,0.0,1.0,1.0,0.0,0.0,0.0,0.0,0.0,0.0,1.0
window_10_0pct::C9Gq4V9bMVdP52rz8,window_10_0pct,1784125702.874231,0,-0.0549633346283096,0.1700974619816436,1.448605593585094,0.5778969812668668,1.1999309256233142,-0.2486594113910682,-0.2363054450784644,-0.4221700555543833,1.0,0.0,0.0,1.0,0.0,0.0,0.0,0.0,0.0,1.0
window_10_0pct::CR1eEX12FSTEXMlFyh,window_10_0pct,1784123980.374523,0,0.2648317903957509,0.4661502335076813,0.1422303476570295,0.1211545874826874,0.130614192365653,-0.2488965482123999,-0.2369140558219371,0.0954704218822634,1.0,0.0,0.0,1.0,0.0,0.0,0.0,0.0,0.0,1.0
window_10_0pct::C57Jq43s57xPSF4Pre,window_10_0pct,1784124816.590139,0,1.5138530476936485,0.5341651760851924,0.4590625657233636,0.296824738938141,0.5125130256719606,-0.2494631928383431,-0.2370518961673258,-0.0478346879618708,1.0,0.0,0.0,1.0,0.0,0.0,0.0,0.0,0.0,1.0
window_10_0pct::CiSa6i2agMdu0MZZL9,window_10_0pct,1784124073.876323,0,1.4467035266856123,0.6397343814355625,3.0216985877914753,1.2103095265064998,2.574766725526022,-0.2494103280666273,-0.2369124721980355,-0.4062693613512076,1.0,0.0,0.0,1.0,0.0,0.0,0.0,0.0,0.0,1.0
window_10_0pct::C8THlW1gSJsjsyuXqh,window_10_0pct,1784124334.407928,0,0.223917069814881,-0.3698493827747943,-0.7379063557416712,-0.3882888517381279,-0.6586433964673826,-0.2497985998628026,-0.2371234521181949,-0.6040302242810942,1.0,0.0,0.0,0.0,1.0,0.0,0.0,0.0,0.0,1.0
window_10_0pct::CpltEP2NN2LOupY2K3,window_10_0pct,1784125738.937936,0,0.3902352325682574,0.3351275833890402,0.0152977673334177,0.1035875723371421,0.028774503483971,-0.2491602278442699,-0.2369601173597214,0.0852449653729428,1.0,0.0,0.0,1.0,0.0,0.0,0.0,0.0,0.0,1.0
window_10_0pct::COfoRi3pk9HnXIbdZ9,window_10_0pct,1784125800.532712,0,0.1654285715667096,-0.0900701251169955,-0.2828397778149618,-0.1599176548460383,-0.225824718720234,-0.249442660133305,-0.2370073853754873,-0.1512755358984791,1.0,0.0,0.0,1.0,0.0,0.0,0.0,0.0,0.0,1.0
window_10_0pct::CGBb413SQnrEBwkbV,window_10_0pct,1784124647.723602,0,-0.1163274357794876,0.3666314371596052,0.020906169208804,0.1387216026282328,0.028774503483971,-0.2478959862469687,-0.2365503071162229,0.1107251812739874,1.0,0.0,0.0,1.0,0.0,0.0,0.0,0.0,0.0,1.0
window_10_0pct::C0kAGRnYZWB61pda7,window_10_0pct,1784124197.502093,0,-0.3280009292809945,-0.1799917209786743,-0.4516654206319899,-0.2477527305737651,-0.4040441742631775,-0.247625783708798,-0.2361552338653597,-0.1155951849174832,1.0,0.0,0.0,1.0,0.0,0.0,0.0,0.0,0.0,1.0
window_10_0pct::CM3wFe34ZcGXGvmgzl,window_10_0pct,1784125966.376945,0,-0.3892329567232644,-0.1879198431196112,-0.4767545214457448,-0.2477527305737651,-0.429504096483598,0.0178879117740142,-0.1076731231867855,-0.091030100971564,1.0,0.0,0.0,1.0,0.0,0.0,0.0,0.0,0.0,1.0
window_10_0pct::CC6IKs13htGscGk6A,window_10_0pct,1784125689.184368,0,0.709792375116349,0.7334114035745272,1.2082728268568894,0.5778969812668668,1.047171392300791,-0.2490899274747741,-0.2369015029551932,-0.1865525307560654,1.0,0.0,0.0,1.0,0.0,0.0,0.0,0.0,0.0,1.0
window_10_0pct::Ck74hDTJMkRhtw3y5,window_10_0pct,1784125610.568847,0,-0.3886137090910027,-0.1841644168423253,-0.4682781867931723,-0.2477527305737651,-0.4040441742631775,-0.1304971281878885,-0.18061930806445,-0.0968995034175615,1.0,0.0,0.0,1.0,0.0,0.0,0.0,0.0,0.0,1.0
window_10_0pct::CYsAEfpd3sXmtsWMg,window_10_0pct,1784125148.09921,0,-0.3871584002936693,-0.1891716518787065,1.1531235417489236,0.3670927995203225,0.9453317034191092,-0.1998464981658362,-0.1473249231609832,-0.5336672789531058,1.0,0.0,0.0,1.0,0.0,0.0,0.0,0.0,0.0,1.0
window_10_0pct::C0C1Bi3Ih7fdpC4Hb9,window_10_0pct,1784125311.826694,0,-0.3893368692258923,-0.3698493827747943,-0.7379063557416712,-0.4058558668836733,-0.684103318687803,-0.2497985998628026,-0.1863110264103605,-0.6040302242810942,1.0,0.0,0.0,0.0,1.0,0.0,0.0,0.0,0.0,1.0
window_10_0pct::C5a62b4sbyR50fHUEc,window_10_0pct,1784125997.909148,0,-0.3340551509476089,-0.1883371127059763,-0.454278426051204,-0.2477527305737651,-0.378584252042757,-0.2474953313248664,-0.2360456774887345,-0.1327631238903676,1.0,0.0,0.0,1.0,0.0,0.0,0.0,0.0,0.0,1.0
window_10_0pct::Cme9K37fKH7erdlN3,window_10_0pct,1784124833.328366,0,-0.3887101275955983,-0.0103716341212616,-0.3967498189354985,-0.1774846699915836,-0.3531243298223365,0.0033698975581647,-0.1561122659060167,0.1719201194708172,1.0,0.0,0.0,1.0,0.0,0.0,0.0,0.0,0.0,1.0
window_10_0pct::CoEM0t17BaSo1Nn9Yl,window_10_0pct,1784124493.398038,0,-0.0656571950936817,0.264400388500156,0.4719576412474527,0.2441236935015049,0.4361332590106991,-0.2484162905278824,-0.2365574927066998,-0.2179666767922707,1.0,0.0,0.0,1.0,0.0,0.0,0.0,0.0,0.0,1.0
window_10_0pct::CKOGeW1JO79uKzjeVa,window_10_0pct,1784124960.112037,0,0.1084940210643287,0.1761478709839375,1.722864942870086,0.49006190553914,1.4290702256070986,-0.2490245920907079,-0.2366345912970254,-0.4406279439368348,1.0,0.0,0.0,1.0,0.0,0.0,0.0,0.0,0.0,1.0
window_10_0pct::CFHUMz1rVImIMowb1c,window_10_0pct,1784124486.157294,0,-0.2809247438650903,-0.3698493827747943,-0.7379063557416712,-0.4058558668836733,-0.684103318687803,-0.2497985998628026,-0.2369866135718785,-0.6040302242810942,1.0,0.0,0.0,0.0,1.0,0.0,0.0,0.0,0.0,1.0
window_10_0pct::C9UYMc3vHOgtMYqrK4,window_10_0pct,1784125103.486908,0,-0.3723577114793709,-0.0975809776715673,-0.32828057937349,-0.1423506397004929,-0.276744563161075,-0.2387188193518894,-0.2319281567655984,-0.1145556878176045,1.0,0.0,0.0,1.0,0.0,0.0,0.0,0.0,0.0,1.0
window_10_0pct::COyGVM5qUO5bbsFZd,window_10_0pct,1784125532.148879,0,0.4378660378898044,0.7889082585610854,1.8566380739659496,0.736000117576775,1.5818297589296215,-0.2488097102358397,-0.2367637785820349,-0.2751251303219681,1.0,0.0,0.0,1.0,0.0,0.0,0.0,0.0,0.0,1.0
window_10_0pct::Cmxz8uFXMFnpYLBg9,window_10_0pct,1784125284.958968,0,-0.3065109078044641,-0.0961205341192894,-0.5137402322981981,-0.2301857154282197,-0.4549640187040185,-0.2474750541674483,-0.2363579102675791,0.2951610632250002,1.0,0.0,0.0,1.0,0.0,0.0,0.0,0.0,0.0,1.0
window_10_0pct::CZMmdO34F2wHMrkDM2,window_10_0pct,1784124936.299255,0,-0.0121216851089932,-0.3698493827747943,-0.7379063557416712,-0.4058558668836733,-0.684103318687803,-0.2497985998628026,-0.2371117611057966,-0.6040302242810942,1.0,0.0,0.0,0.0,1.0,0.0,0.0,0.0,0.0,1.0
window_10_0pct::CzZxtT3LAfaPH9P1vi,window_10_0pct,1784124573.158581,0,-0.2375028539340383,-0.3698493827747943,-0.7379063557416712,-0.4058558668836733,-0.684103318687803,-0.2497985998628026,-0.2370367640732248,-0.6040302242810942,1.0,0.0,0.0,0.0,1.0,0.0,0.0,0.0,0.0,1.0
window_10_0pct::CuqPEj3VUlImV2P8yl,window_10_0pct,1784125842.889676,0,2.7765652842852804,3.32945413514499,0.8592347859000792,2.844041935042218,1.912808747795088,-0.2489734448195416,-0.2368770161420487,1.1017125823737983,1.0,0.0,0.0,1.0,0.0,0.0,0.0,0.0,0.0,1.0
window_10_0pct::CP5pje3qOZ8NzkxxZe,window_10_0pct,1784125646.586443,0,0.1031520708175144,-0.2811795956722108,-0.5940211061129143,-0.3004537760104012,-0.5058838631448596,-0.2496715388443449,-0.23706540281466,-0.1502579767971009,1.0,0.0,0.0,1.0,0.0,0.0,0.0,0.0,0.0,1.0
window_10_0pct::CYItODb2jBy7K6AO2,window_10_0pct,1784124766.787624,0,-0.3891000289974865,-0.0053643990848804,-0.3500768684801051,-0.1423506397004929,-0.3022044853814955,0.170187497342754,-0.0889528924805264,0.0880519808599643,1.0,0.0,0.0,1.0,0.0,0.0,0.0,0.0,0.0,1.0
window_10_0pct::C1vnu44YVwKNWRdfo5,window_10_0pct,1784124181.691579,0,0.3608792460119748,-0.2738773779108216,-0.5573540544579261,-0.3004537760104012,-0.5058838631448596,-0.2497082962370241,-0.2370987116962289,-0.2126191588001191,1.0,0.0,0.0,1.0,0.0,0.0,0.0,0.0,0.0,1.0
window_10_0pct::Cgz1WJ1TKloWNUNBeh,window_10_0pct,1784125642.026716,0,4.920817304707035,6.632560180811113,2.2235635178738025,5.707465403766112,4.1532819031920925,-0.2488673326993362,-0.2368454994702187,1.137294357529807,1.0,0.0,0.0,1.0,0.0,0.0,0.0,0.0,0.0,1.0
window_10_0pct::CO3Gbp494G9wA2K5z5,window_10_0pct,1784125416.097138,0,-0.2065411662096578,0.06014692597444,-0.1464961291928797,-0.0720825791183115,-0.0985251076181314,-0.2481406522426731,-0.2365620646706605,-0.0685999120443639,1.0,0.0,0.0,1.0,0.0,0.0,0.0,0.0,0.0,1.0
window_10_0pct::CFFdBexZXQOBxb24a,window_10_0pct,1784125456.5051,0,-0.3895063808993284,-0.1833298776695951,1.1531235417489236,0.3143917540836864,0.9453317034191092,0.387890580345663,0.8043501858302693,-0.5313922645545104,1.0,0.0,0.0,1.0,0.0,0.0,0.0,0.0,0.0,1.0
window_10_0pct::C1t57M2Sqoynui9Me2,window_10_0pct,1784125703.489481,0,0.180152377512308,-0.2811795956722108,-0.5573540544579261,-0.3180207911559465,-0.5058838631448596,-0.2496887073520595,-0.2370869003978148,-0.2424004355214976,1.0,0.0,0.0,1.0,0.0,0.0,0.0,0.0,0.0,1.0
window_07_17pct::CMAxCG4AjIc0GgFDha,window_07_17pct,1783714380.294134,1,-0.07336480409535913,-0.3258274414132764,-0.7379063557416712,-0.35315482144703725,-0.6077235520265416,-0.24970031909121457,-0.2370566151219536,1525.4736783412168,1.0,0.0,0.0,1.0,0.0,0.0,0.0,1.0,0.0,0.0
window_10_0pct::CbmLoP7wFReOc5ti4,window_10_0pct,1784125265.401654,0,-0.2260771437121269,-0.3698493827747943,-0.7379063557416712,-0.4058558668836733,-0.684103318687803,-0.2497985998628026,-0.2370455371765876,-0.6040302242810942,1.0,0.0,0.0,0.0,1.0,0.0,0.0,0.0,0.0,1.0
window_10_0pct::C9YWYWkPYjLL1fhS6,window_10_0pct,1784125100.955642,0,-0.3897120068111444,-0.3631730693929528,-0.7368866463097827,-0.4585569123203094,-0.7095632409082235,4.713094425284227,4.795124791460313,4.119297628905474,0.0,1.0,1.0,0.0,0.0,0.0,0.0,0.0,0.0,1.0
window_10_0pct::CtCi5XfaIRLd711gc,window_10_0pct,1784125960.576208,0,-0.3893660018763619,-0.1812435297377696,1.1531235417489236,0.2792577237925956,0.9453317034191092,0.134126626698716,0.3553905305281776,-0.5305797594121548,1.0,0.0,0.0,1.0,0.0,0.0,0.0,0.0,0.0,1.0
window_10_0pct::CkLh9MhZsDbJaJJKa,window_10_0pct,1784126095.242528,0,-0.3147406520451009,-0.2753378214630994,-0.1776185108119745,-0.1072166094094022,-0.174904874279393,-0.248908274501653,-0.2358231949479818,-0.4798078210142906,1.0,0.0,0.0,1.0,0.0,0.0,0.0,0.0,0.0,1.0
window_10_0pct::CDhnVONIlyZPGhqZb,window_10_0pct,1784124599.44115,0,0.285358726373044,0.7503108218223137,1.9597349463191691,0.8238351933045018,1.658209525590883,-0.2486266880886152,-0.236638310530498,-0.2982318487485078,1.0,0.0,0.0,1.0,0.0,0.0,0.0,0.0,0.0,1.0
window_10_0pct::CIJ8IE1KdDrD1mVSEi,window_10_0pct,1784124768.40743,0,-0.3892517664448208,-0.1916752693968971,1.1531235417489236,0.2792577237925956,0.9453317034191092,0.0230545429816585,0.2086170242889269,-0.5346422851239325,1.0,0.0,0.0,1.0,0.0,0.0,0.0,0.0,0.0,1.0
window_10_0pct::CKkals21ieZPFBJfu4,window_10_0pct,1784126054.141013,0,1.269941890537866,0.8327215651294207,2.8186277032201943,1.2630105719431357,2.3965472699830777,-0.2492868501608251,-0.2368772101383995,-0.3550162049387038,1.0,0.0,0.0,1.0,0.0,0.0,0.0,0.0,0.0,1.0
window_10_0pct::CubBIF4ApV7tYDtqec,window_10_0pct,1784124276.503384,0,-0.2675907009220712,-0.1858334951877857,-0.4595469247826276,-0.2301857154282197,-0.4040441742631775,-0.248734395165176,-0.2366143033026645,-0.1172208932585603,1.0,0.0,0.0,1.0,0.0,0.0,0.0,0.0,0.0,1.0
window_10_0pct::C4WKR60bJJD51YT12,window_10_0pct,1784125378.011947,0,-0.3863546316414854,-0.100501864776123,-0.5306291697638502,-0.2653197457193104,-0.4549640187040185,-0.1931544724783208,-0.220078377931548,0.3528545006392568,1.0,0.0,0.0,1.0,0.0,0.0,0.0,0.0,0.0,1.0
window_10_0pct::CFSXfC4vOGzz02eeT9,window_10_0pct,1784125394.185016,0,-0.3859184425252563,-0.3698493827747943,-0.7379063557416712,-0.4058558668836733,-0.684103318687803,-0.2497985998628026,-0.2321223503428961,-0.6040302242810942,1.0,0.0,0.0,0.0,1.0,0.0,0.0,0.0,0.0,1.0
window_10_0pct::CjuPw54hnOnNMds9ha,window_10_0pct,1784125589.085713,0,0.2363765461072132,0.5500214203670662,1.5962935096369348,0.6481650418490482,1.352690458945837,-0.2487609398494119,-0.2366736727470361,-0.3138101165895735,1.0,0.0,0.0,1.0,0.0,0.0,0.0,0.0,0.0,1.0
window_10_0pct::CLXt4h2mufIRLc0BUe,window_10_0pct,1784125589.091557,0,0.236314266926986,-0.0030694163598724,-0.1453702000285029,-0.0720825791183115,-0.1239850298385519,-0.2493848126590402,-0.2369867525738659,-0.1481845507147006,1.0,0.0,0.0,1.0,0.0,0.0,0.0,0.0,0.0,1.0
window_10_0pct::CX7EgZ3MeORUcaX9O3,window_10_0pct,1784124514.772708,0,0.586635061362572,-0.0164220431235555,-0.1398467739391072,-0.0720825791183115,-0.1239850298385519,-0.2495429414067057,-0.2370497797388549,-0.168836204348045,1.0,0.0,0.0,1.0,0.0,0.0,0.0,0.0,0.0,1.0
window_10_0pct::ClelME3BnRRhEo5kEj,window_10_0pct,1784124888.99377,0,-0.3348963148634774,-0.2803450564994806,1.1454757210097604,0.2616907086470503,0.9198717811986884,-0.2486454220732294,-0.2334991415027559,-0.5690322141344901,1.0,0.0,0.0,1.0,0.0,0.0,0.0,0.0,0.0,1.0
window_10_0pct::C2l8V31mXEj4svwaq6,window_10_0pct,1784124545.124552,0,0.6488591361511749,0.6405689206082927,0.5437409364630986,0.3846598146658678,0.5125130256719606,-0.2491114851857403,-0.2369368348122328,-0.0234421130405292,1.0,0.0,0.0,1.0,0.0,0.0,0.0,0.0,0.0,1.0
window_10_0pct::Cigyas4sw8H0CEIZI7,window_10_0pct,1784126023.499513,0,-0.3880827881534957,-0.0967464384988371,-0.5306291697638502,-0.2126187002826743,-0.4549640187040185,-0.131478510867721,-0.1931687004236194,0.3661960382446528,1.0,0.0,0.0,1.0,0.0,0.0,0.0,0.0,0.0,1.0
window_10_0pct::CselVvO68Bgwn1k3j,window_10_0pct,1784126016.122949,0,0.4149516230266259,-0.1038400214670438,-0.2789946234988825,-0.1774846699915836,-0.225824718720234,-0.2495651214646733,-0.2370613996345048,-0.1771654548800984,1.0,0.0,0.0,1.0,0.0,0.0,0.0,0.0,0.0,1.0
window_10_0pct::CiOGTn1m4OWqui8nwe,window_10_0pct,1784124813.138499,0,-0.3889291829226914,-0.1883371127059763,-0.4682781867931723,-0.2126187002826743,-0.4040441742631775,-0.0862375781141585,-0.1456600480516839,-0.108295699392023,1.0,0.0,0.0,1.0,0.0,0.0,0.0,0.0,0.0,1.0
window_10_0pct::CBh6F84hklEQg8T8z4,window_10_0pct,1784125899.822501,0,-0.3883123051872432,-0.0016089728075945,1.2322572424527654,0.4724948903935946,1.0217114700803709,-0.0641182453879641,-0.0528326362797659,-0.466383104418102,1.0,0.0,0.0,1.0,0.0,0.0,0.0,0.0,0.0,1.0
window_10_0pct::CRwobr2EQipNM4TDT8,window_10_0pct,1784124929.634269,0,-0.3894678540632915,-0.1895889214650716,-0.4767545214457448,-0.2126187002826743,-0.429504096483598,0.2696191675339008,0.0554379129110744,-0.0957365241211927,1.0,0.0,0.0,1.0,0.0,0.0,0.0,0.0,0.0,1.0
window_10_0pct::CHdsbF3ru6fbG6bh64,window_10_0pct,1784125575.162552,0,-0.3893513554870456,-0.187085303946881,-0.4767545214457448,-0.2301857154282197,-0.429504096483598,0.1071661949337195,-0.0520524447429086,-0.0886768893967496,1.0,0.0,0.0,1.0,0.0,0.0,0.0,0.0,0.0,1.0
window_10_0pct::CzDQ175f7zvbnHJPe,window_10_0pct,1784124486.156828,0,-0.2809192995075456,-0.275546456256282,-0.5573540544579261,-0.3180207911559465,-0.5058838631448596,-0.2491864098182293,-0.2367668878359504,-0.2194263077650056,1.0,0.0,0.0,1.0,0.0,0.0,0.0,0.0,0.0,1.0
window_10_0pct::C116Jd3dxPkEvTLrei,window_10_0pct,1784125182.19605,0,-0.3897117399308726,-0.3631730693929528,-0.7368866463097827,-0.4585569123203094,-0.7095632409082235,3.624740691699352,3.691553036755004,4.119297628905474,0.0,1.0,1.0,0.0,0.0,0.0,0.0,0.0,0.0,1.0
window_10_0pct::CzlvGA36jyj97c0GYj,window_10_0pct,1784125417.396998,0,-0.3892795540187206,-0.3698493827747943,-0.7379063557416712,-0.4058558668836733,-0.684103318687803,-0.2497985998628026,-0.1930358491515792,-0.6040302242810942,1.0,0.0,0.0,0.0,1.0,0.0,0.0,0.0,0.0,1.0
window_10_0pct::C92fjb4ftdI1YXsvI2,window_10_0pct,1784124247.315921,0,0.000128898656996,-0.1774881034604837,0.1432500570889179,-0.1072166094094022,0.1051542701452325,-0.2494501070221058,-0.2369048593060133,-0.4432632505178173,1.0,0.0,0.0,1.0,0.0,0.0,0.0,0.0,0.0,1.0
window_10_0pct::C1iwcw4oaQnjh4Txs,window_10_0pct,1784125037.313833,0,-0.3854126190085094,-0.1038400214670438,-0.3338040054628856,-0.1599176548460383,-0.276744563161075,-0.2061109172481463,-0.2171498884690812,-0.1192717943084446,1.0,0.0,0.0,1.0,0.0,0.0,0.0,0.0,0.0,1.0
window_10_0pct::Chuig83HCRRMJyF9hi,window_10_0pct,1784125774.439716,0,-0.3894068238827363,-0.3698493827747943,-0.7379063557416712,-0.4058558668836733,-0.684103318687803,-0.2497985998628026,-0.174690943534327,-0.6040302242810942,1.0,0.0,0.0,0.0,1.0,0.0,0.0,0.0,0.0,1.0
window_10_0pct::Cjeh9O21ves732AyOa,window_10_0pct,1784125036.45954,0,0.2055510420479264,0.1571621048043255,-0.3242229855924339,-0.1072166094094022,-0.2512846409406545,-0.2491733190047917,-0.2369937385509207,0.3341199722956143,1.0,0.0,0.0,1.0,0.0,0.0,0.0,0.0,0.0,1.0
window_10_0pct::C0D0Ci1OVnQDuW8WV,window_10_0pct,1784125935.724835,0,-0.3891056334831943,-0.1067609085715994,-0.5306291697638502,-0.2653197457193104,-0.4549640187040185,0.0561485849507146,-0.1426925864534158,0.3306186046302633,1.0,0.0,0.0,1.0,0.0,0.0,0.0,0.0,0.0,1.0
window_10_0pct::CZeDnx1FRN1w3iQqCg,window_10_0pct,1784125431.146943,0,-0.3461047311680897,-0.0028607815666898,-0.3482711330278027,-0.1423506397004929,-0.3022044853814955,-0.2438550100817847,-0.2350792766444158,0.0895765780612134,1.0,0.0,0.0,1.0,0.0,0.0,0.0,0.0,0.0,1.0
window_10_0pct::CerQzt3qfGLMk0Bd9j,window_10_0pct,1784123946.56483,0,0.1699973056148556,0.2815084415411251,-0.1364689864459768,0.0157524966094153,-0.0985251076181314,-0.2489766959768441,-0.2369232290110935,0.1935172471143992,1.0,0.0,0.0,1.0,0.0,0.0,0.0,0.0,0.0,1.0
window_10_0pct::CYRH9b9CMZLokX8Qf,window_10_0pct,1784125043.692057,0,-0.1319363341336927,0.0901903361927272,-0.0532352040680838,-0.0193815336816754,-0.0221453409568699,-0.2485381764281198,-0.2366801716880027,-0.1092156513894339,1.0,0.0,0.0,1.0,0.0,0.0,0.0,0.0,0.0,1.0
window_10_0pct::CB19jG2NZBU7nZo0Si,window_10_0pct,1784124493.835449,0,0.3420739760184819,-0.1824953384968649,-0.4501358564841572,-0.2126187002826743,-0.378584252042757,-0.2496177812673689,-0.2370644071929254,-0.1245978033670649,1.0,0.0,0.0,1.0,0.0,0.0,0.0,0.0,0.0,1.0
window_10_0pct::Cnl4n1CjZiBIWQPHc,window_10_0pct,1784125079.176426,0,-0.3892892471101924,-0.1791571818059441,-0.4767545214457448,-0.2653197457193104,-0.429504096483598,0.0680564365620247,-0.1017543141768126,-0.0663213794360132,1.0,0.0,0.0,1.0,0.0,0.0,0.0,0.0,0.0,1.0
window_10_0pct::CSOgPn27jPGlq4CDF3,window_10_0pct,1784126014.600275,0,0.1507298096658168,0.1771910449498503,-0.3176161182316568,-0.1072166094094022,-0.276744563161075,-0.249083717826991,-0.2369766289196088,0.3544669262143945,1.0,0.0,0.0,1.0,0.0,0.0,0.0,0.0,0.0,1.0
window_10_0pct::CPr7sG1Ee62wwqqcof,window_10_0pct,1784125705.792135,0,-0.304116319228138,-0.0911132990829082,-0.5216217364488357,-0.2301857154282197,-0.4549640187040185,-0.2474987411455158,-0.2363804163602408,0.3449727177397682,1.0,0.0,0.0,1.0,0.0,0.0,0.0,0.0,0.0,1.0
window_10_0pct::CGlVkP30xA46OruRae,window_10_0pct,1784125744.369808,0,0.269917087222781,-0.3698493827747943,-0.7379063557416712,-0.3882888517381279,-0.6331834742469621,-0.2497985998628026,-0.2371261688881001,-0.6040302242810942,1.0,0.0,0.0,0.0,1.0,0.0,0.0,0.0,0.0,1.0
window_10_0pct::CQYEhi2zzCwijuLUB4,window_10_0pct,1784124998.302207,0,-0.3059927223935274,-0.2818055000517585,-0.5955506702607468,-0.3355878063014919,-0.53134378536528,-0.2490558656664629,-0.2367055412606553,-0.1486205828112352,1.0,0.0,0.0,1.0,0.0,0.0,0.0,0.0,0.0,1.0
window_10_0pct::CSOzMf4lO85TD0mHE2,window_10_0pct,1784125376.450454,0,-0.3888370985537097,-0.1916752693968971,1.1531235417489236,0.4022268298114132,0.9453317034191092,-0.1061255204053469,0.0357781117416676,-0.5346422851239325,1.0,0.0,0.0,1.0,0.0,0.0,0.0,0.0,0.0,1.0
window_10_0pct::COdEMT1dEIUImjmzC3,window_10_0pct,1784125933.332224,0,-0.3399214568772439,-0.2790932477403853,-0.5573540544579261,-0.2828867608648558,-0.5058838631448596,-0.2485112830187552,-0.2361061535716717,-0.2338914993153894,1.0,0.0,0.0,1.0,0.0,0.0,0.0,0.0,0.0,1.0
window_10_0pct::CB2A1G4X4434VZ1lpl,window_10_0pct,1784125471.162143,0,-0.3860286000262443,-0.2818055000517585,-0.5573540544579261,-0.3180207911559465,-0.5058838631448596,-0.232921331144016,-0.2254832204441695,-0.24495311638333,1.0,0.0,0.0,1.0,0.0,0.0,0.0,0.0,0.0,1.0
window_10_0pct::CqUyaV3wIXwfAIzTle,window_10_0pct,1784124707.496571,0,-0.0953373984793573,-0.1883371127059763,-0.4682781867931723,-0.2477527305737651,-0.4040441742631775,-0.2493631191658397,-0.2369512685494992,-0.108295699392023,1.0,0.0,0.0,1.0,0.0,0.0,0.0,0.0,0.0,1.0
window_10_0pct::CLSEbR3yWapaHuYIsa,window_10_0pct,1784124967.945543,0,0.8293670133750138,0.3382571052867785,0.4705767847251038,0.296824738938141,0.4361332590106991,-0.2493883664337461,-0.236989845133678,-0.1725181026891414,1.0,0.0,0.0,1.0,0.0,0.0,0.0,0.0,0.0,1.0
window_10_0pct::CegMGuVqSF3y7UVgk,window_10_0pct,1784126049.374979,0,0.0870923583081857,0.6393171118491974,0.6802757806036598,0.5076289206846853,0.6398126367740631,-0.2483037884523366,-0.2366008724143209,-0.0799871767871103,1.0,0.0,0.0,1.0,0.0,0.0,0.0,0.0,0.0,1.0
window_10_0pct::CjqM8h4manFFJLiII4,window_10_0pct,1784125885.186835,0,-0.3590618003895865,-0.1756103903218408,-0.660174755506676,-0.3355878063014919,-0.582263629806121,-0.2453229694094792,-0.2359145237167554,1.23573662454505,1.0,0.0,0.0,1.0,0.0,0.0,0.0,0.0,0.0,1.0
window_10_0pct::Ces8tg4vrn7mjQOw42,window_10_0pct,1784124503.10213,0,0.5632433257956747,-0.1799917209786743,-0.4682781867931723,-0.2477527305737651,-0.3531243298223365,-0.2496578915292182,-0.2370971867717898,-0.0855033074431002,1.0,0.0,0.0,1.0,0.0,0.0,0.0,0.0,0.0,1.0
window_10_0pct::Cw0Dew4JIapgYw3Ne2,window_10_0pct,1784125207.230867,0,-0.1971817711545483,-0.0164220431235555,-0.2055967883494133,-0.0896495942638568,-0.174904874279393,-0.2485021261201684,-0.2366160819652341,-0.1150838900495062,1.0,0.0,0.0,1.0,0.0,0.0,0.0,0.0,0.0,1.0
window_10_0pct::CJSBkD4Qc1JCNhtjK6,window_10_0pct,1784125554.8442,0,0.2002020568371476,0.1605002614952463,-0.0589285817294608,-0.0193815336816754,-0.0476052631772904,-0.2491636528244174,-0.236951685129629,-0.0288078207851337,1.0,0.0,0.0,1.0,0.0,0.0,0.0,0.0,0.0,1.0
window_06_15pct::CmOVe6kj29g9ha2Mb,window_06_15pct,1783710630.20743,1,-0.38941486231652295,-0.3531585993201904,-0.6852426123739334,-0.38828885173812794,-0.6077235520265416,-0.21025398956000887,-0.15696731600334418,-0.37072068314587064,1.0,0.0,0.0,1.0,0.0,0.0,0.0,0.0,0.0,1.0
window_10_0pct::C19Dor4oUnopTZfwx6,window_10_0pct,1784124124.71406,0,-0.3892699249785141,-0.3698493827747943,-0.7379063557416712,-0.4058558668836733,-0.684103318687803,-0.2497985998628026,-0.1939949141833031,-0.6040302242810942,1.0,0.0,0.0,0.0,1.0,0.0,0.0,0.0,0.0,1.0
window_10_0pct::C4gCew3yw0qGwUsBB8,window_10_0pct,1784124495.849339,0,0.3379213723653364,-0.0982068820511149,-0.3243929371644153,-0.1774846699915836,-0.276744563161075,-0.249534936851008,-0.2370507062777673,-0.1202718918399201,1.0,0.0,0.0,1.0,0.0,0.0,0.0,0.0,0.0,1.0
window_10_0pct::Cyzza44RokxC8vvh8h,window_10_0pct,1784125825.408035,0,-0.3838513480680607,-0.0030694163598724,-0.2071263524972459,-0.0720825791183115,-0.174904874279393,-0.2056056041105119,-0.2184019755623447,-0.0951491159489315,1.0,0.0,0.0,1.0,0.0,0.0,0.0,0.0,0.0,1.0
window_10_0pct::CsVXG916Kw2Nf5bEN3,window_10_0pct,1784124068.543852,0,-0.3896481156740757,-0.2776328041881075,-0.5573540544579261,-0.3355878063014919,-0.5058838631448596,0.7546377570644377,0.3527270347582729,-0.2279352439711137,1.0,0.0,0.0,1.0,0.0,0.0,0.0,0.0,0.0,1.0
window_10_0pct::CwFocRgUga4rTX9Pd,window_10_0pct,1784125867.926877,0,0.1795139678765311,-0.0950773601533767,0.1060094188784926,-0.0193815336816754,0.1051542701452325,-0.2494576804390557,-0.2369440265059944,-0.3642545449796852,1.0,0.0,0.0,1.0,0.0,0.0,0.0,0.0,0.0,1.0
window_10_0pct::CUONYN3OWCzKg8L74l,window_10_0pct,1784124397.683826,0,0.1037139818921827,-0.2790932477403853,-0.6106338722740966,-0.3180207911559465,-0.5058838631448596,-0.2496686972741189,-0.2370752029567603,-0.0789669462089162,1.0,0.0,0.0,1.0,0.0,0.0,0.0,0.0,0.0,1.0
window_10_0pct::CifynB4N2mkYhQ9gW6,window_10_0pct,1784125121.243469,0,-0.1845007201853573,-0.094451455773829,-0.2946726560141671,-0.195051685137129,-0.276744563161075,-0.2488507881261617,-0.2367896334181762,-0.1464684498620503,1.0,0.0,0.0,1.0,0.0,0.0,0.0,0.0,0.0,1.0
window_10_0pct::C4aLVL12mGeDbwDRXj,window_10_0pct,1784125779.520119,0,-0.3894593459202264,-0.275546456256282,-0.6191102069266692,-0.3355878063014919,-0.5568037075857005,0.0128177613881112,-0.0863441885269889,-0.0195257918858227,1.0,0.0,0.0,1.0,0.0,0.0,0.0,0.0,0.0,1.0
window_10_0pct::CVKnHF1FGQtJKgtDTk,window_10_0pct,1784124953.595109,0,-0.389712049511988,-0.3631730693929528,-0.7368866463097827,-0.4585569123203094,-0.7095632409082235,4.94664233234997,5.031938306822958,4.119297628905474,0.0,1.0,1.0,0.0,0.0,0.0,0.0,0.0,0.0,1.0
window_10_0pct::CIMAE74mmaOpyv02Ci,window_10_0pct,1784125973.435746,0,-0.3893488574877015,-0.3698493827747943,-0.7379063557416712,-0.4058558668836733,-0.684103318687803,-0.2497985998628026,-0.184636704313238,-0.6040302242810942,1.0,0.0,0.0,0.0,1.0,0.0,0.0,0.0,0.0,1.0
window_10_0pct::CKEQ7B4uTf57xB9E8a,window_10_0pct,1784124845.370324,0,0.2743820261956188,-0.1038400214670438,-0.3243929371644153,-0.1774846699915836,-0.276744563161075,-0.2495157008770632,-0.2370400186782594,-0.1303037466601287,1.0,0.0,0.0,1.0,0.0,0.0,0.0,0.0,0.0,1.0
window_10_0pct::C2iTQA4qbKTovpIV0e,window_10_0pct,1784125193.121706,0,-0.3087632812215538,-0.2818055000517585,-0.5573540544579261,-0.3180207911559465,-0.5058838631448596,-0.2490304450731477,-0.2366308414380367,-0.24495311638333,1.0,0.0,0.0,1.0,0.0,0.0,0.0,0.0,0.0,1.0
window_10_0pct::CAPliz134EgqV7jAQ8,window_10_0pct,1784124225.376111,0,-0.3867488671789876,-0.1937616173287226,-0.4767545214457448,-0.2477527305737651,-0.429504096483598,-0.2078417855644154,-0.2161931118514505,-0.1075025819952644,1.0,0.0,0.0,1.0,0.0,0.0,0.0,0.0,0.0,1.0
window_10_0pct::CLYFfO1inyOb0hJrc2,window_10_0pct,1784123976.018114,0,1.1884196712698107,0.4469558325348868,0.5102817207292596,0.3495257843747771,0.5379729478923811,-0.2494330558522519,-0.23702001778043,-0.1221115698479059,1.0,0.0,0.0,1.0,0.0,0.0,0.0,0.0,0.0,1.0
window_10_0pct::Czjbta2hSL6Qu4G3L9,window_10_0pct,1784125579.12168,0,-0.3893205895293125,-0.1916752693968971,1.1531235417489236,0.3143917540836864,0.9453317034191092,0.070914268513375,0.3111795908701664,-0.5346422851239325,1.0,0.0,0.0,1.0,0.0,0.0,0.0,0.0,0.0,1.0
window_10_0pct::CulLhIIj2lCfH1Ead,window_10_0pct,1784124184.861146,0,0.6687761226048757,0.6388998422628323,0.4504162794988096,0.3143917540836864,0.4361332590106991,-0.2491255278975982,-0.2369591471413461,0.0211190583720751,1.0,0.0,0.0,1.0,0.0,0.0,0.0,0.0,0.0,1.0
window_10_0pct::CjoQh526KJiyiiYnBh,window_10_0pct,1784125014.743301,0,-0.1008425620251932,0.2915229116138874,-0.0813834331775039,-0.0193815336816754,-0.0730651853977109,-0.2481816087531076,-0.2367320794234903,0.1378344774616148,1.0,0.0,0.0,1.0,0.0,0.0,0.0,0.0,0.0,1.0
window_10_0pct::CKhEy722ei2P1KgPfl,window_10_0pct,1784125825.294559,0,-0.3393374267656489,-0.2749205518767343,-0.5955506702607468,-0.3355878063014919,-0.53134378536528,-0.2484677067670185,-0.2364031294970203,-0.1130079805161988,1.0,0.0,0.0,1.0,0.0,0.0,0.0,0.0,0.0,1.0
window_10_0pct::C8Bgha3sjhbfohzlS9,window_10_0pct,1784125302.958317,0,-0.3808120941823867,0.2819257111274901,0.6374054965713504,0.2616907086470503,0.5379729478923811,-0.198081956770532,-0.2146018915439112,-0.2550245214435966,1.0,0.0,0.0,1.0,0.0,0.0,0.0,0.0,0.0,1.0
window_10_0pct::CrqQND2pWJquezvFvi,window_10_0pct,1784124800.287069,0,0.1378091962894478,0.0816363096722426,1.5181157865254884,0.4724948903935946,1.301770614504996,-0.2491941393169684,-0.2366729863525292,-0.4566500039592834,1.0,0.0,0.0,1.0,0.0,0.0,0.0,0.0,0.0,1.0
window_10_0pct::CHDnAcIs6wkFB5OH5,window_10_0pct,1784124030.026495,0,-0.3890288146657595,0.0013119142969611,-0.3967498189354985,-0.1774846699915836,-0.3531243298223365,0.1333620916408146,-0.1183574958041994,0.1971396315138278,1.0,0.0,0.0,1.0,0.0,0.0,0.0,0.0,0.0,1.0
window_10_0pct::CRmtyK2snE9vTxk1z6,window_10_0pct,1784124012.533856,0,0.9578369632465508,0.2756666673320136,0.5387061211431495,0.2792577237925956,0.5379729478923811,-0.2494602805019075,-0.2370098447964011,-0.2316527601674749,1.0,0.0,0.0,1.0,0.0,0.0,0.0,0.0,0.0,1.0
window_10_0pct::CAitVMhPUiNtS2ARc,window_10_0pct,1784124253.271894,0,-0.3245096656165791,-0.1714376944581898,-0.660174755506676,-0.3355878063014919,-0.582263629806121,-0.2476494712629485,-0.2365757960857771,1.275259005830252,1.0,0.0,0.0,1.0,0.0,0.0,0.0,0.0,0.0,1.0
window_10_0pct::C5Mj7S2D3fAhoUwaSd,window_10_0pct,1784125629.529688,0,-0.3886596124977522,-0.0982068820511149,-0.3243929371644153,-0.195051685137129,-0.276744563161075,-0.0676641930756734,-0.1645381906137647,-0.1202718918399201,1.0,0.0,0.0,1.0,0.0,0.0,0.0,0.0,0.0,1.0
window_10_0pct::C6CnEvtAUH5bCSgQ5,window_10_0pct,1784125448.672623,0,0.2153709657000532,-0.105091830226139,1.4363053485629398,0.4197938449569585,1.1999309256233142,-0.2494895721600437,-0.2367594272509527,-0.5143524250635522,1.0,0.0,0.0,1.0,0.0,0.0,0.0,0.0,0.0,1.0
window_10_0pct::CwXl2JVghiqyqCn76,window_10_0pct,1784124493.83303,0,0.3420999915073769,0.3916676123415112,0.2878363569520982,0.1562886177737781,0.2579138034677555,-0.2490636729015774,-0.2369272116302177,-0.0572978109135774,1.0,0.0,0.0,1.0,0.0,0.0,0.0,0.0,0.0,1.0
window_10_0pct::CwveSF49ogU9IA6Gb1,window_10_0pct,1784125103.486229,0,-0.3723500680283865,-0.1883371127059763,-0.4516654206319899,-0.2301857154282197,-0.4040441742631775,-0.2424153311991797,-0.233307289665822,-0.1370648569774222,1.0,0.0,0.0,1.0,0.0,0.0,0.0,0.0,0.0,1.0
window_10_0pct::CjIxhs1jlKH3WfGeKb,window_10_0pct,1784124713.995332,0,-0.054027791173122,-0.1779053730468488,-0.4682781867931723,-0.2477527305737651,-0.4040441742631775,-0.2493947619555972,-0.2369772517359105,-0.0798052094558695,1.0,0.0,0.0,1.0,0.0,0.0,0.0,0.0,0.0,1.0
window_10_0pct::Cq7dlT3P0eZRQARL36,window_10_0pct,1784126061.810002,0,-0.3262352600779801,-0.1925098085696273,-0.4118967527883412,-0.1599176548460383,-0.378584252042757,-0.2478254995294573,-0.2358066486966323,-0.2034498887814433,1.0,0.0,0.0,1.0,0.0,0.0,0.0,0.0,0.0,1.0
window_10_0pct::CncIgN377ItcLLolAg,window_10_0pct,1784124192.019866,0,0.8642596339987831,0.171766540327104,-0.0811285058195318,0.0157524966094153,-0.0221453409568699,-0.249493551955996,-0.237055651640279,0.003267334744628,1.0,0.0,0.0,1.0,0.0,0.0,0.0,0.0,0.0,1.0
window_10_0pct::CFwYGZ15BwxTTWyda2,window_10_0pct,1784125207.22644,0,-0.1971346080729158,0.1586225483566034,-0.0749252734422106,0.0333195117549606,-0.0476052631772904,-0.2478604866778264,-0.2364424266886276,-0.0170147768601206,1.0,0.0,0.0,1.0,0.0,0.0,0.0,0.0,0.0,1.0
window_10_0pct::Cci9PF13JFc0OwD2id,window_10_0pct,1784124593.519875,0,0.4552491456157216,-0.09862415163748,-0.5216217364488357,-0.2301857154282197,-0.4040441742631775,-0.2495718967274657,-0.23708319221122,0.3194007821763317,1.0,0.0,0.0,1.0,0.0,0.0,0.0,0.0,0.0,1.0
window_10_0pct::CsFziy3OeJFQC3Z4l2,window_10_0pct,1784124036.244496,0,-0.0142199405067241,-0.3698493827747943,-0.7379063557416712,-0.4058558668836733,-0.684103318687803,-0.2497985998628026,-0.2371114780797417,-0.6040302242810942,1.0,0.0,0.0,0.0,1.0,0.0,0.0,0.0,0.0,1.0
window_10_0pct::CylhrZ3xDJO4l1iAla,window_10_0pct,1784124549.158065,0,0.3390451091129861,0.3603723933641287,-0.045098772559474,0.050886526900506,-0.0221453409568699,-0.2490909212434648,-0.2369655897507478,0.1721659310303386,1.0,0.0,0.0,1.0,0.0,0.0,0.0,0.0,0.0,1.0
window_10_0pct::C35cEf3l37HDaBIRm9,window_10_0pct,1784124169.259842,0,-0.388521037585423,-0.0848542552874317,-0.5306291697638502,-0.2477527305737651,-0.4549640187040185,-0.0809275337474651,-0.1850155237314441,0.4084442406617402,1.0,0.0,0.0,1.0,0.0,0.0,0.0,0.0,0.0,1.0
window_10_0pct::CsgUZE2joAHruPzv2h,window_10_0pct,1784124769.751427,0,0.1632794274387519,0.4822151125827376,1.707739252963741,0.6481650418490482,1.4290702256070986,-0.2487103766437379,-0.2366090691725764,-0.347453161957459,1.0,0.0,0.0,1.0,0.0,0.0,0.0,0.0,0.0,1.0
window_10_0pct::CUS8h93WI2pPERwP4h,window_10_0pct,1784125621.886332,0,-0.3888701063057258,-0.1937616173287226,-0.4385579056429241,-0.2301857154282197,-0.4040441742631775,-0.1022472279892496,-0.1577461694885822,-0.170854604478228,1.0,0.0,0.0,1.0,0.0,0.0,0.0,0.0,0.0,1.0
window_10_0pct::CTfLXz2L94qOQmVD68,window_10_0pct,1784125204.688847,0,-0.3586037164158591,-0.1897975562582541,-0.6587726550378294,-0.3355878063014919,-0.582263629806121,-0.2457109584305798,-0.2359328988585629,1.071152318389501,1.0,0.0,0.0,1.0,0.0,0.0,0.0,0.0,0.0,1.0
window_10_0pct::CcomRd3EUjxZhhk2S3,window_10_0pct,1784124085.112728,0,-0.38110791495086,-0.1916752693968971,1.1531235417489236,0.2792577237925956,0.9453317034191092,-0.2351749330454063,-0.2132706935470046,-0.5346422851239325,1.0,0.0,0.0,1.0,0.0,0.0,0.0,0.0,0.0,1.0
window_10_0pct::CV5jhBaMwXe5isCA4,window_10_0pct,1784124121.458641,0,-0.389711878708614,-0.3631730693929528,-0.7368866463097827,-0.4585569123203094,-0.7095632409082235,4.123443768831115,4.197229282376408,4.119297628905474,0.0,1.0,1.0,0.0,0.0,0.0,0.0,0.0,0.0,1.0
window_10_0pct::C8m0na4WxgHvz9EuH3,window_10_0pct,1784126061.812555,0,-0.3262610940882903,-0.2811795956722108,-0.5573540544579261,-0.3004537760104012,-0.5058838631448596,-0.248811648028692,-0.2364089026133427,-0.2424004355214976,1.0,0.0,0.0,1.0,0.0,0.0,0.0,0.0,0.0,1.0
window_10_0pct::CqmOYh3XQwff6ajfV5,window_10_0pct,1784125052.557677,0,0.2558999055104315,-0.2811795956722108,-0.6034321744113845,-0.3180207911559465,-0.5058838631448596,-0.249701600660912,-0.2370957596782408,-0.1185061041647506,1.0,0.0,0.0,1.0,0.0,0.0,0.0,0.0,0.0,1.0
window_10_0pct::C9KBxI112TCivmr6T9,window_10_0pct,1784124726.679356,0,-0.20536823809031,-0.2818055000517585,-0.5573540544579261,-0.3180207911559465,-0.5058838631448596,-0.2494612868033505,-0.2369289869684347,-0.24495311638333,1.0,0.0,0.0,1.0,0.0,0.0,0.0,0.0,0.0,1.0
window_10_0pct::CIHxgO2JlKTOpMORMa,window_10_0pct,1784125642.025563,0,-0.3897122203153619,-0.3631730693929528,-0.7368866463097827,-0.4585569123203094,-0.7095632409082235,6.15161414271815,6.253758762896896,4.119297628905474,0.0,1.0,1.0,0.0,0.0,0.0,0.0,0.0,0.0,1.0
window_10_0pct::CGsAxE2my21Jotiu4,window_10_0pct,1784125103.486576,0,-0.3723535374719199,-0.0975809776715673,-0.2595351685070117,-0.1247836245549475,-0.225824718720234,-0.2387214834436573,-0.2316539945499037,-0.1848936069079661,1.0,0.0,0.0,1.0,0.0,0.0,0.0,0.0,0.0,1.0
window_10_0pct::CmBfNl48zXWPohtQze,window_10_0pct,1784125633.581641,0,-0.3893073202421986,-0.2818055000517585,-0.5573540544579261,-0.3004537760104012,-0.5058838631448596,-0.0965040710072772,-0.1192947430319496,-0.24495311638333,1.0,0.0,0.0,1.0,0.0,0.0,0.0,0.0,0.0,1.0
window_10_0pct::CpkUn84ttC48AGOED7,window_10_0pct,1784125344.742103,0,-0.3877440850629495,-0.1854162256014206,-0.4767545214457448,-0.2477527305737651,-0.429504096483598,-0.1836400127045123,-0.2055936304211708,-0.0839704662471209,1.0,0.0,0.0,1.0,0.0,0.0,0.0,0.0,0.0,1.0
window_10_0pct::CqNKne3tRUZvp5Dprb,window_10_0pct,1784125251.826175,0,0.2847929188464074,0.4692797554054196,0.2260589605368575,0.1562886177737781,0.2069939590269145,-0.248919966410808,-0.236907228809732,0.0370324331846251,1.0,0.0,0.0,1.0,0.0,0.0,0.0,0.0,0.0,1.0
window_10_0pct::CeS2Mn3EqvzYBG90H7,window_10_0pct,1784125305.598401,0,-0.2071526102627721,-0.1931357129491749,-0.4627547607037766,-0.2828867608648558,-0.4040441742631775,-0.2491149584490052,-0.2368743266703362,-0.1310889271616959,1.0,0.0,0.0,1.0,0.0,0.0,0.0,0.0,0.0,1.0
window_10_0pct::CI4BDg2Y3ZQY5oIzC3,window_10_0pct,1784124557.538369,0,0.2860248915570881,-0.3698493827747943,-0.7379063557416712,-0.3882888517381279,-0.6331834742469621,-0.2497985998628026,-0.2371270327803248,-0.6040302242810942,1.0,0.0,0.0,0.0,1.0,0.0,0.0,0.0,0.0,1.0
window_10_0pct::CWJ2ttnGnlh8GlsZi,window_10_0pct,1784124881.344514,0,-0.10648399463781,-0.1814521645309522,-0.6587726550378294,-0.3355878063014919,-0.582263629806121,-0.2493288123225434,-0.2370273632219038,1.1487969321865157,1.0,0.0,0.0,1.0,0.0,0.0,0.0,0.0,0.0,1.0
window_10_0pct::Cq4GbUdvFg67FBkij,window_10_0pct,1784125350.353487,0,0.1982449384023551,-0.0888183163579002,-0.3203990752228523,-0.1774846699915836,-0.276744563161075,-0.249461022921263,-0.2370241697227978,-0.1083394483991601,1.0,0.0,0.0,1.0,0.0,0.0,0.0,0.0,0.0,1.0
window_10_0pct::CY7n9d2psVccvvarL8,window_10_0pct,1784124414.954255,0,-0.1386037612632153,-0.0950773601533767,-0.3407507759676255,-0.2126187002826743,-0.3022044853814955,-0.2490257866064749,-0.2368768084653731,-0.0945453806820476,1.0,0.0,0.0,1.0,0.0,0.0,0.0,0.0,0.0,1.0
window_10_0pct::CghIpG1pAWJvpazeYc,window_10_0pct,1784124500.101047,0,0.3673981382574247,0.2942351639252605,0.5331189632142608,0.2089896632104142,0.48705310345154,-0.249179118231969,-0.236916125606774,-0.2192572411714032,1.0,0.0,0.0,1.0,0.0,0.0,0.0,0.0,0.0,1.0
window_10_0pct::CVzxAa0TwzazrehH6,window_10_0pct,1784125043.179365,0,-0.3888954706067577,-0.187085303946881,-0.4767545214457448,-0.2653197457193104,-0.429504096483598,-0.0919011816207149,-0.1669792930281605,-0.0886768893967496,1.0,0.0,0.0,1.0,0.0,0.0,0.0,0.0,0.0,1.0
window_10_0pct::CvVKBvk6hCDnphbP4,window_10_0pct,1784125688.309847,0,-0.3897120815376206,-0.3631730693929528,-0.7368866463097827,-0.4585569123203094,-0.7095632409082235,5.1367560249919,5.22471028426755,4.119297628905474,0.0,1.0,1.0,0.0,0.0,0.0,0.0,0.0,0.0,1.0
window_10_0pct::ChTuM63nH0b7AH0dA5,window_10_0pct,1784124806.047092,0,0.5212145722338377,0.0086141320583503,-0.2150078566478836,-0.1072166094094022,-0.1494449520589724,-0.2495051696283326,-0.2370521882322172,-0.0710247911631513,1.0,0.0,0.0,1.0,0.0,0.0,0.0,0.0,0.0,1.0
window_10_0pct::CnInos2utx5Wn0o4m1,window_10_0pct,1784123994.067176,0,-0.0090252227682561,0.0818449444654252,-0.1904073666035752,-0.0545155639727661,-0.174904874279393,-0.2489606068031835,-0.2368609884824709,0.0035269034607493,1.0,0.0,0.0,1.0,0.0,0.0,0.0,0.0,0.0,1.0
window_10_0pct::C3RJWJ2uVp98HsVFpk,window_10_0pct,1784125096.102888,0,-0.0614378393469538,-0.2761723606358297,-0.5815509095187786,-0.3180207911559465,-0.5058838631448596,-0.2495970605467066,-0.23703132999604,-0.1628625156734081,1.0,0.0,0.0,1.0,0.0,0.0,0.0,0.0,0.0,1.0
window_10_0pct::C4GdxB4dVFteDiNIpe,window_10_0pct,1784124267.810985,0,-0.3872111785362203,-0.2765896302221947,-0.061732782667154,-0.1423506397004929,-0.0985251076181314,-0.2234710711536404,-0.2008515398692393,-0.5024603118867872,1.0,0.0,0.0,1.0,0.0,0.0,0.0,0.0,0.0,1.0
window_10_0pct::CJCGBB4FyF5w3uNUZ1,window_10_0pct,1784125236.58169,0,0.1807914810367917,0.081010405292695,-0.1428634143417772,-0.0193815336816754,-0.1239850298385519,-0.249240454726332,-0.2369445155254723,-0.0460480219252423,1.0,0.0,0.0,1.0,0.0,0.0,0.0,0.0,0.0,1.0
window_10_0pct::CeLfVx1WhdmX0Cmq25,window_10_0pct,1784124895.761722,0,-0.3897120601871988,-0.3631730693929528,-0.7368866463097827,-0.4585569123203094,-0.7095632409082235,5.008504724400122,5.094665696308897,4.119297628905474,0.0,1.0,1.0,0.0,0.0,0.0,0.0,0.0,0.0,1.0
window_10_0pct::CGYyXl3Imm3OInrogc,window_10_0pct,1784125764.486238,0,-0.3897116011531313,-0.3631730693929528,-0.7368866463097827,-0.4585569123203094,-0.7095632409082235,3.2281343075236992,3.289401061890739,4.119297628905474,0.0,1.0,1.0,0.0,0.0,0.0,0.0,0.0,0.0,1.0
window_10_0pct::C4USVl4gk7UvyWwC46,window_10_0pct,1784125973.866914,0,0.1657044083404307,-0.0994586908102102,-0.3494820379781702,-0.1774846699915836,-0.3022044853814955,-0.2494547752578924,-0.2370160705670205,-0.0913999740952181,1.0,0.0,0.0,1.0,0.0,0.0,0.0,0.0,0.0,1.0
window_10_0pct::CuCcHR3JetyzmffHC3,window_10_0pct,1784124708.753493,0,-0.3891472881560168,-0.1812435297377696,-0.4767545214457448,-0.2653197457193104,-0.429504096483598,-0.0143166358990381,-0.135736024686582,-0.072204408373049,1.0,0.0,0.0,1.0,0.0,0.0,0.0,0.0,0.0,1.0
window_10_0pct::CCZAolUPOahbDKqVc,window_10_0pct,1784125580.713401,0,-0.3326616622964352,0.0826794836381554,-0.0344555553641385,0.0157524966094153,-0.0221453409568699,-0.2441965695671095,-0.2348158891550958,-0.1302879933095625,1.0,0.0,0.0,1.0,0.0,0.0,0.0,0.0,0.0,1.0
window_10_0pct::CNAnZU1PaFOa0QktI6,window_10_0pct,1784125405.009023,0,-0.1369787379634393,0.6388998422628323,2.2251355699146305,1.0522063901965917,1.912808747795088,-0.2469796728181111,-0.2355165719639779,-0.3533125442666619,1.0,0.0,0.0,1.0,0.0,0.0,0.0,0.0,0.0,1.0
window_10_0pct::C3KfG74uQF867lOnY6,window_10_0pct,1784124061.052281,0,0.3540507619760265,-0.0863146988397096,0.1114266252353998,-0.00181451853613,0.1051542701452325,-0.2495293621625517,-0.2369888455912207,-0.3581860068156522,1.0,0.0,0.0,1.0,0.0,0.0,0.0,0.0,0.0,1.0
window_10_0pct::Ce0fuZ1tlDGBKWEgO6,window_10_0pct,1784124898.773141,0,-0.3892568051443524,-0.1812435297377696,-0.4767545214457448,-0.2301857154282197,-0.429504096483598,0.0422199769796013,-0.0904217160334704,-0.072204408373049,1.0,0.0,0.0,1.0,0.0,0.0,0.0,0.0,0.0,1.0
window_10_0pct::CEegEu1uMhuJxTMAJb,window_10_0pct,1784124998.301314,0,-0.3059833282079601,-0.2818055000517585,-0.6106338722740966,-0.3355878063014919,-0.53134378536528,-0.2490559489987669,-0.2367055925198062,-0.0946584924501537,1.0,0.0,0.0,1.0,0.0,0.0,0.0,0.0,0.0,1.0
window_10_0pct::CjzufU3MadigjcZJEa,window_10_0pct,1784125376.421516,0,-0.3885284888826117,-0.0103716341212616,-0.3500768684801051,-0.1423506397004929,-0.3022044853814955,-0.0354536073187471,-0.1604682758184144,0.0785442688259715,1.0,0.0,0.0,1.0,0.0,0.0,0.0,0.0,0.0,1.0
window_10_0pct::C5UNVU1eqKkGECvjVg,window_10_0pct,1784124806.047809,0,0.5212080069791515,0.0086141320583503,-0.1125483026895941,-0.0193815336816754,-0.1239850298385519,-0.2495051675135012,-0.2370259439716103,-0.1583501938375123,1.0,0.0,0.0,1.0,0.0,0.0,0.0,0.0,0.0,1.0
window_10_0pct::CiCJwy24R2yuvY5coa,window_10_0pct,1784125973.409689,0,-0.3890701811078885,-0.0103716341212616,-0.3500768684801051,-0.1774846699915836,-0.3022044853814955,0.1451832749748655,-0.1107116935971174,0.0785442688259715,1.0,0.0,0.0,1.0,0.0,0.0,0.0,0.0,0.0,1.0
window_10_0pct::CBiP0C1IguSY2zAfJ6,window_10_0pct,1784126070.583981,0,-0.2912270696213108,-0.1864593995673333,-0.6589426066098109,-0.3355878063014919,-0.582263629806121,-0.2484834771504356,-0.236774038030021,1.105881471897956,1.0,0.0,0.0,1.0,0.0,0.0,0.0,0.0,0.0,1.0
window_10_0pct::CyYT8q46lf87OOLmC1,window_10_0pct,1784124629.074141,0,0.7298006452982161,-0.0068248426371582,-0.1171794830260874,0.0157524966094153,-0.0730651853977109,-0.249569580986927,-0.237042829446334,-0.1733417694955377,1.0,0.0,0.0,1.0,0.0,0.0,0.0,0.0,0.0,1.0
window_10_0pct::CUj1Ln3qXvX2HWX4qg,window_10_0pct,1784124366.898389,0,-0.3893488254620689,-0.3698493827747943,-0.7379063557416712,-0.4058558668836733,-0.684103318687803,-0.2497985998628026,-0.18464132398832,-0.6040302242810942,1.0,0.0,0.0,0.0,1.0,0.0,0.0,0.0,0.0,1.0
window_10_0pct::CaOCdlTcfN2SIuwV8,window_10_0pct,1784124357.052491,0,-0.389616068691038,-0.0967464384988371,-0.5306291697638502,-0.2301857154282197,-0.4549640187040185,1.7409668816359791,0.4536958814336366,0.3661960382446528,1.0,0.0,0.0,1.0,0.0,0.0,0.0,0.0,0.0,1.0
window_10_0pct::Ct9Tby1UdGNgWtjpbf,window_10_0pct,1784124218.469649,0,0.4683758866388177,0.0820535792586077,-0.0149961003722676,0.0157524966094153,0.028774503483971,-0.2494266558247008,-0.2370063981181041,-0.1436775222809259,1.0,0.0,0.0,1.0,0.0,0.0,0.0,0.0,0.0,1.0
window_10_0pct::CjDEo6XDu3a4AUej,window_10_0pct,1784125245.339305,0,-0.3882909227398666,-0.1937616173287226,-0.4767545214457448,-0.2477527305737651,-0.429504096483598,-0.1623437656180856,-0.1934539796940031,-0.1075025819952644,1.0,0.0,0.0,1.0,0.0,0.0,0.0,0.0,0.0,1.0
window_10_0pct::CqPRms380MG7s0SIej,window_10_0pct,1784125537.97242,0,-0.0022733013446818,-0.3698493827747943,-0.7379063557416712,-0.4058558668836733,-0.684103318687803,-0.2497985998628026,-0.2371130485571449,-0.6040302242810942,1.0,0.0,0.0,0.0,1.0,0.0,0.0,0.0,0.0,1.0
window_10_0pct::CyTg93kZL9mmiko4e,window_10_0pct,1784123932.277151,0,1.355564639780433,-0.094451455773829,-0.3040837243126374,-0.1599176548460383,-0.225824718720234,-0.2496871548028107,-0.2371130994421548,-0.1365428859570638,1.0,0.0,0.0,1.0,0.0,0.0,0.0,0.0,0.0,1.0
window_10_0pct::CyeCHw4QlpdOCV2hVe,window_10_0pct,1784126080.219857,0,2.105152454807219,0.3703868634368911,0.4203560952045986,0.4724948903935946,0.48705310345154,-0.2495890497523497,-0.2370589247285299,-0.1333802268418305,1.0,0.0,0.0,1.0,0.0,0.0,0.0,0.0,0.0,1.0
window_10_0pct::CKdcx44xqH1ukvwmie,window_10_0pct,1784124994.512215,0,0.0727683390097428,-0.1931357129491749,-0.4034204181357686,-0.195051685137129,-0.3531243298223365,-0.2495287385417411,-0.2369970015437351,-0.2149784891364501,1.0,0.0,0.0,1.0,0.0,0.0,0.0,0.0,0.0,1.0
window_10_0pct::CgFdtJ2g6Uw3LbMTr5,window_10_0pct,1784124647.666089,0,-0.389308708019612,-0.1895889214650716,-0.4767545214457448,-0.2653197457193104,-0.429504096483598,0.0651330558736585,-0.0952356451507698,-0.0957365241211927,1.0,0.0,0.0,1.0,0.0,0.0,0.0,0.0,0.0,1.0
window_10_0pct::CYXlmh1Dj1iaWsfbz2,window_10_0pct,1784125117.667726,0,0.3242174653912361,0.2598104230501399,1.5757718573201802,0.5603299661213215,1.327230536725417,-0.2491757049962202,-0.2367672909073994,-0.4036099357011597,1.0,0.0,0.0,1.0,0.0,0.0,0.0,0.0,0.0,1.0
window_10_0pct::C86YVT1oOzzeHVNkW8,window_10_0pct,1784125824.518194,0,0.2601655596467112,-0.2790932477403853,-0.5940211061129143,-0.3004537760104012,-0.5058838631448596,-0.2496999699880745,-0.2370888401734577,-0.1395809827386539,1.0,0.0,0.0,1.0,0.0,0.0,0.0,0.0,0.0,1.0
window_10_0pct::Cr67kQ1oIwg6Ib3TB,window_10_0pct,1784124516.903547,0,0.4136819347959345,0.2835947894729506,1.7949456533366994,0.7535671327223203,1.5309099144887806,-0.2492241606314425,-0.2367458276489817,-0.4140371860023247,1.0,0.0,0.0,1.0,0.0,0.0,0.0,0.0,0.0,1.0
window_10_0pct::CNq7WA3HPGrjLL1GP6,window_10_0pct,1784124595.781246,0,-0.3892365008932739,-0.0975809776715673,-0.3322744413150529,-0.1599176548460383,-0.276744563161075,0.1537902002173681,-0.0565358618525715,-0.1097365617188805,1.0,0.0,0.0,1.0,0.0,0.0,0.0,0.0,0.0,1.0
window_10_0pct::C0J0IcU4ZmZwdxNE4,window_10_0pct,1784125048.347657,0,0.2692191953120254,-0.2811795956722108,-0.5815509095187786,-0.3180207911559465,-0.5058838631448596,-0.2497035613490894,-0.2370971069108705,-0.1864438631268256,1.0,0.0,0.0,1.0,0.0,0.0,0.0,0.0,0.0,1.0
window_10_0pct::CGKOKX1z3QhUXPJGrh,window_10_0pct,1784125779.520871,0,-0.3894671708497956,-0.275546456256282,-0.5573540544579261,-0.3180207911559465,-0.5058838631448596,0.0211785063845027,-0.0620902223496821,-0.2194263077650056,1.0,0.0,0.0,1.0,0.0,0.0,0.0,0.0,0.0,1.0
window_10_0pct::CtU86S1pKwtu26wUBg,window_10_0pct,1784124936.363058,0,-0.2144782175186066,-0.1925098085696273,-0.4682781867931723,-0.2301857154282197,-0.4040441742631775,-0.2490838565122099,-0.2367804307939914,-0.1196918953664844,1.0,0.0,0.0,1.0,0.0,0.0,0.0,0.0,0.0,1.0
window_10_0pct::ClmsJbTb2hH28YKE7,window_10_0pct,1784124590.049965,0,0.3103456266749084,-0.0825592725624237,-0.3188695110750196,-0.1423506397004929,-0.276744563161075,-0.249508764775161,-0.2370326469281156,-0.0991491342253662,1.0,0.0,0.0,1.0,0.0,0.0,0.0,0.0,0.0,1.0
window_10_0pct::CXhRLi3xwQRm9KFqbl,window_10_0pct,1784125870.043629,0,0.4808372737938958,0.6724900439652227,0.7145635102509083,0.3495257843747771,0.6398126367740631,-0.2489529706067013,-0.236904281523465,-0.0755383198047166,1.0,0.0,0.0,1.0,0.0,0.0,0.0,0.0,0.0,1.0
window_10_0pct::CE2vqF10mjWwLrH515,window_10_0pct,1784124279.366614,0,-0.3884376962141455,0.081010405292695,-0.2156026871498185,-0.0720825791183115,-0.174904874279393,-0.0001051217546746,-0.150931940371077,0.031656905917375,1.0,0.0,0.0,1.0,0.0,0.0,0.0,0.0,0.0,1.0
window_10_0pct::CbVXzAK2vh0j6YLq5,window_10_0pct,1784125658.001006,0,0.3260757527237756,0.2829688850934029,1.8353516395752785,0.7008660872856843,1.5563698367092011,-0.2491544719426808,-0.2367148803114321,-0.4171996110508824,1.0,0.0,0.0,1.0,0.0,0.0,0.0,0.0,0.0,1.0
window_10_0pct::CzDnvS30r2xCVlEYJd,window_10_0pct,1784125975.756452,0,0.312318587122635,-0.2790932477403853,-0.5573540544579261,-0.3004537760104012,-0.480423940924439,-0.249707297075597,-0.2370943055816771,-0.2338914993153894,1.0,0.0,0.0,1.0,0.0,0.0,0.0,0.0,0.0,1.0
window_10_0pct::COx1OXMfLTpCKKJT8,window_10_0pct,1784126096.636625,0,-0.1872604543495595,0.1598743571156987,1.7980685134718577,0.6657320569945936,1.5054499922683602,-0.2479506467139657,-0.2356273615177274,-0.4501993495316717,1.0,0.0,0.0,1.0,0.0,0.0,0.0,0.0,0.0,1.0
window_10_0pct::C9yfKm29jw2lfylpqc,window_10_0pct,1784124869.692847,0,-0.3885699087007949,-0.2818055000517585,-0.5955506702607468,-0.3355878063014919,-0.53134378536528,-0.1953985484273391,-0.2036999912479451,-0.1486205828112352,1.0,0.0,0.0,1.0,0.0,0.0,0.0,0.0,0.0,1.0
window_10_0pct::CQDWfj3qXnKp16Y3j9,window_10_0pct,1784125565.839112,0,-0.3892532609743429,-0.3698493827747943,-0.7379063557416712,-0.4058558668836733,-0.684103318687803,-0.2497985998628026,-0.1955597384126342,-0.6040302242810942,1.0,0.0,0.0,0.0,1.0,0.0,0.0,0.0,0.0,1.0
window_10_0pct::ChuBJS1puXrF0EcrGi,window_10_0pct,1784124784.156369,0,-0.3896401946676087,-0.3698493827747943,-0.7379063557416712,-0.4058558668836733,-0.684103318687803,-0.2497985998628026,0.025674186793777,-0.6040302242810942,1.0,0.0,0.0,0.0,1.0,0.0,0.0,0.0,0.0,1.0
window_10_0pct::CIsUgHNX4Y7Pa5Xq,window_10_0pct,1784124129.0236,0,-0.2820665217191136,-0.0053643990848804,-0.3882734842829259,-0.1774846699915836,-0.327664407601916,-0.2474072415306507,-0.2364073505285095,0.1636558331501169,1.0,0.0,0.0,1.0,0.0,0.0,0.0,0.0,0.0,1.0
window_10_0pct::C3VQIV3AwOc2HherEb,window_10_0pct,1784124172.395327,0,1.1235769886047335,0.542719202605677,1.6079139483711633,0.6657320569945936,1.403610303386678,-0.2493726994734081,-0.2369570465710802,-0.317540204713885,1.0,0.0,0.0,1.0,0.0,0.0,0.0,0.0,0.0,1.0
window_10_0pct::Crj4Ji3UYLoF7RdRkk,window_10_0pct,1784124844.407745,0,0.3139888733165082,0.498697261244159,0.1845270451339016,0.1914226480648689,0.1560741145860735,-0.2489268956691133,-0.2369042274943592,0.0893808625441098,1.0,0.0,0.0,1.0,0.0,0.0,0.0,0.0,0.0,1.0
window_10_0pct::CpnQxO1D0HkkGvDFz3,window_10_0pct,1784124910.046475,0,-0.3890347287325826,-0.0979982472579324,-0.5306291697638502,-0.2477527305737651,-0.4549640187040185,0.0332884451803371,-0.1455193852357738,0.3617488590428541,1.0,0.0,0.0,1.0,0.0,0.0,0.0,0.0,0.0,1.0
window_10_0pct::CuHrWP2rijMtAXYk6k,window_10_0pct,1784124936.634974,0,0.1157059800252201,-0.016213408330373,-0.2683301623570494,-0.0896495942638568,-0.225824718720234,-0.2493044375765422,-0.2369542951512269,-0.0494385102367456,1.0,0.0,0.0,1.0,0.0,0.0,0.0,0.0,0.0,1.0
window_10_0pct::CkDEQuc45G9W9JE0j,window_10_0pct,1784124058.920389,0,-0.3889533302496838,-0.187085303946881,-0.4767545214457448,-0.2653197457193104,-0.429504096483598,-0.079874367954337,-0.161633548432119,-0.0886768893967496,1.0,0.0,0.0,1.0,0.0,0.0,0.0,0.0,0.0,1.0
window_10_0pct::C0Fnqy1wyCpan6aRyc,window_10_0pct,1784124376.709149,0,0.3401767028158377,-0.2765896302221947,-0.5815509095187786,-0.3355878063014919,-0.5058838631448596,-0.2497083593162372,-0.2371100059685941,-0.1648276279611928,1.0,0.0,0.0,1.0,0.0,0.0,0.0,0.0,0.0,1.0
window_10_0pct::CLsTmz2d7XOuX0PAAg,window_10_0pct,1784124068.542098,0,-0.3896616304910396,-0.2776328041881075,-0.6106338722740966,-0.3355878063014919,-0.53134378536528,1.0191170473867937,0.5080515017006144,-0.0705176520790191,1.0,0.0,0.0,1.0,0.0,0.0,0.0,0.0,0.0,1.0
window_10_0pct::CkWTRj4pMlMLzj1R08,window_10_0pct,1784125548.232669,0,0.3792826690426139,-0.3698493827747943,-0.7379063557416712,-0.3882888517381279,-0.6331834742469621,-0.2497985998628026,-0.2371313230524492,-0.6040302242810942,1.0,0.0,0.0,0.0,1.0,0.0,0.0,0.0,0.0,1.0
window_10_0pct::CwNXi7133KU2Uxsuv3,window_10_0pct,1784125630.629255,0,-0.149059340346714,0.6395257466423799,0.9043994161541375,0.4373608601025039,0.7671122478761656,-0.2468363282527762,-0.236129308859437,-0.1514082658760318,1.0,0.0,0.0,1.0,0.0,0.0,0.0,0.0,0.0,1.0
window_10_0pct::Cqrfzf28pjYlhER3lf,window_10_0pct,1784125464.031149,0,0.7268756695449266,0.1811551060203187,0.342794446541585,0.1387216026282328,0.3088336479085966,-0.2494500807447129,-0.2370125427477636,-0.2285528409998807,1.0,0.0,0.0,1.0,0.0,0.0,0.0,0.0,0.0,1.0
window_10_0pct::CHa1r234V1AQHZZrw,window_10_0pct,1784125480.980383,0,0.3534517438683672,0.2934006247525303,0.2827802976856514,0.1562886177737781,0.2579138034677555,-0.2491682859986626,-0.2369308042572627,-0.125490003885749,1.0,0.0,0.0,1.0,0.0,0.0,0.0,0.0,0.0,1.0
window_10_0pct::CK45Tf1FSzUVBtHdxc,window_10_0pct,1784125148.798016,0,-0.2560567547371288,-0.1799917209786743,-0.4682781867931723,-0.2477527305737651,-0.4040441742631775,-0.24879536253941,-0.2366973744780396,-0.0855033074431002,1.0,0.0,0.0,1.0,0.0,0.0,0.0,0.0,0.0,1.0
window_10_0pct::CoJy8J3FpqBfSsghy6,window_10_0pct,1784124921.753648,0,-0.3892882863412139,-0.2818055000517585,-0.5955506702607468,-0.3355878063014919,-0.53134378536528,-0.103374791827503,-0.1470945764211536,-0.1486205828112352,1.0,0.0,0.0,1.0,0.0,0.0,0.0,0.0,0.0,1.0
window_08_22pct::CdiqBD44XeZz6K7nWi,window_08_22pct,1783718128.606295,1,-0.3894117131293157,-0.3531585993201904,-0.6852426123739334,-0.4058558668836733,-0.6077235520265416,-0.2106673869177935,-0.17367701916991302,-0.37072068314587064,1.0,0.0,0.0,1.0,0.0,0.0,0.0,0.0,0.0,1.0
window_10_0pct::CYj4wv1jZs8uAq44Pk,window_10_0pct,1784126089.962418,0,-0.1160120793751185,0.2629399449478781,-0.000762656218825,0.1035875723371421,0.0033145812635505,-0.2481657448437911,-0.236585949384034,0.0281445015447597,1.0,0.0,0.0,1.0,0.0,0.0,0.0,0.0,0.0,1.0
window_10_0pct::CFaAkS2EauwGJu2fn7,window_10_0pct,1784124131.004407,0,-0.3046327112036481,0.0013119142969611,-0.3500768684801051,-0.1774846699915836,-0.3022044853814955,-0.2467175507746168,-0.2362070829473255,0.1007289302386213,1.0,0.0,0.0,1.0,0.0,0.0,0.0,0.0,0.0,1.0
window_10_0pct::CxmbSG3sTH1iykB08b,window_10_0pct,1784124387.5813,0,-0.2558176406888073,-0.3698493827747943,-0.7379063557416712,-0.4058558668836733,-0.684103318687803,-0.2497985998628026,-0.2370195776745862,-0.6040302242810942,1.0,0.0,0.0,0.0,1.0,0.0,0.0,0.0,0.0,1.0
window_10_0pct::CYmbIo1JvYCAN02B8a,window_10_0pct,1784125015.203547,0,-0.3190084625739766,-0.3698493827747943,-0.7379063557416712,-0.4058558668836733,-0.684103318687803,-0.2497985998628026,-0.236891923953833,-0.6040302242810942,1.0,0.0,0.0,0.0,1.0,0.0,0.0,0.0,0.0,1.0
window_10_0pct::CSW8Nz4Iku1xGtX6lb,window_10_0pct,1784124542.938723,0,0.2651456736210197,0.003189627435604,-0.3065267781598701,-0.1423506397004929,-0.276744563161075,-0.2493962801024428,-0.2370236903620746,0.0327886680241785,1.0,0.0,0.0,1.0,0.0,0.0,0.0,0.0,0.0,1.0
window_10_0pct::Cm5g4o3abtpycn2ib,window_10_0pct,1784124891.894111,0,-0.207157542210195,-0.3698493827747943,-0.7379063557416712,-0.4058558668836733,-0.684103318687803,-0.2497985998628026,-0.237057649592817,-0.6040302242810942,1.0,0.0,0.0,0.0,1.0,0.0,0.0,0.0,0.0,1.0
window_10_0pct::CSyWWlkVyT8k11T83,window_10_0pct,1784125800.270243,0,-0.3626829066438379,-0.3698493827747943,-0.7379063557416712,-0.4058558668836733,-0.684103318687803,-0.2497985998628026,-0.236454879723369,-0.6040302242810942,1.0,0.0,0.0,0.0,1.0,0.0,0.0,0.0,0.0,1.0
window_10_0pct::Cbh9Wu1vcebZGFvcW5,window_10_0pct,1784125038.548847,0,-0.3866936122875142,-0.0917392034624559,-0.5306291697638502,-0.2653197457193104,-0.4549640187040185,-0.1847453691344626,-0.2181603602953431,0.3839847550518475,1.0,0.0,0.0,1.0,0.0,0.0,0.0,0.0,0.0,1.0
window_10_0pct::CYuqU64SbGesGYzb4h,window_10_0pct,1784125448.671519,0,0.2153837012266234,0.1605002614952463,0.0012980065914495,0.0684535420460513,0.0033145812635505,-0.2491795834034635,-0.2369174648554421,-0.0756726514863736,1.0,0.0,0.0,1.0,0.0,0.0,0.0,0.0,0.0,1.0
window_10_0pct::CN5Kxi2QCC03LUcuxh,window_10_0pct,1784124209.82219,0,-0.3874662520247954,-0.3698493827747943,-0.7379063557416712,-0.4058558668836733,-0.684103318687803,-0.2497985998628026,-0.2286501309703403,-0.6040302242810942,1.0,0.0,0.0,0.0,1.0,0.0,0.0,0.0,0.0,1.0
window_10_0pct::CeUQef4zN0VMbmj7Tf,window_10_0pct,1784124759.226872,0,-0.1279402824479849,0.0997875366791244,1.3046141242238485,0.4197938449569585,1.0726313145212116,-0.248531524081563,-0.2362309209451072,-0.434700207848371,1.0,0.0,0.0,1.0,0.0,0.0,0.0,0.0,0.0,1.0
window_10_0pct::ClWPIT2I4AfrxGfcFf,window_10_0pct,1784125134.396808,0,-0.3883866687061774,-0.187085303946881,-0.4767545214457448,-0.2477527305737651,-0.429504096483598,-0.1524751251836124,-0.1902986278638543,-0.0886768893967496,1.0,0.0,0.0,1.0,0.0,0.0,0.0,0.0,0.0,1.0
window_10_0pct::Csc3pm2zjACiYHI3ud,window_10_0pct,1784125825.524017,0,-0.3850891814695101,-0.3698493827747943,-0.7379063557416712,-0.4058558668836733,-0.684103318687803,-0.2497985998628026,-0.2330262707964868,-0.6040302242810942,1.0,0.0,0.0,0.0,1.0,0.0,0.0,0.0,0.0,1.0
window_10_0pct::C5Tt4x3nVvt6c9R7xe,window_10_0pct,1784124511.210747,0,0.8871570432510426,1.0860042040530358,4.037647841149816,1.7021859505817698,3.414944158799898,-0.2489933406786922,-0.2366981012224231,-0.3795207632149354,1.0,0.0,0.0,1.0,0.0,0.0,0.0,0.0,0.0,1.0
window_10_0pct::CeHNWy4YnCtbowsdl7,window_10_0pct,1784124061.053931,0,0.3540326781688094,-0.2761723606358297,-0.5306929016033433,-0.2828867608648558,-0.4549640187040185,-0.2497096442581389,-0.2370916968524556,-0.2711306340134184,1.0,0.0,0.0,1.0,0.0,0.0,0.0,0.0,0.0,1.0
window_10_0pct::CC6fGz3q8xGXn4TXh4,window_10_0pct,1784125551.462905,0,-0.2460156834165782,-0.2738773779108216,-0.5955506702607468,-0.3355878063014919,-0.53134378536528,-0.2493269054752956,-0.2368962312666357,-0.1076121316836175,1.0,0.0,0.0,1.0,0.0,0.0,0.0,0.0,0.0,1.0
window_10_0pct::CWLu3L1wv4lBcgGPgg,window_10_0pct,1784125571.08866,0,0.3369925009169437,-0.0074507470167059,-0.0805124313710992,-0.0720825791183115,-0.0730651853977109,-0.2494463970650092,-0.2370110882642709,-0.1980643850285773,1.0,0.0,0.0,1.0,0.0,0.0,0.0,0.0,0.0,1.0
window_10_0pct::CyauY62qK4t3zuYMud,window_10_0pct,1784125171.772696,0,-0.3894861300243042,-0.1891716518787065,1.1531235417489236,0.4373608601025039,0.9453317034191092,0.3127690785954379,0.8589136992068216,-0.5336672789531058,1.0,0.0,0.0,1.0,0.0,0.0,0.0,0.0,0.0,1.0
window_10_0pct::CPEF364OlMQE1x7MC4,window_10_0pct,1784124105.370327,0,0.1965456583357535,0.2781702848502043,0.0988077210157805,0.0333195117549606,0.079694347924812,-0.2490179368226156,-0.2369259048207124,-0.0336785225077644,1.0,0.0,0.0,1.0,0.0,0.0,0.0,0.0,0.0,1.0
window_10_0pct::C28Bmf1ngVqG8pSZH1,window_10_0pct,1784125847.373823,0,0.1131886158486553,0.3739336549209944,0.1967635583165628,0.1562886177737781,0.181534036806494,-0.2487540529606946,-0.236820153739853,-0.0179989515287137,1.0,0.0,0.0,1.0,0.0,0.0,0.0,0.0,0.0,1.0
window_10_0pct::C4mvBS2whDSbLKTMKi,window_10_0pct,1784124903.533506,0,0.3056578106494855,-0.0856887944601619,-0.3103931764224471,-0.1247836245549475,-0.2512846409406545,-0.2495099893921686,-0.2370248964583704,-0.1145497052345644,1.0,0.0,0.0,1.0,0.0,0.0,0.0,0.0,0.0,1.0
window_10_0pct::COCK0Q2F155RdWyIPe,window_10_0pct,1784125949.420475,0,1.6393124172959133,0.7886996237679028,-0.01890498652784,0.7887011630134111,0.232453881247335,-0.2493953338694741,-0.2369927509944489,0.5825975704255417,1.0,0.0,0.0,1.0,0.0,0.0,0.0,0.0,0.0,1.0
window_10_0pct::Cma06J3xBpk7Eiozl4,window_10_0pct,1784125777.567591,0,-0.3876283230762538,-0.2765896302221947,-0.5573540544579261,-0.3180207911559465,-0.5058838631448596,-0.2182028150682687,-0.2165207501654673,-0.2236807758680597,1.0,0.0,0.0,1.0,0.0,0.0,0.0,0.0,0.0,1.0
window_10_0pct::CYD3980dOgXUXJwq1,window_10_0pct,1784124306.77223,0,-0.3886458308005164,-0.1895889214650716,-0.4767545214457448,-0.2477527305737651,-0.429504096483598,-0.1304961385578367,-0.1789172963830107,-0.0957365241211927,1.0,0.0,0.0,1.0,0.0,0.0,0.0,0.0,0.0,1.0
window_10_0pct::CRK8WG1HNJUwioPhI2,window_10_0pct,1784125630.696472,0,-0.149776799918998,0.085183101156346,0.3875129539191921,0.1211545874826874,0.3597534923494376,-0.2484591965398856,-0.2364849009364988,-0.3062728694725244,1.0,0.0,0.0,1.0,0.0,0.0,0.0,0.0,0.0,1.0
window_10_0pct::C3cEdI1L5gFzLwqq57,window_10_0pct,1784125974.811777,0,0.2275662838993582,-0.0950773601533767,1.416633454106092,0.4373608601025039,1.1744710034028936,-0.2494842194295244,-0.2367596432927174,-0.5101105966343995,1.0,0.0,0.0,1.0,0.0,0.0,0.0,0.0,0.0,1.0
window_10_0pct::CJOXmk3lrJG2Luthf4,window_10_0pct,1784125633.581978,0,-0.3893114942496495,-0.3698493827747943,-0.7379063557416712,-0.4058558668836733,-0.684103318687803,-0.2497985998628026,-0.1895251551306205,-0.6040302242810942,1.0,0.0,0.0,0.0,1.0,0.0,0.0,0.0,0.0,1.0
window_10_0pct::CYbLsA4gJQ2eZ0efcf,window_10_0pct,1784124393.296109,0,-0.0380946653143131,-0.27784143898129,-0.5573540544579261,-0.3004537760104012,-0.5058838631448596,-0.2496137928126435,-0.2370264345696665,-0.2287861375917246,1.0,0.0,0.0,1.0,0.0,0.0,0.0,0.0,0.0,1.0
window_10_0pct::Cc1nfD31hJct7UDya2,window_10_0pct,1784125623.059966,0,0.0980072490146621,-0.3698493827747943,-0.7379063557416712,-0.3882888517381279,-0.6586433964673826,-0.2497985998628026,-0.2371133947546891,-0.6040302242810942,1.0,0.0,0.0,0.0,1.0,0.0,0.0,0.0,0.0,1.0
window_10_0pct::CzfyEF3BQ7QZvwT8a8,window_10_0pct,1784125186.167624,0,0.0394962794476052,0.3770631768187327,0.0358831514896654,0.0860205571915967,0.0542344257043915,-0.24856956168831,-0.2368059483504726,0.1068192712628211,1.0,0.0,0.0,1.0,0.0,0.0,0.0,0.0,0.0,1.0
window_10_0pct::CgM21e1cK5vlMRqwMh,window_10_0pct,1784125605.881858,0,0.0723630439537773,-0.0084939209826186,-0.3864677488306234,-0.1599176548460383,-0.327664407601916,-0.2492462860815272,-0.236976162269192,0.1531540046014267,1.0,0.0,0.0,1.0,0.0,0.0,0.0,0.0,0.0,1.0
window_10_0pct::CXH9922mIDVxjm3cob,window_10_0pct,1784124097.367224,0,-0.3897120281615662,-0.3631730693929528,-0.7368866463097827,-0.4585569123203094,-0.7095632409082235,4.827183920115194,4.910809554712181,4.119297628905474,0.0,1.0,1.0,0.0,0.0,0.0,0.0,0.0,0.0,1.0
window_10_0pct::CUzR6TxEM2qITpe65,window_10_0pct,1784125477.508968,0,0.257221037582315,0.2616881361887828,1.867472486679764,0.5778969812668668,1.5818297589296215,-0.2491091481524144,-0.2367189819416292,-0.4255182348198495,1.0,0.0,0.0,1.0,0.0,0.0,0.0,0.0,0.0,1.0
window_10_0pct::CO9kin2OETsv054ic4,window_10_0pct,1784125471.137602,0,-0.3897120068111444,-0.3631730693929528,-0.7368866463097827,-0.4585569123203094,-0.7095632409082235,4.713094425284227,4.795124791460313,4.119297628905474,0.0,1.0,1.0,0.0,0.0,0.0,0.0,0.0,0.0,1.0
window_05_12pct::Cl3Kq93LgLbkFJ5pf2,window_05_12pct,1783707881.94136,1,-0.0710838424635543,-0.32603607620645897,-0.7379063557416712,-0.35315482144703725,-0.6077235520265416,-0.24970148510235868,-0.23705737247285896,1518.2410825660247,1.0,0.0,0.0,1.0,0.0,0.0,0.0,1.0,0.0,0.0
window_10_0pct::C0UbwoShHGyL0iI66,window_10_0pct,1784125414.024352,0,-0.0602442546945688,-0.0047384947053328,-0.3867439201350932,-0.1774846699915836,-0.327664407601916,-0.2490159359883118,-0.2369157114188469,0.1616247637163579,1.0,0.0,0.0,1.0,0.0,0.0,0.0,0.0,0.0,1.0
window_10_0pct::CuN6avYmL14NJt4a6,window_10_0pct,1784125997.911239,0,-0.3340780065740859,-0.3698493827747943,-0.7379063557416712,-0.4058558668836733,-0.684103318687803,-0.2497985998628026,-0.2368186588338312,-0.6040302242810942,1.0,0.0,0.0,0.0,1.0,0.0,0.0,0.0,0.0,1.0
window_05_12pct::ClzDkO2uZYkKWKXEh8,window_05_12pct,1783707880.688362,1,-0.389712882178436,-0.36984938277479434,-0.7379063557416712,-0.4585569123203094,-0.7095632409082235,-0.24979859986280267,63.744774865661626,-0.6040302242810942,1.0,0.0,0.0,0.0,1.0,0.0,1.0,0.0,0.0,0.0
window_10_0pct::CEcHjK21M2ViWDmzTh,window_10_0pct,1784125997.908668,0,-0.3340501335984991,-0.1883371127059763,-0.4752249572979122,-0.2477527305737651,-0.429504096483598,-0.2474955389374462,-0.2360457781490409,-0.0951867563515308,1.0,0.0,0.0,1.0,0.0,0.0,0.0,0.0,0.0,1.0
window_10_0pct::C7l4991B79sCKwneBg,window_10_0pct,1784124197.500971,0,-0.3279897523352115,0.0098659408174456,-0.1978002599847663,-0.0720825791183115,-0.1494449520589724,-0.2454537544694884,-0.2353808056701727,-0.0862986879645036,1.0,0.0,0.0,1.0,0.0,0.0,0.0,0.0,0.0,1.0
window_10_0pct::CCDzmA45fYtCzIRc03,window_10_0pct,1784124634.956718,0,0.1860564736884299,0.3547392539481999,0.5181844688263949,0.2089896632104142,0.4615931812311196,-0.2489097926194644,-0.2368385570199273,-0.1792094096544946,1.0,0.0,0.0,1.0,0.0,0.0,0.0,0.0,0.0,1.0
window_10_0pct::Ci8pggJjnhHqDwZGf,window_10_0pct,1784125430.543447,0,-0.3880765751807681,-0.1067609085715994,-0.5306291697638502,-0.2301857154282197,-0.4549640187040185,-0.1362499770663292,-0.1962575129849463,0.3306186046302633,1.0,0.0,0.0,1.0,0.0,0.0,0.0,0.0,0.0,1.0
window_10_0pct::C9yN9oa4aGS9ikRBi,window_10_0pct,1784125983.925293,0,-0.0739338248604682,-0.2811795956722108,-0.5815509095187786,-0.3180207911559465,-0.5058838631448596,-0.2496002842490407,-0.2370261429092027,-0.1864438631268256,1.0,0.0,0.0,1.0,0.0,0.0,0.0,0.0,0.0,1.0
window_10_0pct::C3h6qMpu2FoEsJU0f,window_10_0pct,1784125578.608115,0,-0.3890453612426112,-0.0103716341212616,-0.3500768684801051,-0.1774846699915836,-0.3022044853814955,0.1304986425333096,-0.1154128771464907,0.0785442688259715,1.0,0.0,0.0,1.0,0.0,0.0,0.0,0.0,0.0,1.0
window_10_0pct::CWjCzUWvIagdkeFKe,window_10_0pct,1784125955.671507,0,0.3471373886632244,-0.1883371127059763,-0.4682781867931723,-0.195051685137129,-0.378584252042757,-0.2496246230517404,-0.2370585920147133,-0.108295699392023,1.0,0.0,0.0,1.0,0.0,0.0,0.0,0.0,0.0,1.0
window_10_0pct::ChjJIa4pIzrknPSvD8,window_10_0pct,1784124139.934142,0,-0.3884158760831231,-0.1895889214650716,-0.4767545214457448,-0.2653197457193104,-0.429504096483598,-0.1516468358103573,-0.1929294404545208,-0.0957365241211927,1.0,0.0,0.0,1.0,0.0,0.0,0.0,0.0,0.0,1.0
window_10_0pct::CiUUIe4zkKdBXYt2hg,window_10_0pct,1784124126.760469,0,-0.1073992765427626,-0.188963017085524,-0.4627547607037766,-0.2477527305737651,-0.4040441742631775,-0.2493460790288823,-0.2369422475117042,-0.1199214821293606,1.0,0.0,0.0,1.0,0.0,0.0,0.0,0.0,0.0,1.0
window_10_0pct::Cj86fC3pL3odG07rP4,window_10_0pct,1784124370.807606,0,0.168106907248013,0.2858897721979586,-0.0722272922370057,0.050886526900506,-0.0730651853977109,-0.2489683633858513,-0.2369052761962148,0.1213989473243513,1.0,0.0,0.0,1.0,0.0,0.0,0.0,0.0,0.0,1.0
window_10_0pct::ClJvSj4cup9eZlibS2,window_10_0pct,1784124491.815797,0,-0.3889699515530115,-0.2790932477403853,-0.5306929016033433,-0.2828867608648558,-0.480423940924439,-0.1635308004289909,-0.1663788124868711,-0.2815105766943704,1.0,0.0,0.0,1.0,0.0,0.0,0.0,0.0,0.0,1.0
window_10_0pct::CTJdDF3nJVsirAwvRh,window_10_0pct,1784125665.532839,0,-0.3886488839108258,-0.0103716341212616,-0.3967498189354985,-0.1774846699915836,-0.3531243298223365,-0.0112014445739629,-0.1607771803460945,0.1719201194708172,1.0,0.0,0.0,1.0,0.0,0.0,0.0,0.0,0.0,1.0
window_10_0pct::CZaPQH1TKjomBj1Ovd,window_10_0pct,1784124375.894957,0,-0.3879291932194696,-0.3698493827747943,-0.7379063557416712,-0.4058558668836733,-0.684103318687803,-0.2497985998628026,-0.2264409343970209,-0.6040302242810942,1.0,0.0,0.0,0.0,1.0,0.0,0.0,0.0,0.0,1.0
window_10_0pct::Cg79Z32BYBAYlTrNfh,window_10_0pct,1784124657.84771,0,0.0478620472251727,0.0163336194061046,1.4029098646685936,0.49006190553914,1.1490110811824732,-0.2491752881064997,-0.2365614548307289,-0.4711831131226578,1.0,0.0,0.0,1.0,0.0,0.0,0.0,0.0,0.0,1.0
window_10_0pct::CHNyKkUz2Kf3Rj8D2,window_10_0pct,1784125100.95702,0,-0.3869181653482063,-0.0957032645329243,-0.6512947858706477,-0.3004537760104012,-0.5568037075857005,-0.1805202798300531,-0.2200550708262331,1.7264334462932556,1.0,0.0,0.0,1.0,0.0,0.0,0.0,0.0,0.0,1.0
window_10_0pct::CyiBUh4yAiLrghGIm9,window_10_0pct,1784125188.271921,0,0.2603037822770815,0.2689903539501721,-0.1438406358806702,-0.0369485488272207,-0.0985251076181314,-0.2491044838703511,-0.236978524550387,0.1878956925305523,1.0,0.0,0.0,1.0,0.0,0.0,0.0,0.0,0.0,1.0
window_10_0pct::Cwh37x28gcys2xymw2,window_10_0pct,1784125228.098926,0,-0.3892634130998822,-0.1895889214650716,-0.4767545214457448,-0.2653197457193104,-0.429504096483598,0.0334013227091693,-0.1095358342519042,-0.0957365241211927,1.0,0.0,0.0,1.0,0.0,0.0,0.0,0.0,0.0,1.0
window_10_0pct::CTa6Me1ItUhdOLeoT,window_10_0pct,1784124511.216923,0,0.887091454755445,0.2637744841206083,0.4683036824498525,0.2265566783559596,0.4106733367902785,-0.2494481129368396,-0.2370126252782603,-0.2171793371860273,1.0,0.0,0.0,1.0,0.0,0.0,0.0,0.0,0.0,1.0
window_10_0pct::C1cvuBnpgV5SVZZ9,window_10_0pct,1784125575.162425,0,-0.3893498075814691,-0.1891716518787065,1.1531235417489236,0.3143917540836864,0.9453317034191092,0.101587079244749,0.3552977652593255,-0.5336672789531058,1.0,0.0,0.0,1.0,0.0,0.0,0.0,0.0,0.0,1.0
window_10_0pct::CrnbQl4xlHPsNrRaj,window_10_0pct,1784124139.911634,0,-0.3881755557359732,-0.0103716341212616,-0.3500768684801051,-0.1774846699915836,-0.3022044853814955,-0.0846596663573194,-0.1842943221736869,0.0785442688259715,1.0,0.0,0.0,1.0,0.0,0.0,0.0,0.0,0.0,1.0
window_10_0pct::CtUjoz3LTavN5bgiW,window_10_0pct,1784124220.130284,0,0.185576409455517,0.1861623410566999,0.8171505278881838,0.2616907086470503,0.6907324812149042,-0.2491160061688793,-0.2368133542173047,-0.3407159561578924,1.0,0.0,0.0,1.0,0.0,0.0,0.0,0.0,0.0,1.0
window_10_0pct::CsnlVjzlTIf7p3C58,window_10_0pct,1784126059.115563,0,-0.2245784508578097,-0.3698493827747943,-0.7379063557416712,-0.4058558668836733,-0.684103318687803,-0.2497985998628026,-0.2370465978662239,-0.6040302242810942,1.0,0.0,0.0,0.0,1.0,0.0,0.0,0.0,0.0,1.0
window_10_0pct::CWmYwQ3yKfrgdaECx6,window_10_0pct,1784126046.448454,0,-0.3747421692805795,-0.27784143898129,-0.5940211061129143,-0.3355878063014919,-0.53134378536528,-0.2454580440496112,-0.2346074904676078,-0.1331747863035858,1.0,0.0,0.0,1.0,0.0,0.0,0.0,0.0,0.0,1.0
window_10_0pct::Ct0sPG2nKfTYJ0tvzl,window_10_0pct,1784124516.909232,0,0.4136219080852014,0.0042328014015168,-0.0749890052817036,-0.0369485488272207,-0.0730651853977109,-0.2494697216689604,-0.2370136194692029,-0.1884676970453339,1.0,0.0,0.0,1.0,0.0,0.0,0.0,0.0,0.0,1.0
window_10_0pct::C2PSYlRgvXXH7dgXg,window_10_0pct,1784124647.722439,0,-0.1163150845605087,-0.0975809776715673,-0.2046832986500132,-0.1072166094094022,-0.2003647964998135,-0.2490952574835108,-0.2367951648597721,-0.2280078551872146,1.0,0.0,0.0,1.0,0.0,0.0,0.0,0.0,0.0,1.0
window_10_0pct::CnWkHq4yUloX2IOa4c,window_10_0pct,1784124451.004408,0,0.0772061202461222,-0.1044659258465914,-0.2313444515045961,-0.1599176548460383,-0.225824718720234,-0.2493971818119275,-0.2369780941070496,-0.2182270780073318,1.0,0.0,0.0,1.0,0.0,0.0,0.0,0.0,0.0,1.0
window_10_0pct::CAb6YN1K7TeQKYU9h5,window_10_0pct,1784126008.118118,0,0.2619006550457882,-0.001400338014412,-0.3867439201350932,-0.1599176548460383,-0.327664407601916,-0.2493992514558799,-0.2370303369342747,0.1686250378923346,1.0,0.0,0.0,1.0,0.0,0.0,0.0,0.0,0.0,1.0
window_10_0pct::Ca5IpH33AzgZmmFKHj,window_10_0pct,1784123976.019059,0,1.085002957460497,-0.0068248426371582,-0.0398515177745481,-0.0193815336816754,0.028774503483971,-0.2496247428207741,-0.2370781159558243,-0.2210504114742177,1.0,0.0,0.0,1.0,0.0,0.0,0.0,0.0,0.0,1.0
window_10_0pct::CAkEfd1ZGv2m98Ptbk,window_10_0pct,1784124191.997407,0,0.8645024630204879,0.816865320847547,0.5525146863666387,0.4197938449569585,0.5125130256719606,-0.2491303500329611,-0.2369679949247856,0.0732219285124608,1.0,0.0,0.0,1.0,0.0,0.0,0.0,0.0,0.0,1.0
window_10_0pct::CEis5B28ilBbdM0NEj,window_10_0pct,1784125290.672349,0,-0.3885308694546361,-0.0020262423939596,-0.3500768684801051,-0.1599176548460383,-0.3022044853814955,-0.030035834837577,-0.1643584861370939,0.0943904555492927,1.0,0.0,0.0,1.0,0.0,0.0,0.0,0.0,0.0,1.0
window_10_0pct::CV6IAw4g8MSVY3Cvv7,window_10_0pct,1784124104.572712,0,-0.1054864602330888,-0.0938255513942814,1.4066275553056868,0.4022268298114132,1.1490110811824732,-0.2491127221559904,-0.2363213299483118,-0.5092425175125386,1.0,0.0,0.0,1.0,0.0,0.0,0.0,0.0,0.0,1.0
window_10_0pct::CN3Xkt1MyapfRLXxwh,window_10_0pct,1784125554.850643,0,0.2001337461627778,0.3355448529754053,1.9374712903896052,0.7008660872856843,1.6327496033704627,-0.2489539875282211,-0.2366193253372942,-0.4098584851105254,1.0,0.0,0.0,1.0,0.0,0.0,0.0,0.0,0.0,1.0
window_10_0pct::Cb5ndk3u1Dn92gb7Ob,window_10_0pct,1784124054.819761,0,-0.2529860623554367,-0.1837471472559602,-0.4300815709903515,-0.2653197457193104,-0.378584252042757,-0.2488372924095309,-0.2367427870923556,-0.1588245496229475,1.0,0.0,0.0,1.0,0.0,0.0,0.0,0.0,0.0,1.0
window_10_0pct::Cnc3fq3u34eCV5LwHa,window_10_0pct,1784124154.122833,0,-0.3883625640800285,-0.1812435297377696,-0.4767545214457448,-0.2653197457193104,-0.429504096483598,-0.1511570894161875,-0.194675708774096,-0.072204408373049,1.0,0.0,0.0,1.0,0.0,0.0,0.0,0.0,0.0,1.0
window_10_0pct::CzYTaJKfWHQlJ5J7e,window_10_0pct,1784124625.785516,0,0.7533063707668044,0.7605339266882586,0.4581703199704612,0.2792577237925956,0.4106733367902785,-0.2491001474344364,-0.236982544951255,0.0919576255668692,1.0,0.0,0.0,1.0,0.0,0.0,0.0,0.0,0.0,1.0
window_10_0pct::CfGCbY3jkpB9JUHjci,window_10_0pct,1784125044.245272,0,0.9026235022665828,-0.1883371127059763,-0.4118967527883412,-0.195051685137129,-0.3022044853814955,-0.2496994036570141,-0.2371032161886117,-0.194024469122628,1.0,0.0,0.0,1.0,0.0,0.0,0.0,0.0,0.0,1.0
window_10_0pct::CSqf464Ya06jtey7y,window_10_0pct,1784125146.795883,0,0.6123718952281929,0.1029170585768627,-0.1546113167549918,-0.00181451853613,-0.1239850298385519,-0.2494653984660137,-0.2370335876643221,-0.0071527376984982,1.0,0.0,0.0,1.0,0.0,0.0,0.0,0.0,0.0,1.0
window_10_0pct::CsOMoP2J2jYgnUgki4,window_10_0pct,1784124572.371063,0,-0.3891682435949585,-0.187085303946881,-0.4767545214457448,-0.2477527305737651,-0.429504096483598,-0.0128317889400849,-0.1230567326532698,-0.0886768893967496,1.0,0.0,0.0,1.0,0.0,0.0,0.0,0.0,0.0,1.0
window_10_0pct::CZV8Vn1TJZJQNgTQv3,window_10_0pct,1784125705.421191,0,-0.3891607282465046,-0.1845816864286904,-0.4385579056429241,-0.2477527305737651,-0.4040441742631775,-0.0128547558872202,-0.1246096109994753,-0.1482719892278416,1.0,0.0,0.0,1.0,0.0,0.0,0.0,0.0,0.0,1.0
window_10_0pct::ClPrXi2GoLiNSHsuah,window_10_0pct,1784125859.036726,0,-0.3896961434477887,-0.3698493827747943,-0.7379063557416712,-0.4058558668836733,-0.684103318687803,-0.2497985998628026,0.9002942526824602,-0.6040302242810942,1.0,0.0,0.0,0.0,1.0,0.0,0.0,0.0,0.0,1.0
window_07_17pct::CfKCgZtrkD7E1NxQ8,window_07_17pct,1783715380.727579,1,-0.07795804842766715,-0.32603607620645897,-0.7379063557416712,-0.3355878063014919,-0.582263629806121,-0.24969934371870348,-0.23703972016290464,1518.2410825660247,1.0,0.0,0.0,1.0,0.0,0.0,0.0,1.0,0.0,0.0
window_10_0pct::CmYOHiQYo8sP4EUy5,window_10_0pct,1784125721.658858,0,-0.3803228279177021,-0.0074507470167059,-0.1047092864319518,-0.00181451853613,-0.0730651853977109,-0.2225414987340285,-0.2234148984055508,-0.1825514152258929,1.0,0.0,0.0,1.0,0.0,0.0,0.0,0.0,0.0,1.0
window_10_0pct::C5lrYO1eyJ9aPWkqa4,window_10_0pct,1784124696.270766,0,-0.165498855508446,-0.2765896302221947,-0.5573540544579261,-0.3180207911559465,-0.5058838631448596,-0.2495048375997895,-0.2369704938670968,-0.2236807758680597,1.0,0.0,0.0,1.0,0.0,0.0,0.0,0.0,0.0,1.0
window_10_0pct::CPZlTC413K4upuKK6k,window_10_0pct,1784124757.973779,0,0.1840793926093067,0.0856003707427111,-0.1456038834399773,-0.0545155639727661,-0.1239850298385519,-0.2492380033559209,-0.2369624291612561,-0.0377596347522229,1.0,0.0,0.0,1.0,0.0,0.0,0.0,0.0,0.0,1.0
window_10_0pct::CXPDPzbp9tLOUZIG3,window_10_0pct,1784124209.222238,0,-0.3810617553390496,-0.27784143898129,-0.5815509095187786,-0.3180207911559465,-0.5058838631448596,-0.2422873265724811,-0.2321884994894102,-0.1707229648245473,1.0,0.0,0.0,1.0,0.0,0.0,0.0,0.0,0.0,1.0
window_10_0pct::Cb2Gpe2RWTowrvytL9,window_10_0pct,1784125044.246756,0,1.5702893113781575,0.2758753021251962,1.626927280486583,0.7535671327223203,1.403610303386678,-0.2495659217758591,-0.2369916550254045,-0.402942504087605,1.0,0.0,0.0,1.0,0.0,0.0,0.0,0.0,0.0,1.0
window_10_0pct::CNlgJl228BEGQPL47k,window_10_0pct,1784125899.173597,0,-0.3891544832481445,-0.0187170258485636,-0.3500768684801051,-0.1599176548460383,-0.3022044853814955,0.1942523759314833,-0.0830627426589399,0.0626980821026501,1.0,0.0,0.0,1.0,0.0,0.0,0.0,0.0,0.0,1.0
window_10_0pct::CUlIgZ33adXsdOj6gi,window_10_0pct,1784125790.866727,0,0.5221723201276391,-0.0176738518826508,-0.2306858891631682,-0.0545155639727661,-0.174904874279393,-0.2495258380026725,-0.2370365745691641,-0.0927171753836623,1.0,0.0,0.0,1.0,0.0,0.0,0.0,0.0,0.0,1.0
window_10_0pct::C5XBMZ3JK0wcTOiSpc,window_10_0pct,1784124514.00645,0,-0.0387212254660223,0.2591845186705923,1.774785148110405,0.6481650418490482,1.4799900700479396,-0.2485328676416001,-0.2362906137858037,-0.41966718213326,1.0,0.0,0.0,1.0,0.0,0.0,0.0,0.0,0.0,1.0
window_10_0pct::Cw7kRv14MmoN3rsy5,window_10_0pct,1784125825.29188,0,-0.3393087744996685,-0.0873578728056223,1.2272861589723092,0.4549278752480493,0.99625154785995,-0.2458403473620113,-0.232135036127815,-0.4981686713217519,1.0,0.0,0.0,1.0,0.0,0.0,0.0,0.0,0.0,1.0
window_10_0pct::ChGKUv1QJpeI2lqGcc,window_10_0pct,1784124358.617181,0,-0.3482191168094483,-0.2795105173267504,1.1454757210097604,0.2265566783559596,0.9198717811986884,-0.2482609563072547,-0.2325533936253621,-0.5687058923615614,1.0,0.0,0.0,1.0,0.0,0.0,0.0,0.0,0.0,1.0
window_10_0pct::C2VK1n4u1q7Mv1USQ6,window_10_0pct,1784125148.803195,0,-0.2561047291347875,-0.3698493827747943,-0.7379063557416712,-0.4058558668836733,-0.684103318687803,-0.2497985998628026,-0.2370192707660234,-0.6040302242810942,1.0,0.0,0.0,0.0,1.0,0.0,0.0,0.0,0.0,1.0
window_10_0pct::CHhs5h4TB3pm5WGzng,window_10_0pct,1784125716.571725,0,-0.3894882116904243,-0.3698493827747943,-0.7379063557416712,-0.4058558668836733,-0.684103318687803,-0.2497985998628026,-0.1520679225728012,-0.6040302242810942,1.0,0.0,0.0,0.0,1.0,0.0,0.0,0.0,0.0,1.0
window_10_0pct::CHKD5F3ZwGC32401Yi,window_10_0pct,1784125395.534623,0,-0.1379593521589283,0.0901903361927272,0.0516461597909407,-0.00181451853613,0.079694347924812,-0.248508021733516,-0.2366496431291939,-0.1749433008194694,1.0,0.0,0.0,1.0,0.0,0.0,0.0,0.0,0.0,1.0
window_10_0pct::Cy8N7i3BRJ6kT3bj1e,window_10_0pct,1784124960.539709,0,0.2744104222565383,-0.2784673433608376,-0.5573540544579261,-0.2828867608648558,-0.480423940924439,-0.2497014198959644,-0.2370832190000264,-0.231338818453557,1.0,0.0,0.0,1.0,0.0,0.0,0.0,0.0,0.0,1.0
window_10_0pct::C4kP1g30QszclMsB09,window_10_0pct,1784125212.721066,0,-0.3893317451246737,-0.3698493827747943,-0.7379063557416712,-0.4058558668836733,-0.684103318687803,-0.2497985998628026,-0.1869945510287043,-0.6040302242810942,1.0,0.0,0.0,0.0,1.0,0.0,0.0,0.0,0.0,1.0
window_10_0pct::CuLdf4jiGtqnGSxr9,window_10_0pct,1784124196.974706,0,-0.3896046355401941,-0.1812435297377696,-0.4767545214457448,-0.2653197457193104,-0.429504096483598,0.9799199167899934,0.2924998282178848,-0.072204408373049,1.0,0.0,0.0,1.0,0.0,0.0,0.0,0.0,0.0,1.0
window_10_0pct::Cjiz4v1gBn9IQWddu,window_10_0pct,1784126008.124882,0,0.261829045731259,0.000894644710596,-0.1150550883763198,-0.00181451853613,-0.0985251076181314,-0.249396719843521,-0.2369642786297457,-0.1656836113030566,1.0,0.0,0.0,1.0,0.0,0.0,0.0,0.0,0.0,1.0
window_10_0pct::CpQ5zVl56QIpqGwc6,window_10_0pct,1784126016.487766,0,-0.3625930427187175,-0.3698493827747943,-0.7379063557416712,-0.4058558668836733,-0.684103318687803,-0.2497985998628026,-0.236457224179439,-0.6040302242810942,1.0,0.0,0.0,0.0,1.0,0.0,0.0,0.0,0.0,1.0
window_10_0pct::C6sBbq2ieHCbqeFXZf,window_10_0pct,1784125107.024054,0,-0.2447292351048178,-0.2761723606358297,-0.5306929016033433,-0.2828867608648558,-0.480423940924439,-0.2493422704082781,-0.2367996617430368,-0.2711306340134184,1.0,0.0,0.0,1.0,0.0,0.0,0.0,0.0,0.0,1.0
window_10_0pct::CCH15WxoMJUoY4Sti,window_10_0pct,1784124378.469372,0,-0.0917238395991924,-0.094451455773829,-0.2962022201619998,-0.195051685137129,-0.276744563161075,-0.2491458828501019,-0.2369056948648126,-0.1448840489695302,1.0,0.0,0.0,1.0,0.0,0.0,0.0,0.0,0.0,1.0
window_10_0pct::CwgQ2K3nMpyPeHLd7k,window_10_0pct,1784125060.409632,0,-0.3879541625376992,-0.1916752693968971,1.1531235417489236,0.4197938449569585,0.9453317034191092,-0.1782511416541509,-0.0985229052317932,-0.5346422851239325,1.0,0.0,0.0,1.0,0.0,0.0,0.0,0.0,0.0,1.0
window_10_0pct::CrkvJvQ08PXNaygF9,window_10_0pct,1784124440.705629,0,-0.0871920097550309,0.2979905902025465,0.1692951354950682,0.1035875723371421,0.130614192365653,-0.2482394723771801,-0.2366408666885169,-0.0619030945213617,1.0,0.0,0.0,1.0,0.0,0.0,0.0,0.0,0.0,1.0
window_10_0pct::C1m3Qf229B4jRyhyw9,window_10_0pct,1784124225.371027,0,-0.3866947225094449,-0.1067609085715994,-0.5306291697638502,-0.2477527305737651,-0.4549640187040185,-0.1882364854607844,-0.2165692840003989,0.3306186046302633,1.0,0.0,0.0,1.0,0.0,0.0,0.0,0.0,0.0,1.0
window_10_0pct::CDSHz02ZyRrvr9wqt4,window_10_0pct,1784124605.357692,0,-0.0052550585445994,-0.1697686161127294,-0.660174755506676,-0.3355878063014919,-0.582263629806121,-0.2494310458025319,-0.2370629214489876,1.2910679583443323,1.0,0.0,0.0,1.0,0.0,0.0,0.0,0.0,0.0,1.0
window_10_0pct::C7sPNu4X8kcf1yNfTd,window_10_0pct,1784124161.390795,0,0.3662206091221911,0.4853446344804759,1.1242105305655872,0.4022268298114132,0.9707916256395296,-0.2489996018606102,-0.2368461689317481,-0.2658132362882617,1.0,0.0,0.0,1.0,0.0,0.0,0.0,0.0,0.0,1.0
window_10_0pct::CZTRdb3q3YLW8I36r5,window_10_0pct,1784123915.492916,0,1.1849815915059596,0.4450781193962438,1.3085654982724162,0.5076289206846853,1.1744710034028936,-0.2494330999143824,-0.2369923807646033,-0.3107712258288537,1.0,0.0,0.0,1.0,0.0,0.0,0.0,0.0,0.0,1.0
window_10_0pct::CCRTbf2yl1eSZnpRF3,window_10_0pct,1784124193.11878,0,-0.3568482420392274,-0.0024435119803247,-0.1398467739391072,-0.0896495942638568,-0.1239850298385519,-0.2419030770573722,-0.2339618593755162,-0.1516236899823341,1.0,0.0,0.0,1.0,0.0,0.0,0.0,0.0,0.0,1.0
window_10_0pct::CJ0Gto34Jk92ar0gBf,window_10_0pct,1784124768.409884,0,-0.3892785932497421,-0.3698493827747943,-0.7379063557416712,-0.4058558668836733,-0.684103318687803,-0.2497985998628026,-0.1931334526924868,-0.6040302242810942,1.0,0.0,0.0,0.0,1.0,0.0,0.0,0.0,0.0,1.0
window_10_0pct::CUGTMF1tqFwX7owht2,window_10_0pct,1784125598.733217,0,-0.3887545791736693,-0.279719152119933,-0.5573540544579261,-0.3180207911559465,-0.5058838631448596,-0.1833786661420515,-0.1922633050194386,-0.2364441801772219,1.0,0.0,0.0,1.0,0.0,0.0,0.0,0.0,0.0,1.0
window_10_0pct::CGvKOF36LVkxQGdMg1,window_10_0pct,1784125384.487244,0,-0.3875211973351535,-0.0032780511530549,-0.2236966307654329,-0.1247836245549475,-0.2003647964998135,-0.1316767458184112,-0.1935340415117178,-0.0790500219753756,1.0,0.0,0.0,1.0,0.0,0.0,0.0,0.0,0.0,1.0
window_10_0pct::CujQuiIVkcKq2DHKc,window_10_0pct,1784124910.065733,0,-0.389239991687229,-0.1900061910514367,1.1531235417489236,0.296824738938141,0.9453317034191092,0.0187540656823036,0.2076279450634093,-0.5339922810100481,1.0,0.0,0.0,1.0,0.0,0.0,0.0,0.0,0.0,1.0
window_10_0pct::C2T2f22vzX7v6wvmG9,window_10_0pct,1784125893.20026,0,0.9475769540262268,0.2618967709819654,0.0925195128524686,0.0684535420460513,0.130614192365653,-0.2494649571008334,-0.23705157727017,-0.0437912944179244,1.0,0.0,0.0,1.0,0.0,0.0,0.0,0.0,0.0,1.0
window_10_0pct::CUlAohDDUie0CMTy1,window_10_0pct,1784125212.911044,0,-0.2661073590209881,-0.1858334951877857,-0.4682781867931723,-0.2301857154282197,-0.4040441742631775,-0.2487471662649186,-0.2366208809143443,-0.1014579818073461,1.0,0.0,0.0,1.0,0.0,0.0,0.0,0.0,0.0,1.0
window_10_0pct::CFOdeU2VMtOLjdaSXg,window_10_0pct,1784124622.547867,0,-0.3897119534350901,-0.3631730693929528,-0.7368866463097827,-0.4585569123203094,-0.7095632409082235,4.449110753733854,4.527449940319026,4.119297628905474,0.0,1.0,1.0,0.0,0.0,0.0,0.0,0.0,0.0,1.0
window_10_0pct::COfIMk3LR2LIisz9Gl,window_10_0pct,1784126087.466153,0,-0.1500284253144614,-0.2790932477403853,-0.5815509095187786,-0.3180207911559465,-0.5058838631448596,-0.2495311756938307,-0.2369828810873065,-0.1766183016879016,1.0,0.0,0.0,1.0,0.0,0.0,0.0,0.0,0.0,1.0
window_10_0pct::C4qYqGubt9qgYCCb8,window_10_0pct,1784125282.021474,0,-0.3828477287931426,-0.2788846129472028,-0.5573540544579261,-0.3180207911559465,-0.5058838631448596,-0.2404406024213178,-0.2308945480018569,-0.2330406056947786,1.0,0.0,0.0,1.0,0.0,0.0,0.0,0.0,0.0,1.0
window_10_0pct::C1ZCtNUDh6rJdJ7Ka,window_10_0pct,1784125861.708833,0,-0.0398405960524253,-0.0923651078420035,-0.451729152471483,-0.2126187002826743,-0.4040441742631775,-0.2492384639598721,-0.2369574290410445,0.1099953384419809,1.0,0.0,0.0,1.0,0.0,0.0,0.0,0.0,0.0,1.0
window_10_0pct::CTU3bq1cg117hNkmni,window_10_0pct,1784124688.315485,0,0.9368214442180688,0.4498767196394425,1.0067739943264362,0.4549278752480493,0.894411858978268,-0.2493621695406022,-0.2369713854214471,-0.2580189393111197,1.0,0.0,0.0,1.0,0.0,0.0,0.0,0.0,0.0,1.0
window_10_0pct::Caz1eA22DnEfLgArP1,window_10_0pct,1784124440.695473,0,0.0482794372950562,-0.1799917209786743,-0.4391952240378543,-0.2301857154282197,-0.378584252042757,-0.2494924555272085,-0.2370095853651874,-0.135984273817102,1.0,0.0,0.0,1.0,0.0,0.0,0.0,0.0,0.0,1.0
window_10_0pct::Ced1tfS3dVIy8hXD,window_10_0pct,1784123939.370312,0,0.3411039943330213,-0.0982068820511149,-0.2822024594200316,-0.1774846699915836,-0.2512846409406545,-0.2495360850724497,-0.237051192734337,-0.1650576483301388,1.0,0.0,0.0,1.0,0.0,0.0,0.0,0.0,0.0,1.0
window_10_0pct::CQJu6IylI5zHuDXd1,window_10_0pct,1784124236.323007,0,-0.0687349224393384,-0.3698493827747943,-0.7379063557416712,-0.4058558668836733,-0.684103318687803,-0.2497985998628026,-0.2371028277915887,-0.6040302242810942,1.0,0.0,0.0,0.0,1.0,0.0,0.0,0.0,0.0,1.0
window_10_0pct::CnnsTO1YeyzQsO75B9,window_10_0pct,1784124722.256201,0,-0.3593673355999535,-0.007868016603071,-0.394944083483196,-0.1774846699915836,-0.3531243298223365,-0.2413738919950959,-0.2344839523956836,0.1732106348058059,1.0,0.0,0.0,1.0,0.0,0.0,0.0,0.0,0.0,1.0
window_10_0pct::CVzzsqMxJpvrvpScj,window_10_0pct,1784125377.441666,0,-0.2632070750304454,0.1168955897200935,-0.2103129444718972,-0.0720825791183115,-0.174904874279393,-0.2470811882603498,-0.2362931513762216,0.0753724953002706,1.0,0.0,0.0,1.0,0.0,0.0,0.0,0.0,0.0,1.0
window_10_0pct::COxbc8JYhKp0PxoD7,window_10_0pct,1784124904.794127,0,-0.2154016232590328,-0.0825592725624237,0.8265191082936587,0.1914226480648689,0.6907324812149042,-0.2486345817999363,-0.2361201169042052,-0.4687910349266594,1.0,0.0,0.0,1.0,0.0,0.0,0.0,0.0,0.0,1.0
window_10_0pct::CI2VYGjR7AyaloLTk,window_10_0pct,1784125578.630602,0,-0.3892852866069589,-0.1916752693968971,1.1531235417489236,0.2441236935015049,0.9453317034191092,0.0444403666682345,0.2211975320467807,-0.5346422851239325,1.0,0.0,0.0,1.0,0.0,0.0,0.0,0.0,0.0,1.0
window_10_0pct::CIP1mx291vVCvaUnza,window_10_0pct,1784125605.898001,0,0.0721906072725622,0.0046500709878819,1.40276115704311,0.5076289206846853,1.1490110811824732,-0.2492259824577438,-0.2365827563098205,-0.4751933092546518,1.0,0.0,0.0,1.0,0.0,0.0,0.0,0.0,0.0,1.0
window_10_0pct::CuEeOy2d4LWtzCahqi,window_10_0pct,1784125303.403221,0,-0.3855614421232756,0.0019378186765087,-0.1931265917552777,-0.0720825791183115,-0.1494449520589724,-0.1865497669574253,-0.210674167982332,-0.1014571819183715,1.0,0.0,0.0,1.0,0.0,0.0,0.0,0.0,0.0,1.0
window_10_0pct::CUw6Kq4vt6B3TjSgUd,window_10_0pct,1784124335.688611,0,-0.3012823069466885,0.794124128390649,1.2905931195353826,0.5603299661213215,1.1235511589620526,-0.2405024107636405,-0.2339724805105782,-0.1814527862026564,1.0,0.0,0.0,1.0,0.0,0.0,0.0,0.0,0.0,1.0
window_10_0pct::CKNCH15MPn8sQqrsj,window_10_0pct,1784124514.006588,0,-0.0387226025682247,-0.0099543645348965,1.548983240786611,0.5076289206846853,1.2763106922845755,-0.2490744218700846,-0.2363995853191527,-0.4881340077255338,1.0,0.0,0.0,1.0,0.0,0.0,0.0,0.0,0.0,1.0
window_10_0pct::ChcAzWSOTDHkDo3Td,window_10_0pct,1784124973.52544,0,0.0083676527756087,0.21808346441363,-0.0684883576534148,-0.00181451853613,-0.0476052631772904,-0.248755510852136,-0.2368381266624521,0.0427536959553511,1.0,0.0,0.0,1.0,0.0,0.0,0.0,0.0,0.0,1.0
window_10_0pct::CNG81Gj7yK14GgTa8,window_10_0pct,1784124592.379576,0,0.0980129922781112,-0.180617625358222,-0.4610764889304602,-0.2477527305737651,-0.4040441742631775,-0.2495245795047428,-0.2370349718694358,-0.1006566539849706,1.0,0.0,0.0,1.0,0.0,0.0,0.0,0.0,0.0,1.0
window_10_0pct::CzqdQx1nWdm8dJHzc8,window_10_0pct,1784124722.259631,0,-0.359403812795503,-0.1883371127059763,-0.4667486226453396,-0.2477527305737651,-0.4040441742631775,-0.2455690223831726,-0.2351117126563262,-0.1110918518238298,1.0,0.0,0.0,1.0,0.0,0.0,0.0,0.0,0.0,1.0
window_10_0pct::CVLhaz1IB3x0ErAX0l,window_10_0pct,1784124225.180188,0,-0.3881796870425806,-0.2818055000517585,-0.5573540544579261,-0.3355878063014919,-0.5058838631448596,-0.2092435204049476,-0.2122162745536326,-0.24495311638333,1.0,0.0,0.0,1.0,0.0,0.0,0.0,0.0,0.0,1.0
window_10_0pct::CcCeKWLZFRyrDU9ga,window_10_0pct,1784125944.894911,0,-0.0769790568642306,-0.2770068998085598,-0.5955506702607468,-0.3180207911559465,-0.53134378536528,-0.2495889297855936,-0.2370248160146978,-0.1237996781813613,1.0,0.0,0.0,1.0,0.0,0.0,0.0,0.0,0.0,1.0
window_10_0pct::CVg1Z44g4ms8x3New6,window_10_0pct,1784125167.375884,0,-0.1261562945831142,-0.3698493827747943,-0.7379063557416712,-0.4058558668836733,-0.684103318687803,-0.2497985998628026,-0.2370898465529567,-0.6040302242810942,1.0,0.0,0.0,0.0,1.0,0.0,0.0,0.0,0.0,1.0
window_10_0pct::CeANBJX6usASsWZ5b,window_10_0pct,1784125044.247089,0,0.2579481688956489,-0.3698493827747943,-0.7379063557416712,-0.3882888517381279,-0.6331834742469621,-0.2497985998628026,-0.2371254991445537,-0.6040302242810942,1.0,0.0,0.0,0.0,1.0,0.0,0.0,0.0,0.0,1.0
window_10_0pct::C4RFmDJWhTjcBGEt8,window_10_0pct,1784125405.010233,0,-0.1369911318832616,0.447790371707617,0.850142376799074,0.4373608601025039,0.7671122478761656,-0.2475136118854043,-0.2361786424691383,-0.2248593057619891,1.0,0.0,0.0,1.0,0.0,0.0,0.0,0.0,0.0,1.0
window_10_0pct::CGRY77Qh1GD5zyXYf,window_10_0pct,1784124646.042181,0,-0.3892215128972097,-0.3698493827747943,-0.7379063557416712,-0.4058558668836733,-0.684103318687803,-0.2497985998628026,-0.1982473382320933,-0.6040302242810942,1.0,0.0,0.0,0.0,1.0,0.0,0.0,0.0,0.0,1.0
window_10_0pct::CLvMVGWY6coRV7pp8,window_10_0pct,1784124288.751743,0,0.2441447476057999,0.6386912074696498,0.349018922865404,0.2441236935015049,0.334293570129017,-0.2486748587306919,-0.2368531498392578,0.0792956425669034,1.0,0.0,0.0,1.0,0.0,0.0,0.0,0.0,0.0,1.0
window_10_0pct::C85Zwegukd9YHzQAd,window_10_0pct,1784124234.294515,0,-0.3893207923583191,-0.1791571818059441,-0.4767545214457448,-0.2653197457193104,-0.429504096483598,0.0936243163702609,-0.0908622485424106,-0.0663213794360132,1.0,0.0,0.0,1.0,0.0,0.0,0.0,0.0,0.0,1.0
window_10_0pct::CAWIEIiT3tNPUeYs1,window_10_0pct,1784124386.045556,0,0.1184593731141644,-0.3698493827747943,-0.7379063557416712,-0.3882888517381279,-0.6586433964673826,-0.2497985998628026,-0.2371153674433553,-0.6040302242810942,1.0,0.0,0.0,0.0,1.0,0.0,0.0,0.0,0.0,1.0
window_10_0pct::CdQx2S34Q4X7mw8Gu8,window_10_0pct,1784126080.223623,0,2.2964322603135368,0.3831135858210266,1.988499249877022,0.9116702690322286,1.7345892922521446,-0.2496006255703637,-0.2370217956949918,-0.40064358302109,1.0,0.0,0.0,1.0,0.0,0.0,0.0,0.0,0.0,1.0
window_10_0pct::C5wkud1MaZizKVlCZ,window_10_0pct,1784124181.690022,0,0.3608957712384046,-0.0819333681828761,-0.2555413065654486,-0.0896495942638568,-0.225824718720234,-0.2495276949497775,-0.2370222768218357,-0.1644749254849139,1.0,0.0,0.0,1.0,0.0,0.0,0.0,0.0,0.0,1.0
window_10_0pct::CZFlf12uz5N6ijz5ri,window_10_0pct,1784125411.867247,0,-0.3349295254445001,0.0038155318151517,-0.3849381846827908,-0.1774846699915836,-0.327664407601916,-0.2449813656816818,-0.2356787595955706,0.1755544551464906,1.0,0.0,0.0,1.0,0.0,0.0,0.0,0.0,0.0,1.0
window_10_0pct::CcUPHN24JiMZ82NBdh,window_10_0pct,1784124071.463908,0,-0.3892645660226563,-0.3698493827747943,-0.7379063557416712,-0.4058558668836733,-0.684103318687803,-0.2497985998628026,-0.1945108316867653,-0.6040302242810942,1.0,0.0,0.0,0.0,1.0,0.0,0.0,0.0,0.0,1.0
window_10_0pct::CGBaEs43aqzpTArEz7,window_10_0pct,1784124504.561998,0,0.0727741356492463,-0.0938255513942814,-0.3243929371644153,-0.1423506397004929,-0.276744563161075,-0.249377086222982,-0.2369659899208413,-0.1124693380908688,1.0,0.0,0.0,1.0,0.0,0.0,0.0,0.0,0.0,1.0
window_10_0pct::CXoBst4O0iYz2FpW3l,window_10_0pct,1784125457.228664,0,0.2517648946048031,0.4966109133123335,0.3771671519748241,0.2089896632104142,0.334293570129017,-0.2488446365563857,-0.2368717302115033,-0.0317884590996864,1.0,0.0,0.0,1.0,0.0,0.0,0.0,0.0,0.0,1.0
window_10_0pct::CNGnLJ37LPMv3SQfB1,window_10_0pct,1784124131.586428,0,0.0033939439278233,-0.3698493827747943,-0.7379063557416712,-0.4058558668836733,-0.684103318687803,-0.2497985998628026,-0.2371137601787923,-0.6040302242810942,1.0,0.0,0.0,0.0,1.0,0.0,0.0,0.0,0.0,1.0
window_10_0pct::C8Zsfj2Vc5wHz8QvY6,window_10_0pct,1784124875.448914,0,0.5140104702281482,-0.1866680343605159,-0.4846360255963824,-0.2301857154282197,-0.378584252042757,-0.2496554435907609,-0.2370883430591682,-0.0714277676327241,1.0,0.0,0.0,1.0,0.0,0.0,0.0,0.0,0.0,1.0
window_10_0pct::CwrSNA2PyZBInSVQT9,window_10_0pct,1784124381.079463,0,-0.3757424899153383,0.2854725026115935,0.4292148208941294,0.1562886177737781,0.3852134145698581,-0.2166695929172984,-0.2248420480797819,-0.190532165855942,1.0,0.0,0.0,1.0,0.0,0.0,0.0,0.0,0.0,1.0
window_10_0pct::COrdrd3Fib9BRe0Fmb,window_10_0pct,1784125573.208483,0,-0.3892120439851662,-0.2767982650153773,-0.5573540544579261,-0.3004537760104012,-0.5058838631448596,-0.1186015618029851,-0.1417137897180784,-0.2245316694886705,1.0,0.0,0.0,1.0,0.0,0.0,0.0,0.0,0.0,1.0
window_10_0pct::CUk6Cp1LthNjIN1mik,window_10_0pct,1784124701.333787,0,0.3148951666939066,0.7405049865427339,3.949400487398472,1.421113708253044,3.3640243143590567,-0.2486856422376775,-0.2364295719671364,-0.4295770364819279,1.0,0.0,0.0,1.0,0.0,0.0,0.0,0.0,0.0,1.0
window_10_0pct::C1NBxwnMfmHfPzSr2,window_10_0pct,1784125394.423921,0,0.0791897452295099,0.1175214940996411,-0.2109927507598229,-0.0896495942638568,-0.174904874279393,-0.2490645230470693,-0.2369380880138019,0.0771237722859253,1.0,0.0,0.0,1.0,0.0,0.0,0.0,0.0,0.0,1.0
window_10_0pct::CHaQLh2blxnTh3nV7h,window_10_0pct,1784125322.35607,0,0.4013976280388008,0.0712045700131152,1.525997290676126,0.5251959358302307,1.301770614504996,-0.2494048511086703,-0.2368179256046105,-0.4605565035698513,1.0,0.0,0.0,1.0,0.0,0.0,0.0,0.0,0.0,1.0
window_10_0pct::CogY3x2DcFy7nimdZb,window_10_0pct,1784125404.807389,0,-0.3886970931631237,-0.1916752693968971,1.1531235417489236,0.3319587692292318,0.9453317034191092,-0.1259264098147114,-0.0206642247859703,-0.5346422851239325,1.0,0.0,0.0,1.0,0.0,0.0,0.0,0.0,0.0,1.0
window_10_0pct::CplNGx10MmnHSSpLca,window_10_0pct,1784125987.628598,0,0.2476858431545656,0.6470365991969518,1.9855675852603427,0.8941032538866832,1.6836694478113037,-0.2486718547362625,-0.2365773300002887,-0.3290583300814743,1.0,0.0,0.0,1.0,0.0,0.0,0.0,0.0,0.0,1.0
window_10_0pct::CT58B32LEsRJ28443j,window_10_0pct,1784124927.675307,0,0.8219132502126613,0.1997236026135656,0.2009486157766049,0.1387216026282328,0.2069939590269145,-0.2494665942746189,-0.2370242980404439,-0.1572605339026809,1.0,0.0,0.0,1.0,0.0,0.0,0.0,0.0,0.0,1.0
window_10_0pct::CEqgvy3Ku2jRmgrY1l,window_10_0pct,1784125431.959685,0,1.4303904700718697,0.6535042777856107,3.9768689102199666,1.5792168445629522,3.3894842365794773,-0.249401504926207,-0.2368550681589337,-0.4441828706416827,1.0,0.0,0.0,1.0,0.0,0.0,0.0,0.0,0.0,1.0
window_10_0pct::CMIYOQeVII7gVy7J5,window_10_0pct,1784126049.365759,0,0.0871909011797449,0.0885212578472668,-0.1792542946922955,0.0157524966094153,-0.1494449520589724,-0.2491197861200888,-0.2368816992204975,0.0001987253765479,1.0,0.0,0.0,1.0,0.0,0.0,0.0,0.0,0.0,1.0
window_10_0pct::CpIW5J3fTY7hLWmp61,window_10_0pct,1784124998.254738,0,0.465328007182759,-0.0051557642916979,-0.3410694351650907,-0.1774846699915836,-0.276744563161075,-0.2494973645291108,-0.2370673508543679,0.0727310526867071,1.0,0.0,0.0,1.0,0.0,0.0,0.0,0.0,0.0,1.0
window_10_0pct::CykT3z2AUwa7C8ePVe,window_10_0pct,1784126028.755745,0,-0.3886754011346319,-0.2784673433608376,-0.5573540544579261,-0.3180207911559465,-0.5058838631448596,-0.1875952081877715,-0.1956896491142848,-0.231338818453557,1.0,0.0,0.0,1.0,0.0,0.0,0.0,0.0,0.0,1.0
window_10_0pct::C0rocztM7EIyYKyod,window_10_0pct,1784124014.384722,0,0.558658899187547,0.1895004977476207,-0.0897960359905835,-0.0193815336816754,-0.0476052631772904,-0.2493820475389571,-0.2370313329699581,0.031539255980126,1.0,0.0,0.0,1.0,0.0,0.0,0.0,0.0,0.0,1.0
window_10_0pct::Cr4vEZ6t08uJiVLn6,window_10_0pct,1784125417.396751,0,-0.3892766396861525,-0.2767982650153773,-0.5573540544579261,-0.3180207911559465,-0.5058838631448596,-0.0991781600291556,-0.1385408096737578,-0.2245316694886705,1.0,0.0,0.0,1.0,0.0,0.0,0.0,0.0,0.0,1.0
window_10_0pct::Ccj2wN3Ex7ODAabeol,window_10_0pct,1784124397.686055,0,0.1036904003513665,-0.2790932477403853,-0.5940211061129143,-0.3180207911559465,-0.5058838631448596,-0.2496686910656018,-0.2370751987888188,-0.1395809827386539,1.0,0.0,0.0,1.0,0.0,0.0,0.0,0.0,0.0,1.0
window_10_0pct::C8Azv82zXhCjWSf9F1,window_10_0pct,1784126034.779493,0,0.1862934313441551,-0.0938255513942814,-0.2470649719128761,-0.0720825791183115,-0.174904874279393,-0.2494601580994306,-0.2369714983489032,-0.1899073033696891,1.0,0.0,0.0,1.0,0.0,0.0,0.0,0.0,0.0,1.0
window_10_0pct::CwbpWv4IaD7sZSPHFc,window_10_0pct,1784124167.941651,0,0.1152107676680799,-0.3698493827747943,-0.7379063557416712,-0.3882888517381279,-0.6331834742469621,-0.2497985998628026,-0.2371150647784479,-0.6040302242810942,1.0,0.0,0.0,0.0,1.0,0.0,0.0,0.0,0.0,1.0
window_10_0pct::C4UsUw3XDc2v3kzpx7,window_10_0pct,1784125818.31732,0,-0.389711878708614,-0.3631730693929528,-0.7368866463097827,-0.4585569123203094,-0.7095632409082235,4.123443768831115,4.197229282376408,4.119297628905474,0.0,1.0,1.0,0.0,0.0,0.0,0.0,0.0,0.0,1.0
window_10_0pct::CY6qtOapMExrLewI4,window_10_0pct,1784124425.192914,0,-0.3889247633853904,-0.1937616173287226,-0.4767545214457448,-0.2653197457193104,-0.429504096483598,-0.0920153155370921,-0.1643709760880047,-0.1075025819952644,1.0,0.0,0.0,1.0,0.0,0.0,0.0,0.0,0.0,1.0
window_10_0pct::CV5T6qWseKIkXEBPj,window_10_0pct,1784125893.194965,0,0.9476309172171844,0.2631485797410607,0.0028063267927844,0.050886526900506,0.079694347924812,-0.24946430947522,-0.2370551568473357,0.0253060032608445,1.0,0.0,0.0,1.0,0.0,0.0,0.0,0.0,0.0,1.0
window_10_0pct::CePqTR2Bfw0UeEptt1,window_10_0pct,1784125423.239208,0,-0.1274378963491387,0.0864349099154413,-0.2591952653630489,-0.0720825791183115,-0.2003647964998135,-0.2485699074059337,-0.2367431313651871,0.097886215050823,1.0,0.0,0.0,1.0,0.0,0.0,0.0,0.0,0.0,1.0
window_10_0pct::Cmn6A94KSUpJr5nXDh,window_10_0pct,1784124063.627764,0,-0.3143842601301398,-0.1044659258465914,-0.325922501312248,-0.1599176548460383,-0.276744563161075,-0.2473104412474107,-0.2360199422723183,-0.1296638312706716,1.0,0.0,0.0,1.0,0.0,0.0,0.0,0.0,0.0,1.0
window_10_0pct::C4Xfk8dylrT3Oc9N4,window_10_0pct,1784125794.570242,0,-0.3018344822290416,0.3217749566253571,-0.2717716816896728,-0.0193815336816754,-0.225824718720234,-0.2442401661917406,-0.2357478455893321,0.4886214183731124,1.0,0.0,0.0,1.0,0.0,0.0,0.0,0.0,0.0,1.0
window_10_0pct::ChaSVI3EbCmSuqRKA1,window_10_0pct,1784124167.548061,0,0.3843216781553031,0.0048587057810644,-0.182037251683491,-0.0720825791183115,-0.1494449520589724,-0.2494567012464503,-0.2370203409937118,-0.1076132864492942,1.0,0.0,0.0,1.0,0.0,0.0,0.0,0.0,0.0,1.0
window_10_0pct::CqnoreI9CRnwvyxwg,window_10_0pct,1784124737.626604,0,-0.1043098384907793,-0.2790932477403853,-0.6034321744113845,-0.3180207911559465,-0.53134378536528,-0.2495740142414816,-0.2370116397359166,-0.1070820072208367,1.0,0.0,0.0,1.0,0.0,0.0,0.0,0.0,0.0,1.0
window_10_0pct::CsRnJw2ZH6HEgHxW22,window_10_0pct,1784125420.480148,0,-0.3132197761025918,-0.1731067728036502,-0.6604934147041412,-0.3180207911559465,-0.582263629806121,-0.2479820790537341,-0.2365998722387934,1.2671186964338552,1.0,0.0,0.0,1.0,0.0,0.0,0.0,0.0,0.0,1.0
window_10_0pct::CEj7w8xxCI50qJ5j9,window_10_0pct,1784125848.780939,0,2.7137024689293634,0.0363625595516294,-0.483680048003987,0.0157524966094153,-0.3531243298223365,-0.2497061561367234,-0.2371192729892679,0.5725961104697992,1.0,0.0,0.0,1.0,0.0,0.0,0.0,0.0,0.0,1.0
window_10_0pct::CavpMPA9TWWcybwg,window_10_0pct,1784125069.061433,0,-0.3835542142486501,-0.279719152119933,-0.6106338722740966,-0.3355878063014919,-0.53134378536528,-0.239462823724492,-0.2309518634947573,-0.0825880722645864,1.0,0.0,0.0,1.0,0.0,0.0,0.0,0.0,0.0,1.0
window_10_0pct::CeG8VzuUy4GNNXjm4,window_10_0pct,1784125721.722393,0,-0.3180214539271752,0.4686538510258719,1.9020788755244775,0.6657320569945936,1.607289681150042,-0.2415381875389242,-0.2328275252042421,-0.3701236618449959,1.0,0.0,0.0,1.0,0.0,0.0,0.0,0.0,0.0,1.0
window_10_0pct::Ciyyt32E45o148pXCf,window_10_0pct,1784124930.086165,0,-0.3897065090775454,-0.3631730693929528,-0.7368866463097827,-0.4585569123203094,-0.7095632409082235,0.481488617418796,0.5043501080994727,4.119297628905474,0.0,1.0,1.0,0.0,0.0,0.0,0.0,0.0,0.0,1.0
window_10_0pct::CY6uPb19yhJ5erksi1,window_10_0pct,1784124175.993933,0,-0.1654367898324363,-0.0894442207374478,-0.2313444515045961,-0.0720825791183115,-0.225824718720234,-0.2489155859458558,-0.2366720933934039,-0.1963891640673075,1.0,0.0,0.0,1.0,0.0,0.0,0.0,0.0,0.0,1.0
window_10_0pct::C2HLMB2ahg62sYiW2e,window_10_0pct,1784124634.964167,0,0.1859771034955967,-0.3698493827747943,-0.7379063557416712,-0.3882888517381279,-0.6586433964673826,-0.2497985998628026,-0.2371208846592973,-0.6040302242810942,1.0,0.0,0.0,0.0,1.0,0.0,0.0,0.0,0.0,1.0
window_10_0pct::C7ABuk2sTZEDkwHzW5,window_10_0pct,1784126005.220931,0,-0.0798982146275949,0.4657329639213162,1.7358237502336682,0.6481650418490482,1.4545301478275192,-0.2478937890575813,-0.2361747447253769,-0.3552729046912132,1.0,0.0,0.0,1.0,0.0,0.0,0.0,0.0,0.0,1.0
window_10_0pct::CHao6N37MyeQjiQ1W3,window_10_0pct,1784124225.377944,0,-0.3867683174131963,-0.2818055000517585,-0.5573540544579261,-0.3180207911559465,-0.5058838631448596,-0.228681623991181,-0.2225493130503354,-0.24495311638333,1.0,0.0,0.0,1.0,0.0,0.0,0.0,0.0,0.0,1.0
window_10_0pct::CQp7qB1B1Sa6GTJi83,window_10_0pct,1784125464.034442,0,0.7268406655284773,0.0891471622268144,0.4271329141373572,0.1211545874826874,0.3597534923494376,-0.2495082681334567,-0.2370168201050309,-0.3138929078917895,1.0,0.0,0.0,1.0,0.0,0.0,0.0,0.0,0.0,1.0
window_10_0pct::Cjw6G8goOXXDvX63c,window_10_0pct,1784124776.304654,0,-0.3805999457167278,-0.0043212251189677,0.3354227971068915,0.0333195117549606,0.2579138034677555,-0.2214700982816303,-0.2219475492174856,-0.3532334346099163,1.0,0.0,0.0,1.0,0.0,0.0,0.0,0.0,0.0,1.0
window_10_0pct::CkB4k51DhShIaehXp1,window_10_0pct,1784125480.973944,0,0.3535208658587632,0.6847994967629932,2.271744788530531,0.929237284177774,1.912808747795088,-0.2487964167052409,-0.2366477784427591,-0.3459639045877517,1.0,0.0,0.0,1.0,0.0,0.0,0.0,0.0,0.0,1.0
window_10_0pct::CeiQ2A3sz6NamrTjy3,window_10_0pct,1784124915.450005,0,-0.3887682114179528,-0.1916752693968971,1.1531235417489236,0.3495257843747771,0.9453317034191092,-0.1166015978947983,0.0006940331694656,-0.5346422851239325,1.0,0.0,0.0,1.0,0.0,0.0,0.0,0.0,0.0,1.0
window_10_0pct::CnqCDW2xOxk75saUg2,window_10_0pct,1784126089.567304,0,-0.3248714912138739,-0.3698493827747943,-0.7379063557416712,-0.4058558668836733,-0.684103318687803,-0.2497985998628026,-0.2368674663418033,-0.6040302242810942,1.0,0.0,0.0,0.0,1.0,0.0,0.0,0.0,0.0,1.0
window_10_0pct::CkfFttOZJPBkfZ0b5,window_10_0pct,1784125818.339815,0,-0.3890659643995941,-0.1916752693968971,1.1531235417489236,0.3495257843747771,0.9453317034191092,-0.055302890173057,0.1101581530362839,-0.5346422851239325,1.0,0.0,0.0,1.0,0.0,0.0,0.0,0.0,0.0,1.0
window_10_0pct::CrnQOv4J76Fdnvb80g,window_10_0pct,1784125182.222285,0,-0.3885977816763817,-0.2784673433608376,-0.5573540544579261,-0.3180207911559465,-0.5058838631448596,-0.1919247462187597,-0.1985762745964623,-0.231338818453557,1.0,0.0,0.0,1.0,0.0,0.0,0.0,0.0,0.0,1.0
window_10_0pct::C0eTA63qQBh9uQPZ01,window_10_0pct,1784124900.350076,0,-0.3231947465174231,0.009240036437898,-0.2016029264078503,-0.0720825791183115,-0.174904874279393,-0.2457736008709748,-0.2355092337060004,-0.0834873056593823,1.0,0.0,0.0,1.0,0.0,0.0,0.0,0.0,0.0,1.0
window_10_0pct::Cp8rGY2IwfF78SkQp1,window_10_0pct,1784125891.660157,0,1.042548327036133,0.5445969157443199,1.833036049407032,0.7008660872856843,1.5818297589296215,-0.2493476786948824,-0.2369387519951144,-0.3420883523525344,1.0,0.0,0.0,1.0,0.0,0.0,0.0,0.0,0.0,1.0
window_10_0pct::CwV4WA16uGQEZxhfca,window_10_0pct,1784126016.121414,0,0.4149682763555862,-0.0151702343644602,-0.1986500178446733,-0.00181451853613,-0.1239850298385519,-0.2494873017745852,-0.237001985095015,-0.1196728156607954,1.0,0.0,0.0,1.0,0.0,0.0,0.0,0.0,0.0,1.0
window_10_0pct::CGVKMiSoRol9mXx36,window_10_0pct,1784124888.993921,0,-0.3348983858543866,-0.1895889214650716,-0.4767545214457448,-0.2653197457193104,-0.429504096483598,-0.2474760281754346,-0.236115722310791,-0.0957365241211927,1.0,0.0,0.0,1.0,0.0,0.0,0.0,0.0,0.0,1.0
window_10_0pct::C0qZfi1Vky5LD0U7Th,window_10_0pct,1784125714.56766,0,0.2752264033499597,0.0042328014015168,-0.0507921502208511,-0.0545155639727661,-0.0730651853977109,-0.249401271421684,-0.2369898416688806,-0.2031013566069828,1.0,0.0,0.0,1.0,0.0,0.0,0.0,0.0,0.0,1.0
window_10_0pct::CNPaUv1Nqzm9VlypEl,window_10_0pct,1784125350.06426,0,0.661627232789816,0.0737081875313058,0.2496397411492774,0.0333195117549606,0.2069939590269145,-0.2495006306465368,-0.237030527663365,-0.2732603613504244,1.0,0.0,0.0,1.0,0.0,0.0,0.0,0.0,0.0,1.0
window_10_0pct::CCdFmk2OMzGyZXdP93,window_10_0pct,1784125173.704589,0,0.0487976440564146,-0.2767982650153773,-0.5573540544579261,-0.3355878063014919,-0.5058838631448596,-0.2496487328099823,-0.2370751848351553,-0.2245316694886705,1.0,0.0,0.0,1.0,0.0,0.0,0.0,0.0,0.0,1.0
window_10_0pct::CQRICp8meBF8w1QNg,window_10_0pct,1784125557.649913,0,0.4199012912995277,-0.0938255513942814,-0.2470649719128761,-0.0896495942638568,-0.1494449520589724,-0.2495578128235616,-0.237032489871855,-0.1899073033696891,1.0,0.0,0.0,1.0,0.0,0.0,0.0,0.0,0.0,1.0
window_10_0pct::CM4kNj4SXrx4zP58T3,window_10_0pct,1784124225.887906,0,-0.3086376660152232,-0.1025882127079485,1.9418475433681264,0.5603299661213215,1.607289681150042,-0.2474704441737224,-0.2336830818971369,-0.5305821915878741,1.0,0.0,0.0,1.0,0.0,0.0,0.0,0.0,0.0,1.0
window_10_0pct::CLHajX25aX5arpgDxh,window_10_0pct,1784125823.004703,0,0.3390764301816845,-0.0074507470167059,-0.0955956333844489,-0.0720825791183115,-0.0730651853977109,-0.2494474041676515,-0.2370115209596292,-0.1885315187146043,1.0,0.0,0.0,1.0,0.0,0.0,0.0,0.0,0.0,1.0
window_10_0pct::CBivQZ2m8Jz3XhkVf1,window_10_0pct,1784126019.764396,0,0.0956013340396007,-0.0957032645329243,-0.3645652399915199,-0.1774846699915836,-0.3022044853814955,-0.2493996450669043,-0.2369949320099102,-0.0632830920704428,1.0,0.0,0.0,1.0,0.0,0.0,0.0,0.0,0.0,1.0
window_10_0pct::CRFwbLlZu8lEKMON7,window_10_0pct,1784124565.889075,0,-0.3892920973914952,-0.3698493827747943,-0.7379063557416712,-0.4058558668836733,-0.684103318687803,-0.2497985998628026,-0.1917206931807981,-0.6040302242810942,1.0,0.0,0.0,0.0,1.0,0.0,0.0,0.0,0.0,1.0
window_10_0pct::COF8zuDtd7WPMUV81,window_10_0pct,1784125013.803885,0,0.5323328577330579,-0.1937616173287226,-0.4149983689770018,-0.2477527305737651,-0.378584252042757,-0.2496637217903468,-0.2370950002422772,-0.2024572465650235,1.0,0.0,0.0,1.0,0.0,0.0,0.0,0.0,0.0,1.0
window_10_0pct::CKlvdB4GdKcnhbPGvf,window_10_0pct,1784125650.050581,0,-0.3893479073939339,-0.3698493827747943,-0.7379063557416712,-0.4058558668836733,-0.684103318687803,-0.2497985998628026,-0.1847734100041304,-0.6040302242810942,1.0,0.0,0.0,0.0,1.0,0.0,0.0,0.0,0.0,1.0
window_10_0pct::Crhjmz4FCawhn34hqd,window_10_0pct,1784124757.974023,0,0.1840779728062608,-0.1900061910514367,0.0584654666166945,-0.0369485488272207,0.028774503483971,-0.2495772368831145,-0.2369540961110234,-0.4377237379864014,1.0,0.0,0.0,1.0,0.0,0.0,0.0,0.0,0.0,1.0
window_10_0pct::C0QarR3qcb7QvEJ611,window_10_0pct,1784124085.092976,0,-0.380897869501743,-0.100501864776123,-0.5306291697638502,-0.2477527305737651,-0.4549640187040185,-0.2282186205251417,-0.2301114440386606,0.3528545006392568,1.0,0.0,0.0,1.0,0.0,0.0,0.0,0.0,0.0,1.0
window_10_0pct::CEMpRW2wW5Hgehq13i,window_10_0pct,1784125944.344498,0,-0.1806412578227565,-0.2811795956722108,-0.5940211061129143,-0.3355878063014919,-0.53134378536528,-0.2494990665799168,-0.2369794624337763,-0.1502579767971009,1.0,0.0,0.0,1.0,0.0,0.0,0.0,0.0,0.0,1.0
window_10_0pct::CtD24G4H5XDwPEmOZd,window_10_0pct,1784124838.479646,0,-0.3887506293456467,-0.1937616173287226,-0.4767545214457448,-0.2653197457193104,-0.429504096483598,-0.1205663431358873,-0.1775426517020699,-0.1075025819952644,1.0,0.0,0.0,1.0,0.0,0.0,0.0,0.0,0.0,1.0
window_10_0pct::CEz2xI1YQXkk6c2j4c,window_10_0pct,1784125267.675239,0,-0.389245083762815,-0.1875025735332461,1.1531235417489236,0.3319587692292318,0.9453317034191092,0.0254560866775417,0.2329065824920507,-0.5330172748392215,1.0,0.0,0.0,1.0,0.0,0.0,0.0,0.0,0.0,1.0
window_10_0pct::CjDQ5uL9bNJgnlobg,window_10_0pct,1784125115.472661,0,0.2818894856686574,0.1886659585748905,1.63079367874916,0.6130310115579575,1.352690458945837,-0.2492112626617989,-0.2367210313572293,-0.4303846167063747,1.0,0.0,0.0,1.0,0.0,0.0,0.0,0.0,0.0,1.0
window_10_0pct::C6FGRZ2FGAf2X2iqkj,window_10_0pct,1784124658.37031,0,0.5549997251313261,0.4949418349668731,1.925319752992935,0.8062681781589565,1.6327496033704627,-0.2491520884520847,-0.2367929605640834,-0.3648956214160955,1.0,0.0,0.0,1.0,0.0,0.0,0.0,0.0,0.0,1.0
window_10_0pct::CeVTJE3DgKt8VbzUjg,window_10_0pct,1784124646.040378,0,-0.3892019345604704,-0.1891716518787065,1.1531235417489236,0.3143917540836864,0.9453317034191092,-9.235311367599898e-05,0.1838593205625356,-0.5336672789531058,1.0,0.0,0.0,1.0,0.0,0.0,0.0,0.0,0.0,1.0
window_10_0pct::CuFxxPIpMRUTQXoA3,window_10_0pct,1784125048.340816,0,0.2692925767115595,0.3399261836322389,0.4840454468046301,0.2089896632104142,0.4361332590106991,-0.2490379292244482,-0.2368794614710995,-0.1762683490146184,1.0,0.0,0.0,1.0,0.0,0.0,0.0,0.0,0.0,1.0
window_10_0pct::CEYsfu2RDqxi9q4Go3,window_10_0pct,1784124898.775219,0,-0.3892788814804357,-0.275546456256282,-0.5573540544579261,-0.3180207911559465,-0.5058838631448596,-0.0963635279470592,-0.1380314757485291,-0.2194263077650056,1.0,0.0,0.0,1.0,0.0,0.0,0.0,0.0,0.0,1.0
window_10_0pct::CQ5mmq35FiVdA7PMw2,window_10_0pct,1784124287.295534,0,-0.1742315836597378,-0.2790932477403853,1.1454757210097604,0.2616907086470503,0.9198717811986884,-0.2495011382506424,-0.2362305054202663,-0.5685427314750969,1.0,0.0,0.0,1.0,0.0,0.0,0.0,0.0,0.0,1.0
window_10_0pct::CXFgUV33sdiqrco6Ck,window_10_0pct,1784124841.862165,0,0.3269444907093265,0.3987611953097179,1.7513530751234692,0.8062681781589565,1.4799900700479396,-0.2490411403781356,-0.2366753941073899,-0.3766382426824129,1.0,0.0,0.0,1.0,0.0,0.0,0.0,0.0,0.0,1.0
window_10_0pct::CZx25u4YjcxBHNOru7,window_10_0pct,1784125228.091514,0,-0.3897119854607228,-0.3631730693929528,-0.7368866463097827,-0.4585569123203094,-0.7095632409082235,4.604019853302974,4.68452507274699,4.119297628905474,0.0,1.0,1.0,0.0,0.0,0.0,0.0,0.0,0.0,1.0
window_10_0pct::C2LaG7426iOQmeSOMc,window_10_0pct,1784124306.773534,0,-0.3886596872242283,-0.279719152119933,-0.5573540544579261,-0.3004537760104012,-0.5058838631448596,-0.1893626198322532,-0.1917690525814527,-0.2364441801772219,1.0,0.0,0.0,1.0,0.0,0.0,0.0,0.0,0.0,1.0
window_10_0pct::CVF2vl4oE85XJyLY82,window_10_0pct,1784125464.01829,0,0.7270135398933381,0.7536489785132345,0.429172333001134,0.4022268298114132,0.4106733367902785,-0.2490880569830597,-0.2369483403593011,0.1049058172458734,1.0,0.0,0.0,1.0,0.0,0.0,0.0,0.0,0.0,1.0
window_10_0pct::CV5AcQ22YqATfh45t1,window_10_0pct,1784124503.10198,0,0.5632442438638097,-0.1799917209786743,-0.4118967527883412,-0.2126187002826743,-0.327664407601916,-0.249657891664775,-0.2370871525021219,-0.1751736298049974,1.0,0.0,0.0,1.0,0.0,0.0,0.0,0.0,0.0,1.0
window_10_0pct::CZlPDt2D5zEICyUxQ9,window_10_0pct,1784125350.354526,0,0.1982331636447633,-0.1824953384968649,-0.3962187202730566,-0.2477527305737651,-0.3531243298223365,-0.2495735440613557,-0.2370566947287695,-0.200245890670752,1.0,0.0,0.0,1.0,0.0,0.0,0.0,0.0,0.0,1.0
window_10_0pct::C0sVdO1nvEa5IGN3o4,window_10_0pct,1784124757.972714,0,0.1840889575982481,0.0712045700131152,1.505645589931353,0.49006190553914,1.2508507700641551,-0.2492557316720051,-0.2367041282226334,-0.4592550375681338,1.0,0.0,0.0,1.0,0.0,0.0,0.0,0.0,0.0,1.0
window_10_0pct::CO3e4H2mtHVoLrYkH5,window_10_0pct,1784125625.476017,0,-0.3096702791628697,-0.3698493827747943,-0.7379063557416712,-0.4058558668836733,-0.684103318687803,-0.2497985998628026,-0.2369234802228407,-0.6040302242810942,1.0,0.0,0.0,0.0,1.0,0.0,0.0,0.0,0.0,1.0
window_10_0pct::C5RlDEiZeP45usZ2i,window_10_0pct,1784123960.214324,0,0.3305612735031746,-0.3698493827747943,-0.7379063557416712,-0.3882888517381279,-0.6331834742469621,-0.2497985998628026,-0.2371292202432637,-0.6040302242810942,1.0,0.0,0.0,0.0,1.0,0.0,0.0,0.0,0.0,1.0
window_10_0pct::C5VT1l1LKdawUULt55,window_10_0pct,1784124211.04712,0,-0.3896574351331669,-0.3698493827747943,-0.7379063557416712,-0.4058558668836733,-0.6586433964673826,-0.2497985998628026,0.1072894730493667,-0.6040302242810942,1.0,0.0,0.0,0.0,1.0,0.0,0.0,0.0,0.0,1.0
window_10_0pct::ColHog2rQxREUmSmb5,window_10_0pct,1784124121.463785,0,-0.3886496311755869,-0.187085303946881,-0.4767545214457448,-0.2653197457193104,-0.429504096483598,-0.1284068453260472,-0.1832055321544265,-0.0886768893967496,1.0,0.0,0.0,1.0,0.0,0.0,0.0,0.0,0.0,1.0
window_10_0pct::CovpGg4cnatdfWg0Lc,window_10_0pct,1784124925.390422,0,0.219131031174225,0.1821982799862315,0.6275270614499312,0.2089896632104142,0.5634328701128016,-0.2491582236036313,-0.2368561498582903,-0.3062869582965302,1.0,0.0,0.0,1.0,0.0,0.0,0.0,0.0,0.0,1.0
window_10_0pct::CcCMuW6K1WZKh9na2,window_10_0pct,1784125405.004703,0,-0.1369320018902417,0.8218725558839282,1.066065849001449,0.6305980267035028,0.9453317034191092,-0.2464689754011803,-0.2359708166002712,-0.1175304590028691,1.0,0.0,0.0,1.0,0.0,0.0,0.0,0.0,0.0,1.0
window_10_0pct::CxUpYf1TbjEJ7KKeZj,window_10_0pct,1784125487.898668,0,0.8784669625671844,0.2950697030979908,0.1302487618323405,0.1211545874826874,0.130614192365653,-0.2494283008141744,-0.2370342271430223,-0.0399985425932608,1.0,0.0,0.0,1.0,0.0,0.0,0.0,0.0,0.0,1.0
window_10_0pct::CQosad2ZT2oBR2fQoe,window_10_0pct,1784124046.579438,0,-0.3468261192179745,0.1688456532225483,-0.3177860698036382,-0.1072166094094022,-0.276744563161075,-0.2409273743642621,-0.2348212712162548,0.3402263511118152,1.0,0.0,0.0,1.0,0.0,0.0,0.0,0.0,0.0,1.0
window_10_0pct::CPzFoo4l2Ap9JbVgbc,window_10_0pct,1784125867.376359,0,-0.3886304157960173,-0.2784673433608376,-0.5573540544579261,-0.3355878063014919,-0.5058838631448596,-0.1901800898282755,-0.2018296569567879,-0.231338818453557,1.0,0.0,0.0,1.0,0.0,0.0,0.0,0.0,0.0,1.0
window_10_0pct::Cw251C4BVwEOKcpXQf,window_10_0pct,1784125629.530599,0,-0.3886690920850065,-0.2790932477403853,-0.5573540544579261,-0.3180207911559465,-0.5058838631448596,-0.1883946369609708,-0.1959403077259291,-0.2338914993153894,1.0,0.0,0.0,1.0,0.0,0.0,0.0,0.0,0.0,1.0
window_10_0pct::Cmck044D8gh2J1GKDe,window_10_0pct,1784124020.976892,0,-0.1825055979998606,-0.3698493827747943,-0.7379063557416712,-0.4058558668836733,-0.684103318687803,-0.2497985998628026,-0.237070113183038,-0.6040302242810942,1.0,0.0,0.0,0.0,1.0,0.0,0.0,0.0,0.0,1.0
window_10_0pct::CHgn7x1KwKaoGoUuxd,window_10_0pct,1784125481.191775,0,0.6038691644951379,0.102291154197315,-0.215369003738344,-0.1072166094094022,-0.2003647964998135,-0.249462991950822,-0.2370613574138469,0.0613638825267496,1.0,0.0,0.0,1.0,0.0,0.0,0.0,0.0,0.0,1.0
window_10_0pct::CYFJuu6d2mceth1Dl,window_10_0pct,1784124167.549636,0,0.3843052169801385,0.2049394724431294,-0.0708464357146568,-0.00181451853613,-0.0476052631772904,-0.2492741284150021,-0.2369956297942908,0.0305292279864696,1.0,0.0,0.0,1.0,0.0,0.0,0.0,0.0,0.0,1.0
window_10_0pct::CA8mLD4QKjtFnXfHra,window_10_0pct,1784124841.021364,0,-0.3889033382371704,-0.1812435297377696,-0.4767545214457448,-0.2301857154282197,-0.429504096483598,-0.0852707878814743,-0.1544864187376788,-0.072204408373049,1.0,0.0,0.0,1.0,0.0,0.0,0.0,0.0,0.0,1.0
window_10_0pct::CYt4492Hi7nO8z4fD2,window_10_0pct,1784124638.497551,0,0.2559484456942664,-0.27784143898129,-0.5815509095187786,-0.3180207911559465,-0.5058838631448596,-0.2496979564930902,-0.2370957646889455,-0.1707229648245473,1.0,0.0,0.0,1.0,0.0,0.0,0.0,0.0,0.0,1.0
window_10_0pct::CddzKYYTiJ7MFGBZh,window_10_0pct,1784124960.112073,0,0.1084934979789959,-0.0047384947053328,-0.1538465346810755,-0.1423506397004929,-0.1494449520589724,-0.24928101674346,-0.2369800724357524,-0.1436736880700706,1.0,0.0,0.0,1.0,0.0,0.0,0.0,0.0,0.0,1.0
window_10_0pct::Czw76x4eYcOKItKKQb,window_10_0pct,1784124475.256595,0,0.9127211842303876,0.5379206023624784,1.0420814334055732,0.5778969812668668,0.9198717811986884,-0.2493063510058813,-0.2369421541892073,-0.2284555758444247,1.0,0.0,0.0,1.0,0.0,0.0,0.0,0.0,0.0,1.0
window_10_0pct::CyKnJ3uoidTAijsT2,window_10_0pct,1784125922.365446,0,0.0539904509321365,0.6015542142831559,0.4530717728110191,0.3319587692292318,0.4361332590106991,-0.2482523787025429,-0.2366667350638734,-0.003367292770229,1.0,0.0,0.0,1.0,0.0,0.0,0.0,0.0,0.0,1.0
window_10_0pct::CZE4KW2k5Con92usT5,window_10_0pct,1784124657.548842,0,-0.3895015557040142,-0.3698493827747943,-0.7379063557416712,-0.4058558668836733,-0.684103318687803,-0.2497985998628026,-0.1466966096768325,-0.6040302242810942,1.0,0.0,0.0,0.0,1.0,0.0,0.0,0.0,0.0,1.0
window_10_0pct::ClLFmfRIbUc6o0MQ8,window_10_0pct,1784124275.773557,0,0.338627110556083,-0.2782587085676551,-0.5955506702607468,-0.3180207911559465,-0.5058838631448596,-0.2497097858028841,-0.23710333003547,-0.1302746967804588,1.0,0.0,0.0,1.0,0.0,0.0,0.0,0.0,0.0,1.0
window_10_0pct::CdD6XGBYgqXY3A2V9,window_10_0pct,1784125950.768733,0,0.3112460593615381,-0.1864593995673333,-0.4682781867931723,-0.2301857154282197,-0.378584252042757,-0.2496138229725585,-0.2370669179281095,-0.1031674112035154,1.0,0.0,0.0,1.0,0.0,0.0,0.0,0.0,0.0,1.0
window_10_0pct::CS5d7v3dFM0mJv6VRb,window_10_0pct,1784125431.158618,0,-0.3462298232890876,-0.1858334951877857,-0.4767545214457448,-0.2653197457193104,-0.429504096483598,-0.2468097840233112,-0.2358429619315086,-0.085147072034528,1.0,0.0,0.0,1.0,0.0,0.0,0.0,0.0,0.0,1.0
window_10_0pct::CCyZGmJMTJ7C7Rbqf,window_10_0pct,1784124022.460887,0,0.7367697111861374,0.1755219666043899,0.3543723973828182,0.0860205571915967,0.3088336479085966,-0.2494566735884949,-0.2370265919891436,-0.2363307210749229,1.0,0.0,0.0,1.0,0.0,0.0,0.0,0.0,0.0,1.0
window_10_0pct::Cwh9CR35XVFGKBZzqg,window_10_0pct,1784125468.884122,0,-0.3893622121765023,-0.3698493827747943,-0.7379063557416712,-0.4058558668836733,-0.684103318687803,-0.2497985998628026,-0.1826367755997913,-0.6040302242810942,1.0,0.0,0.0,0.0,1.0,0.0,0.0,0.0,0.0,1.0
window_10_0pct::CEYWtZ3dIqfJjyqOQl,window_10_0pct,1784125836.124064,0,0.0946206024167921,-0.0975809776715673,-0.2680115031595843,-0.1423506397004929,-0.2512846409406545,-0.2494015753198465,-0.2369748496922934,-0.1773332312148432,1.0,0.0,0.0,1.0,0.0,0.0,0.0,0.0,0.0,1.0
window_10_0pct::C4bBID413Nh3UENBIi,window_10_0pct,1784125045.326897,0,-0.3893884625200365,-0.3698493827747943,-0.7379063557416712,-0.4058558668836733,-0.684103318687803,-0.2497985998628026,-0.1782258621879408,-0.6040302242810942,1.0,0.0,0.0,0.0,1.0,0.0,0.0,0.0,0.0,1.0
window_10_0pct::CG3XwW3YOWkEfsI7D7,window_10_0pct,1784125779.492088,0,-0.3897119854607228,-0.3631730693929528,-0.7368866463097827,-0.4585569123203094,-0.7095632409082235,4.604019853302974,4.68452507274699,4.119297628905474,0.0,1.0,1.0,0.0,0.0,0.0,0.0,0.0,0.0,1.0
window_10_0pct::Ca8lT640mDt9vK4Lv7,window_10_0pct,1784124577.438839,0,-0.3896718680182658,-0.3698493827747943,-0.7379063557416712,-0.4058558668836733,-0.684103318687803,-0.2497985998628026,0.2282816647555747,-0.6040302242810942,1.0,0.0,0.0,0.0,1.0,0.0,0.0,0.0,0.0,1.0
window_10_0pct::CFrLtxClvGWD1oo7b,window_10_0pct,1784125079.176084,0,-0.3892852332309045,-0.1812435297377696,1.1531235417489236,0.3143917540836864,0.9453317034191092,0.0616286042821525,0.2658527955805665,-0.5305797594121548,1.0,0.0,0.0,1.0,0.0,0.0,0.0,0.0,0.0,1.0
window_10_0pct::CLJh3k20aeeb3qrX1k,window_10_0pct,1784124440.695585,0,0.0482515002682042,-0.1799917209786743,-0.4501358564841572,-0.2477527305737651,-0.4040441742631775,-0.2494924359987688,-0.2370204923581245,-0.1181911340452738,1.0,0.0,0.0,1.0,0.0,0.0,0.0,0.0,0.0,1.0
window_10_0pct::C3kpXz2fXS3Imi58T,window_10_0pct,1784125633.205848,0,-1.439469853853424e-05,-0.3698493827747943,-0.7379063557416712,-0.4058558668836733,-0.684103318687803,-0.2497985998628026,-0.2371133346831224,-0.6040302242810942,1.0,0.0,0.0,0.0,1.0,0.0,0.0,0.0,0.0,1.0
window_10_0pct::CihFv61eJ0URL9Dyed,window_10_0pct,1784124000.201405,0,-0.154694666738712,-0.1839557820491427,-0.6587726550378294,-0.3355878063014919,-0.582263629806121,-0.2492399657570438,-0.2369996602897848,1.1255035480474112,1.0,0.0,0.0,1.0,0.0,0.0,0.0,0.0,0.0,1.0
window_10_0pct::CI93Up2tNHmdWb8HVf,window_10_0pct,1784124754.674569,0,2.795866364447722,0.8383547045453495,0.941958713562028,0.5778969812668668,0.9453317034191092,-0.2495307345080047,-0.2370723577154545,-0.0743630416449406,1.0,0.0,0.0,1.0,0.0,0.0,0.0,0.0,0.0,1.0
window_10_0pct::CnQIy83SNqEudQDF03,window_10_0pct,1784124621.075951,0,-0.0281418246116195,0.0828881184313379,-0.2576657012152162,-0.0720825791183115,-0.2003647964998135,-0.2489142636902595,-0.2368582752947613,0.0902119499201041,1.0,0.0,0.0,1.0,0.0,0.0,0.0,0.0,0.0,1.0
window_10_0pct::C4jdJe3NLs3jydAAV3,window_10_0pct,1784124953.617054,0,-0.3891886866237783,-0.1958479652605481,1.1531235417489236,0.296824738938141,0.9453317034191092,-0.0153961125861719,0.1641007831971263,-0.5362672954086435,1.0,0.0,0.0,1.0,0.0,0.0,0.0,0.0,0.0,1.0
window_04_7pct::CgOAyg1DYyp39Qu427,window_04_7pct,1783704130.894196,1,-0.38971281812717073,-0.36984938277479434,-0.7379063557416712,-0.4585569123203094,-0.7095632409082235,-0.24979859986280267,34.21464996920431,-0.6040302242810942,1.0,0.0,0.0,0.0,1.0,0.0,1.0,0.0,0.0,0.0
window_10_0pct::CsGeDF1KpF1Nj2W2vd,window_10_0pct,1784124311.868934,0,-0.3883817260835437,-0.0103716341212616,-0.3500768684801051,-0.1774846699915836,-0.3022044853814955,-0.05908427344142,-0.176106536955125,0.0785442688259715,1.0,0.0,0.0,1.0,0.0,0.0,0.0,0.0,0.0,1.0
window_10_0pct::Co6UAi1ElxOHriokT,window_10_0pct,1784125048.345852,0,0.2692381438113232,-0.1038400214670438,-0.325922501312248,-0.195051685137129,-0.276744563161075,-0.2495134925203161,-0.2370463189608746,-0.1285450426079111,1.0,0.0,0.0,1.0,0.0,0.0,0.0,0.0,0.0,1.0
window_10_0pct::CyLWJB28yT4QVmKPS1,window_10_0pct,1784125660.2312,0,-0.3832470884318632,-0.2790932477403853,1.1454757210097604,0.296824738938141,0.9198717811986884,-0.2398854015131638,-0.2046268940043779,-0.5685427314750969,1.0,0.0,0.0,1.0,0.0,0.0,0.0,0.0,0.0,1.0
window_10_0pct::CkWUNN3LVo8y9TcJf5,window_10_0pct,1784125214.802291,0,-0.0229137681895983,-0.27784143898129,-0.5815509095187786,-0.3180207911559465,-0.5058838631448596,-0.2496214415122664,-0.2370450970255131,-0.1707229648245473,1.0,0.0,0.0,1.0,0.0,0.0,0.0,0.0,0.0,1.0
window_10_0pct::Ci42mX3uhJwacJ8ZTd,window_10_0pct,1784125963.36073,0,0.3533243672522428,-0.0957032645329243,-0.3579583726307428,-0.195051685137129,-0.327664407601916,-0.2495380228263665,-0.2370594564660751,-0.0726855497534078,1.0,0.0,0.0,1.0,0.0,0.0,0.0,0.0,0.0,1.0
window_10_0pct::C12NVk1gDBFgUsiPH1,window_10_0pct,1784125790.851735,0,0.5223346367089474,0.2445800831478138,1.6124389089751685,0.5427629509757761,1.352690458945837,-0.2493228055984939,-0.2368583618355341,-0.4115087842751266,1.0,0.0,0.0,1.0,0.0,0.0,0.0,0.0,0.0,1.0
window_10_0pct::CmOA2O5c8vEfNgHJ9,window_10_0pct,1784124148.602257,0,-0.2852408276975292,-0.1756103903218408,-0.6607270981156157,-0.3355878063014919,-0.582263629806121,-0.2484854912799647,-0.2367962917024768,1.2488995133919074,1.0,0.0,0.0,1.0,0.0,0.0,0.0,0.0,0.0,1.0
window_10_0pct::Cuc1or3BWOgCNJdE68,window_10_0pct,1784124875.443979,0,-0.3897119854607228,-0.3631730693929528,-0.7368866463097827,-0.4585569123203094,-0.7095632409082235,4.604019853302974,4.68452507274699,4.119297628905474,0.0,1.0,1.0,0.0,0.0,0.0,0.0,0.0,0.0,1.0
window_10_0pct::CcgMqw3ckCSa4QTM9k,window_10_0pct,1784124412.078043,0,0.976112379823624,0.1761478709839375,1.0742022805100586,0.3143917540836864,0.9453317034191092,-0.2495162679549881,-0.237004885086945,-0.3821371263845011,1.0,0.0,0.0,1.0,0.0,0.0,0.0,0.0,0.0,1.0
window_10_0pct::CRVY6R2jrWQoLovGDc,window_10_0pct,1784125353.021041,0,-0.3868587791501255,-0.2788846129472028,-0.6106338722740966,-0.3180207911559465,-0.53134378536528,-0.227289564818504,-0.2220861582487845,-0.0777599041903595,1.0,0.0,0.0,1.0,0.0,0.0,0.0,0.0,0.0,1.0
window_10_0pct::CoWUXy37mnUBFVj9L5,window_10_0pct,1784125042.015909,0,0.2935571708954042,0.0213408544424858,1.4032072799195612,0.49006190553914,1.1490110811824732,-0.2493942472599347,-0.2367775505557115,-0.469479314664028,1.0,0.0,0.0,1.0,0.0,0.0,0.0,0.0,0.0,1.0
window_10_0pct::CeOcoK2bk5SgwYIkJ7,window_10_0pct,1784125633.498819,0,0.273733517810357,-0.0938255513942814,-0.3119227405702797,-0.195051685137129,-0.2512846409406545,-0.2495047636225299,-0.2370471055693506,-0.1268585187717476,1.0,0.0,0.0,1.0,0.0,0.0,0.0,0.0,0.0,1.0
window_10_0pct::C3q1lH1o7KSksgzL53,window_10_0pct,1784125394.423613,0,0.0791929264423497,-0.0850628900806143,-0.3407507759676255,-0.195051685137129,-0.3022044853814955,-0.2493696580582327,-0.2369992678430091,-0.0759764569973443,1.0,0.0,0.0,1.0,0.0,0.0,0.0,0.0,0.0,1.0
window_10_0pct::CDAjJI2jLL5SPpJPRg,window_10_0pct,1784125738.939689,0,0.3902151311461855,-0.3698493827747943,-0.7379063557416712,-0.3882888517381279,-0.6331834742469621,-0.2497985998628026,-0.2371317588065095,-0.6040302242810942,1.0,0.0,0.0,0.0,1.0,0.0,0.0,0.0,0.0,1.0
window_10_0pct::CSza0V8FEJTD3ncD5,window_10_0pct,1784126117.20531,0,-0.3897120174863553,-0.3631730693929528,-0.7368866463097827,-0.4585569123203094,-0.7095632409082235,4.769490936933626,4.852309873295043,4.119297628905474,0.0,1.0,1.0,0.0,0.0,0.0,0.0,0.0,0.0,1.0
window_10_0pct::Ca6uAu1IfEz1oxHQQl,window_10_0pct,1784125899.99032,0,-0.3291732916141661,0.0013119142969611,-0.2016029264078503,-0.1072166094094022,-0.174904874279393,-0.2454686054338349,-0.2355039264485742,-0.0943737288336392,1.0,0.0,0.0,1.0,0.0,0.0,0.0,0.0,0.0,1.0
window_10_0pct::Ctt6Dp4bdYkjyGBs91,window_10_0pct,1784123960.214033,0,0.797421391464563,-0.0950773601533767,-0.3439586118887746,-0.1247836245549475,-0.276744563161075,-0.2496351301464692,-0.237081860650938,-0.0903969734896262,1.0,0.0,0.0,1.0,0.0,0.0,0.0,0.0,0.0,1.0
window_10_0pct::CluVv93WbuhqCB2vr,window_10_0pct,1784124591.239973,0,-0.3892089374988025,-0.1895889214650716,-0.4767545214457448,-0.2477527305737651,-0.429504096483598,0.0027924099950427,-0.1138439813076924,-0.0957365241211927,1.0,0.0,0.0,1.0,0.0,0.0,0.0,0.0,0.0,1.0
window_10_0pct::CjSKuA3piiuAvWt3P9,window_10_0pct,1784125848.778413,0,-0.3897122309905728,-0.3631730693929528,-0.7368866463097827,-0.4585569123203094,-0.7095632409082235,6.245752565403164,6.349213486027672,4.119297628905474,0.0,1.0,1.0,0.0,0.0,0.0,0.0,0.0,0.0,1.0
window_10_0pct::CxZ1cW2AkLNmLhweaa,window_10_0pct,1784124110.057247,0,-0.162539975285427,-0.1895889214650716,-0.4767545214457448,-0.2653197457193104,-0.429504096483598,-0.2492381865166838,-0.236909854713688,-0.0957365241211927,1.0,0.0,0.0,1.0,0.0,0.0,0.0,0.0,0.0,1.0
window_10_0pct::CWqctb1Bpj4HDgv0Bh,window_10_0pct,1784125333.769981,0,-0.388158144467041,-0.0894442207374478,-0.6512947858706477,-0.3004537760104012,-0.5568037075857005,-0.1224269813056089,-0.2064117895966015,1.779640379411391,1.0,0.0,0.0,1.0,0.0,0.0,0.0,0.0,0.0,1.0
window_10_0pct::C06CaH3uDtnrEaMaJi,window_10_0pct,1784125316.680228,0,-0.3895210272886448,-0.1067609085715994,-0.5306291697638502,-0.2301857154282197,-0.4549640187040185,0.7183109329936308,0.1115905714276782,0.3306186046302633,1.0,0.0,0.0,1.0,0.0,0.0,0.0,0.0,0.0,1.0
window_10_0pct::CgnL4D2XCduW6Zg6oh,window_10_0pct,1784125083.884513,0,-0.3887522840033319,-0.1858334951877857,1.1531235417489236,0.4197938449569585,0.9453317034191092,-0.1145152185080034,0.0166579899042023,-0.5323672707253371,1.0,0.0,0.0,1.0,0.0,0.0,0.0,0.0,0.0,1.0
window_10_0pct::CdwvbA2fYcQ44332Qj,window_10_0pct,1784124713.287792,0,-0.3186095726445343,-0.0825592725624237,-0.2313444515045961,-0.1423506397004929,-0.225824718720234,-0.2469449868732562,-0.2358848090718866,-0.1863801201781297,1.0,0.0,0.0,1.0,0.0,0.0,0.0,0.0,0.0,1.0
window_10_0pct::CgOqcY14E4TPThTIXk,window_10_0pct,1784125521.070143,0,0.1781601483089576,-0.2784673433608376,-0.5955506702607468,-0.3355878063014919,-0.53134378536528,-0.2496849486133054,-0.2370950548820437,-0.1313538665469751,1.0,0.0,0.0,1.0,0.0,0.0,0.0,0.0,0.0,1.0
window_10_0pct::CwuQJT2dEHctGuQrh,window_10_0pct,1784125138.964791,0,-0.2126448461282421,-0.3698493827747943,-0.7379063557416712,-0.4058558668836733,-0.684103318687803,-0.2497985998628026,-0.2370544030897186,-0.6040302242810942,1.0,0.0,0.0,0.0,1.0,0.0,0.0,0.0,0.0,1.0
window_10_0pct::CTltXZ3s0phAwMGmg3,window_10_0pct,1784124102.650456,0,-0.0430955852746112,-0.3698493827747943,-0.7379063557416712,-0.4058558668836733,-0.684103318687803,-0.2497985998628026,-0.2371072350958679,-0.6040302242810942,1.0,0.0,0.0,0.0,1.0,0.0,0.0,0.0,0.0,1.0
window_10_0pct::CKSYNP3QJ1ZlbIsY2c,window_10_0pct,1784124230.401849,0,-0.3874472928502868,-0.2784673433608376,-0.5573540544579261,-0.3355878063014919,-0.5058838631448596,-0.221312696212756,-0.2202803141806862,-0.231338818453557,1.0,0.0,0.0,1.0,0.0,0.0,0.0,0.0,0.0,1.0
window_10_0pct::CnLyKj4PJ4tJI1vorj,window_10_0pct,1784124151.454682,0,-0.3892461833095348,-0.2776328041881075,-0.6106338722740966,-0.3355878063014919,-0.53134378536528,-0.1102686643116063,-0.1552187053089474,-0.0705176520790191,1.0,0.0,0.0,1.0,0.0,0.0,0.0,0.0,0.0,1.0
window_10_0pct::C9urT5tE5ZJH6rwv6,window_10_0pct,1784124877.259583,0,0.2319463229201311,0.9080387254683212,0.4802852682745416,0.4022268298114132,0.4615931812311196,-0.2483468055957919,-0.2367778629568608,0.1684943488747823,1.0,0.0,0.0,1.0,0.0,0.0,0.0,0.0,0.0,1.0
window_10_0pct::CnAn4jqOQ5f8wwP8k,window_10_0pct,1784126004.224488,0,-0.3893430181473545,-0.1958479652605481,1.1531235417489236,0.3319587692292318,0.9453317034191092,0.0823922165694305,0.3573485787142595,-0.5362672954086435,1.0,0.0,0.0,1.0,0.0,0.0,0.0,0.0,0.0,1.0
window_10_0pct::CJZUDb3dZSS9dxlaD8,window_10_0pct,1784125045.324644,0,-0.3893646354493703,-0.1858334951877857,1.1531235417489236,0.3846598146658678,0.9453317034191092,0.1233138697654341,0.4354234640900562,-0.5323672707253371,1.0,0.0,0.0,1.0,0.0,0.0,0.0,0.0,0.0,1.0
window_10_0pct::CDT9DCwTrNSgv0hUc,window_10_0pct,1784125764.649888,0,-0.2429104674029261,0.3804013335096535,0.4706830044575922,0.2441236935015049,0.4106733367902785,-0.2461891778088178,-0.2358270993097609,-0.1468760653907372,1.0,0.0,0.0,1.0,0.0,0.0,0.0,0.0,0.0,1.0
window_10_0pct::C6vlWE4tw0YjjKegK9,window_10_0pct,1784126136.850968,0,-0.0114159255678249,0.0966580147813862,-0.2505489791384949,-0.0369485488272207,-0.2003647964998135,-0.2489276557837728,-0.23684644500603,0.1008814727518218,1.0,0.0,0.0,1.0,0.0,0.0,0.0,0.0,0.0,1.0
window_10_0pct::CL8waDLZj6QwuVVH1,window_10_0pct,1784125738.566525,0,-0.2402762310177349,-0.279719152119933,-0.5573540544579261,-0.3355878063014919,-0.5058838631448596,-0.2493726310454943,-0.2369064544573347,-0.2364441801772219,1.0,0.0,0.0,1.0,0.0,0.0,0.0,0.0,0.0,1.0
window_10_0pct::CgF9m5gRRyTkE9rTf,window_10_0pct,1784124697.64555,0,-0.1786990633327631,-0.1011277691556706,1.2254804235200067,0.4197938449569585,0.99625154785995,-0.2488991929587366,-0.2360068539520521,-0.5032362211384744,1.0,0.0,0.0,1.0,0.0,0.0,0.0,0.0,0.0,1.0
window_10_0pct::CTA4behnXyMzQU8T3,window_10_0pct,1784125569.451999,0,-0.3892574883578483,-0.3698493827747943,-0.7379063557416712,-0.4058558668836733,-0.684103318687803,-0.2497985998628026,-0.1951736075837079,-0.6040302242810942,1.0,0.0,0.0,0.0,1.0,0.0,0.0,0.0,0.0,1.0
window_10_0pct::C4mMCt26nPbVAA2VZd,window_10_0pct,1784124412.078299,0,0.9761164791045986,0.2648176580865211,0.3009226279946663,0.2265566783559596,0.334293570129017,-0.2494704183244444,-0.2370223882748565,-0.1541098474353475,1.0,0.0,0.0,1.0,0.0,0.0,0.0,0.0,0.0,1.0
window_10_0pct::CguY4K3vhqXzEUIIy4,window_10_0pct,1784125301.167276,0,1.0482109072414874,0.0962407451950211,1.525997290676126,0.5603299661213215,1.327230536725417,-0.2495696719849732,-0.2369662330321906,-0.4524122999343975,1.0,0.0,0.0,1.0,0.0,0.0,0.0,0.0,0.0,1.0
window_10_0pct::C6ibUX2H5FT3g7Ujbg,window_10_0pct,1784125836.117099,0,0.0946951260638894,-0.007868016603071,-0.3652662902259432,-0.1774846699915836,-0.3022044853814955,-0.2492708361785315,-0.2369946186999305,0.111313161305384,1.0,0.0,0.0,1.0,0.0,0.0,0.0,0.0,0.0,1.0
window_10_0pct::ClyG2u2DqXC20EeEl6,window_10_0pct,1784125966.356534,0,-0.3897118039821379,-0.3631730693929528,-0.7368866463097827,-0.4585569123203094,-0.7095632409082235,3.839992874563917,3.909815006018943,4.119297628905474,0.0,1.0,1.0,0.0,0.0,0.0,0.0,0.0,0.0,1.0
window_10_0pct::CZVw7mxCAFAxm8Zfd,window_10_0pct,1784124820.970037,0,-0.3889582194962632,-0.0979982472579324,-0.5306291697638502,-0.2477527305737651,-0.4549640187040185,0.004591346851848,-0.1548094214232673,0.3617488590428541,1.0,0.0,0.0,1.0,0.0,0.0,0.0,0.0,0.0,1.0
window_10_0pct::CNsU2R37uaMVcmolLl,window_10_0pct,1784124493.391795,0,-0.0655901654446165,0.5441796461579549,1.8103900024405095,0.7184331024312297,1.5309099144887806,-0.24780694038352,-0.2361593400216897,-0.3398811509526306,1.0,0.0,0.0,1.0,0.0,0.0,0.0,0.0,0.0,1.0
window_10_0pct::CEvdhk3TUJR4fNeuf,window_10_0pct,1784124896.013632,0,-0.3131585217426084,0.1905436717135335,-0.1025848917821842,-0.0369485488272207,-0.0730651853977109,-0.2446286413642309,-0.2356010554196485,0.0455418575781872,1.0,0.0,0.0,1.0,0.0,0.0,0.0,0.0,0.0,1.0
window_10_0pct::Cqa9Bd2iMEWa5JrGpe,window_10_0pct,1784125305.596323,0,-0.3897121776145184,-0.3631730693929528,-0.7368866463097827,-0.4585569123203094,-0.7095632409082235,5.800851800658919,5.898091849313729,4.119297628905474,0.0,1.0,1.0,0.0,0.0,0.0,0.0,0.0,0.0,1.0
window_10_0pct::CIMcdv4V9k71hz7qp5,window_10_0pct,1784125150.145551,0,0.5515891553858919,0.1079242936132439,-0.2155389553103255,-0.0896495942638568,-0.2003647964998135,-0.2494401257041608,-0.2370506656556054,0.0695218019567879,1.0,0.0,0.0,1.0,0.0,0.0,0.0,0.0,0.0,1.0
window_10_0pct::Cyzr9kw9TBsMECR02,window_10_0pct,1784126049.513586,0,0.2535888718096003,0.5621222383716541,0.1509191217745788,0.1914226480648689,0.130614192365653,-0.2487754186163187,-0.2368799865816401,0.1681496353695357,1.0,0.0,0.0,1.0,0.0,0.0,0.0,0.0,0.0,1.0
window_10_0pct::COvCrY2ahYsHZRFoF8,window_10_0pct,1784125551.463905,0,-0.2460265187556132,-0.3698493827747943,-0.7379063557416712,-0.4058558668836733,-0.684103318687803,-0.2497985998628026,-0.237029310595048,-0.6040302242810942,1.0,0.0,0.0,0.0,1.0,0.0,0.0,0.0,0.0,1.0
window_10_0pct::C6EzSM1XkpTIyFMNn7,window_10_0pct,1784124104.393526,0,0.3876200087336292,-0.0794297506646855,0.8125193475516905,0.2616907086470503,0.6907324812149042,-0.249534733789408,-0.2369040804427098,-0.4660833966764853,1.0,0.0,0.0,1.0,0.0,0.0,0.0,0.0,0.0,1.0
window_10_0pct::CdL0E43Gae3Kk3jyp9,window_10_0pct,1784125973.435912,0,-0.389350480119754,-0.3698493827747943,-0.7379063557416712,-0.4058558668836733,-0.684103318687803,-0.2497985998628026,-0.184401572307237,-0.6040302242810942,1.0,0.0,0.0,0.0,1.0,0.0,0.0,0.0,0.0,1.0
window_10_0pct::C2H7GhohAYaiKEVf7,window_10_0pct,1784124963.335047,0,0.174911724341458,0.247709605045552,-0.1267817468430367,-0.0193815336816754,-0.0985251076181314,-0.2490261269533784,-0.2369422464669031,0.1401467603743604,1.0,0.0,0.0,1.0,0.0,0.0,0.0,0.0,0.0,1.0
window_10_0pct::CYTsae1kCHVYskUZRa,window_10_0pct,1784125042.016319,0,0.2935526552812051,-0.275546456256282,-0.5573540544579261,-0.3004537760104012,-0.480423940924439,-0.2497011232844654,-0.2370924350897739,-0.2194263077650056,1.0,0.0,0.0,1.0,0.0,0.0,0.0,0.0,0.0,1.0
window_10_0pct::CaX5KaI7SIq3FqDce,window_10_0pct,1784124279.372687,0,-0.388502697573145,-0.0982068820511149,-0.2946726560141671,-0.2126187002826743,-0.276744563161075,-0.091278641615106,-0.1779047213987763,-0.1527079286041282,1.0,0.0,0.0,1.0,0.0,0.0,0.0,0.0,0.0,1.0
window_10_0pct::CZKFnG4xtdgeyHayMb,window_10_0pct,1784124090.591082,0,-0.3853273133984314,-0.100501864776123,-0.5306291697638502,-0.2477527305737651,-0.4549640187040185,-0.2064231171681966,-0.2229900585273025,0.3528545006392568,1.0,0.0,0.0,1.0,0.0,0.0,0.0,0.0,0.0,1.0
window_10_0pct::CNJZ1F22zDHuq28pFa,window_10_0pct,1784125153.555948,0,0.0992472174582859,-0.0982068820511149,-0.3338040054628856,-0.1774846699915836,-0.276744563161075,-0.2494062360900466,-0.2369961807930302,-0.1090063216737296,1.0,0.0,0.0,1.0,0.0,0.0,0.0,0.0,0.0,1.0
window_10_0pct::CkkcSz4EpkHSkIQEhj,window_10_0pct,1784125460.660595,0,0.7791611870629824,-0.0938255513942814,-0.2689462368054819,-0.1247836245549475,-0.2003647964998135,-0.2496318200441553,-0.2370806023054515,-0.170585568973116,1.0,0.0,0.0,1.0,0.0,0.0,0.0,0.0,0.0,1.0
window_10_0pct::CM2ADJ15qJ2l4pirQ,window_10_0pct,1784124375.798524,0,-0.3868996225069216,-0.0047384947053328,-0.1931265917552777,-0.1072166094094022,-0.1494449520589724,-0.1581410808776323,-0.2014737841017335,-0.1104820625893071,1.0,0.0,0.0,1.0,0.0,0.0,0.0,0.0,0.0,1.0
window_10_0pct::CUcTrl40QfQqengJla,window_10_0pct,1784125523.311078,0,-0.3894432797278642,-0.3698493827747943,-0.7379063557416712,-0.4058558668836733,-0.684103318687803,-0.2497985998628026,-0.1662458458395183,-0.6040302242810942,1.0,0.0,0.0,0.0,1.0,0.0,0.0,0.0,0.0,1.0
window_10_0pct::CvPzZJ3kjfBtXWpxqf,window_10_0pct,1784125357.409221,0,0.3911957880425182,0.1757306013975725,-0.4438476483208453,-0.1599176548460383,-0.3531243298223365,-0.2493051729743284,-0.2370522042832807,0.76223705536399,1.0,0.0,0.0,1.0,0.0,0.0,0.0,0.0,0.0,1.0
window_10_0pct::Cs8hHsJR6j8xrzxcl,window_10_0pct,1784124630.867235,0,-0.2664535454343555,-0.3698493827747943,-0.7379063557416712,-0.4058558668836733,-0.684103318687803,-0.2497985998628026,-0.2370072528472492,-0.6040302242810942,1.0,0.0,0.0,0.0,1.0,0.0,0.0,0.0,0.0,1.0
window_10_0pct::CUlJKf3OKA4SQacTwi,window_10_0pct,1784124656.125179,0,0.2975299079205674,-0.1165667438511793,-0.408242793990741,-0.195051685137129,-0.327664407601916,-0.249538308443085,-0.2370510980867792,-0.0382481976632061,1.0,0.0,0.0,1.0,0.0,0.0,0.0,0.0,0.0,1.0
window_10_0pct::C4vmK93nvCdfcpY259,window_10_0pct,1784124308.633524,0,-0.389511750530397,-0.1895889214650716,-0.4767545214457448,-0.2477527305737651,-0.429504096483598,0.3829386634769847,0.071748683599437,-0.0957365241211927,1.0,0.0,0.0,1.0,0.0,0.0,0.0,0.0,0.0,1.0
window_10_0pct::CRdtKg3g2Vw9ZYNmYd,window_10_0pct,1784125975.756134,0,0.3123226437027663,-0.2790932477403853,-0.5815509095187786,-0.3004537760104012,-0.480423940924439,-0.2497072976031729,-0.2370943059752056,-0.1766183016879016,1.0,0.0,0.0,1.0,0.0,0.0,0.0,0.0,0.0,1.0
window_10_0pct::C409M72nSteLL6pak9,window_10_0pct,1784125603.448343,0,-0.3890759457217594,-0.275546456256282,-0.5573540544579261,-0.3004537760104012,-0.5058838631448596,-0.1452440869549403,-0.1621065109260469,-0.2194263077650056,1.0,0.0,0.0,1.0,0.0,0.0,0.0,0.0,0.0,1.0
window_10_0pct::CVWouU2rlAbnF5jKOf,window_10_0pct,1784124395.171343,0,-0.3892365969701717,-0.275546456256282,-0.6106338722740966,-0.3180207911559465,-0.53134378536528,-0.1099833275987693,-0.146830920666034,-0.0584472318934518,1.0,0.0,0.0,1.0,0.0,0.0,0.0,0.0,0.0,1.0
window_10_0pct::CMLkG4ChctDvP6Jh,window_10_0pct,1784125605.898909,0,0.0721808608050361,-0.3698493827747943,-0.7379063557416712,-0.4058558668836733,-0.684103318687803,-0.2497985998628026,-0.2371210052875097,-0.6040302242810942,1.0,0.0,0.0,0.0,1.0,0.0,0.0,0.0,0.0,1.0
window_10_0pct::CPwQPjlP0XsNRvqv,window_10_0pct,1784126046.184609,0,-0.38893455255376,-0.1891716518787065,1.1531235417489236,0.3846598146658678,0.9453317034191092,-0.0858664848295361,0.0638072470875076,-0.5336672789531058,1.0,0.0,0.0,1.0,0.0,0.0,0.0,0.0,0.0,1.0
window_10_0pct::C1FNJm3JQYiC2azV9g,window_10_0pct,1784124160.056075,0,0.1993576583323849,0.4613516332644827,0.1104918915895021,0.1738556329193235,0.1560741145860735,-0.2488020400370197,-0.2368621024443397,0.1174726820054234,1.0,0.0,0.0,1.0,0.0,0.0,0.0,0.0,0.0,1.0
window_10_0pct::CGSzgx2RWmWUNTxmwl,window_10_0pct,1784124380.591881,0,0.7576119288413234,0.5362515240170179,0.9461012831290748,0.49006190553914,0.8689519367578475,-0.2492408302879364,-0.236933213399407,-0.2077798495960446,1.0,0.0,0.0,1.0,0.0,0.0,0.0,0.0,0.0,1.0
window_10_0pct::C8MFM73eWzJE1JAmf9,window_10_0pct,1784124571.911296,0,-0.2840524738984713,-0.0975809776715673,-0.3188695110750196,-0.1599176548460383,-0.276744563161075,-0.2479786923197309,-0.236347908658446,-0.1255481454701101,1.0,0.0,0.0,1.0,0.0,0.0,0.0,0.0,0.0,1.0
window_10_0pct::CazhSi1M6xLgl018T3,window_10_0pct,1784125115.475895,0,0.2818439452190776,-0.0894442207374478,-0.3040837243126374,-0.195051685137129,-0.276744563161075,-0.2495037045588632,-0.2370484981068681,-0.1280431161693541,1.0,0.0,0.0,1.0,0.0,0.0,0.0,0.0,0.0,1.0
window_10_0pct::C6uaV64s9GXfD3To46,window_10_0pct,1784126046.160562,0,-0.3886779525100303,-0.0967464384988371,-0.5155459677505005,-0.2653197457193104,-0.4549640187040185,-0.0634402494070923,-0.1817290835611409,0.3003897097775836,1.0,0.0,0.0,1.0,0.0,0.0,0.0,0.0,0.0,1.0
window_10_0pct::CPiPhG37a8k4Jb3OQ9,window_10_0pct,1784125806.170207,0,0.027872255833325,-0.180617625358222,-0.454278426051204,-0.2126187002826743,-0.378584252042757,-0.2494785529953529,-0.2369906673948268,-0.1127207299657045,1.0,0.0,0.0,1.0,0.0,0.0,0.0,0.0,0.0,1.0
window_10_0pct::CnjASk4TVJCkx35j7c,window_10_0pct,1784124502.869107,0,-0.3814519236212096,0.2854725026115935,0.636385787139462,0.2265566783559596,0.5634328701128016,-0.1937731994032014,-0.2140120628530518,-0.2528649591806512,1.0,0.0,0.0,1.0,0.0,0.0,0.0,0.0,0.0,1.0
window_10_0pct::C0oO2a4hdprrqQ2HS2,window_10_0pct,1784125673.762606,0,-0.388901534126533,-0.1916752693968971,1.1531235417489236,0.3495257843747771,0.9453317034191092,-0.0947163544060678,0.0397755897895445,-0.5346422851239325,1.0,0.0,0.0,1.0,0.0,0.0,0.0,0.0,0.0,1.0
window_10_0pct::C9n8AG1u8SSXuzntee,window_10_0pct,1784124251.712667,0,1.044024132238341,0.5437623765715898,0.6826763465578971,0.3495257843747771,0.6143527145536426,-0.2493485539414889,-0.237005677075386,-0.1304088203905367,1.0,0.0,0.0,1.0,0.0,0.0,0.0,0.0,0.0,1.0
window_10_0pct::CPAYgb2zDO9XublHG1,window_10_0pct,1784125003.143631,0,2.03694110259938,0.2781702848502043,0.1472014311374856,0.1211545874826874,0.232453881247335,-0.2496099984298472,-0.2370954210819226,-0.0648620380877391,1.0,0.0,0.0,1.0,0.0,0.0,0.0,0.0,0.0,1.0
window_10_0pct::CPDXnn1FdrijAY2atg,window_10_0pct,1784124869.693029,0,-0.3885719583412823,-0.2818055000517585,-0.5573540544579261,-0.3180207911559465,-0.5058838631448596,-0.1953008265269845,-0.1994495646569137,-0.24495311638333,1.0,0.0,0.0,1.0,0.0,0.0,0.0,0.0,0.0,1.0
window_10_0pct::CR9wTF1LaToeMaK0Ag,window_10_0pct,1784125047.581772,0,0.2532465177969359,0.2049394724431294,-0.0122556312740675,0.0333195117549606,-0.0221453409568699,-0.2491672219171403,-0.2369467615733189,-0.0207051456589515,1.0,0.0,0.0,1.0,0.0,0.0,0.0,0.0,0.0,1.0
window_10_0pct::CYQVFk4IFK3Xmhttu2,window_10_0pct,1784124625.787232,0,0.7532873155153978,0.0962407451950211,1.542312641586341,0.5427629509757761,1.2763106922845755,-0.2495106026797379,-0.23691979728644,-0.4534971416081907,1.0,0.0,0.0,1.0,0.0,0.0,0.0,0.0,0.0,1.0
window_10_0pct::CXFScF4Ejofo1aJokc,window_10_0pct,1784124606.743958,0,-0.3897118893838248,-0.3631730693929528,-0.7368866463097827,-0.4585569123203094,-0.7095632409082235,4.167176192518054,4.24157319930013,4.119297628905474,0.0,1.0,1.0,0.0,0.0,0.0,0.0,0.0,0.0,1.0
window_10_0pct::Cm2KlP3zq4LnlnJPB1,window_10_0pct,1784125551.463318,0,-0.2460197613471313,-0.2738773779108216,-0.5940211061129143,-0.3355878063014919,-0.53134378536528,-0.2493268920888791,-0.236896223712636,-0.1128884975925367,1.0,0.0,0.0,1.0,0.0,0.0,0.0,0.0,0.0,1.0
window_10_0pct::CzDhNh2qEijdamlWEf,window_10_0pct,1784126046.149143,0,-0.3891007335614041,-0.0917392034624559,-0.5306291697638502,-0.2653197457193104,-0.4549640187040185,0.0710289610702663,-0.1434486744918813,0.3839847550518475,1.0,0.0,0.0,1.0,0.0,0.0,0.0,0.0,0.0,1.0
window_10_0pct::CaZFap4MbZL20NZjT9,window_10_0pct,1784124933.101601,0,1.350259604412814,0.1936731936112717,0.3082942774293598,0.1035875723371421,0.334293570129017,-0.2495698643540045,-0.2370717316835847,-0.2073594723968875,1.0,0.0,0.0,1.0,0.0,0.0,0.0,0.0,0.0,1.0
window_10_0pct::CDfCJv4Tgj5XNpiLEi,window_10_0pct,1784124887.291828,0,0.3041106523378097,-0.0785952114919553,-0.4800473331528845,-0.2301857154282197,-0.4040441742631775,-0.2495021250868804,-0.2370659358704769,0.2277272270878766,1.0,0.0,0.0,1.0,0.0,0.0,0.0,0.0,0.0,1.0
window_10_0pct::CyE2ebfL0V2TzxpZb,window_10_0pct,1784124116.328811,0,0.2342457953675879,0.1746874274316597,0.2134188123707405,0.1211545874826874,0.2069939590269145,-0.2491822376134466,-0.2369018816846207,-0.1824975778327233,1.0,0.0,0.0,1.0,0.0,0.0,0.0,0.0,0.0,1.0
window_10_0pct::CjRZ5z4VdX1jhzhHu6,window_10_0pct,1784124726.847454,0,-0.3885253823962479,-0.2784673433608376,-0.5573540544579261,-0.3004537760104012,-0.5058838631448596,-0.1954529672371685,-0.1969026648428474,-0.231338818453557,1.0,0.0,0.0,1.0,0.0,0.0,0.0,0.0,0.0,1.0
window_10_0pct::C2uYzI1jbFF401XzEk,window_10_0pct,1784125186.183887,0,0.0393219959549092,-0.0888183163579002,-0.3328692718169879,-0.1423506397004929,-0.3022044853814955,-0.2493359778159766,-0.2369506749173767,-0.0930790253938265,1.0,0.0,0.0,1.0,0.0,0.0,0.0,0.0,0.0,1.0
window_10_0pct::CZL5uP2d8rXzC244wc,window_10_0pct,1784125738.934104,0,0.3902764495574341,-0.1013364039488532,0.4287262101246828,0.0860205571915967,0.334293570129017,-0.2495554683526407,-0.2369662578054258,-0.4345316944511323,1.0,0.0,0.0,1.0,0.0,0.0,0.0,0.0,0.0,1.0
window_10_0pct::C6PZGmb3Zo9teIC3c,window_10_0pct,1784124679.420547,0,-0.3880730203355478,-0.2818055000517585,-0.5573540544579261,-0.3004537760104012,-0.5058838631448596,-0.2118813521723681,-0.2080079609993652,-0.24495311638333,1.0,0.0,0.0,1.0,0.0,0.0,0.0,0.0,0.0,1.0
window_10_0pct::Cfc37SOHrFFROn8D8,window_10_0pct,1784126014.331607,0,-0.3889609096494029,-0.2790932477403853,1.1454757210097604,0.2792577237925956,0.9198717811986884,-0.1645680027075572,0.0362103347232291,-0.5685427314750969,1.0,0.0,0.0,1.0,0.0,0.0,0.0,0.0,0.0,1.0
window_10_0pct::CAorw21dV4vBwOvXxj,window_10_0pct,1784124676.240558,0,1.0657238682324517,0.3576601410527556,0.759048334217041,0.296824738938141,0.6652725589944836,-0.2494455711792227,-0.2370178689457654,-0.2461262497672256,1.0,0.0,0.0,1.0,0.0,0.0,0.0,0.0,0.0,1.0
window_10_0pct::CNLSIU1hELqBh9gX64,window_10_0pct,1784125391.466166,0,-0.3897120388367771,-0.3631730693929528,-0.7368866463097827,-0.4585569123203094,-0.7095632409082235,4.886218600580054,4.970669693836692,4.119297628905474,0.0,1.0,1.0,0.0,0.0,0.0,0.0,0.0,0.0,1.0
window_10_0pct::C7G4oF1r3qWCSThtNj,window_10_0pct,1784124727.090687,0,-0.3413701043429932,0.2696162583297197,1.5970795356573488,0.49006190553914,1.352690458945837,-0.2404563901796564,-0.2317228683688662,-0.4023461253404381,1.0,0.0,0.0,1.0,0.0,0.0,0.0,0.0,0.0,1.0
window_10_0pct::CkpYzm3SYJj9JUdTCk,window_10_0pct,1784123997.782596,0,-0.0566478615534861,-0.27784143898129,-0.5573540544579261,-0.3355878063014919,-0.5058838631448596,-0.2496034982440567,-0.2370475701096721,-0.2287861375917246,1.0,0.0,0.0,1.0,0.0,0.0,0.0,0.0,0.0,1.0
window_10_0pct::CEFmIHmwIjYZyj0Ba,window_10_0pct,1784124393.274179,0,-0.037862031118991,0.549186881194336,0.4911196809883561,0.2265566783559596,0.4615931812311196,-0.2479538451874726,-0.2366188679038888,-0.0533408270100246,1.0,0.0,0.0,1.0,0.0,0.0,0.0,0.0,0.0,1.0
window_10_0pct::CF2XWm3cV4TRPWCOW5,window_10_0pct,1784123994.066884,0,-0.0090222977604772,-0.188963017085524,-0.4667486226453396,-0.2653197457193104,-0.4040441742631775,-0.2494630181536225,-0.237011700397158,-0.1127916393150617,1.0,0.0,0.0,1.0,0.0,0.0,0.0,0.0,0.0,1.0
window_10_0pct::CVrlqR3UGBY9H8Wrld,window_10_0pct,1784125737.505951,0,0.828796807661498,0.6265903894650618,0.8890187988898204,0.4724948903935946,0.8434920145374271,-0.2492210536912098,-0.2369505267417104,-0.1529846087175735,1.0,0.0,0.0,1.0,0.0,0.0,0.0,0.0,0.0,1.0
window_10_0pct::CJSojF4agxqBWrkJ2a,window_10_0pct,1784123915.491411,0,1.1849973694676283,0.4440349454303311,0.3309828122888774,0.2792577237925956,0.3597534923494376,-0.2494335714417341,-0.2370318531442934,-0.0432869990838661,1.0,0.0,0.0,1.0,0.0,0.0,0.0,0.0,0.0,1.0
window_10_0pct::C8Y9Gr2Z5rUJ9yjYnb,window_10_0pct,1784126046.156865,0,-0.3891825056766835,-0.2767982650153773,-0.5573540544579261,-0.3180207911559465,-0.5058838631448596,-0.125907301475183,-0.1560422238746154,-0.2245316694886705,1.0,0.0,0.0,1.0,0.0,0.0,0.0,0.0,0.0,1.0
window_10_0pct::CJxy1q1eGuhhcmc4W1,window_10_0pct,1784125529.109067,0,-0.3140129549455907,-0.27784143898129,-0.6106338722740966,-0.3180207911559465,-0.53134378536528,-0.2489401911762908,-0.2365939780111081,-0.0717246940975759,1.0,0.0,0.0,1.0,0.0,0.0,0.0,0.0,0.0,1.0
window_10_0pct::C6q78J1DLyK1CuVuSk,window_10_0pct,1784124296.983869,0,-0.2747488674953788,0.4703229293713323,0.3577076969829533,0.2441236935015049,0.3088336479085966,-0.2446371604846851,-0.2354572955206712,-0.0392948307359376,1.0,0.0,0.0,1.0,0.0,0.0,0.0,0.0,0.0,1.0
window_10_0pct::C0uodV2S52gfkRwdd7,window_10_0pct,1784125569.451856,0,-0.3892558550505848,-0.2767982650153773,-0.5573540544579261,-0.3355878063014919,-0.5058838631448596,-0.1060269420267761,-0.1534848722804699,-0.2245316694886705,1.0,0.0,0.0,1.0,0.0,0.0,0.0,0.0,0.0,1.0
window_10_0pct::CaVsBi2UcFRnXbhEMa,window_10_0pct,1784123928.024553,0,0.4862941960618013,-0.1883371127059763,-0.4752249572979122,-0.2653197457193104,-0.378584252042757,-0.2496522598781143,-0.2370969153977198,-0.0951867563515308,1.0,0.0,0.0,1.0,0.0,0.0,0.0,0.0,0.0,1.0
window_10_0pct::CYjGkR3j4uwotSmxwe,window_10_0pct,1784125607.295958,0,0.1174076833646896,0.1740615230521121,0.0869111109770822,0.0333195117549606,0.1051542701452325,-0.2490411024583105,-0.2368889973491012,-0.1184048299440255,1.0,0.0,0.0,1.0,0.0,0.0,0.0,0.0,0.0,1.0
window_10_0pct::C2pjWA4bUQzMyUUS,window_10_0pct,1784124525.061786,0,0.1799344324071458,1.0319677926187556,1.5792771084922963,0.8062681781589565,1.403610303386678,-0.2480605992119281,-0.2365497089282656,-0.1585077352503762,1.0,0.0,0.0,1.0,0.0,0.0,0.0,0.0,0.0,1.0
window_10_0pct::ClJLLN1vZvCH9sTOmd,window_10_0pct,1784125150.141559,0,0.5516309274860342,0.1093847371655217,-0.0647706670163216,-0.0193815336816754,-0.0476052631772904,-0.249439045887526,-0.2370303543630491,-0.0797372178236868,1.0,0.0,0.0,1.0,0.0,0.0,0.0,0.0,0.0,1.0
window_10_0pct::Cv4jpc4Evs9J92Oit9,window_10_0pct,1784124998.19739,0,-0.3048744406786333,-0.0155875039508253,0.0315281424576419,-0.0369485488272207,0.0033145812635505,-0.2468494555376848,-0.2357535143316448,-0.2649648563551997,1.0,0.0,0.0,1.0,0.0,0.0,0.0,0.0,0.0,1.0
window_10_0pct::C1sxa7URyIlLyicM4,window_10_0pct,1784126000.684685,0,-0.3755538162383869,-0.3698493827747943,-0.7379063557416712,-0.4058558668836733,-0.684103318687803,-0.2497985998628026,-0.2358117221767654,-0.6040302242810942,1.0,0.0,0.0,0.0,1.0,0.0,0.0,0.0,0.0,1.0
window_10_0pct::CZqyMf1sGrZeuXLQie,window_10_0pct,1784124840.681277,0,-0.3887825482261539,-0.1812435297377696,-0.4767545214457448,-0.2477527305737651,-0.429504096483598,-0.1066305587815699,-0.1703585606672801,-0.072204408373049,1.0,0.0,0.0,1.0,0.0,0.0,0.0,0.0,0.0,1.0
window_10_0pct::CYsKzG47nt1jiFEcyd,window_10_0pct,1784125449.778548,0,0.91891506968084,0.6393171118491974,0.6163315016456562,0.3846598146658678,0.6143527145536426,-0.2492539576793314,-0.2369833857920128,-0.0552433483853268,1.0,0.0,0.0,1.0,0.0,0.0,0.0,0.0,0.0,1.0
window_10_0pct::CIsW6RHn2e8igrVac,window_10_0pct,1784125554.849397,0,0.2001469193729938,0.1609175310816114,0.1539782500702441,0.0860205571915967,0.130614192365653,-0.2491630938607701,-0.236903032071114,-0.1657746113788392,1.0,0.0,0.0,1.0,0.0,0.0,0.0,0.0,0.0,1.0
window_10_0pct::Cgd8iD2xZIXV703TQa,window_10_0pct,1784125397.543135,0,0.1714505113956472,0.2491700485978299,0.0528783086878058,0.0684535420460513,0.0542344257043915,-0.2490195243385475,-0.2368982882305161,-0.0275597967459844,1.0,0.0,0.0,1.0,0.0,0.0,0.0,0.0,0.0,1.0
window_10_0pct::C0Mz5C16sYwDyJ8Ff6,window_10_0pct,1784126028.753797,0,-0.3886547125759619,-0.187085303946881,-0.4767545214457448,-0.2477527305737651,-0.429504096483598,-0.1278239552597764,-0.1784284489535898,-0.0886768893967496,1.0,0.0,0.0,1.0,0.0,0.0,0.0,0.0,0.0,1.0
window_10_0pct::Cp95P41d8qasgrHTe,window_10_0pct,1784124334.4055,0,0.2239432240815173,-0.1858334951877857,-0.4682781867931723,-0.2477527305737651,-0.378584252042757,-0.2495868150188974,-0.2370611238309135,-0.1014579818073461,1.0,0.0,0.0,1.0,0.0,0.0,0.0,0.0,0.0,1.0
window_10_0pct::CcIj3ZHWnMaY5bEU9,window_10_0pct,1784124409.622363,0,0.3182796355487587,0.2946524335116257,0.3398415379784081,0.1211545874826874,0.283373725688176,-0.2491357241183189,-0.2369328045992186,-0.1499703905636657,1.0,0.0,0.0,1.0,0.0,0.0,0.0,0.0,0.0,1.0
window_10_0pct::CnvGId17K2M2s1X3nj,window_10_0pct,1784124184.857359,0,0.6688167311070327,0.7334114035745272,1.062241938631867,0.5251959358302307,0.9453317034191092,-0.249062494793556,-0.2369049535906763,-0.1526864769751047,1.0,0.0,0.0,1.0,0.0,0.0,0.0,0.0,0.0,1.0
window_10_0pct::CZBOBN2Vho64oTczj6,window_10_0pct,1784125573.183082,0,-0.3889412565861876,-0.0917392034624559,-0.5306291697638502,-0.2477527305737651,-0.4549640187040185,0.0047278235143571,-0.1566196401127209,0.3839847550518475,1.0,0.0,0.0,1.0,0.0,0.0,0.0,0.0,0.0,1.0
window_10_0pct::C9L95ksGPCMfWe0ic,window_10_0pct,1784125267.676681,0,-0.3892606055194228,-0.3698493827747943,-0.7379063557416712,-0.4058558668836733,-0.684103318687803,-0.2497985998628026,-0.1948842619872488,-0.6040302242810942,1.0,0.0,0.0,0.0,1.0,0.0,0.0,0.0,0.0,1.0
window_10_0pct::Cxnbg73IMGXXiEIW41,window_10_0pct,1784125161.764344,0,-0.3852942309199391,0.4567616678144666,-0.6461112629252148,0.050886526900506,-0.174904874279393,-0.1176785267378679,-0.2047018451871675,6.0261281425191,1.0,0.0,0.0,0.0,0.0,1.0,0.0,0.0,0.0,1.0
window_10_0pct::CRzSbb4uRMcXCdrCV1,window_10_0pct,1784125464.033528,0,0.7268505187481121,0.1811551060203187,0.3522055148400553,0.1387216026282328,0.334293570129017,-0.2494500728942559,-0.2370125393719764,-0.2317943197252744,1.0,0.0,0.0,1.0,0.0,0.0,0.0,0.0,0.0,1.0
window_10_0pct::CgDHHcI5DCoUc3mYc,window_10_0pct,1784124525.061099,0,0.179941915729967,0.4703229293713323,2.0801456350679945,0.7535671327223203,1.7600492144725652,-0.2487569513021519,-0.236574896142226,-0.3844674312293132,1.0,0.0,0.0,1.0,0.0,0.0,0.0,0.0,0.0,1.0
window_10_0pct::C75TNT3B5NVbYwVVY,window_10_0pct,1784125344.746858,0,-0.3877952086478154,-0.3698493827747943,-0.7379063557416712,-0.4058558668836733,-0.684103318687803,-0.2497985998628026,-0.2271899963817212,-0.6040302242810942,1.0,0.0,0.0,0.0,1.0,0.0,0.0,0.0,0.0,1.0
window_10_0pct::Cc7NlM330lrxB47Crb,window_10_0pct,1784124533.134912,0,-0.3882832792888823,-0.1891716518787065,1.1531235417489236,0.3670927995203225,0.9453317034191092,-0.1605438824322953,-0.0766402451676641,-0.5336672789531058,1.0,0.0,0.0,1.0,0.0,0.0,0.0,0.0,0.0,1.0
window_10_0pct::CD8r6A3xhYRUZrIEFg,window_10_0pct,1784125165.315439,0,-0.3870742689567872,-0.1858334951877857,1.1531235417489236,0.3495257843747771,0.9453317034191092,-0.2005456828613594,-0.1520012216923129,-0.5323672707253371,1.0,0.0,0.0,1.0,0.0,0.0,0.0,0.0,0.0,1.0
window_10_0pct::CkfedvGvik9ebeEN3,window_10_0pct,1784125030.184325,0,-0.367008811670279,-0.2811795956722108,-0.5940211061129143,-0.3355878063014919,-0.53134378536528,-0.2470403400059603,-0.2354777327151623,-0.1502579767971009,1.0,0.0,0.0,1.0,0.0,0.0,0.0,0.0,0.0,1.0
window_10_0pct::Ca1nJuSMdeWN6xYGl,window_10_0pct,1784125043.17925,0,-0.3888937091969638,-0.1891716518787065,1.1531235417489236,0.2616907086470503,0.9453317034191092,-0.0940392728638491,0.0079503632738917,-0.5336672789531058,1.0,0.0,0.0,1.0,0.0,0.0,0.0,0.0,0.0,1.0
window_10_0pct::C55W0N1QP7o3HZg8Wc,window_10_0pct,1784125732.978567,0,-0.3354945216551104,-0.3698493827747943,-0.7379063557416712,-0.4058558668836733,-0.684103318687803,-0.2497985998628026,-0.2368096779640783,-0.6040302242810942,1.0,0.0,0.0,0.0,1.0,0.0,0.0,0.0,0.0,1.0
window_10_0pct::CEG3Gq3XagKuZrQcvf,window_10_0pct,1784125238.448535,0,0.5416101497413511,-0.2767982650153773,-0.5955506702607468,-0.3180207911559465,-0.53134378536528,-0.2497280354250392,-0.2371162065869445,-0.1227205084148451,1.0,0.0,0.0,1.0,0.0,0.0,0.0,0.0,0.0,1.0
window_10_0pct::CxyfvC0J8NMlXxaWb,window_10_0pct,1784124876.019467,0,0.1279977380795426,0.0025637230560564,1.3711714086010662,0.3670927995203225,1.1235511589620526,-0.2492905545035635,-0.2367191219816537,-0.4739921153093214,1.0,0.0,0.0,1.0,0.0,0.0,0.0,0.0,0.0,1.0
window_10_0pct::CtJmCXTdFPtbVAkud,window_10_0pct,1784125038.573026,0,-0.3869512691771203,-0.1837471472559602,-0.4767545214457448,-0.2653197457193104,-0.429504096483598,-0.2022057523911592,-0.2163875280620988,-0.0792640430974921,1.0,0.0,0.0,1.0,0.0,0.0,0.0,0.0,0.0,1.0
window_10_0pct::CaHcyh1q2Tp5wS60Zk,window_10_0pct,1784125630.697398,0,-0.149786887993272,0.5341651760851924,0.5380688027482192,0.3495257843747771,0.5125130256719606,-0.2471374909121957,-0.2362258139759468,-0.082272807294103,1.0,0.0,0.0,1.0,0.0,0.0,0.0,0.0,0.0,1.0
window_10_0pct::CzT27f22euEk3tPAW,window_10_0pct,1784124690.30474,0,-0.3892562286829654,-0.2749205518767343,-0.5573540544579261,-0.3180207911559465,-0.5058838631448596,-0.1030057326012906,-0.1429481698975781,-0.2168736269031731,1.0,0.0,0.0,1.0,0.0,0.0,0.0,0.0,0.0,1.0
window_10_0pct::CxkCkA4nUlHiwmJF4e,window_10_0pct,1784124722.053562,0,-0.3660567750142941,-0.0030694163598724,-0.1492153543445822,-0.1247836245549475,-0.1494449520589724,-0.2388483097599312,-0.2331202152503408,-0.1452072099628416,1.0,0.0,0.0,1.0,0.0,0.0,0.0,0.0,0.0,1.0
window_10_0pct::CGQsVF2NDPR8zzJ2t1,window_10_0pct,1784125663.933698,0,0.2172277585030708,0.0075709580924376,-0.3585532031326777,-0.1247836245549475,-0.327664407601916,-0.2493594187046634,-0.2370048610101207,0.1286254906546323,1.0,0.0,0.0,1.0,0.0,0.0,0.0,0.0,0.0,1.0
window_05_12pct::C9rrJd1iPTICePESgg,window_05_12pct,1783707882.510192,1,-0.07708607585322218,-0.32603607620645897,-0.7379063557416712,-0.35315482144703725,-0.6077235520265416,-0.24969962056193337,-0.23705535582052947,1518.2410825660247,1.0,0.0,0.0,1.0,0.0,0.0,0.0,1.0,0.0,0.0
window_10_0pct::CZ4oltPCeqklJDcd8,window_10_0pct,1784125580.716406,0,-0.3326939868349556,-0.2790932477403853,-0.5815509095187786,-0.3355878063014919,-0.5058838631448596,-0.248674457553719,-0.2364915953949247,-0.1766183016879016,1.0,0.0,0.0,1.0,0.0,0.0,0.0,0.0,0.0,1.0
window_10_0pct::CTSTbD2yrSv8gnHFi9,window_10_0pct,1784125580.834068,0,-0.3339499253940438,-0.3698493827747943,-0.7379063557416712,-0.4058558668836733,-0.684103318687803,-0.2497985998628026,-0.2368194483901606,-0.6040302242810942,1.0,0.0,0.0,0.0,1.0,0.0,0.0,0.0,0.0,1.0
window_10_0pct::CCXsKqqoez8j2uYM2,window_10_0pct,1784124928.523167,0,0.7424176663525969,0.1993063330272005,0.3446851577798781,0.1738556329193235,0.3088336479085966,-0.2494435419194551,-0.2370061538620881,-0.2168611876702822,1.0,0.0,0.0,1.0,0.0,0.0,0.0,0.0,0.0,1.0
window_10_0pct::CTkeRD280wO0sPw1bd,window_10_0pct,1784125282.725532,0,0.9639537950249292,1.006305713057302,1.4220294165165015,0.7711341478678657,1.2508507700641551,-0.2490806067310193,-0.2369116383242813,-0.1348227402324094,1.0,0.0,0.0,1.0,0.0,0.0,0.0,0.0,0.0,1.0
window_10_0pct::C0AKoz28xH69dkVS8l,window_10_0pct,1784125477.502852,0,0.2572862310951102,0.7054543412880656,0.8339120016748498,0.4373608601025039,0.7671122478761656,-0.2486248053266203,-0.2367781444058142,-0.1002216200732388,1.0,0.0,0.0,1.0,0.0,0.0,0.0,0.0,0.0,1.0
window_10_0pct::CLyAq9lq5Bf2jAMRi,window_10_0pct,1784125524.221677,0,-0.143383074521022,-0.0975809776715673,-0.3338040054628856,-0.1774846699915836,-0.276744563161075,-0.2490179706181203,-0.2368324481608524,-0.1078657136032058,1.0,0.0,0.0,1.0,0.0,0.0,0.0,0.0,0.0,1.0
window_10_0pct::CWjkR94Vhuc4Cyj99f,window_10_0pct,1784124726.679665,0,-0.2053721985935435,-0.3698493827747943,-0.7379063557416712,-0.4058558668836733,-0.684103318687803,-0.2497985998628026,-0.2370586641992374,-0.6040302242810942,1.0,0.0,0.0,0.0,1.0,0.0,0.0,0.0,0.0,1.0
window_10_0pct::CNz9mp2szZ6MDxVO9g,window_10_0pct,1784124896.020754,0,-0.3131972087068084,-0.0894442207374478,-0.2877258855094272,-0.1247836245549475,-0.2512846409406545,-0.2472103878747063,-0.2359126947883731,-0.1453378534874949,1.0,0.0,0.0,1.0,0.0,0.0,0.0,0.0,0.0,1.0
window_10_0pct::Cc2AOs3ctLRb6jW9V8,window_10_0pct,1784125974.812315,0,0.2275607434649157,-0.1864593995673333,-0.4682781867931723,-0.2653197457193104,-0.4040441742631775,-0.2495887723144449,-0.2370694629993714,-0.1031674112035154,1.0,0.0,0.0,1.0,0.0,0.0,0.0,0.0,0.0,1.0
window_10_0pct::CtzNNj18q17eLnEpx8,window_10_0pct,1784124844.412778,0,0.3139358175184745,0.6762454702425087,1.8524955043989024,0.736000117576775,1.5818297589296215,-0.2487486228308457,-0.2366935695789606,-0.3066288184993188,1.0,0.0,0.0,1.0,0.0,0.0,0.0,0.0,0.0,1.0
window_10_0pct::CcVC1n1TFxgMOnfD0h,window_10_0pct,1784125673.76272,0,-0.3889028151518376,-0.1895889214650716,-0.4767545214457448,-0.2477527305737651,-0.429504096483598,-0.0926523099770691,-0.1604414152392107,-0.0957365241211927,1.0,0.0,0.0,1.0,0.0,0.0,0.0,0.0,0.0,1.0
window_10_0pct::Cqnds41KnIjAqFEVD4,window_10_0pct,1784124383.182332,0,-0.389168948158876,-0.1895889214650716,-0.4767545214457448,-0.2653197457193104,-0.429504096483598,-0.0157752101565955,-0.1316976782228339,-0.0957365241211927,1.0,0.0,0.0,1.0,0.0,0.0,0.0,0.0,0.0,1.0
window_10_0pct::CObqCDqyCyJX8t8U8,window_10_0pct,1784125310.147039,0,-0.3896447102818075,-0.3698493827747943,-0.7379063557416712,-0.4058558668836733,-0.684103318687803,-0.2497985998628026,0.0430650643852101,-0.6040302242810942,1.0,0.0,0.0,0.0,1.0,0.0,0.0,0.0,0.0,1.0
window_10_0pct::Cj1RcB3xLGxRt2jeXi,window_10_0pct,1784124503.103462,0,0.5632284232012974,-0.3698493827747943,-0.7379063557416712,-0.3882888517381279,-0.6331834742469621,-0.2497985998628026,-0.2371373237481648,-0.6040302242810942,1.0,0.0,0.0,0.0,1.0,0.0,0.0,0.0,0.0,1.0
window_10_0pct::CH6iEl3TXuccISblhf,window_10_0pct,1784125431.160496,0,-0.3462497859334182,-0.1858334951877857,-0.4595469247826276,-0.2477527305737651,-0.4040441742631775,-0.246808411259515,-0.2357323514014467,-0.1172208932585603,1.0,0.0,0.0,1.0,0.0,0.0,0.0,0.0,0.0,1.0
window_10_0pct::Cv1ftEdRolqlHKUx,window_10_0pct,1784125895.353116,0,0.6287009753334544,0.3870776468914951,1.9197113511175483,0.7535671327223203,1.607289681150042,-0.2492736783745961,-0.2368337812145241,-0.3942808420028044,1.0,0.0,0.0,1.0,0.0,0.0,0.0,0.0,0.0,1.0
window_10_0pct::CAbPifIbnRVL1i681,window_10_0pct,1784124366.898537,0,-0.3893501278377952,-0.3698493827747943,-0.7379063557416712,-0.4058558668836733,-0.684103318687803,-0.2497985998628026,-0.1844527994357449,-0.6040302242810942,1.0,0.0,0.0,0.0,1.0,0.0,0.0,0.0,0.0,1.0
window_10_0pct::C8R7VT2PAvPWenMn4b,window_10_0pct,1784124451.003935,0,0.0772111269200212,0.0712045700131152,1.525997290676126,0.5076289206846853,1.2763106922845755,-0.2491314704128699,-0.2365889889348241,-0.4605565035698513,1.0,0.0,0.0,1.0,0.0,0.0,0.0,0.0,0.0,1.0
window_10_0pct::CzY7n729NdyorXaiBh,window_10_0pct,1784125867.745463,0,0.5690814384933969,0.2956956074775384,0.0590390531721318,0.0157524966094153,0.0542344257043915,-0.2493083509927494,-0.2370227845950425,0.010976586937412,1.0,0.0,0.0,1.0,0.0,0.0,0.0,0.0,0.0,1.0
window_10_0pct::C44XyL1PbHezxsTSFf,window_10_0pct,1784124514.773279,0,0.586592616724145,0.074959996290401,0.2132488607987591,0.1035875723371421,0.2069939590269145,-0.2494768244643899,-0.2370008030363642,-0.25963628599751,1.0,0.0,0.0,1.0,0.0,0.0,0.0,0.0,0.0,1.0
window_10_0pct::CuPIOV3HLi7dQGI8t4,window_10_0pct,1784125793.925196,0,-0.3870878478250164,-0.1082213521238773,-0.6512947858706477,-0.3004537760104012,-0.5568037075857005,-0.1794101197965887,-0.2189492822309439,1.6200195800569837,1.0,0.0,0.0,1.0,0.0,0.0,0.0,0.0,0.0,1.0
window_10_0pct::CjK9Jn3Nzf4S56R7fi,window_10_0pct,1784124072.961519,0,-0.3875725771250803,-0.1038400214670438,-0.3407507759676255,-0.1599176548460383,-0.3022044853814955,-0.1620236176264312,-0.1969543097628143,-0.110793188906163,1.0,0.0,0.0,1.0,0.0,0.0,0.0,0.0,0.0,1.0
window_10_0pct::CJuFnmULzPSCtauo3,window_10_0pct,1784124240.115353,0,0.0769957331902573,0.1062552152677835,0.1841658980434412,0.050886526900506,0.1560741145860735,-0.2490781211435624,-0.2368550783685847,-0.2237794799201222,1.0,0.0,0.0,1.0,0.0,0.0,0.0,0.0,0.0,1.0
window_10_0pct::CfN14q3vRxLtgG7X9j,window_10_0pct,1784124591.241476,0,-0.3892250357167974,-0.3698493827747943,-0.7379063557416712,-0.4058558668836733,-0.684103318687803,-0.2497985998628026,-0.197966369132149,-0.6040302242810942,1.0,0.0,0.0,0.0,1.0,0.0,0.0,0.0,0.0,1.0
window_10_0pct::Ca4MLR3pS4SjHlEu5g,window_10_0pct,1784125823.00662,0,0.3390562540331365,0.171766540327104,-0.0598420714288609,-0.00181451853613,-0.0476052631772904,-0.2492737125482635,-0.2369852744842016,-0.0157969264835988,1.0,0.0,0.0,1.0,0.0,0.0,0.0,0.0,0.0,1.0
window_10_0pct::CrhaYx2qiHdSXeyib1,window_10_0pct,1784124994.509732,0,0.0727954860709903,0.2464577962864567,-0.1145877215533709,-0.00181451853613,-0.0730651853977109,-0.2488574858695539,-0.2368832996162973,0.1241099134026685,1.0,0.0,0.0,1.0,0.0,0.0,0.0,0.0,0.0,1.0
window_10_0pct::CSKSf9gTTufjljYE8,window_10_0pct,1784125290.696771,0,-0.3887914833776537,-0.0032780511530549,1.2322572424527654,0.3670927995203225,1.0217114700803709,0.0311586890239562,0.0118897213381201,-0.4670070007120986,1.0,0.0,0.0,1.0,0.0,0.0,0.0,0.0,0.0,1.0
window_10_0pct::CmR0Nh3rRDiW98H7y3,window_10_0pct,1784124267.805428,0,-0.3871519097654591,-0.1756103903218408,-0.6610245133665831,-0.3355878063014919,-0.582263629806121,-0.1962333033025538,-0.2222274417690202,1.256065540001693,1.0,0.0,0.0,1.0,0.0,0.0,0.0,0.0,0.0,1.0
window_10_0pct::CU0J4h1okyBEcbPBmf,window_10_0pct,1784124974.350497,0,0.5190466397347454,0.106463850060966,-0.2187255472849768,-0.0720825791183115,-0.1494449520589724,-0.249428423821778,-0.2370414029345504,0.071584184669936,1.0,0.0,0.0,1.0,0.0,0.0,0.0,0.0,0.0,1.0
window_10_0pct::Ci0jzx2u478iEcPaKk,window_10_0pct,1784124438.45132,0,0.1186268458223239,0.2737889541933707,0.5098993296923013,0.2441236935015049,0.4615931812311196,-0.2489043632292381,-0.2367767881501707,-0.2241644139629507,1.0,0.0,0.0,1.0,0.0,0.0,0.0,0.0,0.0,1.0
window_10_0pct::CVn5kr3dbLMA6p9ix4,window_10_0pct,1784124068.554561,0,0.2790142563980313,0.2729544150206405,-0.3165751648532707,-0.0896495942638568,-0.225824718720234,-0.2491197181556581,-0.237005118380631,0.5194762586959322,1.0,0.0,0.0,1.0,0.0,0.0,0.0,0.0,0.0,1.0
window_10_0pct::CmG9P53ThJj38MuMud,window_10_0pct,1784124875.444896,0,0.5140540571141383,-0.0961205341192894,-0.4997404715562298,-0.2126187002826743,-0.378584252042757,-0.2495846910123653,-0.2370830563909388,0.242309916376399,1.0,0.0,0.0,1.0,0.0,0.0,0.0,0.0,0.0,1.0
window_08_22pct::CEhzrO1EiGRQCn0wC5,window_08_22pct,1783719128.498015,1,-0.389712882178436,-0.36984938277479434,-0.7379063557416712,-0.4585569123203094,-0.7095632409082235,-0.24979859986280267,63.744774865661626,-0.6040302242810942,1.0,0.0,0.0,0.0,1.0,0.0,1.0,0.0,0.0,0.0
window_10_0pct::C7UXqu2qUFm0XF5sGd,window_10_0pct,1784124147.379426,0,0.1418747969739865,0.1813637408135013,-0.3177860698036382,-0.1247836245549475,-0.276744563161075,-0.2490662657731855,-0.236982528323603,0.3621687967057634,1.0,0.0,0.0,1.0,0.0,0.0,0.0,0.0,0.0,1.0
window_10_0pct::CON4Bz1JCELSJTGmW,window_10_0pct,1784125975.356691,0,-0.0493631083296587,0.087478083881354,-0.0396815662025667,-0.0545155639727661,-0.0221453409568699,-0.2488495994679809,-0.2368252643399006,-0.1216811327872182,1.0,0.0,0.0,1.0,0.0,0.0,0.0,0.0,0.0,1.0
window_08_22pct::Cr5YE737SqBDwLgxH6,window_08_22pct,1783719128.511912,1,-0.38971289285364685,-0.36984938277479434,-0.7379063557416712,-0.4585569123203094,-0.7095632409082235,-0.24979859986280267,74.4084310782712,-0.6040302242810942,1.0,0.0,0.0,0.0,1.0,0.0,1.0,0.0,0.0,0.0
window_10_0pct::CSSGnf1IKB0eZCbLS5,window_10_0pct,1784125158.344929,0,0.0069961977596747,-0.0030694163598724,-0.2071263524972459,-0.1072166094094022,-0.174904874279393,-0.2491456226088555,-0.236909317679612,-0.0951491159489315,1.0,0.0,0.0,1.0,0.0,0.0,0.0,0.0,0.0,1.0
window_10_0pct::CAod8lUEjpeHeHym6,window_10_0pct,1784124265.729175,0,-0.3890373975353007,-0.0979982472579324,-0.5306291697638502,-0.2653197457193104,-0.4549640187040185,0.0344067828264788,-0.1522346611351397,0.3617488590428541,1.0,0.0,0.0,1.0,0.0,0.0,0.0,0.0,0.0,1.0
window_10_0pct::CgC7wU3WpGnjuInFu4,window_10_0pct,1784124296.983631,0,-0.2747439675735885,0.0895644318131795,0.0100930004414872,-0.0193815336816754,0.028774503483971,-0.2469763984426287,-0.2360811639737937,-0.1517233912751405,1.0,0.0,0.0,1.0,0.0,0.0,0.0,0.0,0.0,1.0
window_10_0pct::CyLA1A4M1RlfYXyoQf,window_10_0pct,1784125663.934883,0,0.2172152151302962,-0.0856887944601619,-0.3407507759676255,-0.1423506397004929,-0.3022044853814955,-0.2494679325882616,-0.2370127353661507,-0.0771370147276383,1.0,0.0,0.0,1.0,0.0,0.0,0.0,0.0,0.0,1.0
window_10_0pct::C8eKLMxEjlueejCTc,window_10_0pct,1784124898.775681,0,-0.3892840162568651,-0.3698493827747943,-0.7379063557416712,-0.4058558668836733,-0.684103318687803,-0.2497985998628026,-0.1925768037711027,-0.6040302242810942,1.0,0.0,0.0,0.0,1.0,0.0,0.0,0.0,0.0,1.0
window_10_0pct::CViAp74UUObir1oiZ5,window_10_0pct,1784125721.659706,0,-0.3803315282145628,-0.0982068820511149,-0.3328692718169879,-0.1774846699915836,-0.3022044853814955,-0.2293485953834249,-0.2284985419753415,-0.1101486645548711,1.0,0.0,0.0,1.0,0.0,0.0,0.0,0.0,0.0,1.0
window_10_0pct::CBnlhv1Jb7ESzepVbi,window_10_0pct,1784125045.326556,0,-0.389384918350027,-0.3698493827747943,-0.7379063557416712,-0.4058558668836733,-0.684103318687803,-0.2497985998628026,-0.1788626200997583,-0.6040302242810942,1.0,0.0,0.0,0.0,1.0,0.0,0.0,0.0,0.0,1.0
window_10_0pct::Ca47ie2Az3sotGRcX6,window_10_0pct,1784124321.654581,0,0.1124174172648418,-0.3698493827747943,-0.7379063557416712,-0.3882888517381279,-0.6586433964673826,-0.2497985998628026,-0.2371148013970851,-0.6040302242810942,1.0,0.0,0.0,0.0,1.0,0.0,0.0,0.0,0.0,1.0
window_10_0pct::Cm15qo3CpKukOGXe08,window_10_0pct,1784125202.176977,0,-0.2516433983832244,-0.3698493827747943,-0.7379063557416712,-0.4058558668836733,-0.684103318687803,-0.2497985998628026,-0.2370238959089936,-0.6040302242810942,1.0,0.0,0.0,0.0,1.0,0.0,0.0,0.0,0.0,1.0
window_10_0pct::CB9Gw71xTNWqCJOfHf,window_10_0pct,1784124973.370263,0,-0.3892205094273877,-0.3698493827747943,-0.7379063557416712,-0.4058558668836733,-0.6586433964673826,-0.2497985998628026,-0.198326636232219,-0.6040302242810942,1.0,0.0,0.0,0.0,1.0,0.0,0.0,0.0,0.0,1.0
window_10_0pct::CIMHAG4ey9TEStiFV7,window_10_0pct,1784124366.89659,0,-0.3893294926551797,-0.187085303946881,-0.4300815709903515,-0.2653197457193104,-0.378584252042757,0.086814203069816,-0.0875428912977741,-0.1668103016347528,1.0,0.0,0.0,1.0,0.0,0.0,0.0,0.0,0.0,1.0
window_10_0pct::CRbMzd3wIKp5cL8dZ7,window_10_0pct,1784125117.671985,0,0.324172512078254,-0.2790932477403853,-0.5815509095187786,-0.3355878063014919,-0.5058838631448596,-0.2497088131400566,-0.237108831152626,-0.1766183016879016,1.0,0.0,0.0,1.0,0.0,0.0,0.0,0.0,0.0,1.0
window_10_0pct::CPEXNbDpIaXqyELB4,window_10_0pct,1784124225.885137,0,-0.3086120668595522,-0.1038400214670438,-0.3338040054628856,-0.1599176548460383,-0.276744563161075,-0.2474820803147589,-0.2361012551223032,-0.1192717943084446,1.0,0.0,0.0,1.0,0.0,0.0,0.0,0.0,0.0,1.0
window_10_0pct::CUjpcK26hmsU5wgNpg,window_10_0pct,1784125506.449444,0,-0.3890153852504826,-0.0979982472579324,-0.5306291697638502,-0.2653197457193104,-0.4549640187040185,0.0254385144187154,-0.1549146063207067,0.3617488590428541,1.0,0.0,0.0,1.0,0.0,0.0,0.0,0.0,0.0,1.0
window_10_0pct::CNZnDa1yDGSUXiuZAi,window_10_0pct,1784125899.81841,0,-0.3897118466829814,-0.3631730693929528,-0.7368866463097827,-0.4585569123203094,-0.7095632409082235,3.997292546657252,4.069314137404129,4.119297628905474,0.0,1.0,1.0,0.0,0.0,0.0,0.0,0.0,0.0,1.0
window_10_0pct::C4G0664L2AJqhTsFE4,window_10_0pct,1784124742.093701,0,0.6325508727071139,0.8189516687793725,0.5226456975909067,0.3846598146658678,0.48705310345154,-0.2489772827811254,-0.2369332361917837,0.0904881404606164,1.0,0.0,0.0,1.0,0.0,0.0,0.0,0.0,0.0,1.0
window_10_0pct::CvSSTx3ZCSENLEHqpb,window_10_0pct,1784124493.83285,0,0.3421013579343684,0.0941543972631956,1.3772896651923967,0.4022268298114132,1.1744710034028936,-0.2493507986272121,-0.236835746209061,-0.4424793946568489,1.0,0.0,0.0,1.0,0.0,0.0,0.0,0.0,0.0,1.0
window_10_0pct::CSFY7P1X3RU93mg9S2,window_10_0pct,1784125350.353857,0,0.1982406789932171,0.2049394724431294,-0.0906670377969882,-0.00181451853613,-0.0730651853977109,-0.2491081535291198,-0.2369428503245124,0.0499608929781211,1.0,0.0,0.0,1.0,0.0,0.0,0.0,0.0,0.0,1.0
window_10_0pct::Cx1s8J3gQDFGiAhAcb,window_10_0pct,1784123950.837054,0,0.1593079500884714,-0.0157961387440079,-0.206531521995311,-0.1247836245549475,-0.1494449520589724,-0.2493431460265901,-0.2369882401365697,-0.1133564004024379,1.0,0.0,0.0,1.0,0.0,0.0,0.0,0.0,0.0,1.0
window_10_0pct::Cbj1at0jgU5qoQIXj,window_10_0pct,1784125889.489892,0,-0.3893721187721915,-0.1891716518787065,1.1531235417489236,0.2441236935015049,0.9453317034191092,0.1245887100808422,0.3379696370510132,-0.5336672789531058,1.0,0.0,0.0,1.0,0.0,0.0,0.0,0.0,0.0,1.0
window_10_0pct::C0Dt8F1vd7s5yDeFIf,window_10_0pct,1784124996.325313,0,-0.3881492840420172,0.2441628135614487,1.5221521363600468,0.6305980267035028,1.2763106922845755,0.0275307081082623,-0.0445312505745193,-0.4039538111254468,1.0,0.0,0.0,1.0,0.0,0.0,0.0,0.0,0.0,1.0
window_10_0pct::CWXMKp42cxHCPEdQza,window_10_0pct,1784125480.978862,0,0.3534675325052469,0.0098659408174456,-0.1241262535308273,-0.0720825791183115,-0.1239850298385519,-0.2494377483807514,-0.2370144428064636,-0.1484415242205495,1.0,0.0,0.0,1.0,0.0,0.0,0.0,0.0,0.0,1.0
window_10_0pct::CTgqrN3maMjz1qOwFh,window_10_0pct,1784125859.046678,0,0.2743116979063942,0.0808017704995124,-0.3700886660809155,-0.1247836245549475,-0.276744563161075,-0.2493192849388208,-0.2370184049601712,0.2982167797278329,1.0,0.0,0.0,1.0,0.0,0.0,0.0,0.0,0.0,1.0
window_10_0pct::CGfZYA14M2W4KaDvl4,window_10_0pct,1784124759.718296,0,-0.3893424630363892,-0.1837471472559602,-0.4767545214457448,-0.2653197457193104,-0.429504096483598,0.1049618805659888,-0.0823049579370232,-0.0792640430974921,1.0,0.0,0.0,1.0,0.0,0.0,0.0,0.0,0.0,1.0
window_10_0pct::CoCJ0H1DTdia5gl85,window_10_0pct,1784125963.365137,0,0.3532777486063648,-0.2784673433608376,-0.5955506702607468,-0.3180207911559465,-0.53134378536528,-0.2497117354007243,-0.2371044950017472,-0.1313538665469751,1.0,0.0,0.0,1.0,0.0,0.0,0.0,0.0,0.0,1.0
window_10_0pct::CofS7W1tmwo1yaVjll,window_10_0pct,1784124927.677327,0,0.821891504808115,0.8896788636682568,0.8426432636853946,0.5427629509757761,0.7416523256557451,-0.2490644043651549,-0.2369335346477409,-0.0171674039583338,1.0,0.0,0.0,1.0,0.0,0.0,0.0,0.0,0.0,1.0
window_10_0pct::CgThjt3EmN7IzO38Lf,window_10_0pct,1784125059.790785,0,1.432220777676714,-0.0975809776715673,-0.3171912393017033,-0.1247836245549475,-0.2003647964998135,-0.2496930568859214,-0.2371099257082825,-0.1274567586600151,1.0,0.0,0.0,1.0,0.0,0.0,0.0,0.0,0.0,1.0
window_10_0pct::CZoHkb2izlcbZhh7a1,window_10_0pct,1784124151.486331,0,0.1149307675621187,-0.1883371127059763,-0.4516654206319899,-0.2477527305737651,-0.4040441742631775,-0.2495445694109479,-0.2370392441302042,-0.1370648569774222,1.0,0.0,0.0,1.0,0.0,0.0,0.0,0.0,0.0,1.0
window_10_0pct::C87n864HwZweLMmE2k,window_10_0pct,1784124429.838142,0,-0.3892985985949162,-0.1858334951877857,1.1531235417489236,0.2792577237925956,0.9453317034191092,0.0638504216881373,0.2590004940353527,-0.5323672707253371,1.0,0.0,0.0,1.0,0.0,0.0,0.0,0.0,0.0,1.0
window_10_0pct::CF7tli3NBxEwdzoDPd,window_10_0pct,1784125689.18658,0,0.7097689643789068,0.4611429984713001,0.6583095399250632,0.3319587692292318,0.5888927923332221,-0.2492648059477737,-0.2369623770055753,-0.1657210986559122,1.0,0.0,0.0,1.0,0.0,0.0,0.0,0.0,0.0,1.0
window_10_0pct::CwnFvm2oMIBZcAj8b9,window_10_0pct,1784125779.521223,0,-0.3894712060795052,-0.3698493827747943,-0.7379063557416712,-0.4058558668836733,-0.684103318687803,-0.2497985998628026,-0.1580537707784442,-0.6040302242810942,1.0,0.0,0.0,0.0,1.0,0.0,0.0,0.0,0.0,1.0
window_10_0pct::Cn66UW16dvMvzOHaS3,window_10_0pct,1784124841.021256,0,-0.3889023774681919,-0.1833298776695951,1.1531235417489236,0.4022268298114132,0.9453317034191092,-0.0872836412001481,0.0577590061118879,-0.5313922645545104,1.0,0.0,0.0,1.0,0.0,0.0,0.0,0.0,0.0,1.0
window_10_0pct::CWJEtP1jIErDYFygJe,window_10_0pct,1784125954.720768,0,-0.3893464021892009,-0.1916752693968971,1.1531235417489236,0.3846598146658678,0.9453317034191092,0.0934987609190482,0.4019675223089219,-0.5346422851239325,1.0,0.0,0.0,1.0,0.0,0.0,0.0,0.0,0.0,1.0
window_10_0pct::C03Mvz1Dv7jlX9w7Ok,window_10_0pct,1784124038.801999,0,-0.3292537827041408,-0.279719152119933,-0.5573540544579261,-0.3355878063014919,-0.5058838631448596,-0.2487457342517507,-0.2365297656013786,-0.2364441801772219,1.0,0.0,0.0,1.0,0.0,0.0,0.0,0.0,0.0,1.0
window_10_0pct::CPnsuu2qP4kl6YRzMi,window_10_0pct,1784124209.218018,0,-0.3810171436328156,-0.0041125903257851,1.3696418444532334,0.5076289206846853,1.1235511589620526,-0.2200940404155889,-0.2063724085079416,-0.4762306476954211,1.0,0.0,0.0,1.0,0.0,0.0,0.0,0.0,0.0,1.0
window_10_0pct::CrC64R2jwIrGpr2oKe,window_10_0pct,1784126034.773175,0,0.186360653147016,-0.0028607815666898,-0.3410694351650907,-0.1247836245549475,-0.276744563161075,-0.2493486757553013,-0.2369964192397327,0.0769898479079004,1.0,0.0,0.0,1.0,0.0,0.0,0.0,0.0,0.0,1.0
window_10_0pct::C5q0Hq2zLwcjXqJtFf,window_10_0pct,1784125543.729611,0,0.850495230604671,0.0895644318131795,0.0885044069644079,0.0684535420460513,0.1051542701452325,-0.2495369779446161,-0.2370429014428909,-0.1946380105909848,1.0,0.0,0.0,1.0,0.0,0.0,0.0,0.0,0.0,1.0
window_10_0pct::CWiyB31qarT3TdL3N1,window_10_0pct,1784124121.465804,0,-0.3886708534948003,-0.2784673433608376,-0.5573540544579261,-0.3355878063014919,-0.5058838631448596,-0.1878666578528323,-0.2004586075861516,-0.231338818453557,1.0,0.0,0.0,1.0,0.0,0.0,0.0,0.0,0.0,1.0
window_10_0pct::CICKxl2GdQtaI7gmV6,window_10_0pct,1784124869.691027,0,-0.3885508961502319,-0.2818055000517585,-0.6191102069266692,-0.3355878063014919,-0.5568037075857005,-0.1962885911590816,-0.2042474720279674,-0.0583203338589603,1.0,0.0,0.0,1.0,0.0,0.0,0.0,0.0,0.0,1.0
window_10_0pct::CxTKgH3RLsiReA0VD6,window_10_0pct,1784124759.228344,0,-0.1279554946234775,-0.275546456256282,-0.5955506702607468,-0.3355878063014919,-0.53134378536528,-0.2495441567100043,-0.2370162855747546,-0.1162454898157475,1.0,0.0,0.0,1.0,0.0,0.0,0.0,0.0,0.0,1.0
window_10_0pct::CxUjcoX3O8PfeIp7l,window_10_0pct,1784124380.599271,0,0.7575383019119395,-0.0049471294985153,0.2414183338546769,0.050886526900506,0.232453881247335,-0.2495739621484522,-0.237037385647389,-0.3296308748058081,1.0,0.0,0.0,1.0,0.0,0.0,0.0,0.0,0.0,1.0
window_10_0pct::CZ7jDs2SjeFdbm8jR3,window_10_0pct,1784124361.855017,0,-0.0884318821217569,-0.0810988290101459,-0.479622454222931,-0.2653197457193104,-0.429504096483598,-0.2491217136890631,-0.2369719774022648,0.2192210754035537,1.0,0.0,0.0,1.0,0.0,0.0,0.0,0.0,0.0,1.0
window_10_0pct::C8BE4D24U5WYvbTKgb,window_10_0pct,1784125791.962682,0,0.2261423602219884,0.3998043692756306,-0.2212960648111955,-0.0369485488272207,-0.174904874279393,-0.2489159644158372,-0.236968324446338,0.4930973638057119,1.0,0.0,0.0,1.0,0.0,0.0,0.0,0.0,0.0,1.0
window_10_0pct::CXllWt1yP00BauiRNb,window_10_0pct,1784125528.328154,0,0.080381152138877,-0.27784143898129,-0.5815509095187786,-0.3004537760104012,-0.5058838631448596,-0.2496603689469058,-0.2370607038775904,-0.1707229648245473,1.0,0.0,0.0,1.0,0.0,0.0,0.0,0.0,0.0,1.0
window_10_0pct::CWdq2e4T1GPWc6hta5,window_10_0pct,1784126083.811014,0,-0.3076328084158439,-0.3698493827747943,-0.7379063557416712,-0.4058558668836733,-0.684103318687803,-0.2497985998628026,-0.2369294111626861,-0.6040302242810942,1.0,0.0,0.0,0.0,1.0,0.0,0.0,0.0,0.0,1.0
window_10_0pct::CzFHj83nr9y5b9Zrgj,window_10_0pct,1784125603.446729,0,-0.389058630529725,-0.1833298776695951,1.1531235417489236,0.2616907086470503,0.9453317034191092,-0.0484750881615918,0.0697304271340566,-0.5313922645545104,1.0,0.0,0.0,1.0,0.0,0.0,0.0,0.0,0.0,1.0
window_10_0pct::CFyCyt2zxnyaujAe9d,window_10_0pct,1784125310.140024,0,-0.3895697169254318,0.0013119142969611,-0.3500768684801051,-0.1599176548460383,-0.3022044853814955,1.5802520214214668,0.3636517274860574,0.1007289302386213,1.0,0.0,0.0,1.0,0.0,0.0,0.0,0.0,0.0,1.0
window_10_0pct::C5LHaO2DlGsztUoqm1,window_10_0pct,1784125714.566716,0,-0.3453701378823562,0.2635658493274258,0.2063870660800099,0.1387216026282328,0.2069939590269145,-0.2397100237927462,-0.2333886295184606,-0.1100444697765227,1.0,0.0,0.0,1.0,0.0,0.0,0.0,0.0,0.0,1.0
window_10_0pct::CLgLD63wwJLGenejb7,window_10_0pct,1784124151.614333,0,0.0425826216884356,0.3912503427551461,-0.0110659702701977,0.050886526900506,0.0033145812635505,-0.2485551581249696,-0.236830613076589,0.1671084396937755,1.0,0.0,0.0,1.0,0.0,0.0,0.0,0.0,0.0,1.0
window_10_0pct::C5R8kB4nbPz2yS4DWk,window_10_0pct,1784124679.420963,0,-0.3880775679753793,-0.3698493827747943,-0.7379063557416712,-0.4058558668836733,-0.684103318687803,-0.2497985998628026,-0.225468201675008,-0.6040302242810942,1.0,0.0,0.0,0.0,1.0,0.0,0.0,0.0,0.0,1.0
window_10_0pct::CCcLAR2kAZd102TSCg,window_10_0pct,1784125703.296826,0,0.0052094663656099,-0.3698493827747943,-0.7379063557416712,-0.4058558668836733,-0.684103318687803,-0.2497985998628026,-0.2371139838298927,-0.6040302242810942,1.0,0.0,0.0,0.0,1.0,0.0,0.0,0.0,0.0,1.0
window_10_0pct::Co4yvS25AOnGuLd86,window_10_0pct,1784125278.886934,0,-0.3177386035399113,-0.1837471472559602,-0.4300815709903515,-0.2126187002826743,-0.378584252042757,-0.2479724412848081,-0.2361659832514982,-0.1588245496229475,1.0,0.0,0.0,1.0,0.0,0.0,0.0,0.0,0.0,1.0
window_10_0pct::CSXsuq48TRfPXBNCJ9,window_10_0pct,1784125715.190232,0,-0.3890317076479058,-0.0982068820511149,-0.6512947858706477,-0.3004537760104012,-0.5568037075857005,0.0318167659780461,-0.1669803928012107,1.705150673046001,1.0,0.0,0.0,1.0,0.0,0.0,0.0,0.0,0.0,1.0
window_10_0pct::CkUPiD1PO9XgS08G93,window_10_0pct,1784124833.333068,0,-0.3887601302833228,-0.1916752693968971,1.1531235417489236,0.3846598146658678,0.9453317034191092,-0.117731271311597,0.0087124273881514,-0.5346422851239325,1.0,0.0,0.0,1.0,0.0,0.0,0.0,0.0,0.0,1.0
window_10_0pct::C0ZCXm4mhCza9Ue5ji,window_10_0pct,1784124756.271231,0,0.9195957424764593,0.8973983510160111,1.506622811470246,0.7535671327223203,1.2763106922845755,-0.2491150280611177,-0.236906794089852,-0.1882394813179327,1.0,0.0,0.0,1.0,0.0,0.0,0.0,0.0,0.0,1.0
window_10_0pct::CwxTpC1m7h38Vn59Ng,window_10_0pct,1784124684.752605,0,-0.3893625004071959,-0.275546456256282,-0.5573540544579261,-0.3180207911559465,-0.5058838631448596,-0.059753916983703,-0.1143788330253386,-0.2194263077650056,1.0,0.0,0.0,1.0,0.0,0.0,0.0,0.0,0.0,1.0
window_10_0pct::ClZNRB1k6iYILgHKbh,window_10_0pct,1784125579.122033,0,-0.3893246567846547,-0.1895889214650716,-0.4767545214457448,-0.2828867608648558,-0.429504096483598,0.0780683363946426,-0.1017192591126927,-0.0957365241211927,1.0,0.0,0.0,1.0,0.0,0.0,0.0,0.0,0.0,1.0
window_10_0pct::CKXJHP1yfmLA4J7fBj,window_10_0pct,1784125035.745352,0,-0.3891810004719505,-0.1067609085715994,-0.5306291697638502,-0.2477527305737651,-0.4549640187040185,0.0994948377809495,-0.1203203580185156,0.3306186046302633,1.0,0.0,0.0,1.0,0.0,0.0,0.0,0.0,0.0,1.0
window_10_0pct::CwqeM22UoZqSNlJwml,window_10_0pct,1784125335.036272,0,-0.1738356721141287,0.0086141320583503,1.5769827622705477,0.5251959358302307,1.327230536725417,-0.2485604256902885,-0.235900001824708,-0.4836285583222975,1.0,0.0,0.0,1.0,0.0,0.0,0.0,0.0,0.0,1.0
window_10_0pct::CSFoBe3pG9Kcl8JUq5,window_10_0pct,1784124346.190913,0,-0.1521995497016044,0.0019378186765087,1.627840770185983,0.5603299661213215,1.352690458945837,-0.2486930687358665,-0.2359747400406327,-0.4882951829618648,1.0,0.0,0.0,1.0,0.0,0.0,0.0,0.0,0.0,1.0
window_10_0pct::C3AtFK3CtitYJng5ga,window_10_0pct,1784124244.76805,0,0.1178750867975083,-0.1858334951877857,-0.3868076519745863,-0.2301857154282197,-0.3531243298223365,-0.2495425593982682,-0.237030539226426,-0.2180700673522895,1.0,0.0,0.0,1.0,0.0,0.0,0.0,0.0,0.0,1.0
window_10_0pct::CodjT32BkktmVwFyS7,window_10_0pct,1784124486.155637,0,-0.2809061903485947,-0.2761723606358297,1.1454757210097604,0.296824738938141,0.9198717811986884,-0.2491905462942801,-0.2352289790727827,-0.5674006052698465,1.0,0.0,0.0,1.0,0.0,0.0,0.0,0.0,0.0,1.0
window_10_0pct::Cv5pU347sbcv2pBB21,window_10_0pct,1784125238.448897,0,0.5416073528361027,-0.2767982650153773,-0.5573540544579261,-0.3180207911559465,-0.5058838631448596,-0.2497280352131228,-0.2371162064481882,-0.2245316694886705,1.0,0.0,0.0,1.0,0.0,0.0,0.0,0.0,0.0,1.0
window_10_0pct::CSH78z3bMHb9lgKY9a,window_10_0pct,1784124676.234417,0,1.0657947516326411,0.9286935699933936,1.2884899688321123,0.683299072140139,1.1490110811824732,-0.2491685042160469,-0.2369456089794498,-0.132108430084816,1.0,0.0,0.0,1.0,0.0,0.0,0.0,0.0,0.0,1.0
window_10_0pct::CgM67T2OFpohJg7Qwb,window_10_0pct,1784126018.047019,0,-0.3872413893829881,-0.3698493827747943,-0.7379063557416712,-0.4058558668836733,-0.684103318687803,-0.2497985998628026,-0.2294245761483534,-0.6040302242810942,1.0,0.0,0.0,0.0,1.0,0.0,0.0,0.0,0.0,1.0
window_10_0pct::CNOc7X1VoYhTtXvDui,window_10_0pct,1784125627.612177,0,-0.3783092696430294,0.0075709580924376,1.3696418444532334,0.4724948903935946,1.1235511589620526,-0.2264239737271234,-0.2145222052757968,-0.4721480599665006,1.0,0.0,0.0,1.0,0.0,0.0,0.0,0.0,0.0,1.0
window_10_0pct::Cnqd47vE61UASNPi,window_10_0pct,1784124646.040688,0,-0.389205062397256,-0.187085303946881,-0.4767545214457448,-0.2653197457193104,-0.429504096483598,0.0043466487687334,-0.124198525531654,-0.0886768893967496,1.0,0.0,0.0,1.0,0.0,0.0,0.0,0.0,0.0,1.0
window_10_0pct::CZcNF42GCY6Hm2HhR2,window_10_0pct,1784125812.535864,0,-0.3341262798776489,-0.3698493827747943,-0.7379063557416712,-0.4058558668836733,-0.684103318687803,-0.2497985998628026,-0.2368183603089853,-0.6040302242810942,1.0,0.0,0.0,0.0,1.0,0.0,0.0,0.0,0.0,1.0
window_10_0pct::CTkEiPFNME7ciINlk,window_10_0pct,1784125060.409836,0,-0.3879565858105672,-0.1895889214650716,-0.4767545214457448,-0.2653197457193104,-0.429504096483598,-0.1773134791573403,-0.2044963426325581,-0.0957365241211927,1.0,0.0,0.0,1.0,0.0,0.0,0.0,0.0,0.0,1.0
window_10_0pct::CRLVsw2Igouehb3Rji,window_10_0pct,1784126000.725568,0,-0.3759992927880746,-0.2767982650153773,-0.6106338722740966,-0.3355878063014919,-0.53134378536528,-0.245006423910654,-0.2343732825001816,-0.0656894840047921,1.0,0.0,0.0,1.0,0.0,0.0,0.0,0.0,0.0,1.0
window_10_0pct::CBYA3C1UMB6Bxr9Tjh,window_10_0pct,1784124102.650652,0,-0.0430975281629899,-0.3698493827747943,-0.7379063557416712,-0.4058558668836733,-0.684103318687803,-0.2497985998628026,-0.2371072347865953,-0.6040302242810942,1.0,0.0,0.0,0.0,1.0,0.0,0.0,0.0,0.0,1.0
window_10_0pct::C74sEnsrKsxkZOsVc,window_10_0pct,1784125768.305995,0,0.4123459214800955,-0.2824314044313061,1.1454757210097604,0.3495257843747771,0.9707916256395296,-0.2497216231825693,-0.2368822387924087,-0.5698480185668119,1.0,0.0,0.0,1.0,0.0,0.0,0.0,0.0,0.0,1.0
window_10_0pct::CwFu4d3llhQDAWSkm,window_10_0pct,1784125080.615966,0,0.2964939214062854,-0.0082852861894361,-0.3437461724237978,-0.1774846699915836,-0.3022044853814955,-0.249426469676162,-0.2370439625384505,0.0714797988074327,1.0,0.0,0.0,1.0,0.0,0.0,0.0,0.0,0.0,1.0
window_10_0pct::CbDyrUmuct4yIqOo5,window_10_0pct,1784124431.498022,0,0.0547967709597188,-0.0848542552874317,-0.4804722120828381,-0.2477527305737651,-0.429504096483598,-0.2493457848317964,-0.2370225820522232,0.2111959353782984,1.0,0.0,0.0,1.0,0.0,0.0,0.0,0.0,0.0,1.0
window_10_0pct::C1PAzN3Ft1IiTZpwMa,window_10_0pct,1784123981.692636,0,13.89129773172057,14.315745074551678,8.417745973987072,14.701777158285337,10.314583080533854,-0.2490723312825954,-0.2368731511250192,0.5772253943815402,1.0,0.0,0.0,1.0,0.0,0.0,0.0,0.0,0.0,1.0
window_10_0pct::C5zHeE4QEGRrhGtdw2,window_10_0pct,1784124939.526404,0,-0.2360291197227399,-0.0080766513962535,-0.2071263524972459,-0.0545155639727661,-0.174904874279393,-0.248136059098504,-0.2364157636661991,-0.1020962983152409,1.0,0.0,0.0,1.0,0.0,0.0,0.0,0.0,0.0,1.0
window_10_0pct::CbfHhW3DNWADocT7W6,window_10_0pct,1784125335.034278,0,-0.1738156133929002,0.009240036437898,-0.1271853818264926,-0.0896495942638568,-0.1239850298385519,-0.2485584932204856,-0.2366752100061186,-0.1469142716036536,1.0,0.0,0.0,1.0,0.0,0.0,0.0,0.0,0.0,1.0
window_10_0pct::CLuQnB4gKCjCAwflfg,window_10_0pct,1784126034.779895,0,0.1862887235761607,0.091650779745005,0.2826315900601676,0.0860205571915967,0.232453881247335,-0.2492327349351413,-0.2368967916204542,-0.2710056228088928,1.0,0.0,0.0,1.0,0.0,0.0,0.0,0.0,0.0,1.0
window_10_0pct::COdd0K2zxFk2OmxzO6,window_10_0pct,1784125921.665158,0,-0.3131804593009503,-0.1858334951877857,-0.4595469247826276,-0.2301857154282197,-0.4040441742631775,-0.2481004574713936,-0.2362878008038232,-0.1172208932585603,1.0,0.0,0.0,1.0,0.0,0.0,0.0,0.0,0.0,1.0
window_10_0pct::CsUxKxJTR8CEHWrPh,window_10_0pct,1784124262.062446,0,0.0951367595376631,0.0858090055358936,-0.4514954690600085,-0.1599176548460383,-0.378584252042757,-0.2491348615407438,-0.2369849104495296,0.5675183311605122,1.0,0.0,0.0,1.0,0.0,0.0,0.0,0.0,0.0,1.0
window_10_0pct::Ctr2Wd1LyOG3BP9R8c,window_10_0pct,1784125975.74862,0,0.3124025796817756,0.0828881184313379,-0.2425824992018665,-0.0545155639727661,-0.174904874279393,-0.2493431898703265,-0.236998978955011,0.0690723546169841,1.0,0.0,0.0,1.0,0.0,0.0,0.0,0.0,0.0,1.0
window_10_0pct::CAhOKn3bJwSRXb4jzf,window_10_0pct,1784125389.748771,0,-0.3203665842515315,-0.187085303946881,-0.4385579056429241,-0.2477527305737651,-0.4040441742631775,-0.2479372339255813,-0.2362661139271675,-0.1544308842961288,1.0,0.0,0.0,1.0,0.0,0.0,0.0,0.0,0.0,1.0
window_10_0pct::CyDQwI1x8stslyTB24,window_10_0pct,1784126132.362747,0,-0.3897117292556618,-0.3631730693929528,-0.7368866463097827,-0.4585569123203094,-0.7095632409082235,3.5910490456857693,3.657390293739779,4.119297628905474,0.0,1.0,1.0,0.0,0.0,0.0,0.0,0.0,0.0,1.0
window_10_0pct::CZkB8d4K074n7J31gi,window_10_0pct,1784125575.164395,0,-0.3893712007040566,-0.3698493827747943,-0.7379063557416712,-0.4058558668836733,-0.684103318687803,-0.2497985998628026,-0.18120269725402,-0.6040302242810942,1.0,0.0,0.0,0.0,1.0,0.0,0.0,0.0,0.0,1.0
window_10_0pct::CGZB0SmRCgsYBmLl7,window_10_0pct,1784124375.774282,0,-0.386640599190324,0.085183101156346,-0.2156026871498185,-0.0896495942638568,-0.174904874279393,-0.1451977311459346,-0.2029264279510552,0.0375401741283743,1.0,0.0,0.0,1.0,0.0,0.0,0.0,0.0,0.0,1.0
window_10_0pct::CxXd8w4PoxxB8iP81b,window_10_0pct,1784124599.381193,0,-0.3893660125515727,-0.1875025735332461,1.1531235417489236,0.3143917540836864,0.9453317034191092,0.1213971663430501,0.3829702128297078,-0.5330172748392215,1.0,0.0,0.0,1.0,0.0,0.0,0.0,0.0,0.0,1.0
window_10_0pct::C7NMW53nCbkHdEz0sh,window_10_0pct,1784124000.19911,0,-0.3897102774269832,-0.3631730693929528,-0.7368866463097827,-0.4585569123203094,-0.7095632409082235,1.5099523134363435,1.5471944064567045,4.119297628905474,0.0,1.0,1.0,0.0,0.0,0.0,0.0,0.0,0.0,1.0
window_10_0pct::CgMptg4rG8vQwOXfi2,window_10_0pct,1784124555.655153,0,0.2696866734713202,-0.1864593995673333,-0.4761596909438099,-0.2301857154282197,-0.378584252042757,-0.2496021772061196,-0.2370608994356632,-0.0880870586916032,1.0,0.0,0.0,1.0,0.0,0.0,0.0,0.0,0.0,1.0
window_10_0pct::C2gYNq4tAWhhqeVfqf,window_10_0pct,1784124335.645055,0,-0.3896552253645164,-0.1791571818059441,-0.4767545214457448,-0.2653197457193104,-0.429504096483598,2.083038724607949,0.756639870173341,-0.0663213794360132,1.0,0.0,0.0,1.0,0.0,0.0,0.0,0.0,0.0,1.0
window_10_0pct::Ckjj0W5rwwzK5M3N5,window_10_0pct,1784125042.47415,0,1.332637179809569,0.835851087027159,2.721394160100333,1.2278765416520452,2.3201675033218163,-0.2493041950888547,-0.2368931435867703,-0.3473507576649839,1.0,0.0,0.0,1.0,0.0,0.0,0.0,0.0,0.0,1.0
window_10_0pct::CfsNIUNRbqDHL00Rd,window_10_0pct,1784124721.727452,0,-0.3885346164536522,-0.1891716518787065,1.1531235417489236,0.296824738938141,0.9453317034191092,-0.1415060673446999,-0.0586313522875718,-0.5336672789531058,1.0,0.0,0.0,1.0,0.0,0.0,0.0,0.0,0.0,1.0
window_10_0pct::CFtEDsuD8PaPP7ks5,window_10_0pct,1784125673.756982,0,-0.3897122203153619,-0.3631730693929528,-0.7368866463097827,-0.4585569123203094,-0.7095632409082235,6.15161414271815,6.253758762896896,4.119297628905474,0.0,1.0,1.0,0.0,0.0,0.0,0.0,0.0,0.0,1.0
window_10_0pct::C4TMzXMqsCglOn1Mg,window_10_0pct,1784124713.996941,0,-0.0540451597412107,-0.3698493827747943,-0.7379063557416712,-0.4058558668836733,-0.684103318687803,-0.2497985998628026,-0.2371054352756837,-0.6040302242810942,1.0,0.0,0.0,0.0,1.0,0.0,0.0,0.0,0.0,1.0
window_10_0pct::CkBmE63OBgB9NqBq6i,window_10_0pct,1784125423.243036,0,-0.1274788891588871,-0.0041125903257851,-0.2219546271526235,-0.1072166094094022,-0.2003647964998135,-0.2488135817661722,-0.236779530533635,-0.0820135743341469,1.0,0.0,0.0,1.0,0.0,0.0,0.0,0.0,0.0,1.0
window_10_0pct::CSHWvX1kR117x0glQg,window_10_0pct,1784125627.612715,0,-0.3783146712997307,0.3061273471366659,0.0424262870109494,0.0860205571915967,0.0542344257043915,-0.2079137579706683,-0.2237396343329055,0.0339141394142712,1.0,0.0,0.0,1.0,0.0,0.0,0.0,0.0,0.0,1.0
window_10_0pct::C4kVME4pZA6e3zvYUd,window_10_0pct,1784125589.069588,0,0.2365483849766194,0.2719112410547278,0.091903438404036,0.1035875723371421,0.1051542701452325,-0.2490748606029696,-0.2369104739992495,-0.034487840263625,1.0,0.0,0.0,1.0,0.0,0.0,0.0,0.0,0.0,1.0
window_10_0pct::CRA8hl3LGbVTV0K0t4,window_10_0pct,1784125161.731003,0,-0.3492365818328674,-0.2774241693949249,1.1454757210097604,0.1738556329193235,0.9198717811986884,-0.2481859001091082,-0.2327919011783274,-0.5678900879292397,1.0,0.0,0.0,1.0,0.0,0.0,0.0,0.0,0.0,1.0
window_10_0pct::CeiuBcOG0w1gLs8Og,window_10_0pct,1784125044.245395,0,0.9026221892156456,-0.1883371127059763,-0.4682781867931723,-0.195051685137129,-0.327664407601916,-0.2496994035562278,-0.237103216128469,-0.108295699392023,1.0,0.0,0.0,1.0,0.0,0.0,0.0,0.0,0.0,1.0
window_10_0pct::CYXnay3GPkz4DoaYt5,window_10_0pct,1784124196.987045,0,-0.3225025017932187,0.4828410169622853,0.6490046913590813,0.296824738938141,0.5888927923332221,-0.2408383688556564,-0.2340323855561814,-0.1512590492480178,1.0,0.0,0.0,1.0,0.0,0.0,0.0,0.0,0.0,1.0
window_10_0pct::CCNCrI1n6KBg7QuTJb,window_10_0pct,1784125703.296048,0,0.0052180385599401,-0.188963017085524,-0.4149983689770018,-0.2477527305737651,-0.378584252042757,-0.2494751184862289,-0.2370050283725147,-0.1915139071248936,1.0,0.0,0.0,1.0,0.0,0.0,0.0,0.0,0.0,1.0
window_10_0pct::C238qf2TQhHW8xK79l,window_10_0pct,1784125867.37466,0,-0.3886126308947046,-0.187085303946881,-0.4767545214457448,-0.2828867608648558,-0.429504096483598,-0.1324888437274171,-0.1893651287464355,-0.0886768893967496,1.0,0.0,0.0,1.0,0.0,0.0,0.0,0.0,0.0,1.0
window_10_0pct::CXdzPq2og5bpVYvA7a,window_10_0pct,1784124308.633281,0,-0.3895089643003594,-0.1916752693968971,1.1531235417489236,0.2792577237925956,0.9453317034191092,0.3670731086078872,0.7706644318049788,-0.5346422851239325,1.0,0.0,0.0,1.0,0.0,0.0,0.0,0.0,0.0,1.0
window_10_0pct::CmfaGU2PWzINBve4Rl,window_10_0pct,1784125823.006214,0,0.3390604814166418,-0.0982068820511149,-0.2680115031595843,-0.1423506397004929,-0.2512846409406545,-0.2495353489693803,-0.2370377598033196,-0.1783141438425817,1.0,0.0,0.0,1.0,0.0,0.0,0.0,0.0,0.0,1.0
window_10_0pct::CPXe8x27j84AV2im93,window_10_0pct,1784124644.444645,0,-0.3892561005804348,-0.1916752693968971,1.1531235417489236,0.2616907086470503,0.9453317034191092,0.0256430647125411,0.2023807613061723,-0.5346422851239325,1.0,0.0,0.0,1.0,0.0,0.0,0.0,0.0,0.0,1.0
window_10_0pct::CPtHedBMCtouLuAqi,window_10_0pct,1784124251.711867,0,1.55250035348531,0.9270244916479332,1.6424778493228815,0.9468042993233192,1.5054499922683602,-0.2493270088884046,-0.2369630123709348,-0.2028038600487978,1.0,0.0,0.0,1.0,0.0,0.0,0.0,0.0,0.0,1.0
window_10_0pct::C78O8SUONJgJ9gHS1,window_10_0pct,1784124219.894558,0,-0.1120720298456451,-0.3698493827747943,-0.7379063557416712,-0.4058558668836733,-0.684103318687803,-0.2497985998628026,-0.2370935275763254,-0.6040302242810942,1.0,0.0,0.0,0.0,1.0,0.0,0.0,0.0,0.0,1.0
window_10_0pct::CVxon52PaNdWjQV2l6,window_10_0pct,1784124139.618787,0,-0.387960599689855,-0.3698493827747943,-0.7379063557416712,-0.4058558668836733,-0.684103318687803,-0.2497985998628026,-0.2262487796793696,-0.6040302242810942,1.0,0.0,0.0,0.0,1.0,0.0,0.0,0.0,0.0,1.0
window_10_0pct::CRNptw4A7N4lK8yYB3,window_10_0pct,1784124759.719818,0,-0.3893588815107102,-0.3698493827747943,-0.7379063557416712,-0.4058558668836733,-0.684103318687803,-0.2497985998628026,-0.1831496795412887,-0.6040302242810942,1.0,0.0,0.0,0.0,1.0,0.0,0.0,0.0,0.0,1.0
window_10_0pct::CjDMiO1nORkmPetb1l,window_10_0pct,1784124936.642418,0,0.1156253074566606,-0.1925098085696273,-0.4682781867931723,-0.2126187002826743,-0.378584252042757,-0.2495507503061746,-0.237020490858436,-0.1196918953664844,1.0,0.0,0.0,1.0,0.0,0.0,0.0,0.0,0.0,1.0
window_10_0pct::C8vVQo2sxFgzNjsG73,window_10_0pct,1784125022.494555,0,-0.3881038289941244,-0.275546456256282,-0.5573540544579261,-0.3180207911559465,-0.5058838631448596,-0.2084082333637284,-0.2104210291064778,-0.2194263077650056,1.0,0.0,0.0,1.0,0.0,0.0,0.0,0.0,0.0,1.0
window_10_0pct::Clxjrd1zeBl8tVAkS8,window_10_0pct,1784125812.534086,0,-0.334107598258623,-0.3698493827747943,-0.7379063557416712,-0.4058558668836733,-0.684103318687803,-0.2497985998628026,-0.2368184758986574,-0.6040302242810942,1.0,0.0,0.0,0.0,1.0,0.0,0.0,0.0,0.0,1.0
window_10_0pct::CuvZEW12CEjjorLmYc,window_10_0pct,1784125520.009557,0,0.2264477246289814,-0.2767982650153773,-0.5573540544579261,-0.2828867608648558,-0.480423940924439,-0.2496919421461289,-0.2370770546764927,-0.2245316694886705,1.0,0.0,0.0,1.0,0.0,0.0,0.0,0.0,0.0,1.0
window_10_0pct::CMVLOC4jN2nGbXRSM9,window_10_0pct,1784124676.680575,0,-0.0335401506470487,-0.0938255513942814,-0.3103931764224471,-0.1774846699915836,-0.2512846409406545,-0.2492512683025953,-0.2369342076778374,-0.1285656672336942,1.0,0.0,0.0,1.0,0.0,0.0,0.0,0.0,0.0,1.0
window_10_0pct::CbyoYj4yhybh6Gv2N,window_10_0pct,1784125625.47102,0,-0.3096170739118838,-0.1067609085715994,-0.5306291697638502,-0.2653197457193104,-0.4549640187040185,-0.2474787691274073,-0.2364460968180027,0.3306186046302633,1.0,0.0,0.0,1.0,0.0,0.0,0.0,0.0,0.0,1.0
window_10_0pct::CzwufG1DqYT9hqpJ4i,window_10_0pct,1784124887.291267,0,0.3041162354730958,0.000894644710596,-0.182037251683491,-0.1072166094094022,-0.1494449520589724,-0.2494212134462917,-0.2370176999722358,-0.1128649132971807,1.0,0.0,0.0,1.0,0.0,0.0,0.0,0.0,0.0,1.0
window_10_0pct::C2aZa34v5dgb5WLNef,window_10_0pct,1784124737.625975,0,-0.1043025793473863,-0.1883371127059763,-0.4667486226453396,-0.2477527305737651,-0.4040441742631775,-0.2493494400444068,-0.2369446362704914,-0.1110918518238298,1.0,0.0,0.0,1.0,0.0,0.0,0.0,0.0,0.0,1.0
window_10_0pct::C8tusQ8lzArQOnSqg,window_10_0pct,1784125777.565297,0,-0.3876039622450439,-0.0900701251169955,-0.32828057937349,-0.1599176548460383,-0.276744563161075,-0.1561061267441499,-0.1963559507089306,-0.101052941984129,1.0,0.0,0.0,1.0,0.0,0.0,0.0,0.0,0.0,1.0
window_10_0pct::Cj4cjF4hXpq6xmpUg8,window_10_0pct,1784125973.868229,0,0.1656908508226232,-0.010162999328079,1.4051617229973472,0.4022268298114132,1.1490110811824732,-0.2493412170787753,-0.2367319894045724,-0.4804279729286865,1.0,0.0,0.0,1.0,0.0,0.0,0.0,0.0,0.0,1.0
window_10_0pct::CQvYUo1Katllj5kRw,window_10_0pct,1784124493.595117,0,-0.0677608201224812,0.1721838099134691,0.1335203295929825,0.1387216026282328,0.1051542701452325,-0.2486095522648205,-0.2366426430938521,-0.1459652374707132,1.0,0.0,0.0,1.0,0.0,0.0,0.0,0.0,0.0,1.0
window_10_0pct::CBULzB3gTnbMXPJaZa,window_10_0pct,1784124514.115818,0,-0.3894038561741139,-0.3698493827747943,-0.7379063557416712,-0.4058558668836733,-0.684103318687803,-0.2497985998628026,-0.1752907386535228,-0.6040302242810942,1.0,0.0,0.0,0.0,1.0,0.0,0.0,0.0,0.0,1.0
window_10_0pct::Ca7dZX1Y7isSAQQmsg,window_10_0pct,1784125480.978968,0,0.3534665503858466,0.0098659408174456,-0.1774485592399931,-0.0720825791183115,-0.1239850298385519,-0.2494377479038824,-0.2370144426109234,-0.1050981729279761,1.0,0.0,0.0,1.0,0.0,0.0,0.0,0.0,0.0,1.0
window_10_0pct::C974kh2xwYY91fZouj,window_10_0pct,1784124327.75106,0,-0.3897118360077705,-0.3631730693929528,-0.7368866463097827,-0.4585569123203094,-0.7095632409082235,3.956844059547537,4.028300075047938,4.119297628905474,0.0,1.0,1.0,0.0,0.0,0.0,0.0,0.0,0.0,1.0
window_10_0pct::CZM33zhpEwLOWKwye,window_10_0pct,1784124267.804451,0,-0.3897122416657836,-0.3631730693929528,-0.7368866463097827,-0.4585569123203094,-0.7095632409082235,6.342701090257879,6.4475176038787705,4.119297628905474,0.0,1.0,1.0,0.0,0.0,0.0,0.0,0.0,0.0,1.0
window_10_0pct::CgCWLbLmm2DcVZQdh,window_10_0pct,1784124514.002602,0,-0.0386803714340152,0.6207486152559505,2.1752335395915905,0.8414022084500472,1.8618889033542472,-0.2478055659778731,-0.2361408927127153,-0.3536064281430688,1.0,0.0,0.0,1.0,0.0,0.0,0.0,0.0,0.0,1.0
window_10_0pct::CDremE3b2TMbpbKp77,window_10_0pct,1784124283.708999,0,0.4961233537713322,0.3530701756027395,0.0719553726427185,0.1035875723371421,0.0542344257043915,-0.2492222301308132,-0.2369842983364093,0.0533405062763131,1.0,0.0,0.0,1.0,0.0,0.0,0.0,0.0,0.0,1.0
window_10_0pct::CeHGm32s4dj1tikQyf,window_10_0pct,1784124441.368797,0,-0.2679004635159435,-0.0041125903257851,-0.2219546271526235,-0.1599176548460383,-0.2003647964998135,-0.2476780841825428,-0.2364559093543768,-0.0820135743341469,1.0,0.0,0.0,1.0,0.0,0.0,0.0,0.0,0.0,1.0
window_10_0pct::CWU7Q948YntlrvBlsi,window_10_0pct,1784124634.963981,0,0.1859790570591863,-0.3698493827747943,-0.7379063557416712,-0.3882888517381279,-0.6586433964673826,-0.2497985998628026,-0.2371208848002102,-0.6040302242810942,1.0,0.0,0.0,0.0,1.0,0.0,0.0,0.0,0.0,1.0
window_10_0pct::CbYKQV1CtTtjOLLqvi,window_10_0pct,1784124939.527573,0,-0.23604111865976,-0.0982068820511149,-0.2313444515045961,-0.1423506397004929,-0.225824718720234,-0.2485501586328972,-0.2365712688312647,-0.2091279471989884,1.0,0.0,0.0,1.0,0.0,0.0,0.0,0.0,0.0,1.0
window_10_0pct::Cnuq7r4rCaAFzbGcAi,window_10_0pct,1784124052.41056,0,0.686301637643825,0.3526529060163744,0.151237780972044,0.1211545874826874,0.181534036806494,-0.2493243734548172,-0.2370113349818036,-0.0056195405040147,1.0,0.0,0.0,1.0,0.0,0.0,0.0,0.0,0.0,1.0
window_10_0pct::CZ2s1Q1ngVS27mac7e,window_10_0pct,1784123980.378972,0,0.2647837946476704,-0.0950773601533767,-0.2774225714580545,-0.1072166094094022,-0.2512846409406545,-0.2495020964581374,-0.23700900352198,-0.164609241860659,1.0,0.0,0.0,1.0,0.0,0.0,0.0,0.0,0.0,1.0
window_10_0pct::CYPJLg24KlU2xMArS8,window_10_0pct,1784124288.839938,0,0.2432035249384284,-0.1883371127059763,-0.4501358564841572,-0.2301857154282197,-0.378584252042757,-0.2495960535916443,-0.2370566519254127,-0.139546698451244,1.0,0.0,0.0,1.0,0.0,0.0,0.0,0.0,0.0,1.0
window_10_0pct::CnT9Ms3JpIb9C75pI7,window_10_0pct,1784124104.573709,0,-0.105497284896913,-0.2776328041881075,-0.5573540544579261,-0.3180207911559465,-0.5058838631448596,-0.249569446807238,-0.2370110098213096,-0.2279352439711137,1.0,0.0,0.0,1.0,0.0,0.0,0.0,0.0,0.0,1.0
window_10_0pct::CsDs071mQaMHdWp1ga,window_10_0pct,1784125112.402091,0,-0.0428306692416122,-0.3698493827747943,-0.7379063557416712,-0.4058558668836733,-0.684103318687803,-0.2497985998628026,-0.237107277233262,-0.6040302242810942,1.0,0.0,0.0,0.0,1.0,0.0,0.0,0.0,0.0,1.0
window_10_0pct::C6PVAp4qvlfCcIipgd,window_10_0pct,1784124419.801263,0,-0.3896846675961013,-0.3698493827747943,-0.7379063557416712,-0.4058558668836733,-0.684103318687803,-0.2497985998628026,0.4388731536714289,-0.6040302242810942,1.0,0.0,0.0,0.0,1.0,0.0,0.0,0.0,0.0,1.0
window_10_0pct::CyApOl240a7VqZXqFi,window_10_0pct,1784125889.490297,0,-0.3893760686002142,-0.187085303946881,-0.4767545214457448,-0.2653197457193104,-0.429504096483598,0.133352059055462,-0.0668574879109972,-0.0886768893967496,1.0,0.0,0.0,1.0,0.0,0.0,0.0,0.0,0.0,1.0
window_10_0pct::CH1JZ4sEhjyH8Nkxg,window_10_0pct,1784125229.727858,0,-0.2080844814454198,-0.3698493827747943,-0.7379063557416712,-0.4058558668836733,-0.684103318687803,-0.2497985998628026,-0.2370571149490743,-0.6040302242810942,1.0,0.0,0.0,0.0,1.0,0.0,0.0,0.0,0.0,1.0
window_10_0pct::CI2Yf018LfLry0rep9,window_10_0pct,1784125496.203312,0,0.1210754296152406,0.2612708666024178,1.619725582623871,0.6657320569945936,1.352690458945837,-0.2489259585500549,-0.2365539889468852,-0.4068901790481189,1.0,0.0,0.0,1.0,0.0,0.0,0.0,0.0,0.0,1.0
window_10_0pct::C6iTJn2rWEk3IVZ9Ab,window_10_0pct,1784125121.143641,0,-0.3892994953126295,-0.187085303946881,-0.4767545214457448,-0.2653197457193104,-0.429504096483598,0.0623923710427405,-0.0983980421470091,-0.0886768893967496,1.0,0.0,0.0,1.0,0.0,0.0,0.0,0.0,0.0,1.0
window_10_0pct::CfSLHL3Y7Ozy1dbKZg,window_10_0pct,1784124425.170207,0,-0.3886825535259161,-0.1067609085715994,-0.5306291697638502,-0.2477527305737651,-0.4549640187040185,-0.0694722393971539,-0.1768414886394851,0.3306186046302633,1.0,0.0,0.0,1.0,0.0,0.0,0.0,0.0,0.0,1.0
window_10_0pct::CYi7K24oQGsOZDNn1e,window_10_0pct,1784124972.809682,0,-0.3887258735316346,-0.1937616173287226,-0.4767545214457448,-0.2301857154282197,-0.429504096483598,-0.1238074571071166,-0.1693504827475918,-0.1075025819952644,1.0,0.0,0.0,1.0,0.0,0.0,0.0,0.0,0.0,1.0
window_10_0pct::CGaUSzbG61fO90wg1,window_10_0pct,1784124286.809182,0,-0.3893246140838112,-0.3698493827747943,-0.7379063557416712,-0.4058558668836733,-0.684103318687803,-0.2497985998628026,-0.187915770716155,-0.6040302242810942,1.0,0.0,0.0,0.0,1.0,0.0,0.0,0.0,0.0,1.0
window_10_0pct::Ci8aeV2u0lDwm2Ji17,window_10_0pct,1784124953.619288,0,-0.3892128232755599,-0.3698493827747943,-0.7379063557416712,-0.4058558668836733,-0.684103318687803,-0.2497985998628026,-0.1989234720296544,-0.6040302242810942,1.0,0.0,0.0,0.0,1.0,0.0,0.0,0.0,0.0,1.0
window_10_0pct::CPMB8u38SWh0Hbv2Tb,window_10_0pct,1784125728.718714,0,-0.3650601907033405,0.67144686999931,2.5051095408074975,0.98193832961441,2.116488125558452,-0.2199672216788765,-0.2210654329902067,-0.3675662199184843,1.0,0.0,0.0,1.0,0.0,0.0,0.0,0.0,0.0,1.0
window_10_0pct::Co5Qaw1bJ5OUel9W44,window_10_0pct,1784124952.039047,0,0.1262553408362291,-0.3698493827747943,-0.7379063557416712,-0.3882888517381279,-0.6331834742469621,-0.2497985998628026,-0.2371160782277636,-0.6040302242810942,1.0,0.0,0.0,0.0,1.0,0.0,0.0,0.0,0.0,1.0
window_08_22pct::CRh7YA14Fzi4prell7,window_08_22pct,1783719130.246225,1,-0.07382172447110155,-0.3258274414132764,-0.7379063557416712,-0.35315482144703725,-0.6077235520265416,-0.2497001769331473,-0.23705646209512476,1525.4736783412168,1.0,0.0,0.0,1.0,0.0,0.0,0.0,1.0,0.0,0.0
window_10_0pct::CJGdDgtxsmY7uwvqd,window_10_0pct,1784124676.733516,0,-0.3527241411991103,0.106463850060966,-0.1841828902797563,-0.0545155639727661,-0.1494449520589724,-0.2407039310201225,-0.2340601892089842,0.029439282154998,1.0,0.0,0.0,1.0,0.0,0.0,0.0,0.0,0.0,1.0
window_10_0pct::CKEMle2QSEmA0bzmBh,window_10_0pct,1784124962.050315,0,1.369600695265604,0.2852638678184109,0.444234291067986,0.1738556329193235,0.3852134145698581,-0.2495356107437621,-0.2370618580824054,-0.195915667627498,1.0,0.0,0.0,1.0,0.0,0.0,0.0,0.0,0.0,1.0
window_10_0pct::CKQvDwCAUs0N95XGj,window_10_0pct,1784125886.512915,0,0.3516575505019029,0.4490421804667123,1.765374079811935,0.683299072140139,1.5054499922683602,-0.2490184900140869,-0.236736771873657,-0.3631196501133668,1.0,0.0,0.0,1.0,0.0,0.0,0.0,0.0,0.0,1.0
window_10_0pct::CgT1x2tWF3sa1Pzq7,window_10_0pct,1784125128.476153,0,-0.2603652698450594,-0.27784143898129,-0.5940211061129143,-0.3355878063014919,-0.53134378536528,-0.2492962210361849,-0.2368667019045903,-0.1331747863035858,1.0,0.0,0.0,1.0,0.0,0.0,0.0,0.0,0.0,1.0
window_10_0pct::CUvdbM3y4k3BTiwBUj,window_10_0pct,1784126018.0447,0,-0.3872162492613845,-0.1900061910514367,1.1531235417489236,0.3143917540836864,0.9453317034191092,-0.1989251745147554,-0.1509883189409823,-0.5339922810100481,1.0,0.0,0.0,1.0,0.0,0.0,0.0,0.0,0.0,1.0
window_10_0pct::CG7Qzs4iNBZiE7eRw8,window_10_0pct,1784125383.014578,0,-0.3883804343830283,-0.1067609085715994,-0.5306291697638502,-0.2477527305737651,-0.4549640187040185,-0.1103571359518094,-0.1905178841668499,0.3306186046302633,1.0,0.0,0.0,1.0,0.0,0.0,0.0,0.0,0.0,1.0
window_10_0pct::C9Zirm481QfcLd8UGi,window_10_0pct,1784125480.98103,0,0.3534432036996697,-0.0856887944601619,-0.3119227405702797,-0.195051685137129,-0.2512846409406545,-0.2495285472209383,-0.2370594729291449,-0.1127922326682975,1.0,0.0,0.0,1.0,0.0,0.0,0.0,0.0,0.0,1.0
window_10_0pct::C2PBBc2psOmtQccOy5,window_10_0pct,1784124157.410285,0,0.0329479983466247,0.2812998067479425,1.5898778377946368,0.5954639964124121,1.352690458945837,-0.2487105393650615,-0.2364723774213284,-0.3980258308120181,1.0,0.0,0.0,1.0,0.0,0.0,0.0,0.0,0.0,1.0
window_10_0pct::ClAFPm4XIsjfsPgsV5,window_10_0pct,1784124833.433403,0,-0.0216014324914734,-0.3698493827747943,-0.7379063557416712,-0.4058558668836733,-0.684103318687803,-0.2497985998628026,-0.2371104567763977,-0.6040302242810942,1.0,0.0,0.0,0.0,1.0,0.0,0.0,0.0,0.0,1.0
window_10_0pct::CJvyBZ2Bn0Go4aHQge,window_10_0pct,1784125627.615676,0,-0.3783464407272857,-0.0856887944601619,-0.2313444515045961,-0.1247836245549475,-0.225824718720234,-0.2321422413662513,-0.2287497272843388,-0.1909296855823015,1.0,0.0,0.0,1.0,0.0,0.0,0.0,0.0,0.0,1.0
window_10_0pct::CronpG4DWGmBqjDaZ7,window_10_0pct,1784125596.746156,0,-0.0197291392822697,0.1905436717135335,-0.1237863503868645,-0.00181451853613,-0.0985251076181314,-0.2487288686101932,-0.2368135003924543,0.0679664636764806,1.0,0.0,0.0,1.0,0.0,0.0,0.0,0.0,0.0,1.0
window_10_0pct::CTm8aq2BHHKdUJzi72,window_10_0pct,1784125310.144714,0,-0.3895973230207468,-0.2774241693949249,1.1454757210097604,0.296824738938141,0.9198717811986884,0.3147092914040224,1.5821171949618698,-0.5678900879292397,1.0,0.0,0.0,1.0,0.0,0.0,0.0,0.0,0.0,1.0
window_10_0pct::CfRiTAFo43Cf28Md7,window_10_0pct,1784125960.614425,0,-0.3206452819817663,0.9816868074617612,2.2633534296639493,1.0522063901965917,1.9382686700155087,-0.2359782985274429,-0.2311399169850364,-0.2723926935316209,1.0,0.0,0.0,1.0,0.0,0.0,0.0,0.0,0.0,1.0
window_10_0pct::ClK6ZU2BBXGG26DJJk,window_10_0pct,1784124536.872583,0,-0.3891334957835702,-0.0917392034624559,-0.5306291697638502,-0.2477527305737651,-0.4549640187040185,0.0891682691984067,-0.1298991633334387,0.3839847550518475,1.0,0.0,0.0,1.0,0.0,0.0,0.0,0.0,0.0,1.0
window_10_0pct::CexTl62yTkQyZnRcc4,window_10_0pct,1784125654.640594,0,-0.1387118264228724,-0.0168393127099206,-0.3713845468172738,-0.1423506397004929,-0.327664407601916,-0.2488053098101782,-0.2368004923054982,0.1052286172411469,1.0,0.0,0.0,1.0,0.0,0.0,0.0,0.0,0.0,1.0
window_10_0pct::CQW70C4yQmsOLBwwjj,window_10_0pct,1784125487.897342,0,0.8784807976404745,0.2817170763343076,0.1900292272767996,0.1914226480648689,0.2069939590269145,-0.2494357409632412,-0.2370191483702875,-0.0869313344680312,1.0,0.0,0.0,1.0,0.0,0.0,0.0,0.0,0.0,1.0
window_10_0pct::CYz3h6NAui2cR7Knl,window_10_0pct,1784125674.793382,0,-0.3231073378908033,-0.3698493827747943,-0.7379063557416712,-0.4058558668836733,-0.684103318687803,-0.2497985998628026,-0.2368752783828171,-0.6040302242810942,1.0,0.0,0.0,0.0,1.0,0.0,0.0,0.0,0.0,1.0
window_10_0pct::CKDjHomR3KNv4bGh,window_10_0pct,1784125605.893488,0,0.0722390407042884,0.2650262928797036,0.7000963826859912,0.3319587692292318,0.6143527145536426,-0.2488279636101306,-0.2366863158180245,-0.2788941065710729,1.0,0.0,0.0,1.0,0.0,0.0,0.0,0.0,0.0,1.0
window_10_0pct::CbIoBA3shJvclrs9Bi,window_10_0pct,1784125431.974457,0,1.43023303206193,0.0042328014015168,-0.1695670550893554,-0.0720825791183115,-0.0730651853977109,-0.2496534310934819,-0.2371019871432807,-0.1193160049150505,1.0,0.0,0.0,1.0,0.0,0.0,0.0,0.0,0.0,1.0
window_10_0pct::CBUwy33xLaAcuYmTw8,window_10_0pct,1784125587.480014,0,0.2626148266531236,0.0889385274336319,0.0016166657889146,0.0157524966094153,0.0033145812635505,-0.2493018808791162,-0.2369571879355028,-0.1471625318288634,1.0,0.0,0.0,1.0,0.0,0.0,0.0,0.0,0.0,1.0
window_10_0pct::CUAlqn1RryeQeT0o0f,window_10_0pct,1784125891.658741,0,1.0425636139381018,0.0826794836381554,0.056468535645913,0.0333195117549606,0.0542344257043915,-0.2495754564509006,-0.2370656038347654,-0.1845110437603876,1.0,0.0,0.0,1.0,0.0,0.0,0.0,0.0,0.0,1.0
window_10_0pct::CwC3pi1i6rlZFp7VTa,window_10_0pct,1784125313.166321,0,-0.2786159946593857,-0.0016089728075945,0.3899347638199272,0.050886526900506,0.3088336479085966,-0.2474576401985971,-0.2358713365200052,-0.3635839802244036,1.0,0.0,0.0,1.0,0.0,0.0,0.0,0.0,0.0,1.0
window_10_0pct::C4UFR4lHOFJYAgPa,window_10_0pct,1784125228.100723,0,-0.389282692530717,-0.3698493827747943,-0.7379063557416712,-0.4058558668836733,-0.684103318687803,-0.2497985998628026,-0.1927139732332507,-0.6040302242810942,1.0,0.0,0.0,0.0,1.0,0.0,0.0,0.0,0.0,1.0
window_10_0pct::CLESocRYmbRWKMNTl,window_10_0pct,1784125295.355781,0,-0.3893373389351706,-0.1839557820491427,-0.4118967527883412,-0.2301857154282197,-0.378584252042757,0.0997300248042651,-0.058960004123832,-0.1841277784808719,1.0,0.0,0.0,1.0,0.0,0.0,0.0,0.0,0.0,1.0
window_10_0pct::Cp776rjFcKvZlEcPk,window_10_0pct,1784124234.296052,0,-0.3893374990633337,-0.3698493827747943,-0.7379063557416712,-0.4058558668836733,-0.684103318687803,-0.2497985998628026,-0.186225722278219,-0.6040302242810942,1.0,0.0,0.0,0.0,1.0,0.0,0.0,0.0,0.0,1.0
window_10_0pct::CZ6tj12iHhXL3t3tD9,window_10_0pct,1784124129.028478,0,-0.2821187448506993,0.1757306013975725,1.431716656119442,0.4549278752480493,1.1999309256233142,-0.2462173535778481,-0.2348072585000289,-0.4188423465553828,1.0,0.0,0.0,1.0,0.0,0.0,0.0,0.0,0.0,1.0
window_10_0pct::C1ffEe8eC1M4RS648,window_10_0pct,1784125781.05897,0,-0.257332207581691,-0.0103716341212616,-0.3967498189354985,-0.1774846699915836,-0.3531243298223365,-0.2478807621809146,-0.2365484275216089,0.1719201194708172,1.0,0.0,0.0,1.0,0.0,0.0,0.0,0.0,0.0,1.0
window_10_0pct::CMysYg4qoJngRXaGyg,window_10_0pct,1784125548.279585,0,-0.389059463196173,-0.2818055000517585,-0.6106338722740966,-0.3355878063014919,-0.53134378536528,-0.1546456086929736,-0.1786321485048343,-0.0946584924501537,1.0,0.0,0.0,1.0,0.0,0.0,0.0,0.0,0.0,1.0
window_10_0pct::Cco2jd3h9OXslS0qC,window_10_0pct,1784125052.546324,0,0.2560215068374742,0.0718304743926628,-0.2746183705203613,-0.1247836245549475,-0.2512846409406545,-0.249315520708746,-0.2370143260705251,0.0980379703211947,1.0,0.0,0.0,1.0,0.0,0.0,0.0,0.0,0.0,1.0
window_10_0pct::Cyufz71Q1iacQoHUKl,window_10_0pct,1784125251.837257,0,0.2846743492792523,0.3676746111255179,0.6217911958955589,0.2441236935015049,0.5379729478923811,-0.2490262191221893,-0.2368717358815024,-0.2045735245653926,1.0,0.0,0.0,1.0,0.0,0.0,0.0,0.0,0.0,1.0
window_10_0pct::C5NKya4ICykLe1AQt8,window_10_0pct,1784125238.447259,0,0.5416228639174997,0.0926939537109177,1.304444172651867,0.4373608601025039,1.0726313145212116,-0.2494478392734424,-0.2368954606107217,-0.4372439582121678,1.0,0.0,0.0,1.0,0.0,0.0,0.0,0.0,0.0,1.0
window_10_0pct::CDUbT84w9GxUV3L1Yg,window_10_0pct,1784124713.29029,0,-0.3186491136256041,-0.3698493827747943,-0.7379063557416712,-0.4058558668836733,-0.684103318687803,-0.2497985998628026,-0.2368932917221703,-0.6040302242810942,1.0,0.0,0.0,0.0,1.0,0.0,0.0,0.0,0.0,1.0
window_10_0pct::C94Y5t4vapNbYdiOm6,window_10_0pct,1784125768.365604,0,0.3527899982216242,-0.279719152119933,-0.5573540544579261,-0.3180207911559465,-0.480423940924439,-0.2497128690452361,-0.2371044569573724,-0.2364441801772219,1.0,0.0,0.0,1.0,0.0,0.0,0.0,0.0,0.0,1.0
window_10_0pct::CFRqHc2bTptroPp5L4,window_10_0pct,1784125650.023624,0,-0.3890605093668385,-0.08798377718517,-0.5306291697638502,-0.2653197457193104,-0.4549640187040185,0.0553147129351117,-0.1492262417450494,0.3973262926572436,1.0,0.0,0.0,1.0,0.0,0.0,0.0,0.0,0.0,1.0
window_10_0pct::CSFQQz4NH08N7VvUwd,window_10_0pct,1784124419.798667,0,-0.3896471762555189,-0.187085303946881,-0.4767545214457448,-0.2477527305737651,-0.429504096483598,1.7124650311243117,0.7077185202353335,-0.0886768893967496,1.0,0.0,0.0,1.0,0.0,0.0,0.0,0.0,0.0,1.0
window_10_0pct::CUbhsv4WpRB03Ra2nl,window_10_0pct,1784124952.036388,0,0.1262840144526312,-0.1883371127059763,-0.3501406003195982,-0.195051685137129,-0.3022044853814955,-0.249550158727548,-0.2370141565766766,-0.2593190199194759,1.0,0.0,0.0,1.0,0.0,0.0,0.0,0.0,0.0,1.0
window_10_0pct::Cx38wk27UPQvEsfRBf,window_10_0pct,1784125658.001676,0,0.3260681733240565,-0.0894442207374478,-0.3322744413150529,-0.1599176548460383,-0.276744563161075,-0.2495219245379011,-0.2370421768672343,-0.0949645672055269,1.0,0.0,0.0,1.0,0.0,0.0,0.0,0.0,0.0,1.0
window_10_0pct::CFg4iP1REfsTbaZiP3,window_10_0pct,1784125148.80153,0,-0.2560859514388636,-0.2749205518767343,-0.5573540544579261,-0.3180207911559465,-0.5058838631448596,-0.249296871600428,-0.2368403919860475,-0.2168736269031731,1.0,0.0,0.0,1.0,0.0,0.0,0.0,0.0,0.0,1.0
window_10_0pct::Crr1ua4nMn8hDsQ8z4,window_10_0pct,1784125466.608167,0,-0.3895697169254318,-0.0967464384988371,-0.5306291697638502,-0.2653197457193104,-0.4549640187040185,1.0967647858938634,0.1633803483254063,0.3661960382446528,1.0,0.0,0.0,1.0,0.0,0.0,0.0,0.0,0.0,1.0
window_10_0pct::CVWyD84NOA7eeo2rV,window_10_0pct,1784125021.803471,0,-0.3884172531853256,-0.187085303946881,-0.4300815709903515,-0.2477527305737651,-0.378584252042757,-0.1501778501685279,-0.1891924302464842,-0.1668103016347528,1.0,0.0,0.0,1.0,0.0,0.0,0.0,0.0,0.0,1.0
window_10_0pct::C1M1wr3SA9Sr1AHfxh,window_10_0pct,1784125764.487332,0,-0.3889762392522151,-0.0967464384988371,-0.5306291697638502,-0.2477527305737651,-0.4549640187040185,0.012013657571889,-0.1527951073226675,0.3661960382446528,1.0,0.0,0.0,1.0,0.0,0.0,0.0,0.0,0.0,1.0
window_10_0pct::CxGAjvoy2aZvSU9H,window_10_0pct,1784124936.24067,0,-0.388879020106804,-0.0187170258485636,-0.3500768684801051,-0.1599176548460383,-0.3022044853814955,0.0475749814513216,-0.1339644159517728,0.0626980821026501,1.0,0.0,0.0,1.0,0.0,0.0,0.0,0.0,0.0,1.0
window_10_0pct::CB9XSL3Nr0SzT4aWWi,window_10_0pct,1784124387.579183,0,-0.2557949772161261,-0.2803450564994806,1.1454757210097604,0.3319587692292318,0.9198717811986884,-0.2493265696376748,-0.2355201162797806,-0.5690322141344901,1.0,0.0,0.0,1.0,0.0,0.0,0.0,0.0,0.0,1.0
window_10_0pct::CD5knN1wdBdWnivGab,window_10_0pct,1784124302.687367,0,-0.2732992379102293,-0.2753378214630994,-0.1220868346670504,-0.195051685137129,-0.1239850298385519,-0.2492252160298922,-0.2365052854235418,-0.4910092202394941,1.0,0.0,0.0,1.0,0.0,0.0,0.0,0.0,0.0,1.0
window_10_0pct::CNKEnZ1ubCPf5ez5N,window_10_0pct,1784124211.040849,0,-0.3895906723643736,-0.0967464384988371,-0.5306291697638502,-0.2477527305737651,-0.4549640187040185,1.327520257412007,0.2711183662664205,0.3661960382446528,1.0,0.0,0.0,1.0,0.0,0.0,0.0,0.0,0.0,1.0
window_10_0pct::CTF0X31JmaKvFSgIOc,window_10_0pct,1784125294.46469,0,0.0151438816543386,0.095823475608656,0.3187887869992115,0.1035875723371421,0.2579138034677555,-0.2489862481213539,-0.2367726974844574,-0.279492534396723,1.0,0.0,0.0,1.0,0.0,0.0,0.0,0.0,0.0,1.0
window_10_0pct::CcHb9O3kQZIPCGUyhb,window_10_0pct,1784125818.886429,0,-0.3890117983796297,-0.08798377718517,-0.5306291697638502,-0.2477527305737651,-0.4549640187040185,0.0341178364214032,-0.1485164348724228,0.3973262926572436,1.0,0.0,0.0,1.0,0.0,0.0,0.0,0.0,0.0,1.0
window_10_0pct::CYQK7HrziN7Vz24hd,window_10_0pct,1784124081.584255,0,-0.3034029055607745,-0.0187170258485636,-0.3500768684801051,-0.195051685137129,-0.3022044853814955,-0.2469253450288523,-0.2362760901047686,0.0626980821026501,1.0,0.0,0.0,1.0,0.0,0.0,0.0,0.0,0.0,1.0
window_10_0pct::C6QaioB0tsXiRBwgh,window_10_0pct,1784124113.609733,0,0.1787466657446859,-0.0950773601533767,-0.3156616751538706,-0.1774846699915836,-0.276744563161075,-0.2494572202688164,-0.2370194280552637,-0.1248166288729454,1.0,0.0,0.0,1.0,0.0,0.0,0.0,0.0,0.0,1.0
window_10_0pct::CF3id3RKYQaEqdWY5,window_10_0pct,1784124014.385376,0,0.5586520350269563,-0.0894442207374478,-0.2822024594200316,-0.1599176548460383,-0.225824718720234,-0.2495897783874748,-0.2370716637057475,-0.1508972426543016,1.0,0.0,0.0,1.0,0.0,0.0,0.0,0.0,0.0,1.0
window_10_0pct::CitgIv235xzWW6fpl,window_10_0pct,1784124070.240054,0,-0.3891951771519885,-0.1916752693968971,1.1531235417489236,0.3495257843747771,0.9453317034191092,-0.0067661796585593,0.1968325462684862,-0.5346422851239325,1.0,0.0,0.0,1.0,0.0,0.0,0.0,0.0,0.0,1.0
window_10_0pct::CCpGaa3okjzkGWXdLa,window_10_0pct,1784124167.54793,0,0.3843235356419948,0.0985357279200291,0.0522834781858709,0.0157524966094153,0.0542344257043915,-0.2493712276179471,-0.2369894568430633,-0.1675117546382228,1.0,0.0,0.0,1.0,0.0,0.0,0.0,0.0,0.0,1.0
window_10_0pct::CJH7Va20dLPNuIaHl3,window_10_0pct,1784124726.679903,0,-0.205374579165568,-0.3698493827747943,-0.7379063557416712,-0.4058558668836733,-0.684103318687803,-0.2497985998628026,-0.2370586628594494,-0.6040302242810942,1.0,0.0,0.0,0.0,1.0,0.0,0.0,0.0,0.0,1.0
window_10_0pct::CSLwuE3ZbCbl6w9W9c,window_10_0pct,1784125488.371088,0,0.0742668183598425,-0.0041125903257851,-0.3318920502780948,-0.1423506397004929,-0.3022044853814955,-0.2492418831349335,-0.2369666218295271,0.0593266738464345,1.0,0.0,0.0,1.0,0.0,0.0,0.0,0.0,0.0,1.0
window_10_0pct::C7w5yv3U3lMRLHHyph,window_10_0pct,1784124232.456935,0,0.4824068286979812,-0.1864593995673333,-0.4752249572979122,-0.2477527305737651,-0.4040441742631775,-0.2496500869757515,-0.2370911412525238,-0.0899228584074318,1.0,0.0,0.0,1.0,0.0,0.0,0.0,0.0,0.0,1.0
window_10_0pct::C3VPuVLwBWZgb0kze,window_10_0pct,1784126149.848542,0,0.295865973477163,0.0019378186765087,1.4078384602560543,0.4549278752480493,1.1490110811824732,-0.2494155973329822,-0.2367927943933205,-0.4764290355260497,1.0,0.0,0.0,1.0,0.0,0.0,0.0,0.0,0.0,1.0
window_10_0pct::Cz17VABPM5EO5XVyg,window_10_0pct,1784124287.295628,0,-0.1742327259073011,-0.187085303946881,-0.4767545214457448,-0.2653197457193104,-0.429504096483598,-0.2491995705442928,-0.2368961501342961,-0.0886768893967496,1.0,0.0,0.0,1.0,0.0,0.0,0.0,0.0,0.0,1.0
window_10_0pct::Ccduyy4KYWgFZx5tgd,window_10_0pct,1784126034.779309,0,0.1862952674804251,-0.1858334951877857,-0.4501358564841572,-0.2301857154282197,-0.378584252042757,-0.2495729727397865,-0.2370462032768544,-0.1331400291294529,1.0,0.0,0.0,1.0,0.0,0.0,0.0,0.0,0.0,1.0
window_10_0pct::CVa0E92oCjTFpX2hc1,window_10_0pct,1784124288.749594,0,0.2441680942919769,0.3549478887413825,0.4125170789469564,0.296824738938141,0.4361332590106991,-0.2489910423725343,-0.2368305332712221,-0.1400564139805297,1.0,0.0,0.0,1.0,0.0,0.0,0.0,0.0,0.0,1.0
window_10_0pct::CSpPqv2Tj1aqeVruR5,window_10_0pct,1784124450.994515,0,0.0773116020047483,0.333875774629945,-0.182100983522984,-0.0193815336816754,-0.1494449520589724,-0.2487343881677038,-0.2368962360656215,0.3283786409429688,1.0,0.0,0.0,1.0,0.0,0.0,0.0,0.0,0.0,1.0
window_10_0pct::CcHaRt1Mb7Ti96jhMc,window_10_0pct,1784125573.208795,0,-0.3892155881551757,-0.3698493827747943,-0.7379063557416712,-0.4058558668836733,-0.684103318687803,-0.2497985998628026,-0.1987109012556153,-0.6040302242810942,1.0,0.0,0.0,0.0,1.0,0.0,0.0,0.0,0.0,1.0
window_10_0pct::Cd33sN2seJQTViyO93,window_10_0pct,1784124383.18461,0,-0.3891936826224664,-0.3698493827747943,-0.7379063557416712,-0.4058558668836733,-0.684103318687803,-0.2497985998628026,-0.2003329742349762,-0.6040302242810942,1.0,0.0,0.0,0.0,1.0,0.0,0.0,0.0,0.0,1.0
window_10_0pct::C2wYzo3hGrtticoBN1,window_10_0pct,1784123928.025611,0,0.4862829016886988,-0.2790932477403853,-0.5306929016033433,-0.2828867608648558,-0.429504096483598,-0.2497254289270645,-0.2371023725068369,-0.2815105766943704,1.0,0.0,0.0,1.0,0.0,0.0,0.0,0.0,0.0,1.0
window_10_0pct::CwQkQR33YMnfWoHi2d,window_10_0pct,1784125529.107544,0,-0.3139954582749715,-0.0938255513942814,-0.2962022201619998,-0.1423506397004929,-0.276744563161075,-0.2472239688821186,-0.2359626642161888,-0.1438405349347311,1.0,0.0,0.0,1.0,0.0,0.0,0.0,0.0,0.0,1.0
window_10_0pct::C2CG0826jgOnyiEFnb,window_10_0pct,1784125161.732224,0,-0.3492497443678725,-0.2767982650153773,-0.5955506702607468,-0.3355878063014919,-0.53134378536528,-0.2481744507338527,-0.2362171277195504,-0.1227205084148451,1.0,0.0,0.0,1.0,0.0,0.0,0.0,0.0,0.0,1.0
window_10_0pct::CJJUDg4VdGfS3Pbiz4,window_10_0pct,1784125457.432687,0,-0.2004965308824064,-0.3698493827747943,-0.7379063557416712,-0.4058558668836733,-0.684103318687803,-0.2497985998628026,-0.2370613374873951,-0.6040302242810942,1.0,0.0,0.0,0.0,1.0,0.0,0.0,0.0,0.0,1.0
window_10_0pct::CXAaf6WIcmtmyv9Ui,window_10_0pct,1784124658.358301,0,0.555128649653027,0.6741591223106832,0.928213880178032,0.5427629509757761,0.8180320923170066,-0.2490182134548586,-0.2368689148840422,-0.1425694220388059,1.0,0.0,0.0,1.0,0.0,0.0,0.0,0.0,0.0,1.0
window_10_0pct::CtRXDM3GFdAqsmIUz5,window_10_0pct,1784125933.327626,0,-0.3398775390597166,-0.0080766513962535,-0.1125483026895941,-0.0369485488272207,-0.1239850298385519,-0.2446716107619412,-0.234763942744272,-0.1780053219717386,1.0,0.0,0.0,1.0,0.0,0.0,0.0,0.0,0.0,1.0
window_10_0pct::CnL5fx3TtUbjR2cVf9,window_10_0pct,1784124645.69387,0,-0.3893242511266416,-0.3698493827747943,-0.7379063557416712,-0.4058558668836733,-0.684103318687803,-0.2497985998628026,-0.1879617551645652,-0.6040302242810942,1.0,0.0,0.0,0.0,1.0,0.0,0.0,0.0,0.0,1.0
window_10_0pct::CB1woG2XBKJcfKDmZ3,window_10_0pct,1784124276.502151,0,-0.2675779547202901,-0.1858334951877857,-0.4767545214457448,-0.2301857154282197,-0.429504096483598,-0.2487345062272595,-0.2366143605039449,-0.085147072034528,1.0,0.0,0.0,1.0,0.0,0.0,0.0,0.0,0.0,1.0
window_10_0pct::Cin6LC1xIRZIcEtWH,window_10_0pct,1784124952.034365,0,0.1263022477128005,-0.1883371127059763,-0.4767545214457448,-0.2301857154282197,-0.4040441742631775,-0.2495501675061495,-0.2370326928377623,-0.0922067067589711,1.0,0.0,0.0,1.0,0.0,0.0,0.0,0.0,0.0,1.0
window_10_0pct::CZkQCM1nw3ILZviFO8,window_10_0pct,1784124225.375924,0,-0.386746668085548,-0.1958479652605481,1.1531235417489236,0.296824738938141,0.9453317034191092,-0.2083696408549226,-0.1662420175746924,-0.5362672954086435,1.0,0.0,0.0,1.0,0.0,0.0,0.0,0.0,0.0,1.0
window_10_0pct::CFmPSI1kbiBcORI1Ci,window_10_0pct,1784125308.735602,0,-0.3363178472936118,-0.2803450564994806,1.1454757210097604,0.2616907086470503,0.9198717811986884,-0.2486147211412991,-0.2334016146880121,-0.5690322141344901,1.0,0.0,0.0,1.0,0.0,0.0,0.0,0.0,0.0,1.0
window_10_0pct::C4EJVP1vGfwl19bXQ9,window_10_0pct,1784124701.334011,0,0.3148923911390799,0.1728097142930167,0.1134235562061814,0.050886526900506,0.130614192365653,-0.2492546663441915,-0.236958843074916,-0.1346108453347631,1.0,0.0,0.0,1.0,0.0,0.0,0.0,0.0,0.0,1.0
window_10_0pct::CzMPsj4uBlx7dTjj35,window_10_0pct,1784125523.611513,0,-0.3894118092062135,-0.1891716518787065,1.1531235417489236,0.3670927995203225,0.9453317034191092,0.1739319223591291,0.5249053292675188,-0.5336672789531058,1.0,0.0,0.0,1.0,0.0,0.0,0.0,0.0,0.0,1.0
window_10_0pct::CS006D33d6S0uZCWLa,window_10_0pct,1784125313.161545,0,-0.2785646575703023,-0.094451455773829,-0.3494820379781702,-0.195051685137129,-0.3022044853814955,-0.2480486624581862,-0.236474155512755,-0.0819068213139981,1.0,0.0,0.0,1.0,0.0,0.0,0.0,0.0,0.0,1.0
window_10_0pct::CQoZz34vCrvlo37zI4,window_10_0pct,1784124806.046961,0,0.5212221623087677,0.5750575955489722,2.111692895617043,0.929237284177774,1.7855091366929856,-0.2490660009328676,-0.2367425210614536,-0.3598307709878868,1.0,0.0,0.0,1.0,0.0,0.0,0.0,0.0,0.0,1.0
window_10_0pct::CYXB1ppekTVKVqKGj,window_10_0pct,1784125870.038628,0,0.4808910661814798,0.3073791558957612,0.0201413871348877,0.0684535420460513,0.0542344257043915,-0.2492492117594792,-0.2369921655656109,0.0538838516709574,1.0,0.0,0.0,1.0,0.0,0.0,0.0,0.0,0.0,1.0
window_10_0pct::C5wxpg2KuUwPfOy2q6,window_10_0pct,1784125779.520739,0,-0.3894658577988584,-0.275546456256282,-0.5955506702607468,-0.3355878063014919,-0.53134378536528,0.0197385710119526,-0.0823696296167183,-0.1162454898157475,1.0,0.0,0.0,1.0,0.0,0.0,0.0,0.0,0.0,1.0
window_10_0pct::CBungi2LyAnSnd9gJc,window_10_0pct,1784124727.096878,0,-0.3414372620945888,-0.3698493827747943,-0.7379063557416712,-0.4058558668836733,-0.684103318687803,-0.2497985998628026,-0.2367662566333648,-0.6040302242810942,1.0,0.0,0.0,0.0,1.0,0.0,0.0,0.0,0.0,1.0
window_10_0pct::C172H617EKprDEE5Ck,window_10_0pct,1784124899.977318,0,-0.3885603330366428,-0.1833298776695951,1.1531235417489236,0.3846598146658678,0.9453317034191092,-0.1355104202772247,-0.0339078209769786,-0.5313922645545104,1.0,0.0,0.0,1.0,0.0,0.0,0.0,0.0,0.0,1.0
window_10_0pct::CEblmd20sj6HiYHhQf,window_10_0pct,1784125557.649333,0,0.4199074829218334,-0.0938255513942814,-0.3407507759676255,-0.1774846699915836,-0.2512846409406545,-0.2495578146649953,-0.2370620179405337,-0.0922242652214597,1.0,0.0,0.0,1.0,0.0,0.0,0.0,0.0,0.0,1.0
window_10_0pct::CdMAHy1pTeQcJ9Z8m9,window_10_0pct,1784124233.557484,0,-0.1224234615718768,0.2479182398387346,1.8918817812055932,0.6130310115579575,1.5818297589296215,-0.248166270017065,-0.236053384100737,-0.4310312494740137,1.0,0.0,0.0,1.0,0.0,0.0,0.0,0.0,0.0,1.0
window_10_0pct::CfzQE02HfieC0YdFVb,window_10_0pct,1784124806.042877,0,0.5212620235461637,0.2911056420275223,0.0267694984421625,0.0860205571915967,0.0542344257043915,-0.2492861750766848,-0.2369944617712966,0.0325089305085501,1.0,0.0,0.0,1.0,0.0,0.0,0.0,0.0,0.0,1.0
window_10_0pct::C5D5uR1YKA9mi0AZE9,window_10_0pct,1784124897.510706,0,-0.3889962552726,-0.1916752693968971,1.1531235417489236,0.3495257843747771,0.9453317034191092,-0.0742202827326596,0.0763764339156778,-0.5346422851239325,1.0,0.0,0.0,1.0,0.0,0.0,0.0,0.0,0.0,1.0
window_10_0pct::CUE1TS1NY9LlVGISs4,window_10_0pct,1784124064.444705,0,0.3238023811669009,0.1863709758498825,-0.3243929371644153,-0.1072166094094022,-0.2512846409406545,-0.2492480353225231,-0.2370216925740161,0.3865225516698813,1.0,0.0,0.0,1.0,0.0,0.0,0.0,0.0,0.0,1.0
window_10_0pct::C5PmIG2fJedSMpSgD4,window_10_0pct,1784125466.895046,0,-0.0604036035672548,0.0795499617404171,-0.4514954690600085,-0.1774846699915836,-0.378584252042757,-0.2488347862900899,-0.2369155920443447,0.5514256312231276,1.0,0.0,0.0,1.0,0.0,0.0,0.0,0.0,0.0,1.0
window_10_0pct::CGH8Rx2GOMtLzC43pl,window_10_0pct,1784124357.079506,0,-0.3729229105189878,-0.0024435119803247,-0.1532517041791405,-0.0896495942638568,-0.1239850298385519,-0.2343439608611191,-0.2308976754541172,-0.14125131431405,1.0,0.0,0.0,1.0,0.0,0.0,0.0,0.0,0.0,1.0
window_10_0pct::CtZDtn49KwvQ3un3Vb,window_10_0pct,1784125567.696841,0,-0.2770176273611569,-0.2772155346017424,-0.5955506702607468,-0.3180207911559465,-0.53134378536528,-0.2492180647971248,-0.2367805813741031,-0.1248788479478775,1.0,0.0,0.0,1.0,0.0,0.0,0.0,0.0,0.0,1.0
window_10_0pct::CTcjJlQj3R4wfR8Z8,window_10_0pct,1784125899.991523,0,-0.3291863687474842,-0.0906960294965431,-0.2313444515045961,-0.1423506397004929,-0.225824718720234,-0.2465412731210927,-0.2356615530634851,-0.1982089902289762,1.0,0.0,0.0,1.0,0.0,0.0,0.0,0.0,0.0,1.0
window_10_0pct::CorNId4FLEolnPVBec,window_10_0pct,1784124722.261548,0,-0.3594248643113426,-0.3698493827747943,-0.7379063557416712,-0.4058558668836733,-0.684103318687803,-0.2497985998628026,-0.2365309876384612,-0.6040302242810942,1.0,0.0,0.0,0.0,1.0,0.0,0.0,0.0,0.0,1.0
window_10_0pct::CXDeq61SwL9ooUL3,window_10_0pct,1784125554.850992,0,0.200129721608279,0.3336671398367624,0.0794969736493934,0.1035875723371421,0.079694347924812,-0.2489562300832652,-0.2368949187120748,0.0297946354815544,1.0,0.0,0.0,1.0,0.0,0.0,0.0,0.0,0.0,1.0
window_10_0pct::CBM93H13JRMbSsus0l,window_10_0pct,1784125610.904205,0,-0.2838068906723615,0.2677385451910768,-0.4438476483208453,-0.1423506397004929,-0.3531243298223365,-0.2455466912850275,-0.2363046522426074,0.9926477132314788,1.0,0.0,0.0,1.0,0.0,0.0,0.0,0.0,0.0,1.0
window_10_0pct::CWxY8I2x0oGrOndJ7e,window_10_0pct,1784124514.655486,0,-0.3293011486147797,-0.279719152119933,-0.5955506702607468,-0.3180207911559465,-0.53134378536528,-0.2487449087519046,-0.2364501270237406,-0.1378288851460726,1.0,0.0,0.0,1.0,0.0,0.0,0.0,0.0,0.0,1.0
window_10_0pct::CywpM23zTF48hBORFb,window_10_0pct,1784124929.671909,0,-0.3771643532770098,-0.2818055000517585,-0.5573540544579261,-0.2828867608648558,-0.5058838631448596,-0.244843316953163,-0.2329712989101141,-0.24495311638333,1.0,0.0,0.0,1.0,0.0,0.0,0.0,0.0,0.0,1.0
window_10_0pct::CCvUw4AYzS8w4JM48,window_10_0pct,1784125404.808985,0,-0.388714248226995,-0.279719152119933,-0.5573540544579261,-0.3004537760104012,-0.5058838631448596,-0.1860609085859555,-0.1892891431201233,-0.2364441801772219,1.0,0.0,0.0,1.0,0.0,0.0,0.0,0.0,0.0,1.0
window_10_0pct::Cc69EfzfCUY5srwmd,window_10_0pct,1784124022.953872,0,0.650664431736946,-0.0894442207374478,-0.3313397076691552,-0.1599176548460383,-0.276744563161075,-0.249608246843863,-0.2370796894315469,-0.0961348942294741,1.0,0.0,0.0,1.0,0.0,0.0,0.0,0.0,0.0,1.0
window_10_0pct::CuZcPHQffy7LEbYf3,window_10_0pct,1784124577.450217,0,0.4448507216112314,0.6793749921402469,0.1181822002216607,0.2089896632104142,0.1560741145860735,-0.2489106804299034,-0.2369389822954465,0.2985411584688555,1.0,0.0,0.0,1.0,0.0,0.0,0.0,0.0,0.0,1.0
window_10_0pct::CebZAW1uTeJqXqPIF4,window_10_0pct,1784125053.085618,0,-0.3897121882897292,-0.3631730693929528,-0.7368866463097827,-0.4585569123203094,-0.7095632409082235,5.884888611777276,5.983303714026363,4.119297628905474,0.0,1.0,1.0,0.0,0.0,0.0,0.0,0.0,0.0,1.0
window_10_0pct::Cc5O3B2ygnUToWPDJ6,window_10_0pct,1784124299.249033,0,0.6024547310802334,0.0109091147833584,-0.3350149104132531,-0.1599176548460383,-0.276744563161075,-0.249527562480274,-0.2370756700165894,0.0919250266798503,1.0,0.0,0.0,1.0,0.0,0.0,0.0,0.0,0.0,1.0
window_10_0pct::CEgo8d4SjjWaiH1zZ1,window_10_0pct,1784125650.395101,0,0.2337791071738976,-0.2811795956722108,-0.5940211061129143,-0.3355878063014919,-0.53134378536528,-0.2496981592381459,-0.2371010633327081,-0.1502579767971009,1.0,0.0,0.0,1.0,0.0,0.0,0.0,0.0,0.0,1.0
window_10_0pct::CLBe8S1U1jzXpNq474,window_10_0pct,1784124063.833333,0,-0.3891944725880709,-0.1858334951877857,1.1531235417489236,0.2616907086470503,0.9453317034191092,0.0008610137075763,0.1501358576036699,-0.5323672707253371,1.0,0.0,0.0,1.0,0.0,0.0,0.0,0.0,0.0,1.0
window_10_0pct::CQXSSJ28q060HB50a6,window_10_0pct,1784125042.470822,0,0.9858718070557392,0.0889385274336319,-0.0335208217182408,-0.0193815336816754,0.0033145812635505,-0.2495630465169321,-0.2370720413282307,-0.124372883378535,1.0,0.0,0.0,1.0,0.0,0.0,0.0,0.0,0.0,1.0
window_10_0pct::CQQ45K1gpuT0bRNYUc,window_10_0pct,1784125165.314267,0,0.2778671302633611,-0.3698493827747943,-0.7379063557416712,-0.3882888517381279,-0.6331834742469621,-0.2497985998628026,-0.2371266004743207,-0.6040302242810942,1.0,0.0,0.0,0.0,1.0,0.0,0.0,0.0,0.0,1.0
window_10_0pct::CPmIROxmpRS0zzmh4,window_10_0pct,1784124072.180749,0,-0.2638550069543201,-0.188963017085524,-0.4034204181357686,-0.2126187002826743,-0.3531243298223365,-0.2487835442217824,-0.2365925836906702,-0.2057919074329166,1.0,0.0,0.0,1.0,0.0,0.0,0.0,0.0,0.0,1.0
window_10_0pct::CnERiqJCl7Gr2kFs6,window_10_0pct,1784125548.230433,0,0.9087632537227036,0.0734995527381232,-0.0517056399202511,0.0333195117549606,0.0033145812635505,-0.2495574559285817,-0.2370556285274596,-0.1282310161118522,1.0,0.0,0.0,1.0,0.0,0.0,0.0,0.0,0.0,1.0
window_10_0pct::CFAQx81SpnNBUAN9m7,window_10_0pct,1784125460.662125,0,0.7791455692294766,0.4836755561350155,0.1839534585784644,0.1738556329193235,0.1560741145860735,-0.2492828739711446,-0.237011063746371,0.0778121381180346,1.0,0.0,0.0,1.0,0.0,0.0,0.0,0.0,0.0,1.0
window_10_0pct::CpKc0ClfT3TOtGLy9,window_10_0pct,1784125377.923038,0,-0.3059954872731433,0.5372946979829307,0.9911809375971424,0.5251959358302307,0.894411858978268,-0.2421457208553525,-0.2339071127503815,-0.2176662073443242,1.0,0.0,0.0,1.0,0.0,0.0,0.0,0.0,0.0,1.0
window_10_0pct::CWoO1v18RfLw7Yihwg,window_10_0pct,1784125411.883483,0,-0.335103147074122,-0.1824953384968649,-0.4118967527883412,-0.2477527305737651,-0.378584252042757,-0.2473755794242048,-0.2360242466991844,-0.1808288816002865,1.0,0.0,0.0,1.0,0.0,0.0,0.0,0.0,0.0,1.0
window_10_0pct::CreFfg2NEeeGJv1x2h,window_10_0pct,1784125521.065486,0,0.178209403731921,-0.094451455773829,-0.3198042447209174,-0.1423506397004929,-0.2512846409406545,-0.2494561189535336,-0.2370024554744197,-0.1189663881235213,1.0,0.0,0.0,1.0,0.0,0.0,0.0,0.0,0.0,1.0
window_10_0pct::CwnObq4yRPOX3nvao2,window_10_0pct,1784125805.499551,0,-0.2098598330646951,0.8323042955430556,2.113116240032387,0.9995053447599554,1.8109690589134064,-0.245077896910429,-0.2349293870335756,-0.2935036652359326,1.0,0.0,0.0,1.0,0.0,0.0,0.0,0.0,0.0,1.0
window_10_0pct::ClDwewM5z4BxNrnbj,window_10_0pct,1784124577.436608,0,-0.3896472723324168,-0.1791571818059441,-0.4767545214457448,-0.2653197457193104,-0.429504096483598,1.800580768045181,0.6363111364294628,-0.0663213794360132,1.0,0.0,0.0,1.0,0.0,0.0,0.0,0.0,0.0,1.0
window_10_0pct::CvIsUR1gCavJ7UnEPb,window_10_0pct,1784125922.378115,0,0.0538546622498449,0.2485441442182822,1.7949456533366994,0.6305980267035028,1.5309099144887806,-0.2488139773315098,-0.2364833430317447,-0.4242283834578909,1.0,0.0,0.0,1.0,0.0,0.0,0.0,0.0,0.0,1.0
window_10_0pct::CI5PCP1HlhsOuqbUuf,window_10_0pct,1784124124.711984,0,-0.3892475390613155,-0.1895889214650716,-0.4767545214457448,-0.2653197457193104,-0.429504096483598,0.02374220337194,-0.1138888026938353,-0.0957365241211927,1.0,0.0,0.0,1.0,0.0,0.0,0.0,0.0,0.0,1.0
window_10_0pct::Cyln732sUhhmofqP07,window_10_0pct,1784124054.467059,0,-0.3007340921675689,-0.1897975562582541,-0.6587726550378294,-0.3355878063014919,-0.582263629806121,-0.2483694580017167,-0.2367325420967248,1.071152318389501,1.0,0.0,0.0,1.0,0.0,0.0,0.0,0.0,0.0,1.0
window_10_0pct::CKKhqI3FlfK9QPEfn9,window_10_0pct,1784124860.865507,0,-0.385265215696789,0.4567616678144666,-0.6461112629252148,0.050886526900506,-0.174904874279393,-0.1185404234231602,-0.2049136044796779,6.0261281425191,1.0,0.0,0.0,0.0,0.0,1.0,0.0,0.0,0.0,1.0
window_10_0pct::CCaPa34I7SKVBZuB01,window_10_0pct,1784126120.710169,0,0.3444913241443871,-0.3698493827747943,-0.7379063557416712,-0.3882888517381279,-0.6331834742469621,-0.2497985998628026,-0.2371298499521157,-0.6040302242810942,1.0,0.0,0.0,0.0,1.0,0.0,0.0,0.0,0.0,1.0
window_10_0pct::Cfx4RA1ipr1soIgvQf,window_10_0pct,1784124211.044811,0,-0.3896328928233722,-0.187085303946881,-0.4767545214457448,-0.2653197457193104,-0.429504096483598,1.36239719935621,0.4794352874914684,-0.0886768893967496,1.0,0.0,0.0,1.0,0.0,0.0,0.0,0.0,0.0,1.0
window_10_0pct::CFM4e92whLU8IrUtHi,window_10_0pct,1784124318.79676,0,0.4305328939350943,0.1786514885021281,-0.1171157511865943,-0.0545155639727661,-0.0730651853977109,-0.249326321608895,-0.2370225159960075,0.046638574027758,1.0,0.0,0.0,1.0,0.0,0.0,0.0,0.0,0.0,1.0
window_10_0pct::CLgc8Q1DB3y6vpd9wc,window_10_0pct,1784125083.884795,0,-0.3887656280169218,-0.1837471472559602,-0.4385579056429241,-0.2477527305737651,-0.4040441742631775,-0.1110541949793594,-0.1715517419609984,-0.1462190242050792,1.0,0.0,0.0,1.0,0.0,0.0,0.0,0.0,0.0,1.0
window_10_0pct::C5fmyZ3Lhr4gbt8fge,window_10_0pct,1784123976.016747,0,0.5996794004329472,0.2781702848502043,0.0996574788756876,0.050886526900506,0.130614192365653,-0.2493360225753238,-0.2370174378418829,-0.0342571632379983,1.0,0.0,0.0,1.0,0.0,0.0,0.0,0.0,0.0,1.0
window_10_0pct::CbP1mz39QBleEgnSu8,window_10_0pct,1784125346.6646,0,-0.3884614272079139,-0.2784673433608376,-0.5573540544579261,-0.3180207911559465,-0.5058838631448596,-0.1982301168150336,-0.2027802435436118,-0.231338818453557,1.0,0.0,0.0,1.0,0.0,0.0,0.0,0.0,0.0,1.0
window_10_0pct::C3UNqm2MztnriEtarc,window_10_0pct,1784123932.275479,0,1.355584399595757,0.1803205668475885,0.1107043310544789,0.050886526900506,0.1560741145860735,-0.249575965547684,-0.2370802266701302,-0.1265887378320211,1.0,0.0,0.0,1.0,0.0,0.0,0.0,0.0,0.0,1.0
window_10_0pct::Cotjly2H9BFH985zcl,window_10_0pct,1784124962.052153,0,1.3695821310738978,1.3125815894492845,1.6833936902774047,0.9116702690322286,1.5818297589296215,-0.2491231964761246,-0.2369477158070548,-0.092315998330703,1.0,0.0,0.0,1.0,0.0,0.0,0.0,0.0,0.0,1.0
window_10_0pct::CoHxoWrlCGXAF8C34,window_10_0pct,1784124923.485546,0,-0.3111233461659199,0.0691182220812897,-0.4514954690600085,-0.195051685137129,-0.378584252042757,-0.2458537361588618,-0.2361890203252868,0.5246044646608197,1.0,0.0,0.0,1.0,0.0,0.0,0.0,0.0,0.0,1.0
window_10_0pct::C92srl2RgKggaZYI1h,window_10_0pct,1784124187.667969,0,1.6499896244323249,0.3937539602733367,0.1486247755528298,0.1738556329193235,0.2579138034677555,-0.2495341973094168,-0.2370756805110316,0.0302863801759763,1.0,0.0,0.0,1.0,0.0,0.0,0.0,0.0,0.0,1.0
window_10_0pct::ClIzVv4gKwTdkzaQn6,window_10_0pct,1784125975.042821,0,-0.3895030075326929,-0.1891716518787065,1.1531235417489236,0.4022268298114132,0.9453317034191092,0.35799303240855,0.901479886565864,-0.5336672789531058,1.0,0.0,0.0,1.0,0.0,0.0,0.0,0.0,0.0,1.0
window_10_0pct::Cwx1YHrxbQDR646u2,window_10_0pct,1784124604.371386,0,-0.3887680726402115,-0.0103716341212616,-0.3500768684801051,-0.1599176548460383,-0.3022044853814955,0.0188954602389426,-0.1460818322580428,0.0785442688259715,1.0,0.0,0.0,1.0,0.0,0.0,0.0,0.0,0.0,1.0
window_10_0pct::CpKS6I19jyJNXWjACa,window_10_0pct,1784124994.512399,0,0.0727665455743163,-0.2811795956722108,-0.5955506702607468,-0.3004537760104012,-0.53134378536528,-0.2496631907645639,-0.2370590293124001,-0.1453830735116864,1.0,0.0,0.0,1.0,0.0,0.0,0.0,0.0,0.0,1.0
window_10_0pct::C3VCzs4Ol0ghlWuIwb,window_10_0pct,1784124151.619395,0,0.042534145555866,0.5665035690284876,0.9452090373761723,0.4197938449569585,0.8689519367578475,-0.2482686677424562,-0.2365982919748284,-0.1943331456979821,1.0,0.0,0.0,1.0,0.0,0.0,0.0,0.0,0.0,1.0
window_10_0pct::CMDQBq2laWopuH00Hb,window_10_0pct,1784124636.842733,0,-0.3894290816974044,-0.1833298776695951,1.1531235417489236,0.3670927995203225,0.9453317034191092,0.2142478549436811,0.5712736205629536,-0.5313922645545104,1.0,0.0,0.0,1.0,0.0,0.0,0.0,0.0,0.0,1.0
window_10_0pct::ChWUylxHctyJb4Unk,window_10_0pct,1784124776.307649,0,-0.3806323236313025,-0.2790932477403853,-0.5815509095187786,-0.3180207911559465,-0.5058838631448596,-0.2427399031018299,-0.2324237204061263,-0.1766183016879016,1.0,0.0,0.0,1.0,0.0,0.0,0.0,0.0,0.0,1.0
window_10_0pct::CONPFSfNyHfFAIGH3,window_10_0pct,1784124610.055286,0,-0.3880031724308124,-0.1916752693968971,1.1531235417489236,0.2792577237925956,0.9453317034191092,-0.1762002789094897,-0.1169196393359915,-0.5346422851239325,1.0,0.0,0.0,1.0,0.0,0.0,0.0,0.0,0.0,1.0
window_10_0pct::CjLnCmQdInFFuiOA8,window_10_0pct,1784125825.278674,0,-0.3827458339053695,-0.2776328041881075,-0.5573540544579261,-0.3004537760104012,-0.5058838631448596,-0.240450567728984,-0.2302999723624258,-0.2279352439711137,1.0,0.0,0.0,1.0,0.0,0.0,0.0,0.0,0.0,1.0
window_10_0pct::Cj5Q8331IXAJorGSP4,window_10_0pct,1784124722.054676,0,-0.3660688593530012,0.0872694490881715,1.5501941457369788,0.4724948903935946,1.2763106922845755,-0.2361442495735823,-0.2262429061490619,-0.4569031355733451,1.0,0.0,0.0,1.0,0.0,0.0,0.0,0.0,0.0,1.0
window_10_0pct::C0ARhq4Bib0jhOWc1l,window_10_0pct,1784125633.498552,0,0.273750854352813,-0.0913219338760908,0.1929396479469812,-0.00181451853613,0.1560741145860735,-0.2495021061888985,-0.2369678388604457,-0.3836752249684549,1.0,0.0,0.0,1.0,0.0,0.0,0.0,0.0,0.0,1.0
window_10_0pct::C200sUr1npALKVC8d,window_10_0pct,1784124820.988616,0,-0.3891564901877885,-0.1879198431196112,-0.4767545214457448,-0.2828867608648558,-0.429504096483598,-0.0188960674086458,-0.1426507525012073,-0.091030100971564,1.0,0.0,0.0,1.0,0.0,0.0,0.0,0.0,0.0,1.0
window_10_0pct::CHrlRe1fryzuhkQPw7,window_10_0pct,1784125436.291299,0,-0.3828653215406595,-0.279719152119933,-0.5573540544579261,-0.3004537760104012,-0.5058838631448596,-0.2405026338829411,-0.2301802264353238,-0.2364441801772219,1.0,0.0,0.0,1.0,0.0,0.0,0.0,0.0,0.0,1.0
window_10_0pct::CPgPBH1msB8aVtN0Z7,window_10_0pct,1784125284.976506,0,-0.3066974357640302,-0.2782587085676551,-0.5573540544579261,-0.3355878063014919,-0.5058838631448596,-0.2490193860783973,-0.2367016629316167,-0.2304879248329462,1.0,0.0,0.0,1.0,0.0,0.0,0.0,0.0,0.0,1.0
window_06_15pct::CPPMA9hau8rQsqBb8,window_06_15pct,1783710631.70725,1,-0.07916952473347368,-0.3258274414132764,-0.7379063557416712,-0.35315482144703725,-0.6077235520265416,-0.24969848201348546,-0.23705463758958759,1525.4736783412168,1.0,0.0,0.0,1.0,0.0,0.0,0.0,1.0,0.0,0.0
window_10_0pct::CCKHLsB0iaxPsM78f,window_10_0pct,1784125165.315819,0,-0.3870787845709861,-0.2767982650153773,-0.6106338722740966,-0.3180207911559465,-0.53134378536528,-0.2248502354182468,-0.220826993437164,-0.0656894840047921,1.0,0.0,0.0,1.0,0.0,0.0,0.0,0.0,0.0,1.0
window_10_0pct::ClZjC72AoRb8KeHGR5,window_10_0pct,1784124358.029592,0,-0.3881766979835365,-0.0967464384988371,-0.5306291697638502,-0.2477527305737651,-0.4549640187040185,-0.1242457330505606,-0.1967038126038993,0.3661960382446528,1.0,0.0,0.0,1.0,0.0,0.0,0.0,0.0,0.0,1.0
window_10_0pct::C5Hu1M1pE5sd0xKsQ8,window_10_0pct,1784124922.458723,0,-0.0031765309365599,0.2629399449478781,-0.1085969286410264,0.0157524966094153,-0.0985251076181314,-0.2486423987351528,-0.2368160725156492,0.1364660958025248,1.0,0.0,0.0,1.0,0.0,0.0,0.0,0.0,0.0,1.0
window_10_0pct::ClFQVw4iMb3X0LOvr6,window_10_0pct,1784124219.439972,0,-0.3696278785808211,-0.1841644168423253,-0.4682781867931723,-0.2477527305737651,-0.4040441742631775,-0.243269280941625,-0.2340678300203103,-0.0968995034175615,1.0,0.0,0.0,1.0,0.0,0.0,0.0,0.0,0.0,1.0
window_10_0pct::CrTjprazbyU1klEn3,window_10_0pct,1784124983.66944,0,0.0103873065956892,-0.2790932477403853,-0.5815509095187786,-0.3180207911559465,-0.5058838631448596,-0.2496383964275057,-0.2370548611980378,-0.1766183016879016,1.0,0.0,0.0,1.0,0.0,0.0,0.0,0.0,0.0,1.0
window_10_0pct::CYhiIv1CgvdgjRUhRi,window_10_0pct,1784125160.328537,0,0.8459985862555436,0.2775443804706566,0.0857002060267147,0.0684535420460513,0.1051542701452325,-0.2494285876345015,-0.2370424665619006,-0.0251613903780618,1.0,0.0,0.0,1.0,0.0,0.0,0.0,0.0,0.0,1.0
window_10_0pct::C7SDPi1gXfdSQbTngh,window_10_0pct,1784124196.976425,0,-0.389622911501207,-0.275546456256282,-0.5573540544579261,-0.3180207911559465,-0.5058838631448596,0.4898548552928536,0.2407109804446997,-0.2194263077650056,1.0,0.0,0.0,1.0,0.0,0.0,0.0,0.0,0.0,1.0
window_10_0pct::CRlx0lOtoiTXPZQu6,window_10_0pct,1784125456.480698,0,-0.3897121135632532,-0.3631730693929528,-0.7368866463097827,-0.4585569123203094,-0.7095632409082235,5.341308732264865,5.4321231713914795,4.119297628905474,0.0,1.0,1.0,0.0,0.0,0.0,0.0,0.0,0.0,1.0
window_10_0pct::CzNlrG3d17VssNq6Ug,window_10_0pct,1784125967.098951,0,-0.2534181842163235,-0.0074507470167059,-0.1532517041791405,-0.0545155639727661,-0.1239850298385519,-0.2479207017573381,-0.2363205033643923,-0.1475583522693078,1.0,0.0,0.0,1.0,0.0,0.0,0.0,0.0,0.0,1.0
window_10_0pct::CFjP8w2emJO8so0ew8,window_10_0pct,1784126307.927302,0,-0.0514142006457572,-0.105091830226139,-0.3328692718169879,-0.0720825791183115,-0.3022044853814955,-0.2492458703859147,-0.2368373531453331,-0.1226663999396371,1.0,0.0,0.0,1.0,0.0,0.0,0.0,0.0,0.0,1.0
window_10_0pct::CH7U6o2QQn19LjdGnk,window_10_0pct,1784125007.025186,0,-0.389190960443694,-0.2770068998085598,-0.5573540544579261,-0.3180207911559465,-0.5058838631448596,-0.1241829188399667,-0.1547283217230335,-0.2253825631092813,1.0,0.0,0.0,1.0,0.0,0.0,0.0,0.0,0.0,1.0
window_10_0pct::Cw5h0q1b4wRl1RLp8g,window_10_0pct,1784125836.124173,0,0.0946191292376917,-0.0074507470167059,-0.206531521995311,-0.1072166094094022,-0.1494449520589724,-0.249270144898245,-0.2369551058718914,-0.1017907239409492,1.0,0.0,0.0,1.0,0.0,0.0,0.0,0.0,0.0,1.0
window_10_0pct::CY5KHS325EoqO2Zizl,window_10_0pct,1784125553.83673,0,-0.3897119214094575,-0.3631730693929528,-0.7368866463097827,-0.4585569123203094,-0.7095632409082235,4.3037836603236475,4.380090795463925,4.119297628905474,0.0,1.0,1.0,0.0,0.0,0.0,0.0,0.0,0.0,1.0
window_10_0pct::ChpsoT1dvvQtCR1Uw1,window_10_0pct,1784124104.574143,0,-0.1055022808956011,-0.3698493827747943,-0.7379063557416712,-0.4058558668836733,-0.684103318687803,-0.2497985998628026,-0.2370951198465736,-0.6040302242810942,1.0,0.0,0.0,0.0,1.0,0.0,0.0,0.0,0.0,1.0
window_10_0pct::CXzxYZ2hmFbMMNJB5k,window_10_0pct,1784124566.125673,0,-0.3260400104711316,0.8337647390953336,4.191199086435016,1.7021859505817698,3.51678384768158,-0.2364481162850689,-0.2278513606906291,-0.4242011324716674,1.0,0.0,0.0,1.0,0.0,0.0,0.0,0.0,0.0,1.0
window_10_0pct::CAA82a2RSRm9XTbQk5,window_10_0pct,1784124097.368301,0,-0.3891701544577046,0.0104918451969933,-0.3500768684801051,-0.1599176548460383,-0.3022044853814955,0.2450772683367901,-0.0786137424888089,0.1181597356342747,1.0,0.0,0.0,1.0,0.0,0.0,0.0,0.0,0.0,1.0
window_10_0pct::CDx67a2JcBBeNVHuDf,window_10_0pct,1784125229.72618,0,-0.2080657464503394,-0.2784673433608376,-0.5573540544579261,-0.3355878063014919,-0.5058838631448596,-0.2494432985741018,-0.2369518416224012,-0.231338818453557,1.0,0.0,0.0,1.0,0.0,0.0,0.0,0.0,0.0,1.0
window_10_0pct::CHGMA4AvrhxjqI2Ek,window_10_0pct,1784124197.502553,0,-0.3280057651515195,-0.2749205518767343,-0.5573540544579261,-0.3180207911559465,-0.5058838631448596,-0.2487121066461489,-0.2364650795690935,-0.2168736269031731,1.0,0.0,0.0,1.0,0.0,0.0,0.0,0.0,0.0,1.0
window_10_0pct::CcPMT32xfTsD8ezAMf,window_10_0pct,1784125153.556845,0,0.0992379940760926,-0.0074507470167059,-0.0889887660236718,-0.0545155639727661,-0.0985251076181314,-0.2492751369369139,-0.2369277290473558,-0.1927617245427112,1.0,0.0,0.0,1.0,0.0,0.0,0.0,0.0,0.0,1.0
window_10_0pct::CUOxXT80xMvkFxxLb,window_10_0pct,1784124838.458471,0,-0.388524709857963,-0.1067609085715994,-0.5306291697638502,-0.2477527305737651,-0.4549640187040185,-0.0934263272592772,-0.1848543639970562,0.3306186046302633,1.0,0.0,0.0,1.0,0.0,0.0,0.0,0.0,0.0,1.0
window_10_0pct::CvR0ly2fOggQjmyDi9,window_10_0pct,1784125716.684402,0,-0.2642404994941182,0.2704507975024499,-0.1089368317849892,-0.00181451853613,-0.0730651853977109,-0.2461944744924764,-0.2361335713985623,0.1456602794362807,1.0,0.0,0.0,1.0,0.0,0.0,0.0,0.0,0.0,1.0
window_10_0pct::ClWskXkgw5NpyHYe,window_10_0pct,1784125007.454698,0,-0.3893572802290795,-0.1895889214650716,-0.4767545214457448,-0.2653197457193104,-0.429504096483598,0.1081410105408324,-0.0758537260666314,-0.0957365241211927,1.0,0.0,0.0,1.0,0.0,0.0,0.0,0.0,0.0,1.0
window_10_0pct::CuqrvY3DndStTtkoE7,window_10_0pct,1784125891.660644,0,1.042544281131213,0.7288214381245112,2.6939257372788386,1.0697734053421368,2.2947075811013957,-0.249256834501633,-0.2368686494038497,-0.3682640331135514,1.0,0.0,0.0,1.0,0.0,0.0,0.0,0.0,0.0,1.0
window_10_0pct::CLymS9ussZ58gH1O5,window_10_0pct,1784124014.386087,0,0.5586443915759719,-0.2761723606358297,-0.5940211061129143,-0.2828867608648558,-0.5058838631448596,-0.2497288367689753,-0.2371069534827363,-0.1246331910568282,1.0,0.0,0.0,1.0,0.0,0.0,0.0,0.0,0.0,1.0
window_10_0pct::CInUcb3B2wJuDUINN3,window_10_0pct,1784126046.154427,0,-0.3891565862646863,-0.1837471472559602,-0.4767545214457448,-0.2653197457193104,-0.429504096483598,-0.013559349819408,-0.1340409791820651,-0.0792640430974921,1.0,0.0,0.0,1.0,0.0,0.0,0.0,0.0,0.0,1.0
window_10_0pct::COZZ9W3JrcOW24czd,window_10_0pct,1784124915.451576,0,-0.3887851209519741,-0.279719152119933,-0.5573540544579261,-0.3180207911559465,-0.5058838631448596,-0.1811923067061075,-0.1907853513941997,-0.2364441801772219,1.0,0.0,0.0,1.0,0.0,0.0,0.0,0.0,0.0,1.0
window_10_0pct::CAgtAk2uPl0ZkvfS1l,window_10_0pct,1784124833.33325,0,-0.3887621692485993,-0.1895889214650716,-0.4300815709903515,-0.2301857154282197,-0.378584252042757,-0.1158982805518689,-0.1667618053474432,-0.1727996156436068,1.0,0.0,0.0,1.0,0.0,0.0,0.0,0.0,0.0,1.0
window_10_0pct::Cxw6gM3YCQGO1HMLWg,window_10_0pct,1784124205.040163,0,0.3162960425910037,-0.0087025557758012,-0.2016029264078503,-0.1072166094094022,-0.174904874279393,-0.2494373245914904,-0.237020196456243,-0.1081250002116481,1.0,0.0,0.0,1.0,0.0,0.0,0.0,0.0,0.0,1.0
window_10_0pct::CBcGAM0TPEEeofEC7,window_10_0pct,1784125341.469303,0,0.2368910592456099,-0.1858334951877857,-0.4610764889304602,-0.2301857154282197,-0.378584252042757,-0.2495911912360592,-0.2370555865090182,-0.1145313389435187,1.0,0.0,0.0,1.0,0.0,0.0,0.0,0.0,0.0,1.0
window_10_0pct::CupKK73zKUjP78l5T5,window_10_0pct,1784124888.996899,0,-0.3349298457008263,-0.3698493827747943,-0.7379063557416712,-0.4058558668836733,-0.684103318687803,-0.2497985998628026,-0.2368133137432864,-0.6040302242810942,1.0,0.0,0.0,0.0,1.0,0.0,0.0,0.0,0.0,1.0
window_10_0pct::CbHTtF2OSEfsFn6cMk,window_10_0pct,1784125886.515126,0,0.3516335633030736,0.1794860276748583,-0.0280398835218405,-0.0369485488272207,-0.0221453409568699,-0.2492752633806708,-0.2370011782177536,-0.0341408097467287,1.0,0.0,0.0,1.0,0.0,0.0,0.0,0.0,0.0,1.0
window_10_0pct::C0a6SZ3Sg5EEryeTe,window_10_0pct,1784125703.488778,0,0.1801593591002183,-0.1038400214670438,-0.3322744413150529,-0.195051685137129,-0.276744563161075,-0.2494689263695001,-0.2370281723550032,-0.1210996344214601,1.0,0.0,0.0,1.0,0.0,0.0,0.0,0.0,0.0,1.0
window_10_0pct::CR78Xc1JkWhqCbo6m9,window_10_0pct,1784125173.703576,0,0.0488039958068835,-0.1837471472559602,-0.4767545214457448,-0.2828867608648558,-0.429504096483598,-0.2494988700986959,-0.2370424771370844,-0.0792640430974921,1.0,0.0,0.0,1.0,0.0,0.0,0.0,0.0,0.0,1.0
window_10_0pct::CoRQRu3xsvCTE9kvh3,window_10_0pct,1784124595.780998,0,-0.3892337146632363,-0.0975809776715673,-0.2555413065654486,-0.1247836245549475,-0.225824718720234,0.1514438059728105,-0.0376330575669636,-0.1883638004194889,1.0,0.0,0.0,1.0,0.0,0.0,0.0,0.0,0.0,1.0
window_10_0pct::CHx6c72MJCM5kjxXD9,window_10_0pct,1784124063.621874,0,-0.3143215752918996,0.5091290009032865,0.025558593491795,0.1035875723371421,0.0542344257043915,-0.2415644045915924,-0.2350696273468415,0.2438210236914038,1.0,0.0,0.0,1.0,0.0,0.0,0.0,0.0,0.0,1.0
window_10_0pct::Ck1JlL13y3V5ptMvGl,window_10_0pct,1784124421.072016,0,-0.3892136025659535,-0.275546456256282,-0.6191102069266692,-0.3355878063014919,-0.5568037075857005,-0.1164215792279188,-0.1605651829946597,-0.0195257918858227,1.0,0.0,0.0,1.0,0.0,0.0,0.0,0.0,0.0,1.0
window_10_0pct::C4KLQD3hSludKigWl,window_10_0pct,1784126049.515749,0,0.2535655678242668,-0.2761723606358297,-0.5573540544579261,-0.3004537760104012,-0.480423940924439,-0.2496957511897309,-0.2370880853523222,-0.221978988626838,1.0,0.0,0.0,1.0,0.0,0.0,0.0,0.0,0.0,1.0
window_10_0pct::C6EJyZ3iFKIg9v7J3,window_10_0pct,1784125654.65293,0,-0.1388433129951825,-0.0164220431235555,1.6363171048385556,0.5427629509757761,1.3781503811662577,-0.2488036144868382,-0.2360570295733031,-0.494403277106542,1.0,0.0,0.0,1.0,0.0,0.0,0.0,0.0,0.0,1.0
window_10_0pct::C3Tw5M3WBwkRoyaoEg,window_10_0pct,1784124929.670998,0,-0.37715407304894,-0.2824314044313061,1.1454757210097604,0.2792577237925956,0.9198717811986884,-0.2448825714547203,-0.2207923866120693,-0.5698480185668119,1.0,0.0,0.0,1.0,0.0,0.0,0.0,0.0,0.0,1.0
window_10_0pct::CfpZat1Wwr3LfbA8g,window_10_0pct,1784124566.125799,0,-0.3260415156758645,0.732576864401797,1.498167720764171,0.6481650418490482,1.327230536725417,-0.237570202758107,-0.2323565935209503,-0.240950590655962,1.0,0.0,0.0,1.0,0.0,0.0,0.0,0.0,0.0,1.0
window_10_0pct::CtevWy2hDL4yAlUSS3,window_10_0pct,1784126023.527178,0,-0.3883778509819972,-0.2784673433608376,-0.5573540544579261,-0.3004537760104012,-0.5058838631448596,-0.2014582495911757,-0.201351433317214,-0.231338818453557,1.0,0.0,0.0,1.0,0.0,0.0,0.0,0.0,0.0,1.0
window_10_0pct::CntopY9IlxRGubu5k,window_10_0pct,1784124455.689401,0,-0.3897121242384641,-0.3631730693929528,-0.7368866463097827,-0.4585569123203094,-0.7095632409082235,5.412989595497271,5.504806319870804,4.119297628905474,0.0,1.0,1.0,0.0,0.0,0.0,0.0,0.0,0.0,1.0
window_10_0pct::CA9zfN2DHj6VgswOLg,window_10_0pct,1784125587.511023,0,-0.3852240520836667,-0.279719152119933,-0.5955506702607468,-0.3355878063014919,-0.53134378536528,-0.2356179950330195,-0.2286415882858358,-0.1378288851460726,1.0,0.0,0.0,1.0,0.0,0.0,0.0,0.0,0.0,1.0
window_10_0pct::CoS05t24ZXB9hKuSV9,window_10_0pct,1784124599.445475,0,0.2853123746074378,0.0002687403310483,-0.1507449184924148,-0.0896495942638568,-0.1494449520589724,-0.2494113556378946,-0.2370065859421284,-0.1398252711265903,1.0,0.0,0.0,1.0,0.0,0.0,0.0,0.0,0.0,1.0
window_10_0pct::Ce7GSD2dGWSvETNOZk,window_10_0pct,1784125867.37454,0,-0.3886108801601216,-0.1891716518787065,1.1531235417489236,0.2792577237925956,0.9453317034191092,-0.1340122245140353,-0.0506153084724796,-0.5336672789531058,1.0,0.0,0.0,1.0,0.0,0.0,0.0,0.0,0.0,1.0
window_10_0pct::CbC83t3OadtU7Ek6dh,window_10_0pct,1784124193.118647,0,-0.3568467261592836,0.3626673760891368,1.9949574096123153,0.7184331024312297,1.658209525590883,-0.2340575992985615,-0.2272702552615731,-0.4066339899994087,1.0,0.0,0.0,1.0,0.0,0.0,0.0,0.0,0.0,1.0
window_10_0pct::CDF5G24SAJ34yXcbch,window_10_0pct,1784124072.964075,0,-0.3876004714510888,-0.3698493827747943,-0.7379063557416712,-0.4058558668836733,-0.684103318687803,-0.2497985998628026,-0.2281092925919309,-0.6040302242810942,1.0,0.0,0.0,0.0,1.0,0.0,0.0,0.0,0.0,1.0
window_10_0pct::C7HavO38QgKQ6OOjgg,window_10_0pct,1784124898.773,0,-0.3892550864354021,-0.1833298776695951,1.1531235417489236,0.4197938449569585,0.9453317034191092,0.0379056580517719,0.2953864139394224,-0.5313922645545104,1.0,0.0,0.0,1.0,0.0,0.0,0.0,0.0,0.0,1.0
window_10_0pct::CTAOEK3riadGt6whg,window_10_0pct,1784123939.370015,0,0.3411070901441741,0.0841399271904332,0.1940443331648603,0.0157524966094153,0.1560741145860735,-0.2493598673251501,-0.2369792293998873,-0.2452855603463405,1.0,0.0,0.0,1.0,0.0,0.0,0.0,0.0,0.0,1.0
window_10_0pct::CZYO2r4oIdgcs0lqJg,window_10_0pct,1784124366.89628,0,-0.3893260659124898,-0.1891716518787065,1.1531235417489236,0.2616907086470503,0.9453317034191092,0.080024203290464,0.2818677086245806,-0.5336672789531058,1.0,0.0,0.0,1.0,0.0,0.0,0.0,0.0,0.0,1.0
window_10_0pct::CaCSvU3HrMtVoFmwQa,window_10_0pct,1784124625.787017,0,0.7532900376941702,-0.0894442207374478,-0.3188695110750196,-0.1599176548460383,-0.276744563161075,-0.2496253378698768,-0.237087116575729,-0.1112486810458738,1.0,0.0,0.0,1.0,0.0,0.0,0.0,0.0,0.0,1.0
window_10_0pct::CyY3Yh27deTAT984m1,window_10_0pct,1784125101.359869,0,-0.3177692734207464,-0.0135011560189998,-0.6511248342986663,-0.3004537760104012,-0.5568037075857005,-0.2463003840253144,-0.2364978423124855,2.4192868545313924,1.0,0.0,0.0,1.0,0.0,0.0,0.0,0.0,0.0,1.0
window_10_0pct::CEosnD12kKyyzly75a,window_10_0pct,1784124708.754828,0,-0.3891613901095787,-0.275546456256282,-0.5573540544579261,-0.3180207911559465,-0.5058838631448596,-0.129047324523367,-0.1591477384706496,-0.2194263077650056,1.0,0.0,0.0,1.0,0.0,0.0,0.0,0.0,0.0,1.0
window_10_0pct::CJEdYe1t8F0rBDSJbk,window_10_0pct,1784124199.49578,0,-0.389072305474852,-0.0103716341212616,-0.3967498189354985,-0.195051685137129,-0.3531243298223365,0.1464930144161981,-0.1177553319482454,0.1719201194708172,1.0,0.0,0.0,1.0,0.0,0.0,0.0,0.0,0.0,1.0
window_10_0pct::Ctu02e1nqzAgQU2R6g,window_10_0pct,1784125665.732281,0,0.2627705779797458,-0.0988327864306626,-0.335482277236202,-0.1599176548460383,-0.2512846409406545,-0.2495052465485508,-0.2370305130205345,-0.1080873446371795,1.0,0.0,0.0,1.0,0.0,0.0,0.0,0.0,0.0,1.0
window_10_0pct::CFux4R20xLEsvdZacj,window_10_0pct,1784124187.725465,0,-0.0620972150968834,-0.1739413119763804,-0.6610245133665831,-0.3355878063014919,-0.582263629806121,-0.2493762695675637,-0.2370456599354617,1.27204917707394,1.0,0.0,0.0,1.0,0.0,0.0,0.0,0.0,0.0,1.0
window_10_0pct::Cemm0uV0XDmAClcha,window_10_0pct,1784125200.120115,0,-0.2296854824141752,0.1974286198885576,0.6399335262045738,0.2616907086470503,0.5379729478923811,-0.2472949934158013,-0.2359075749850381,-0.300827462709888,1.0,0.0,0.0,1.0,0.0,0.0,0.0,0.0,0.0,1.0
window_10_0pct::CGebz2tXGVwnxjhii,window_10_0pct,1784124565.887034,0,-0.389270426713425,-0.187085303946881,-0.4767545214457448,-0.2477527305737651,-0.429504096483598,0.0418853991274659,-0.0967089847031657,-0.0886768893967496,1.0,0.0,0.0,1.0,0.0,0.0,0.0,0.0,0.0,1.0
window_10_0pct::CuiH3lhDtZuTsMcUg,window_10_0pct,1784125818.893181,0,-0.389083557147111,-0.1812435297377696,-0.4767545214457448,-0.2653197457193104,-0.429504096483598,-0.0381607873409498,-0.1460061364642004,-0.072204408373049,1.0,0.0,0.0,1.0,0.0,0.0,0.0,0.0,0.0,1.0
window_10_0pct::C9RoEP1043CAxUwcU4,window_10_0pct,1784124421.072534,0,-0.3892189188209678,-0.275546456256282,-0.5955506702607468,-0.3180207911559465,-0.53134378536528,-0.1149863330843943,-0.1500632495048216,-0.1162454898157475,1.0,0.0,0.0,1.0,0.0,0.0,0.0,0.0,0.0,1.0
window_10_0pct::CvsAXF3qxkIht1jj7d,window_10_0pct,1784125885.191483,0,-0.3591110131117064,-0.2765896302221947,0.1535746150867883,-0.0896495942638568,0.079694347924812,-0.2476462646297605,-0.233725204037256,-0.5269905409375747,1.0,0.0,0.0,1.0,0.0,0.0,0.0,0.0,0.0,1.0
window_10_0pct::CRewbC3VcB3VSbZGpe,window_10_0pct,1784124759.223167,0,-0.1279003251336911,0.0063191493333423,-0.4033566862962756,-0.1423506397004929,-0.327664407601916,-0.2487838557614866,-0.2368154376255535,0.2239823595446123,1.0,0.0,0.0,1.0,0.0,0.0,0.0,0.0,0.0,1.0
window_10_0pct::CZvvP84oEA1JhYOI5k,window_10_0pct,1784125831.409385,0,0.2226538934628214,0.095823475608656,0.2053673566481214,0.050886526900506,0.181534036806494,-0.2492615261174758,-0.2369281805611688,-0.2404702447700613,1.0,0.0,0.0,1.0,0.0,0.0,0.0,0.0,0.0,1.0
window_10_0pct::CgDpS02l72JERiCM9g,window_10_0pct,1784125662.8868,0,-0.1960014130884336,-0.0072421122235233,0.1455444033106669,0.0157524966094153,0.1051542701452325,-0.2484765565772028,-0.2364713203005897,-0.3017662606077449,1.0,0.0,0.0,1.0,0.0,0.0,0.0,0.0,0.0,1.0
window_10_0pct::CvHWLg1meYqZdpzC84,window_10_0pct,1784124218.46951,0,0.4683776266981896,0.081010405292695,1.5501941457369788,0.5251959358302307,1.301770614504996,-0.2494275151737771,-0.236844815031563,-0.4589176552726754,1.0,0.0,0.0,1.0,0.0,0.0,0.0,0.0,0.0,1.0
window_10_0pct::CKxOYN2g6E9m1N2RU5,window_10_0pct,1784125496.207188,0,0.1210346076088661,-0.0132925212258173,0.9985950749248312,0.3670927995203225,0.8180320923170066,-0.2493055541766418,-0.2367130785416185,-0.4528165742627069,1.0,0.0,0.0,1.0,0.0,0.0,0.0,0.0,0.0,1.0
window_10_0pct::CZlgY02AVMPkmTXWta,window_10_0pct,1784124684.84925,0,-0.0642157854209036,0.4440349454303311,0.4333149025681808,0.2616907086470503,0.3852134145698581,-0.2480326428148338,-0.2365454827372822,-0.0922794376555936,1.0,0.0,0.0,1.0,0.0,0.0,0.0,0.0,0.0,1.0
window_10_0pct::CyL7PC4FDcVpIJnh87,window_10_0pct,1784125080.613796,0,0.2965162112465861,-0.0080766513962535,-0.2055967883494133,-0.1072166094094022,-0.174904874279393,-0.2494262670387441,-0.2370160973010923,-0.1035385220629279,1.0,0.0,0.0,1.0,0.0,0.0,0.0,0.0,0.0,1.0
window_10_0pct::C6IzSA2O2e1BDFvumf,window_10_0pct,1784124161.382493,0,0.3663084554324566,0.5761007695148849,2.1228459675283227,0.8062681781589565,1.8109690589134064,-0.2489149121327734,-0.2367007516911063,-0.360514267821486,1.0,0.0,0.0,1.0,0.0,0.0,0.0,0.0,0.0,1.0
window_10_0pct::CxNbF52bWjg5aIhRV,window_10_0pct,1784125414.029786,0,-0.0603021356879166,-0.094451455773829,-0.2313444515045961,-0.0896495942638568,-0.225824718720234,-0.2492081439520146,-0.236843096916977,-0.2036684687139823,1.0,0.0,0.0,1.0,0.0,0.0,0.0,0.0,0.0,1.0
window_10_0pct::Caph9x1wCJQbaeQDq9,window_10_0pct,1784125471.160621,0,-0.3860124377569841,-0.1937616173287226,-0.4767545214457448,-0.2653197457193104,-0.429504096483598,-0.2161914876650432,-0.2216581701340332,-0.1075025819952644,1.0,0.0,0.0,1.0,0.0,0.0,0.0,0.0,0.0,1.0
window_10_0pct::CW6lkq31BluVOryxla,window_10_0pct,1784124386.045682,0,0.1184583696443423,-0.3698493827747943,-0.7379063557416712,-0.3882888517381279,-0.6586433964673826,-0.2497985998628026,-0.2371153673504619,-0.6040302242810942,1.0,0.0,0.0,0.0,1.0,0.0,0.0,0.0,0.0,1.0
window_10_0pct::CAxDjh78Ay0fDhyr,window_10_0pct,1784124684.753255,0,-0.3893698129266432,-0.3698493827747943,-0.7379063557416712,-0.4058558668836733,-0.684103318687803,-0.2497985998628026,-0.1814290151564729,-0.6040302242810942,1.0,0.0,0.0,0.0,1.0,0.0,0.0,0.0,0.0,1.0
window_10_0pct::CZ8vGH22mgDQMvAdr3,window_10_0pct,1784126123.709668,0,-0.2689570531872085,-0.1837471472559602,-0.4385579056429241,-0.2301857154282197,-0.4040441742631775,-0.2487101513584515,-0.2366081014789956,-0.1462190242050792,1.0,0.0,0.0,1.0,0.0,0.0,0.0,0.0,0.0,1.0
window_10_0pct::CFJOJJcuEHcx9JE1a,window_10_0pct,1784124376.707675,0,0.3401922032220238,0.3697609590573434,1.7461483082315383,0.6305980267035028,1.4545301478275192,-0.2490829489812397,-0.2367497370446828,-0.3847594404593926,1.0,0.0,0.0,1.0,0.0,0.0,0.0,0.0,0.0,1.0
window_10_0pct::CkV7be4efUiUAYVZJ4,window_10_0pct,1784126117.222621,0,-0.267482988044373,-0.188963017085524,-0.4667486226453396,-0.2301857154282197,-0.4040441742631775,-0.2487534157458832,-0.2366147863114533,-0.1127916393150617,1.0,0.0,0.0,1.0,0.0,0.0,0.0,0.0,0.0,1.0
window_10_0pct::CGnd3h4ApNWmsF5HTi,window_10_0pct,1784125768.363922,0,0.3528074948922433,0.1690542880157309,1.4318866076914232,0.4549278752480493,1.1999309256233142,-0.2492860130949257,-0.2368211390331193,-0.4211228353825377,1.0,0.0,0.0,1.0,0.0,0.0,0.0,0.0,0.0,1.0
window_10_0pct::CKgWnc3CXVP5aiLyf7,window_10_0pct,1784125520.000666,0,-0.3896814009815745,-0.3631730693929528,-0.7368866463097827,-0.4585569123203094,-0.7095632409082235,-0.1003745541124353,-0.0856490267314835,4.119297628905474,0.0,1.0,1.0,0.0,0.0,0.0,0.0,0.0,0.0,1.0
window_10_0pct::ChC11Oa5NzBRxn0i5,window_10_0pct,1784125048.347018,0,0.2692261235238813,-0.1038400214670438,-0.2861963213615945,-0.1599176548460383,-0.2512846409406545,-0.2495134873194222,-0.2370318051990634,-0.1703601897923003,1.0,0.0,0.0,1.0,0.0,0.0,0.0,0.0,0.0,1.0
window_10_0pct::Cf6ivG1l5MeebOXkAj,window_10_0pct,1784124151.47928,0,0.1150051737818964,0.536668793603383,0.4912683886138398,0.296824738938141,0.4361332590106991,-0.2485300945809671,-0.2367456023674128,-0.0609074188817933,1.0,0.0,0.0,1.0,0.0,0.0,0.0,0.0,0.0,1.0
window_10_0pct::CBWExM3oSLew3p2fN7,window_10_0pct,1784125327.332083,0,-0.3897121776145184,-0.3631730693929528,-0.7368866463097827,-0.4585569123203094,-0.7095632409082235,5.800851800658919,5.898091849313729,4.119297628905474,0.0,1.0,1.0,0.0,0.0,0.0,0.0,0.0,0.0,1.0
window_10_0pct::CAenTG2WIG3MxH5NGk,window_10_0pct,1784124647.723974,0,-0.1163317485646799,0.081010405292695,-0.2156026871498185,-0.0545155639727661,-0.174904874279393,-0.2486338370054529,-0.236742675685471,0.031656905917375,1.0,0.0,0.0,1.0,0.0,0.0,0.0,0.0,0.0,1.0
window_10_0pct::CNndJv2oZYyuXSD1p4,window_10_0pct,1784124763.88833,0,0.2659005071065665,0.0728736483585756,-0.0726521711669593,0.0333195117549606,-0.0476052631772904,-0.2493216761450949,-0.2369509238014971,-0.1139431047588922,1.0,0.0,0.0,1.0,0.0,0.0,0.0,0.0,0.0,1.0
window_10_0pct::CJvD871kKrbPdWqWpg,window_10_0pct,1784124205.042421,0,0.3162722902468136,-0.0074507470167059,-0.1532517041791405,-0.0720825791183115,-0.1239850298385519,-0.2494360601405504,-0.2370066470692589,-0.1475583522693078,1.0,0.0,0.0,1.0,0.0,0.0,0.0,0.0,0.0,1.0
window_10_0pct::CASshS2v6pr2JtsbW3,window_10_0pct,1784125926.48365,0,1.1912848658422177,0.5379206023624784,0.8900385083217088,0.49006190553914,0.8434920145374271,-0.2493930827216878,-0.2369960827846268,-0.1933790052360465,1.0,0.0,0.0,1.0,0.0,0.0,0.0,0.0,0.0,1.0
window_10_0pct::C52PD04obj9yUugbU5,window_10_0pct,1784124973.344497,0,-0.3889455480209582,-0.0848542552874317,-0.5306291697638502,-0.2477527305737651,-0.4549640187040185,0.0124875039525712,-0.1561692360967926,0.4084442406617402,1.0,0.0,0.0,1.0,0.0,0.0,0.0,0.0,0.0,1.0
window_10_0pct::C2UMZy3nKSM1kpp3gf,window_10_0pct,1784124689.064453,0,-0.1742122295024269,0.9393339444457036,1.1763006873778876,0.6130310115579575,1.047171392300791,-0.2455080160025998,-0.2357868648856715,-0.1003563866288655,1.0,0.0,0.0,1.0,0.0,0.0,0.0,0.0,0.0,1.0
window_10_0pct::CN12Wf2EMCjYDD2iY9,window_10_0pct,1784125007.43567,0,-0.3891537253081726,-0.0103716341212616,-0.3500768684801051,-0.1423506397004929,-0.3022044853814955,0.204190035416197,-0.0747221080514364,0.0785442688259715,1.0,0.0,0.0,1.0,0.0,0.0,0.0,0.0,0.0,1.0
window_06_15pct::Co8rjg8UVk3jlfn3l,window_06_15pct,1783710629.650109,1,-0.3897129142040686,-0.36984938277479434,-0.7379063557416712,-0.4585569123203094,-0.7095632409082235,-0.24979859986280267,111.73122782240476,-0.6040302242810942,1.0,0.0,0.0,0.0,1.0,0.0,1.0,0.0,0.0,0.0
window_10_0pct::CKenas3gHmlOTGtJZ2,window_10_0pct,1784124864.16256,0,-0.1762187848387675,0.0816363096722426,1.542312641586341,0.5427629509757761,1.2763106922845755,-0.2483050399891368,-0.2358635155562166,-0.4582139347089531,1.0,0.0,0.0,1.0,0.0,0.0,0.0,0.0,0.0,1.0
window_10_0pct::CfleAX1G8vXBfNJhHd,window_10_0pct,1784126037.637408,0,-0.3853954852950599,0.3839481249937568,1.7181275428011045,0.6481650418490482,1.4545301478275192,-0.1264909910139401,-0.1662891561813662,-0.3780037864046761,1.0,0.0,0.0,1.0,0.0,0.0,0.0,0.0,0.0,1.0
window_10_0pct::C5aqcZ2yi2y3fkfX32,window_10_0pct,1784125726.924177,0,-0.3884956199083369,-0.0917392034624559,-0.5306291697638502,-0.2301857154282197,-0.4549640187040185,-0.0884479446239133,-0.182176792960499,0.3839847550518475,1.0,0.0,0.0,1.0,0.0,0.0,0.0,0.0,0.0,1.0
window_10_0pct::CCnBiZ1Jtw4jikafqi,window_10_0pct,1784125376.555411,0,-0.3894030662085094,-0.275546456256282,-0.5573540544579261,-0.3180207911559465,-0.5058838631448596,-0.034876387790807,-0.0983060233354382,-0.2194263077650056,1.0,0.0,0.0,1.0,0.0,0.0,0.0,0.0,0.0,1.0
window_10_0pct::CYiZPk15qtbQ330F02,window_10_0pct,1784124218.470567,0,0.4683665244788829,0.0820535792586077,1.735653798661687,0.6305980267035028,1.4799900700479396,-0.2494266517665691,-0.236811379440953,-0.4694870597452016,1.0,0.0,0.0,1.0,0.0,0.0,0.0,0.0,0.0,1.0
window_10_0pct::CeMRFd36mDuf5d4NS3,window_10_0pct,1784124869.671749,0,-0.388344843229981,-0.1067609085715994,-0.5306291697638502,-0.2653197457193104,-0.4549640187040185,-0.1139846725915764,-0.1952260288791865,0.3306186046302633,1.0,0.0,0.0,1.0,0.0,0.0,0.0,0.0,0.0,1.0
window_10_0pct::CKy4ys1xkv78B0TEtg,window_10_0pct,1784124429.840837,0,-0.3893275817924337,-0.3698493827747943,-0.7379063557416712,-0.4058558668836733,-0.684103318687803,-0.2497985998628026,-0.187536530668516,-0.6040302242810942,1.0,0.0,0.0,0.0,1.0,0.0,0.0,0.0,0.0,1.0
window_10_0pct::C9R6uy3u7QcR4Ki6Mh,window_10_0pct,1784125284.97839,0,-0.3067188502370394,-0.3698493827747943,-0.7379063557416712,-0.4058558668836733,-0.684103318687803,-0.2497985998628026,-0.2369319770218515,-0.6040302242810942,1.0,0.0,0.0,0.0,1.0,0.0,0.0,0.0,0.0,1.0
window_10_0pct::C4xdYY14QGIWQ1VFga,window_10_0pct,1784124675.031121,0,-0.1123219151817364,0.0104918451969933,-0.3585532031326777,-0.1774846699915836,-0.327664407601916,-0.2488302202401083,-0.2368693959911446,0.1342955735784025,1.0,0.0,0.0,1.0,0.0,0.0,0.0,0.0,0.0,1.0
window_10_0pct::CGHAmr2ZNn5T9QIVdj,window_10_0pct,1784124994.511966,0,0.0727710825389369,-0.0164220431235555,-0.1983950904867012,-0.1247836245549475,-0.174904874279393,-0.2492588804224005,-0.2369556506572317,-0.1216103619676268,1.0,0.0,0.0,1.0,0.0,0.0,0.0,0.0,0.0,1.0
window_10_0pct::CM2v4u2jYeg7R5pEq2,window_10_0pct,1784124875.449245,0,0.5140069367333495,-0.1866680343605159,-0.4034204181357686,-0.195051685137129,-0.3022044853814955,-0.2496554430310278,-0.2370777617372385,-0.2007392874959731,1.0,0.0,0.0,1.0,0.0,0.0,0.0,0.0,0.0,1.0
window_10_0pct::CGEY5c3WNlyJ6IYU2a,window_10_0pct,1784124409.622505,0,0.3182784078995085,-0.0825592725624237,0.8416023103070084,0.1738556329193235,0.6907324812149042,-0.249512012270054,-0.2369125448662492,-0.4700824571404753,1.0,0.0,0.0,1.0,0.0,0.0,0.0,0.0,0.0,1.0
window_10_0pct::Cr7T3Y1EvAeoZzATgl,window_10_0pct,1784125805.375596,0,-0.3890958443148247,-0.0053643990848804,-0.3500768684801051,-0.1423506397004929,-0.3022044853814955,0.1673395429055727,-0.0899579113510292,0.0880519808599643,1.0,0.0,0.0,1.0,0.0,0.0,0.0,0.0,0.0,1.0
window_10_0pct::CWO1X44QUhS7F1Cjzj,window_10_0pct,1784124258.994371,0,-0.3850509108385341,0.4567616678144666,-0.6461112629252148,0.050886526900506,-0.174904874279393,-0.1245740971570104,-0.2063960170506061,6.0261281425191,1.0,0.0,0.0,0.0,0.0,1.0,0.0,0.0,0.0,1.0
window_10_0pct::Cg4JYpALBNslMXpOk,window_10_0pct,1784124795.596246,0,0.4997905662613397,-0.0074507470167059,-0.1523169705332428,-0.0545155639727661,-0.1494449520589724,-0.2495108576687014,-0.2370334082887892,-0.1482869586093106,1.0,0.0,0.0,1.0,0.0,0.0,0.0,0.0,0.0,1.0
window_10_0pct::CQRE7s3TlMsGp3qb4e,window_10_0pct,1784125171.336374,0,-0.042994117395273,-0.094451455773829,-0.2822024594200316,-0.1423506397004929,-0.2512846409406545,-0.2492376191940273,-0.2369004059191641,-0.1589889030404942,1.0,0.0,0.0,1.0,0.0,0.0,0.0,0.0,0.0,1.0
window_10_0pct::C5BY1N17zs8HBJyZP4,window_10_0pct,1784125975.356112,0,-0.0493554862290961,0.4515457979849028,0.3627850001958977,0.2792577237925956,0.3597534923494376,-0.2480941605908417,-0.2365583708896326,-0.0544629425770694,1.0,0.0,0.0,1.0,0.0,0.0,0.0,0.0,0.0,1.0
window_10_0pct::CMppcw3LJM2gtl1KQ2,window_10_0pct,1784124455.689577,0,-0.2043341410883523,-0.3698493827747943,-0.7379063557416712,-0.4058558668836733,-0.684103318687803,-0.2497985998628026,-0.237059245139958,-0.6040302242810942,1.0,0.0,0.0,0.0,1.0,0.0,0.0,0.0,0.0,1.0
window_10_0pct::CXjeBx2r5J2OC58gSh,window_10_0pct,1784124572.350878,0,-0.3889526256857663,-0.0053643990848804,-0.3500768684801051,-0.1599176548460383,-0.3022044853814955,0.0887659536185272,-0.1239741013256042,0.0880519808599643,1.0,0.0,0.0,1.0,0.0,0.0,0.0,0.0,0.0,1.0
window_10_0pct::CGQ4Jhrt3FHCMVOMd,window_10_0pct,1784125621.887274,0,-0.3888804185594282,-0.2818055000517585,-0.5955506702607468,-0.3180207911559465,-0.53134378536528,-0.1751090898426424,-0.1854767397855247,-0.1486205828112352,1.0,0.0,0.0,1.0,0.0,0.0,0.0,0.0,0.0,1.0
window_10_0pct::CDSHCt1FOF4xep5fEf,window_10_0pct,1784125021.797035,0,-0.3883488571092688,-0.0053643990848804,-0.3967498189354985,-0.1599176548460383,-0.3531243298223365,-0.0610871870100202,-0.1740727408974872,0.1827284817749646,1.0,0.0,0.0,1.0,0.0,0.0,0.0,0.0,0.0,1.0
window_10_0pct::Cp6bMz37HBoZjrC8ae,window_10_0pct,1784124232.457235,0,0.4824038076133045,-0.0810988290101459,-0.5042866761067324,-0.2477527305737651,-0.429504096483598,-0.2495647630622421,-0.237091141005643,0.3061273091673177,1.0,0.0,0.0,1.0,0.0,0.0,0.0,0.0,0.0,1.0
window_10_0pct::CKkjfJqRM4FtjHIlj,window_10_0pct,1784125353.02164,0,-0.3868647038921594,-0.2788846129472028,-0.5955506702607468,-0.3355878063014919,-0.53134378536528,-0.2272427430560153,-0.2237334212494589,-0.1335122060800076,1.0,0.0,0.0,1.0,0.0,0.0,0.0,0.0,0.0,1.0
window_10_0pct::COWH4U3l8z8b50jPZj,window_10_0pct,1784125674.793327,0,-0.323105779310016,-0.279719152119933,-0.5573540544579261,-0.3180207911559465,-0.5058838631448596,-0.248842916291045,-0.2365163789836845,-0.2364441801772219,1.0,0.0,0.0,1.0,0.0,0.0,0.0,0.0,0.0,1.0
window_10_0pct::Csfyi02km3c9OdvRVj,window_10_0pct,1784124784.167924,0,0.3177420853053002,0.7390445429904561,2.56769420718965,1.0697734053421368,2.192867892219714,-0.2486915789439416,-0.2365676856542707,-0.3569832743820234,1.0,0.0,0.0,1.0,0.0,0.0,0.0,0.0,0.0,1.0
window_10_0pct::CHJFJ33EYRxsv6PgN,window_10_0pct,1784125167.36741,0,-0.1260657260940763,-0.0103716341212616,-0.3967498189354985,-0.1774846699915836,-0.3531243298223365,-0.2488356282866255,-0.2368541213035873,0.1719201194708172,1.0,0.0,0.0,1.0,0.0,0.0,0.0,0.0,0.0,1.0
window_10_0pct::CE9OOf3dnRFKSDOK5i,window_10_0pct,1784125165.317295,0,-0.3870941995754852,-0.2767982650153773,-0.5955506702607468,-0.3355878063014919,-0.53134378536528,-0.2247033798292094,-0.2225565672836077,-0.1227205084148451,1.0,0.0,0.0,1.0,0.0,0.0,0.0,0.0,0.0,1.0
window_10_0pct::Ch0X4DpXindnZ0Hyh,window_10_0pct,1784123939.486271,0,1.1091775809671125,0.081010405292695,-0.2156026871498185,-0.0369485488272207,-0.1239850298385519,-0.2495861598818123,-0.2370826652682772,0.031656905917375,1.0,0.0,0.0,1.0,0.0,0.0,0.0,0.0,0.0,1.0
window_10_0pct::C8SRg13vZJlXOiBES4,window_10_0pct,1784124591.241239,0,-0.3892228366233577,-0.3698493827747943,-0.7379063557416712,-0.4058558668836733,-0.684103318687803,-0.2497985998628026,-0.1981422356685215,-0.6040302242810942,1.0,0.0,0.0,0.0,1.0,0.0,0.0,0.0,0.0,1.0
window_10_0pct::CIxbIL1giGH5FR6nbi,window_10_0pct,1784124622.573887,0,-0.3848745350045073,-0.1916752693968971,1.1531235417489236,0.3495257843747771,0.9453317034191092,-0.2237906846631698,-0.1907187955591608,-0.5346422851239325,1.0,0.0,0.0,1.0,0.0,0.0,0.0,0.0,0.0,1.0
window_10_0pct::CpwMqljGCKcYpb829,window_10_0pct,1784124516.885898,0,0.4138708646779468,0.8437792091680959,0.5030162910270545,0.3495257843747771,0.48705310345154,-0.2487319563798359,-0.2368827704670885,0.1162082395168218,1.0,0.0,0.0,1.0,0.0,0.0,0.0,0.0,0.0,1.0
window_10_0pct::CiwrkV1WuC6xJzDgE4,window_10_0pct,1784125774.43959,0,-0.3894053934044795,-0.2772155346017424,-0.5573540544579261,-0.3004537760104012,-0.5058838631448596,-0.0370828827954173,-0.0817101310296667,-0.2262334567298921,1.0,0.0,0.0,1.0,0.0,0.0,0.0,0.0,0.0,1.0
window_10_0pct::CDSJTYTBROZg7xWA5,window_10_0pct,1784124286.807653,0,-0.3893079927804836,-0.1866680343605159,1.1531235417489236,0.2792577237925956,0.9453317034191092,0.069670876520352,0.2705102701141058,-0.5326922727822792,1.0,0.0,0.0,1.0,0.0,0.0,0.0,0.0,0.0,1.0
window_10_0pct::ClhAl22iaNBNuRql1,window_10_0pct,1784125022.046374,0,-0.3888950756239555,-0.2818055000517585,-0.6106338722740966,-0.3180207911559465,-0.53134378536528,-0.1737705961108969,-0.1845504926381144,-0.0946584924501537,1.0,0.0,0.0,1.0,0.0,0.0,0.0,0.0,0.0,1.0
window_10_0pct::CX9ZwD3s2UKvZR4Oxa,window_10_0pct,1784124696.270581,0,-0.1654970086969652,-0.2765896302221947,-0.5815509095187786,-0.3180207911559465,-0.5058838631448596,-0.2495048400194368,-0.2369704954478626,-0.1648276279611928,1.0,0.0,0.0,1.0,0.0,0.0,0.0,0.0,0.0,1.0
window_10_0pct::CuNP9l161aGIUMCWA6,window_10_0pct,1784126002.897867,0,-0.0575326123553448,-0.0894442207374478,-0.3188695110750196,-0.1599176548460383,-0.276744563161075,-0.2492024207690847,-0.2369033320397903,-0.1112486810458738,1.0,0.0,0.0,1.0,0.0,0.0,0.0,0.0,0.0,1.0
window_10_0pct::CmN3Qk4nf7EaUkwkq,window_10_0pct,1784125899.136935,0,0.1708079811284737,0.6359789551582766,0.0313157029926651,0.1562886177737781,0.0542344257043915,-0.248531249491597,-0.2368553363474919,0.3589176970721315,1.0,0.0,0.0,1.0,0.0,0.0,0.0,0.0,0.0,1.0
window_10_0pct::C9YLQf1DntsFioASTb,window_10_0pct,1784125357.394321,0,-0.3896053401041117,-0.3698493827747943,-0.7379063557416712,-0.4058558668836733,-0.684103318687803,-0.2497985998628026,-0.0594524364100997,-0.6040302242810942,1.0,0.0,0.0,0.0,1.0,0.0,0.0,0.0,0.0,1.0
window_10_0pct::CWZEpa4RHFHA1xLz09,window_10_0pct,1784125975.045342,0,-0.3895302186452055,-0.3698493827747943,-0.7379063557416712,-0.4058558668836733,-0.684103318687803,-0.2497985998628026,-0.1325068285191806,-0.6040302242810942,1.0,0.0,0.0,0.0,1.0,0.0,0.0,0.0,0.0,1.0
window_10_0pct::CjTtarayw5mhFhxlb,window_10_0pct,1784124929.637206,0,-0.389499079055092,-0.3698493827747943,-0.7379063557416712,-0.4058558668836733,-0.684103318687803,-0.2497985998628026,-0.1477441797129704,-0.6040302242810942,1.0,0.0,0.0,0.0,1.0,0.0,0.0,0.0,0.0,1.0
window_10_0pct::C5RoyC1Ct77Dq4Snq2,window_10_0pct,1784124550.410485,0,-0.3885482486979357,-0.0030694163598724,-0.2071263524972459,-0.0720825791183115,-0.174904874279393,-0.0273891990558447,-0.1427470640747485,-0.0951491159489315,1.0,0.0,0.0,1.0,0.0,0.0,0.0,0.0,0.0,1.0
window_10_0pct::CPqZKj1xDlnay3BxHk,window_10_0pct,1784124156.834611,0,0.0409385751628857,-0.1854162256014206,-0.4300815709903515,-0.2477527305737651,-0.378584252042757,-0.2494961330894127,-0.237018082444357,-0.1628174256288502,1.0,0.0,0.0,1.0,0.0,0.0,0.0,0.0,0.0,1.0
window_10_0pct::CHCV4l3rGUMe2MdlYk,window_10_0pct,1784125158.347003,0,0.0069743883038632,-0.27784143898129,-0.5815509095187786,-0.3180207911559465,-0.5058838631448596,-0.249634789395855,-0.2370539358968809,-0.1707229648245473,1.0,0.0,0.0,1.0,0.0,0.0,0.0,0.0,0.0,1.0
window_10_0pct::C92AON2V8oP8DbUNhl,window_10_0pct,1784126028.748311,0,-0.3885962444460161,-0.0967464384988371,-0.5306291697638502,-0.2653197457193104,-0.4549640187040185,-0.077075791759379,-0.1857850513698325,0.3661960382446528,1.0,0.0,0.0,1.0,0.0,0.0,0.0,0.0,0.0,1.0
window_10_0pct::CB0YCp1VtaAfMD2MZ6,window_10_0pct,1784124875.579632,0,-0.3892838241030694,-0.3698493827747943,-0.7379063557416712,-0.4058558668836733,-0.684103318687803,-0.2497985998628026,-0.1925967679720044,-0.6040302242810942,1.0,0.0,0.0,0.0,1.0,0.0,0.0,0.0,0.0,1.0
window_10_0pct::CIL3bHCwxoMC7DME,window_10_0pct,1784124813.139993,0,-0.3889452597902646,-0.2790932477403853,-0.5815509095187786,-0.3180207911559465,-0.5058838631448596,-0.1663054676716754,-0.181111264900832,-0.1766183016879016,1.0,0.0,0.0,1.0,0.0,0.0,0.0,0.0,0.0,1.0
window_10_0pct::CeNEjM23qKfRCXtW63,window_10_0pct,1784125171.336575,0,-0.0429961563605496,-0.27784143898129,-0.5955506702607468,-0.3355878063014919,-0.53134378536528,-0.2496111802190218,-0.2370520918411505,-0.1281163572474263,1.0,0.0,0.0,1.0,0.0,0.0,0.0,0.0,0.0,1.0
window_10_0pct::ClVGUg1FNs7T6gQfqj,window_10_0pct,1784125805.39999,0,-0.3893565543147402,-0.3698493827747943,-0.7379063557416712,-0.4058558668836733,-0.684103318687803,-0.2497985998628026,-0.1835023655545608,-0.6040302242810942,1.0,0.0,0.0,0.0,1.0,0.0,0.0,0.0,0.0,1.0
window_10_0pct::CFqLr24DNj75JlzLI1,window_10_0pct,1784125261.994432,0,-0.3629864776154043,-0.2784673433608376,-0.5573540544579261,-0.3180207911559465,-0.5058838631448596,-0.2473837854286109,-0.2355523849007064,-0.231338818453557,1.0,0.0,0.0,1.0,0.0,0.0,0.0,0.0,0.0,1.0
window_10_0pct::CdCZylJ0HSfrlUHm6,window_10_0pct,1784124658.370852,0,0.5549942807737814,0.4016820824142735,0.1852068514218273,0.1562886177737781,0.181534036806494,-0.2492218054176796,-0.2369802147055627,0.0114744283782643,1.0,0.0,0.0,1.0,0.0,0.0,0.0,0.0,0.0,1.0
window_10_0pct::CSUB6q3q4MtJLK0Qgi,window_10_0pct,1784123974.083965,0,0.4174438364063764,-0.1864593995673333,-0.4627547607037766,-0.2301857154282197,-0.378584252042757,-0.2496381341041203,-0.237079481838131,-0.1132210151099594,1.0,0.0,0.0,1.0,0.0,0.0,0.0,0.0,0.0,1.0
window_10_0pct::CnMpN03Xpteijtacd,window_10_0pct,1784125663.928086,0,0.2172881588461844,-0.0867319684260747,-0.4755436164953773,-0.2301857154282197,-0.429504096483598,-0.2494691860822433,-0.2370521366798182,0.1906125145202539,1.0,0.0,0.0,1.0,0.0,0.0,0.0,0.0,0.0,1.0
window_10_0pct::CiYy414VtWZniZG4U2,window_10_0pct,1784126004.225733,0,-0.3893565116138967,-0.2818055000517585,-0.5955506702607468,-0.3180207911559465,-0.53134378536528,-0.0753485996396144,-0.1164417736267307,-0.1486205828112352,1.0,0.0,0.0,1.0,0.0,0.0,0.0,0.0,0.0,1.0
window_10_0pct::CUEHre1fxACOWCyHhh,window_10_0pct,1784124727.095135,0,-0.3414177905099583,-0.094451455773829,-0.2313444515045961,-0.1423506397004929,-0.225824718720234,-0.2457712285752807,-0.2352814401967994,-0.2036684687139823,1.0,0.0,0.0,1.0,0.0,0.0,0.0,0.0,0.0,1.0
window_10_0pct::C0QN4S1x6rco1sasU6,window_10_0pct,1784125042.008641,0,0.2936343740204302,0.4822151125827376,0.3541599579178414,0.2089896632104142,0.334293570129017,-0.2489179654835129,-0.236889540497281,-0.0294407491924127,1.0,0.0,0.0,1.0,0.0,0.0,0.0,0.0,0.0,1.0
window_10_0pct::CHlwxSTR5EnaaSjLh,window_10_0pct,1784125646.584778,0,0.1031698023427728,-0.1925098085696273,-0.4118967527883412,-0.2301857154282197,-0.3531243298223365,-0.2495444869679625,-0.2370266048279511,-0.2034498887814433,1.0,0.0,0.0,1.0,0.0,0.0,0.0,0.0,0.0,1.0
window_10_0pct::CPKxVa3lOu1TQGN5ff,window_10_0pct,1784124857.22217,0,-0.3844752394170518,-0.3698493827747943,-0.7379063557416712,-0.4058558668836733,-0.684103318687803,-0.2497985998628026,-0.2335110907195209,-0.6040302242810942,1.0,0.0,0.0,0.0,1.0,0.0,0.0,0.0,0.0,1.0
window_10_0pct::CNtbpfUmNV24GLN2g,window_10_0pct,1784125578.326151,0,0.1908443911661993,0.1915868456794462,0.1166738800203257,0.0860205571915967,0.130614192365653,-0.2491156010063867,-0.2368988759434385,-0.1202150897717602,1.0,0.0,0.0,1.0,0.0,0.0,0.0,0.0,0.0,1.0
window_10_0pct::CNl55O1dVXChiIn0G2,window_10_0pct,1784125038.57424,0,-0.3869640153789015,-0.2767982650153773,-0.5573540544579261,-0.3180207911559465,-0.5058838631448596,-0.2258918376509761,-0.2215090023278851,-0.2245316694886705,1.0,0.0,0.0,1.0,0.0,0.0,0.0,0.0,0.0,1.0
window_10_0pct::Cv0ZDj3KcGHxSrXJlj,window_10_0pct,1784124438.451272,0,0.1186269525744327,0.2714939714683627,0.055618777786006,0.050886526900506,0.0542344257043915,-0.2489075519424435,-0.23688024772901,-0.0088329385033997,1.0,0.0,0.0,1.0,0.0,0.0,0.0,0.0,0.0,1.0
window_10_0pct::Cq8sdQVaqX4or8lJ6,window_10_0pct,1784124154.099535,0,-0.3897120281615662,-0.3631730693929528,-0.7368866463097827,-0.4585569123203094,-0.7095632409082235,4.827183920115194,4.910809554712181,4.119297628905474,0.0,1.0,1.0,0.0,0.0,0.0,0.0,0.0,0.0,1.0
window_10_0pct::CRfU8G3wMJC6vOXMhb,window_10_0pct,1784123961.495883,0,0.0106052623760624,0.0025637230560564,1.4344996131106371,0.4197938449569585,1.1744710034028936,-0.2491415712706797,-0.2365532986232227,-0.4777828429850225,1.0,0.0,0.0,1.0,0.0,0.0,0.0,0.0,0.0,1.0
window_10_0pct::CDh0KE4hSgP4ySL7gd,window_10_0pct,1784124072.938131,0,-0.3873227665154652,-0.016213408330373,-0.2925270174179019,-0.1247836245549475,-0.2512846409406545,-0.145305259710716,-0.1971560178020599,-0.0193097321056519,1.0,0.0,0.0,1.0,0.0,0.0,0.0,0.0,0.0,1.0
window_10_0pct::CfvUN03e2onpRFrV83,window_10_0pct,1784124632.059477,0,0.0454617367358192,-0.2803450564994806,1.1454757210097604,0.3495257843747771,0.9198717811986884,-0.2496533401888719,-0.2366460339186367,-0.5690322141344901,1.0,0.0,0.0,1.0,0.0,0.0,0.0,0.0,0.0,1.0
window_10_0pct::CODy8qyttNsNzOqO1,window_10_0pct,1784125589.0919,0,0.2363101142699568,-0.094451455773829,-0.3040837243126374,-0.195051685137129,-0.276744563161075,-0.2494879043382749,-0.2370402127178196,-0.1365428859570638,1.0,0.0,0.0,1.0,0.0,0.0,0.0,0.0,0.0,1.0
window_10_0pct::CUhR4l3wQFJXmAfMab,window_10_0pct,1784125899.199297,0,-0.3894287507658674,-0.1958479652605481,1.1531235417489236,0.3495257843747771,0.9453317034191092,0.1825997231151715,0.5535094663400288,-0.5362672954086435,1.0,0.0,0.0,1.0,0.0,0.0,0.0,0.0,0.0,1.0
window_10_0pct::CFQHn44F0d6VTEgj7f,window_10_0pct,1784125703.294972,0,0.005229386309097,-0.188963017085524,-0.4118967527883412,-0.2301857154282197,-0.378584252042757,-0.2494751277807135,-0.2369929269636335,-0.1954382820714503,1.0,0.0,0.0,1.0,0.0,0.0,0.0,0.0,0.0,1.0
window_10_0pct::CpJLI416vo2Ck52veb,window_10_0pct,1784125618.300431,0,-0.3627628426228472,-0.3698493827747943,-0.7379063557416712,-0.4058558668836733,-0.684103318687803,-0.2497985998628026,-0.236452781137648,-0.6040302242810942,1.0,0.0,0.0,0.0,1.0,0.0,0.0,0.0,0.0,1.0
window_10_0pct::CifKm61wuTu1cyUX9d,window_10_0pct,1784125598.731514,0,-0.3887366234689826,-0.279719152119933,-0.6106338722740966,-0.3004537760104012,-0.53134378536528,-0.1846001921815265,-0.1881920016194167,-0.0825880722645864,1.0,0.0,0.0,1.0,0.0,0.0,0.0,0.0,0.0,1.0
window_10_0pct::CBcF324nOFZFeJqHq1,window_10_0pct,1784125764.510034,0,-0.389218235607472,-0.1891716518787065,1.1531235417489236,0.3319587692292318,0.9453317034191092,0.008135457748502,0.2073962893278795,-0.5336672789531058,1.0,0.0,0.0,1.0,0.0,0.0,0.0,0.0,0.0,1.0
window_10_0pct::COxFuB1LpQezMdvVDb,window_10_0pct,1784124225.887501,0,-0.3086369934769383,0.1719751751202866,-0.246151482213476,-0.0545155639727661,-0.2003647964998135,-0.2450787168259864,-0.2357471018316244,0.2073677293313057,1.0,0.0,0.0,1.0,0.0,0.0,0.0,0.0,0.0,1.0
window_10_0pct::C75rYZBa40AF3RBd8,window_10_0pct,1784125212.719342,0,-0.3893130528304369,-0.1891716518787065,1.1531235417489236,0.2265566783559596,0.9453317034191092,0.069291601463395,0.2410667466519273,-0.5336672789531058,1.0,0.0,0.0,1.0,0.0,0.0,0.0,0.0,0.0,1.0
window_10_0pct::CVYPKc109cK4vFfKoa,window_10_0pct,1784124459.030985,0,-0.3890328925963127,-0.1895889214650716,-0.4767545214457448,-0.2653197457193104,-0.429504096483598,-0.062594582290739,-0.152797246646783,-0.0957365241211927,1.0,0.0,0.0,1.0,0.0,0.0,0.0,0.0,0.0,1.0
window_10_0pct::CJVgHp4WTqvYleN4pg,window_10_0pct,1784125633.579004,0,-0.3892790736342313,-0.1958479652605481,1.1531235417489236,0.3670927995203225,0.9453317034191092,0.033434855324743,0.291770050505554,-0.5362672954086435,1.0,0.0,0.0,1.0,0.0,0.0,0.0,0.0,0.0,1.0
window_10_0pct::Ce0ubs3UuAfjOEsOLc,window_10_0pct,1784124335.640773,0,-0.3896149477938965,-0.0848542552874317,-0.5306291697638502,-0.2477527305737651,-0.4549640187040185,1.8038950222890089,0.3970121126143682,0.4084442406617402,1.0,0.0,0.0,1.0,0.0,0.0,0.0,0.0,0.0,1.0
window_10_0pct::CVR2ce18RRJPVoKCCj,window_10_0pct,1784124104.394526,0,0.3876087463861593,-0.2738773779108216,-0.5940211061129143,-0.3180207911559465,-0.5058838631448596,-0.2497114014774784,-0.2371070528610314,-0.1128884975925367,1.0,0.0,0.0,1.0,0.0,0.0,0.0,0.0,0.0,1.0
window_10_0pct::C7CyTbEPVczAgKmNl,window_10_0pct,1784125705.420798,0,-0.389156436811734,-0.1866680343605159,1.1531235417489236,0.3846598146658678,0.9453317034191092,-0.017329586845942,0.1838036854071297,-0.5326922727822792,1.0,0.0,0.0,1.0,0.0,0.0,0.0,0.0,0.0,1.0
window_10_0pct::Czyu312JaVVRi5Fnm9,window_10_0pct,1784125173.70489,0,0.0487885487767517,-0.3698493827747943,-0.7379063557416712,-0.4058558668836733,-0.684103318687803,-0.2497985998628026,-0.2371187965109252,-0.6040302242810942,1.0,0.0,0.0,0.0,1.0,0.0,0.0,0.0,0.0,1.0
window_10_0pct::CqAJTh2W7bjzLRL6pi,window_10_0pct,1784125933.333415,0,-0.3399346514378817,-0.3698493827747943,-0.7379063557416712,-0.4058558668836733,-0.684103318687803,-0.2497985998628026,-0.2367782149404756,-0.6040302242810942,1.0,0.0,0.0,0.0,1.0,0.0,0.0,0.0,0.0,1.0
window_10_0pct::Cz5Rl61fwMnFla8ZJ8,window_10_0pct,1784123932.276776,0,1.355568653659721,0.1817810103998664,0.3442390349034269,0.1738556329193235,0.3597534923494376,-0.2495753725439055,-0.2370610496463197,-0.2286281192632797,1.0,0.0,0.0,1.0,0.0,0.0,0.0,0.0,0.0,1.0
window_10_0pct::CUHPQSpC3LZq7fFKd,window_10_0pct,1784125543.729795,0,0.8504937894512034,0.2712853366751801,0.124449164438475,0.1035875723371421,0.130614192365653,-0.2494334931013063,-0.2370351910658331,-0.0565166307164096,1.0,0.0,0.0,1.0,0.0,0.0,0.0,0.0,0.0,1.0
window_10_0pct::CcwntC1N0E4ti2HWXk,window_10_0pct,1784125333.659262,0,-0.3888006960846362,-0.1891716518787065,1.1531235417489236,0.296824738938141,0.9453317034191092,-0.1099203229497633,-0.0065590974034211,-0.5336672789531058,1.0,0.0,0.0,1.0,0.0,0.0,0.0,0.0,0.0,1.0
window_10_0pct::C4MY7y3oAQfDQXVjMb,window_10_0pct,1784125202.172925,0,-0.2515999823006081,-0.1858334951877857,-0.4682781867931723,-0.2477527305737651,-0.4040441742631775,-0.2488576087729065,-0.2367123807255259,-0.1014579818073461,1.0,0.0,0.0,1.0,0.0,0.0,0.0,0.0,0.0,1.0
window_10_0pct::CAPzwXANAzUf4y6F3,window_10_0pct,1784125608.267663,0,-0.3892119052074249,-0.1916752693968971,1.1531235417489236,0.3143917540836864,0.9453317034191092,0.0013476732999383,0.1922374161893802,-0.5346422851239325,1.0,0.0,0.0,1.0,0.0,0.0,0.0,0.0,0.0,1.0
window_10_0pct::Ckovtt1u2tsiwizm3g,window_10_0pct,1784125341.469613,0,0.2368878139815048,0.091650779745005,0.202903058854391,0.0333195117549606,0.181534036806494,-0.2492784295017015,-0.2369411316270483,-0.2427842185745764,1.0,0.0,0.0,1.0,0.0,0.0,0.0,0.0,0.0,1.0
window_10_0pct::CxVDJK1WTZxvcMZznf,window_10_0pct,1784124974.347107,0,0.5190795620850746,0.3672573415391529,1.7165979786532717,0.6481650418490482,1.4545301478275192,-0.2492257638685858,-0.2368257068927693,-0.3828707914114984,1.0,0.0,0.0,1.0,0.0,0.0,0.0,0.0,0.0,1.0
window_10_0pct::CxNzHe2SwPVgX1ZA4h,window_10_0pct,1784124652.45345,0,-0.3884074533417452,-0.0906960294965431,-0.2962022201619998,-0.1599176548460383,-0.276744563161075,-0.0987803416579793,-0.1712410236799755,-0.1386229647607361,1.0,0.0,0.0,1.0,0.0,0.0,0.0,0.0,0.0,1.0
window_10_0pct::Crt2IY2goCTrdm4Ral,window_10_0pct,1784125899.990111,0,-0.329170964418196,0.5587840816807333,2.7805797950428572,1.1049074356332276,2.345627425542237,-0.2389655114036284,-0.2300548965833485,-0.4096605447939468,1.0,0.0,0.0,1.0,0.0,0.0,0.0,0.0,0.0,1.0
window_10_0pct::Co8A8HY5jYR1DxQQ7,window_10_0pct,1784125067.567203,0,-0.3676030686338894,0.0795499617404171,-0.4599718037125811,-0.1599176548460383,-0.4040441742631775,-0.2354433566124749,-0.2332700065757877,0.5866615595589717,1.0,0.0,0.0,1.0,0.0,0.0,0.0,0.0,0.0,1.0
window_10_0pct::CJIDw60dUb6HCY6df,window_10_0pct,1784124629.072692,0,0.7298158894993413,0.2669040060183466,0.8616353518543165,0.3670927995203225,0.7416523256557451,-0.2493969009595717,-0.236957417559418,-0.3108649104370704,1.0,0.0,0.0,1.0,0.0,0.0,0.0,0.0,0.0,1.0
window_10_0pct::CXc5pHOtcRX3rDE05,window_10_0pct,1784125335.034361,0,-0.1738175669564898,0.4711574685440625,-0.094278508701593,0.050886526900506,-0.0476052631772904,-0.2470474082787385,-0.2364980403618731,0.3582310989019104,1.0,0.0,0.0,1.0,0.0,0.0,0.0,0.0,0.0,1.0
window_10_0pct::CNlZUj4SGaeg7mKZQ3,window_10_0pct,1784125212.69647,0,-0.389069391142284,-0.0967464384988371,-0.5306291697638502,-0.2301857154282197,-0.4549640187040185,0.0499092512151083,-0.1331543508608655,0.3661960382446528,1.0,0.0,0.0,1.0,0.0,0.0,0.0,0.0,0.0,1.0
window_10_0pct::CxbX6I27mGILk8PEO7,window_10_0pct,1784125557.6551,0,0.4198459189807346,-0.3698493827747943,-0.7379063557416712,-0.3882888517381279,-0.6331834742469621,-0.2497985998628026,-0.2371328806753651,-0.6040302242810942,1.0,0.0,0.0,0.0,1.0,0.0,0.0,0.0,0.0,1.0
window_10_0pct::CXioFGKGP6C7GFh9k,window_10_0pct,1784125800.531502,0,0.1654420009819865,0.2823429807138553,0.3782930811392009,0.1914226480648689,0.334293570129017,-0.2489688901845433,-0.2368351437141463,-0.1737332409864597,1.0,0.0,0.0,1.0,0.0,0.0,0.0,0.0,0.0,1.0
window_10_0pct::CU68t42XDzmtLBXKhk,window_10_0pct,1784125167.316012,0,0.1169902719443844,0.0933198580904654,-0.4516654206319899,-0.1774846699915836,-0.378584252042757,-0.2491530189111394,-0.2370020015844436,0.5875365750455173,1.0,0.0,0.0,1.0,0.0,0.0,0.0,0.0,0.0,1.0
window_10_0pct::CQk0kA25Csv8mDd5ef,window_10_0pct,1784125955.674453,0,0.3471046691419018,-0.3698493827747943,-0.7379063557416712,-0.3882888517381279,-0.6331834742469621,-0.2497985998628026,-0.2371299654360896,-0.6040302242810942,1.0,0.0,0.0,0.0,1.0,0.0,0.0,0.0,0.0,1.0
window_10_0pct::CVjEIbjUd7qUTudu3,window_10_0pct,1784124684.745855,0,-0.3892872401705484,0.0048587057810644,-0.522981349024687,-0.2126187002826743,-0.429504096483598,0.3718386283083542,-0.0687002265423478,0.6797948411710416,1.0,0.0,0.0,1.0,0.0,0.0,0.0,0.0,0.0,1.0
window_10_0pct::C4Fzvw1LZSBPAS4bq,window_10_0pct,1784124323.213025,0,0.1951595996313467,0.3653796284005099,1.7515017827489527,0.5427629509757761,1.4799900700479396,-0.2489107775389695,-0.2366882786831823,-0.3865271093943242,1.0,0.0,0.0,1.0,0.0,0.0,0.0,0.0,0.0,1.0
window_10_0pct::CBxwOC2jOAB6x0HhP5,window_10_0pct,1784124707.498074,0,-0.0953533685948217,-0.3698493827747943,-0.7379063557416712,-0.4058558668836733,-0.684103318687803,-0.2497985998628026,-0.2370974398723221,-0.6040302242810942,1.0,0.0,0.0,0.0,1.0,0.0,0.0,0.0,0.0,1.0
window_10_0pct::C38hf83T8NbRHPnXeh,window_10_0pct,1784125716.59601,0,-0.326276124785198,0.6357703203650941,1.908664498938757,0.7887011630134111,1.6327496033704627,-0.2386027528331825,-0.2317358713842623,-0.3242033515121719,1.0,0.0,0.0,1.0,0.0,0.0,0.0,0.0,0.0,1.0
window_10_0pct::CPkrcD1jW52kKXjuC,window_10_0pct,1784124799.842592,0,-0.3897121882897292,-0.3631730693929528,-0.7368866463097827,-0.4585569123203094,-0.7095632409082235,5.884888611777276,5.983303714026363,4.119297628905474,0.0,1.0,1.0,0.0,0.0,0.0,0.0,0.0,0.0,1.0
window_10_0pct::CCNUd626FnCgPpWFjj,window_10_0pct,1784126061.81231,0,-0.3262585960889462,-0.2811795956722108,-0.5815509095187786,-0.3180207911559465,-0.5058838631448596,-0.2488116868818929,-0.2364842800485,-0.1864438631268256,1.0,0.0,0.0,1.0,0.0,0.0,0.0,0.0,0.0,1.0
window_10_0pct::C5ArR12lexKmsfhKQg,window_10_0pct,1784124970.961504,0,0.0934977196860121,-0.3698493827747943,-0.7379063557416712,-0.3882888517381279,-0.6586433964673826,-0.2497985998628026,-0.2371129373234309,-0.6040302242810942,1.0,0.0,0.0,0.0,1.0,0.0,0.0,0.0,0.0,1.0
window_10_0pct::CtkgZX1lg3Kb2bIi6g,window_10_0pct,1784124578.678939,0,0.1599783533312317,-0.2774241693949249,1.1454757210097604,0.3143917540836864,0.9453317034191092,-0.2496798491405453,-0.2367710057517239,-0.5678900879292397,1.0,0.0,0.0,1.0,0.0,0.0,0.0,0.0,0.0,1.0
window_10_0pct::CjvLGbYvoqjUsDLN1,window_10_0pct,1784124504.563438,0,0.0727583363371558,0.1029170585768627,-0.2268194909005912,-0.1247836245549475,-0.2003647964998135,-0.24907661759642,-0.2369556449587239,0.0771727362153901,1.0,0.0,0.0,1.0,0.0,0.0,0.0,0.0,0.0,1.0
window_10_0pct::CW2Rgr2XvySwyI4Wl9,window_10_0pct,1784125529.097002,0,-0.3138840410991007,-0.0028607815666898,-0.3777364868200788,-0.1599176548460383,-0.327664407601916,-0.2463805184870719,-0.2360274787653778,0.1463169280965293,1.0,0.0,0.0,1.0,0.0,0.0,0.0,0.0,0.0,1.0
window_10_0pct::Co4Bvo4zVpcbjF3xue,window_10_0pct,1784124063.630412,0,-0.3144123999859984,-0.2818055000517585,-0.5573540544579261,-0.3004537760104012,-0.5058838631448596,-0.2489728173767031,-0.2365274685157078,-0.24495311638333,1.0,0.0,0.0,1.0,0.0,0.0,0.0,0.0,0.0,1.0
window_10_0pct::CpFGQU1PPE5YB8aR62,window_10_0pct,1784125867.744161,0,0.5690921243794798,0.47094883375088,0.8342731487653103,0.3143917540836864,0.7416523256557451,-0.2491792641489788,-0.2369380145311548,-0.2101842235781406,1.0,0.0,0.0,1.0,0.0,0.0,0.0,0.0,0.0,1.0
window_10_0pct::C5QbCL1ZQnKkAfxq97,window_10_0pct,1784125383.040242,0,-0.3886545310973771,-0.2818055000517585,-0.5573540544579261,-0.3180207911559465,-0.5058838631448596,-0.1910491999006021,-0.1965074089029194,-0.24495311638333,1.0,0.0,0.0,1.0,0.0,0.0,0.0,0.0,0.0,1.0
window_10_0pct::Csokjp21IAENPhz7J5,window_10_0pct,1784124870.544936,0,-0.3892237973923362,-0.1916752693968971,1.1531235417489236,0.3495257843747771,0.9453317034191092,0.0074534074080805,0.2222251628662953,-0.5346422851239325,1.0,0.0,0.0,1.0,0.0,0.0,0.0,0.0,0.0,1.0
window_10_0pct::CPVe9T2CyOlE9An7C3,window_10_0pct,1784123950.838731,0,0.1592903359905327,-0.0164220431235555,-0.1634063106050295,-0.0896495942638568,-0.1494449520589724,-0.2493439366026842,-0.2369708170038079,-0.1509900954844985,1.0,0.0,0.0,1.0,0.0,0.0,0.0,0.0,0.0,1.0
window_10_0pct::COt8XrsLQJ1fIqc45,window_10_0pct,1784124729.428401,0,0.3485548645132275,0.1740615230521121,0.1094296942646183,0.1211545874826874,0.1051542701452325,-0.2492782703053925,-0.2369422203637342,-0.1313103610192453,1.0,0.0,0.0,1.0,0.0,0.0,0.0,0.0,0.0,1.0
window_10_0pct::C7VxSr14fPFYpb4MI4,window_10_0pct,1784124104.395002,0,0.3876037930883146,-0.2738773779108216,-0.5573540544579261,-0.3004537760104012,-0.480423940924439,-0.2497114009218238,-0.2371009016763215,-0.2126191588001191,1.0,0.0,0.0,1.0,0.0,0.0,0.0,0.0,0.0,1.0
window_10_0pct::CeET4J1gmVfh9IliJ5,window_10_0pct,1784124526.69562,0,-0.3897119961359336,-0.3631730693929528,-0.7368866463097827,-0.4585569123203094,-0.7095632409082235,4.657951169449261,4.739210489221911,4.119297628905474,0.0,1.0,1.0,0.0,0.0,0.0,0.0,0.0,0.0,1.0
window_10_0pct::CpyPUu2gZy88WTNdR9,window_10_0pct,1784124990.658925,0,-0.3897120174863553,-0.3631730693929528,-0.7368866463097827,-0.4585569123203094,-0.7095632409082235,4.769490936933626,4.852309873295043,4.119297628905474,0.0,1.0,1.0,0.0,0.0,0.0,0.0,0.0,0.0,1.0
window_10_0pct::C6uXxI1qmixM0SmKJc,window_10_0pct,1784125167.580051,0,0.0990857015177928,-0.1833298776695951,-0.0109172626447139,-0.0896495942638568,-0.0221453409568699,-0.2495290997703178,-0.2369472187678933,-0.4150891739911758,1.0,0.0,0.0,1.0,0.0,0.0,0.0,0.0,0.0,1.0
window_10_0pct::CYej9x4uRPlV5elcod,window_10_0pct,1784125134.398975,0,-0.3884101007940414,-0.2784673433608376,-0.5573540544579261,-0.3180207911559465,-0.5058838631448596,-0.2002616729336265,-0.2041347394779195,-0.231338818453557,1.0,0.0,0.0,1.0,0.0,0.0,0.0,0.0,0.0,1.0
window_10_0pct::C8ct1T1eXCfj3z25W2,window_10_0pct,1784124578.681542,0,0.1599501067232645,-0.2767982650153773,-0.5955506702607468,-0.3180207911559465,-0.5058838631448596,-0.249679038815781,-0.2370841251242908,-0.1227205084148451,1.0,0.0,0.0,1.0,0.0,0.0,0.0,0.0,0.0,1.0
window_10_0pct::CCDt151QX80ApNPTfg,window_10_0pct,1784124225.17791,0,-0.3881554222882686,-0.1937616173287226,-0.4767545214457448,-0.2653197457193104,-0.429504096483598,-0.1699520520779573,-0.2003261587371384,-0.1075025819952644,1.0,0.0,0.0,1.0,0.0,0.0,0.0,0.0,0.0,1.0
window_10_0pct::CVTfoX1sC7raU5T5Gh,window_10_0pct,1784124386.04547,0,0.1184606648146799,-0.3698493827747943,-0.7379063557416712,-0.3882888517381279,-0.6586433964673826,-0.2497985998628026,-0.2371153675629304,-0.6040302242810942,1.0,0.0,0.0,0.0,1.0,0.0,0.0,0.0,0.0,1.0
window_10_0pct::CTKyn314bWsgEQ2Wv5,window_10_0pct,1784125449.387258,0,0.0589370554195179,0.673324583137953,0.656227633168291,0.4022268298114132,0.5888927923332221,-0.248156446457113,-0.2366295731993317,-0.0529837049753364,1.0,0.0,0.0,1.0,0.0,0.0,0.0,0.0,0.0,1.0
window_10_0pct::CpheM11Q3RZsAVdp93,window_10_0pct,1784125107.204172,0,-0.3883552729110029,-0.279719152119933,-0.5955506702607468,-0.3355878063014919,-0.53134378536528,-0.2029133263572149,-0.2089900533747274,-0.1378288851460726,1.0,0.0,0.0,1.0,0.0,0.0,0.0,0.0,0.0,1.0
window_10_0pct::CEkBBk1cQYgzQL3ALg,window_10_0pct,1784124998.259673,0,0.465274214795175,-0.0957032645329243,-0.2695410673074169,-0.1599176548460383,-0.225824718720234,-0.2495721421213312,-0.2370617528076093,-0.1729874608285271,1.0,0.0,0.0,1.0,0.0,0.0,0.0,0.0,0.0,1.0
window_10_0pct::CARBKUTryQSe9Un4c,window_10_0pct,1784125954.722696,0,-0.3893673469529317,-0.3698493827747943,-0.7379063557416712,-0.4058558668836733,-0.684103318687803,-0.2497985998628026,-0.181826680460192,-0.6040302242810942,1.0,0.0,0.0,0.0,1.0,0.0,0.0,0.0,0.0,1.0
window_10_0pct::C9ojyK1gAfs9Twh9wg,window_10_0pct,1784124502.868625,0,-0.3814469276225214,0.0042328014015168,-0.2219546271526235,-0.1072166094094022,-0.2003647964998135,-0.2178365403995846,-0.2250158235981253,-0.0701021847175594,1.0,0.0,0.0,1.0,0.0,0.0,0.0,0.0,0.0,1.0
window_10_0pct::CFwrjE2aUL6K47uBpc,window_10_0pct,1784125825.278894,0,-0.3827485560841419,-0.3698493827747943,-0.7379063557416712,-0.4058558668836733,-0.684103318687803,-0.2497985998628026,-0.2344163620127594,-0.6040302242810942,1.0,0.0,0.0,0.0,1.0,0.0,0.0,0.0,0.0,1.0
window_10_0pct::CQEtOl1cnZsQA6kg36,window_10_0pct,1784126080.219137,0,2.1051601516342577,0.9218086218183694,2.2004501040843314,1.1400414659243183,1.963728592235929,-0.2494329514040955,-0.2369861023065268,-0.2803005007190099,1.0,0.0,0.0,1.0,0.0,0.0,0.0,0.0,0.0,1.0
window_10_0pct::Cd80M146YurqijvtK7,window_10_0pct,1784124526.702098,0,-0.2653809642972043,-0.2790932477403853,-0.5815509095187786,-0.3180207911559465,-0.5058838631448596,-0.2492830653223224,-0.2368163180411249,-0.1766183016879016,1.0,0.0,0.0,1.0,0.0,0.0,0.0,0.0,0.0,1.0
window_10_0pct::Czv8JK3ir72Kg4EPGh,window_10_0pct,1784124175.995264,0,-0.1654509344868417,-0.1831212428764126,-0.4752249572979122,-0.2828867608648558,-0.429504096483598,-0.249210543835043,-0.2369278959608893,-0.0805648176179227,1.0,0.0,0.0,1.0,0.0,0.0,0.0,0.0,0.0,1.0
window_10_0pct::CjJpkQ3pADstK7l8s6,window_10_0pct,1784124525.067726,0,0.1798708401759813,0.0972839191609338,-0.0344555553641385,0.0157524966094153,-0.0221453409568699,-0.249219374097365,-0.236927375129245,-0.1149989402122793,1.0,0.0,0.0,1.0,0.0,0.0,0.0,0.0,0.0,1.0
window_10_0pct::C2NBX22hrqomgzkVki,window_10_0pct,1784124025.434082,0,0.2590103203517782,-0.3698493827747943,-0.7379063557416712,-0.3882888517381279,-0.6331834742469621,-0.2497985998628026,-0.2371255595785104,-0.6040302242810942,1.0,0.0,0.0,0.0,1.0,0.0,0.0,0.0,0.0,1.0
window_10_0pct::CpyOTL1RFDADphuzIb,window_10_0pct,1784125623.057459,0,0.0980345135032291,-0.0850628900806143,-0.2555413065654486,-0.1247836245549475,-0.225824718720234,-0.2493862279942041,-0.2369663599906377,-0.1692527004718289,1.0,0.0,0.0,1.0,0.0,0.0,0.0,0.0,0.0,1.0
window_10_0pct::CXIafT1BNP2lTbtitc,window_10_0pct,1784126072.023507,0,-0.242767387551609,-0.3231151891019033,-0.7331477117261919,-0.4058558668836733,-0.6331834742469621,-0.2495739827050845,-0.2370322626296853,6.5964206807988734,0.0,0.0,0.0,0.0,1.0,0.0,0.0,0.0,0.0,0.0
window_10_0pct::CtSLub11eH41XojnB2,window_10_0pct,1784125596.768457,0,-0.0199674953906192,0.4836755561350155,0.2408659912457374,0.2089896632104142,0.2069939590269145,-0.2481682604310651,-0.2366581045669509,0.0381660103916104,1.0,0.0,0.0,1.0,0.0,0.0,0.0,0.0,0.0,1.0
window_10_0pct::CPDmc52ZQZI8sEpVg,window_10_0pct,1784125529.111564,0,-0.3140395575710837,-0.3698493827747943,-0.7379063557416712,-0.4058558668836733,-0.684103318687803,-0.2497985998628026,-0.2369096847450681,-0.6040302242810942,1.0,0.0,0.0,0.0,1.0,0.0,0.0,0.0,0.0,1.0
window_10_0pct::CBB1xvuwmvp6pGMKd,window_10_0pct,1784124311.890039,0,-0.3886065566997184,-0.1916752693968971,1.1531235417489236,0.3495257843747771,0.9453317034191092,-0.1360628414138494,-0.0340588673810165,-0.5346422851239325,1.0,0.0,0.0,1.0,0.0,0.0,0.0,0.0,0.0,1.0
window_10_0pct::Chi7UN3EHtJ2oza52f,window_10_0pct,1784125607.293605,0,0.1174341151868087,0.4590566505394746,0.3546698126337856,0.2616907086470503,0.3088336479085966,-0.2486442537427321,-0.2367664536969432,-0.0453184937131965,1.0,0.0,0.0,1.0,0.0,0.0,0.0,0.0,0.0,1.0
window_10_0pct::CYPaTw4LAczGl2Gmij,window_10_0pct,1784125363.338398,0,0.4084144014441088,0.5687985517534957,2.2094362934528484,0.8589692235955926,1.912808747795088,-0.2489679936020759,-0.2367071355413569,-0.3694930833719879,1.0,0.0,0.0,1.0,0.0,0.0,0.0,0.0,0.0,1.0
window_10_0pct::CFOx6Y3UVAaLAhdSt5,window_10_0pct,1784124766.810584,0,-0.3893458577534465,-0.3698493827747943,-0.7379063557416712,-0.4058558668836733,-0.684103318687803,-0.2497985998628026,-0.1850659157619069,-0.6040302242810942,1.0,0.0,0.0,0.0,1.0,0.0,0.0,0.0,0.0,1.0
window_10_0pct::CD4y2e2mZliIxdcHuc,window_10_0pct,1784124592.379577,0,0.0980134619873896,0.0086141320583503,-0.1071735842256821,-0.1072166094094022,-0.0985251076181314,-0.2492505596744784,-0.2369565486052558,-0.1621478782436362,1.0,0.0,0.0,1.0,0.0,0.0,0.0,0.0,0.0,1.0
window_10_0pct::C6ZrwG4xLfkKIFppKi,window_10_0pct,1784126061.791333,0,-0.3897121669393076,-0.3631730693929528,-0.7368866463097827,-0.4585569123203094,-0.7095632409082235,5.719086254705923,5.815183007971707,4.119297628905474,0.0,1.0,1.0,0.0,0.0,0.0,0.0,0.0,0.0,1.0
window_10_0pct::CFv0en2liALaeVrbMk,window_10_0pct,1784125978.256473,0,-0.3893653400132878,-0.1900061910514367,1.1531235417489236,0.3495257843747771,0.9453317034191092,0.1155923606437825,0.4092785617724093,-0.5339922810100481,1.0,0.0,0.0,1.0,0.0,0.0,0.0,0.0,0.0,1.0
window_10_0pct::CFBAWqvS0KzPEQOf9,window_10_0pct,1784124151.620487,0,0.0425213993540848,0.099996171472307,0.4198037525956591,0.0860205571915967,0.334293570129017,-0.2490308840123185,-0.2368084431526647,-0.3051549525095796,1.0,0.0,0.0,1.0,0.0,0.0,0.0,0.0,0.0,1.0
window_10_0pct::CipwHh3KmsmBLgewll,window_10_0pct,1784126028.753429,0,-0.3886510082777894,-0.1891716518787065,1.1531235417489236,0.3319587692292318,0.9453317034191092,-0.1296369758667362,-0.0300594947506986,-0.5336672789531058,1.0,0.0,0.0,1.0,0.0,0.0,0.0,0.0,0.0,1.0
window_10_0pct::CCKVrB2ZIYDaBqe8Fi,window_10_0pct,1784125047.580511,0,0.2532605129983891,0.2844293286456807,0.0618857420028203,0.0684535420460513,0.079694347924812,-0.2490799217720047,-0.2369318942859141,-0.0015860597348407,1.0,0.0,0.0,1.0,0.0,0.0,0.0,0.0,0.0,1.0
window_10_0pct::CZTI41mKNSYf1fkWg,window_10_0pct,1784125603.447017,0,-0.3890620252467823,-0.1812435297377696,-0.4767545214457448,-0.2828867608648558,-0.429504096483598,-0.0451614674094452,-0.1563665366977846,-0.072204408373049,1.0,0.0,0.0,1.0,0.0,0.0,0.0,0.0,0.0,1.0
window_10_0pct::CkilkE3oZgT5U4Zqfj,window_10_0pct,1784125657.535153,0,-0.2088656293257659,-0.3698493827747943,-0.7379063557416712,-0.4058558668836733,-0.684103318687803,-0.2497985998628026,-0.2370566601400166,-0.6040302242810942,1.0,0.0,0.0,0.0,1.0,0.0,0.0,0.0,0.0,1.0
window_10_0pct::C12UgH1BFNvilakcBb,window_10_0pct,1784124201.540196,0,-0.1887349678512516,-0.3698493827747943,-0.7379063557416712,-0.4058558668836733,-0.684103318687803,-0.2497985998628026,-0.2370672524171098,-0.6040302242810942,1.0,0.0,0.0,0.0,1.0,0.0,0.0,0.0,0.0,1.0
window_10_0pct::Cagyjg2FE89zExKeI5,window_10_0pct,1784124599.381313,0,-0.389367581807571,-0.1854162256014206,-0.4767545214457448,-0.2653197457193104,-0.429504096483598,0.1273501302071172,-0.0710423367057764,-0.0839704662471209,1.0,0.0,0.0,1.0,0.0,0.0,0.0,0.0,0.0,1.0
window_10_0pct::C1VmQy41hcAdjcHCK7,window_10_0pct,1784125716.718511,0,-0.31549478096673,-0.0961205341192894,-0.4773493519476797,-0.2477527305737651,-0.429504096483598,-0.2471937963818732,-0.2363249482770634,0.169585107290063,1.0,0.0,0.0,1.0,0.0,0.0,0.0,0.0,0.0,1.0
window_10_0pct::CKyBNp4uvLa3wYWSD7,window_10_0pct,1784126008.122597,0,0.261852723348973,0.0002687403310483,-0.2156026871498185,-0.0896495942638568,-0.2003647964998135,-0.2493974128923764,-0.2370009754901512,-0.0821843339654605,1.0,0.0,0.0,1.0,0.0,0.0,0.0,0.0,0.0,1.0
window_10_0pct::CiI8BS3V6L5ibbSPZ9,window_10_0pct,1784124990.664274,0,-0.3895365597204635,-0.1879198431196112,-0.4385579056429241,-0.2301857154282197,-0.4040441742631775,0.4786119731968581,0.1422995757832397,-0.1564838493188912,1.0,0.0,0.0,1.0,0.0,0.0,0.0,0.0,0.0,1.0
window_10_0pct::C0Z0pFrSk2HQ70ab1,window_10_0pct,1784124323.21668,0,0.1951201227015421,-0.3698493827747943,-0.7379063557416712,-0.3882888517381279,-0.6586433964673826,-0.2497985998628026,-0.2371215338478663,-0.6040302242810942,1.0,0.0,0.0,0.0,1.0,0.0,0.0,0.0,0.0,1.0
window_10_0pct::CxlvGG3bwLlBINCKA1,window_10_0pct,1784125818.341941,0,-0.3890887773252275,-0.279719152119933,-0.5573540544579261,-0.3180207911559465,-0.5058838631448596,-0.1478161136354355,-0.1682234319154029,-0.2364441801772219,1.0,0.0,0.0,1.0,0.0,0.0,0.0,0.0,0.0,1.0
window_10_0pct::CZdjch2h7VuyIMsSu3,window_10_0pct,1784124486.157575,0,-0.2809277008985018,-0.3698493827747943,-0.7379063557416712,-0.4058558668836733,-0.684103318687803,-0.2497985998628026,-0.2369866087933275,-0.6040302242810942,1.0,0.0,0.0,0.0,1.0,0.0,0.0,0.0,0.0,1.0
window_10_0pct::CvNVowuoZaWGUFynh,window_10_0pct,1784125738.564096,0,-0.2402505784860095,-0.279719152119933,-0.6106338722740966,-0.3180207911559465,-0.53134378536528,-0.249372704155388,-0.236874509436455,-0.0825880722645864,1.0,0.0,0.0,1.0,0.0,0.0,0.0,0.0,0.0,1.0
window_10_0pct::CZy7Zw3OAJRK4A9K3i,window_10_0pct,1784125726.949198,0,-0.3887623293767623,-0.1858334951877857,1.1531235417489236,0.3670927995203225,0.9453317034191092,-0.1130856658762812,0.0042517497415654,-0.5323672707253371,1.0,0.0,0.0,1.0,0.0,0.0,0.0,0.0,0.0,1.0
window_10_0pct::CpUkAS3OtRcEzL53p1,window_10_0pct,1784124875.577779,0,-0.3892637547066301,-0.1833298776695951,1.1531235417489236,0.3670927995203225,0.9453317034191092,0.0434574976255887,0.2737321199268904,-0.5313922645545104,1.0,0.0,0.0,1.0,0.0,0.0,0.0,0.0,0.0,1.0
window_10_0pct::CAvRCt2gKHpx6cRNqd,window_10_0pct,1784124458.737485,0,0.4780136698430466,0.2758753021251962,1.6270759881120669,0.6130310115579575,1.352690458945837,-0.2492730315972554,-0.2368207920684395,-0.4029551481603405,1.0,0.0,0.0,1.0,0.0,0.0,0.0,0.0,0.0,1.0
window_10_0pct::CvvMyz4nK65bda2zHh,window_10_0pct,1784124233.558208,0,-0.1224312331253915,0.4283873359416399,1.0664057521454118,0.4022268298114132,0.9198717811986884,-0.2476893544796217,-0.2362680082688905,-0.2782253471307854,1.0,0.0,0.0,1.0,0.0,0.0,0.0,0.0,0.0,1.0
window_05_12pct::CnrtrW1jUmKCCoDpl,window_05_12pct,1783706882.437219,1,-0.0766341728265896,-0.32603607620645897,-0.7379063557416712,-0.35315482144703725,-0.6077235520265416,-0.24969976343027164,-0.2370555103442734,1518.2410825660247,1.0,0.0,0.0,1.0,0.0,0.0,0.0,1.0,0.0,0.0
window_10_0pct::CQs50C2VaZNB3C48hk,window_10_0pct,1784125673.764789,0,-0.3889248701374991,-0.279719152119933,-0.5573540544579261,-0.3180207911559465,-0.5058838631448596,-0.1690265478239784,-0.1825614394664417,-0.2364441801772219,1.0,0.0,0.0,1.0,0.0,0.0,0.0,0.0,0.0,1.0
window_10_0pct::CnWDss1RaY4UGrHtUf,window_10_0pct,1784125357.387044,0,-0.3895270267571548,-0.0967464384988371,-0.5306291697638502,-0.2477527305737651,-0.4549640187040185,0.7875894411363903,0.0971291610028315,0.3661960382446528,1.0,0.0,0.0,1.0,0.0,0.0,0.0,0.0,0.0,1.0
window_10_0pct::CK9KOIX64uNq77kvf,window_10_0pct,1784124200.529164,0,-0.3893540029393418,-0.0938255513942814,-0.3198042447209174,-0.1774846699915836,-0.2512846409406545,0.2932922598323529,-0.0107281933177324,-0.1178639703140722,1.0,0.0,0.0,1.0,0.0,0.0,0.0,0.0,0.0,1.0
window_10_0pct::CLovD42zmKFmx9BFhh,window_10_0pct,1784124318.813342,0,0.4303561764943196,0.9161754824024404,2.2562791954802233,0.9468042993233192,1.912808747795088,-0.2486910492817246,-0.2366901660039116,-0.2877221845044235,1.0,0.0,0.0,1.0,0.0,0.0,0.0,0.0,0.0,1.0
window_10_0pct::CpgAmf4NhvULSG1LBg,window_10_0pct,1784124200.531629,0,-0.3893807977186305,-0.3698493827747943,-0.7379063557416712,-0.4058558668836733,-0.684103318687803,-0.2497985998628026,-0.179585863516114,-0.6040302242810942,1.0,0.0,0.0,0.0,1.0,0.0,0.0,0.0,0.0,1.0
window_10_0pct::CbEihP3CWF3s4FDsEd,window_10_0pct,1784125805.399913,0,-0.3893559885285639,-0.3698493827747943,-0.7379063557416712,-0.4058558668836733,-0.684103318687803,-0.2497985998628026,-0.1835874154171581,-0.6040302242810942,1.0,0.0,0.0,0.0,1.0,0.0,0.0,0.0,0.0,1.0
window_10_0pct::CRaMH41oSS9t3tzJra,window_10_0pct,1784125714.567273,0,0.2752300969729214,0.1880400541953429,3.4335762224884103,1.1927425113609544,2.854825869950647,-0.2492060452895603,-0.2364793308291802,-0.5055388608662623,1.0,0.0,0.0,1.0,0.0,0.0,0.0,0.0,0.0,1.0
window_10_0pct::Cozv3uYObuTwFn404,window_10_0pct,1784125207.233136,0,-0.1972063561651865,-0.2811795956722108,-0.5955506702607468,-0.3180207911559465,-0.53134378536528,-0.2494732918881983,-0.2369388836222711,-0.1453830735116864,1.0,0.0,0.0,1.0,0.0,0.0,0.0,0.0,0.0,1.0
window_10_0pct::Cv7fth3JDaES0Z3RZe,window_10_0pct,1784124542.95723,0,0.2649482462711533,0.098118458333664,0.2496397411492774,0.050886526900506,0.2069939590269145,-0.2492937478707216,-0.2369433129415548,-0.2550571280659049,1.0,0.0,0.0,1.0,0.0,0.0,0.0,0.0,0.0,1.0
window_10_0pct::CZwWsa1pJG0nsbZla8,window_10_0pct,1784126005.224513,0,-0.0799386736767997,-0.1831212428764126,-0.4667486226453396,-0.2477527305737651,-0.4040441742631775,-0.2493728749359099,-0.2369617642852768,-0.0969269560635635,1.0,0.0,0.0,1.0,0.0,0.0,0.0,0.0,0.0,1.0
window_10_0pct::CMJeUA43HytCEOF4Fj,window_10_0pct,1784124928.529978,0,0.7423443917051717,0.1062552152677835,0.9109425516754216,0.2792577237925956,0.7671122478761656,-0.2495015710243689,-0.2369808032754859,-0.3913835591735392,1.0,0.0,0.0,1.0,0.0,0.0,0.0,0.0,0.0,1.0
window_10_0pct::CScA223iVtMPveg26,window_10_0pct,1784126019.766446,0,0.0955795566094219,-0.2784673433608376,-0.5955506702607468,-0.3355878063014919,-0.53134378536528,-0.2496656089631573,-0.2370835932892908,-0.1313538665469751,1.0,0.0,0.0,1.0,0.0,0.0,0.0,0.0,0.0,1.0
window_10_0pct::CyvI873CExnLLIhBU8,window_10_0pct,1784124070.214907,0,-0.3889268557267213,-0.0103716341212616,-0.3967498189354985,-0.195051685137129,-0.3531243298223365,0.0731684639863741,-0.1398488358239514,0.1719201194708172,1.0,0.0,0.0,1.0,0.0,0.0,0.0,0.0,0.0,1.0
window_10_0pct::CB6kj52u6q7dEiSF3g,window_10_0pct,1784125193.119892,0,-0.3087437776112907,0.1511116958020316,1.4128095437365105,0.5251959358302307,1.1744710034028936,-0.2452544754839578,-0.2337966200660577,-0.425644293318488,1.0,0.0,0.0,1.0,0.0,0.0,0.0,0.0,0.0,1.0
window_10_0pct::CcWT7PqfkQgag3dqb,window_10_0pct,1784124495.847392,0,0.3379423705051217,-0.0087025557758012,-0.2016029264078503,-0.1072166094094022,-0.174904874279393,-0.249448071826748,-0.2370244270318977,-0.1081250002116481,1.0,0.0,0.0,1.0,0.0,0.0,0.0,0.0,0.0,1.0
window_10_0pct::C7J3O22LgidyQtFxN7,window_10_0pct,1784125654.658422,0,-0.1389020907062437,-0.2818055000517585,-0.5573540544579261,-0.3355878063014919,-0.5058838631448596,-0.2495506764692128,-0.2370099080001292,-0.24495311638333,1.0,0.0,0.0,1.0,0.0,0.0,0.0,0.0,0.0,1.0
window_10_0pct::CK0RltEbzMQSCJpW7,window_10_0pct,1784125212.71953,0,-0.3893152305734548,-0.187085303946881,-0.4767545214457448,-0.2653197457193104,-0.429504096483598,0.0747435933932994,-0.0929081025864095,-0.0886768893967496,1.0,0.0,0.0,1.0,0.0,0.0,0.0,0.0,0.0,1.0
window_10_0pct::CTVINi2ZjdqbyOhSgj,window_10_0pct,1784125007.006558,0,-0.388992177342047,-0.0009830684280469,-0.5139739157096725,-0.1774846699915836,-0.429504096483598,0.1116372289839551,-0.1243963658334638,0.6089492227440751,1.0,0.0,0.0,1.0,0.0,0.0,0.0,0.0,0.0,1.0
window_10_0pct::CvEU311Jp06GQ3Wynf,window_10_0pct,1784124595.783695,0,-0.3892626017838559,-0.3698493827747943,-0.7379063557416712,-0.4058558668836733,-0.684103318687803,-0.2497985998628026,-0.1946968579604724,-0.6040302242810942,1.0,0.0,0.0,0.0,1.0,0.0,0.0,0.0,0.0,1.0
window_10_0pct::CcIS9V3HgBcK8JWLHi,window_10_0pct,1784125115.47414,0,0.2818800381070357,0.376437272439185,2.281538247865959,0.8589692235955926,1.912808747795088,-0.2490137904783252,-0.2366213576019254,-0.4220106011966484,1.0,0.0,0.0,1.0,0.0,0.0,0.0,0.0,0.0,1.0
window_10_0pct::C3hLOP341Gl2UjmCP6,window_10_0pct,1784124437.03145,0,-0.3884131325539291,-0.1916752693968971,1.1531235417489236,0.3670927995203225,0.9453317034191092,-0.152987621986747,-0.0606039805757947,-0.5346422851239325,1.0,0.0,0.0,1.0,0.0,0.0,0.0,0.0,0.0,1.0
window_10_0pct::Ceodus37yOwt97JfKj,window_10_0pct,1784126036.881266,0,-0.3866591527068195,-0.275546456256282,-0.5573540544579261,-0.3180207911559465,-0.5058838631448596,-0.2279889520756285,-0.223071689186407,-0.2194263077650056,1.0,0.0,0.0,1.0,0.0,0.0,0.0,0.0,0.0,1.0
window_10_0pct::CxULOC1v8nM1hKVZL5,window_10_0pct,1784125204.265713,0,0.2937074138132163,-0.1021709431215834,-0.3715757423357528,-0.195051685137129,-0.3022044853814955,-0.2495219756814246,-0.2370504754990793,-0.0659368418762668,1.0,0.0,0.0,1.0,0.0,0.0,0.0,0.0,0.0,1.0
window_10_0pct::CTpx8S1ivjpFd6wDbb,window_10_0pct,1784125261.993963,0,-0.3629816097192467,-0.2784673433608376,-0.5955506702607468,-0.3355878063014919,-0.53134378536528,-0.2473842251769642,-0.2357315371936537,-0.1313538665469751,1.0,0.0,0.0,1.0,0.0,0.0,0.0,0.0,0.0,1.0
window_10_0pct::C6DQCu1TLCSFUKlPj,window_10_0pct,1784124910.066088,0,-0.3892439842160952,-0.1879198431196112,-0.4767545214457448,-0.2653197457193104,-0.429504096483598,0.0241823318081776,-0.1148232251115264,-0.091030100971564,1.0,0.0,0.0,1.0,0.0,0.0,0.0,0.0,0.0,1.0
window_10_0pct::CViC7U2G7z3Z6OtkD1,window_10_0pct,1784124816.579695,0,1.5139643687926214,1.0882991867780438,2.52354928636748,1.0697734053421368,2.2437877366605545,-0.2492576299540058,-0.2369413952637622,-0.2747769308577663,1.0,0.0,0.0,1.0,0.0,0.0,0.0,0.0,0.0,1.0
window_10_0pct::CeTBucJIUVXLLJljg,window_10_0pct,1784125312.198626,0,-0.3852543696825432,0.4567616678144666,-0.6461112629252148,0.050886526900506,-0.174904874279393,-0.1188597236814162,-0.204992053321564,6.0261281425191,1.0,0.0,0.0,0.0,0.0,1.0,0.0,0.0,0.0,1.0
window_10_0pct::C2Gk641nStnfWrlxH4,window_10_0pct,1784124491.790278,0,-0.3886971892400215,0.081010405292695,-0.2156026871498185,-0.1072166094094022,-0.174904874279393,0.0636828077250249,-0.1383169335001663,0.031656905917375,1.0,0.0,0.0,1.0,0.0,0.0,0.0,0.0,0.0,1.0
window_10_0pct::CdVPg91LBpGwJHLBEl,window_10_0pct,1784125573.206393,0,-0.3891895940167025,-0.1858334951877857,1.1531235417489236,0.3670927995203225,0.9453317034191092,-0.0014755310523809,0.2013382003867771,-0.5323672707253371,1.0,0.0,0.0,1.0,0.0,0.0,0.0,0.0,0.0,1.0
window_10_0pct::ClupDZ1CXgWFa6jfak,window_10_0pct,1784124104.287194,0,0.27826622302181,0.8431533047885482,0.4202711194186079,0.3846598146658678,0.3852134145698581,-0.248516081753308,-0.2368116863540839,0.1672662381809079,1.0,0.0,0.0,1.0,0.0,0.0,0.0,0.0,0.0,1.0
window_10_0pct::C9Ja9R6uxBHUUJDl6,window_10_0pct,1784125646.584895,0,0.1031682330867746,-0.1925098085696273,-0.4682781867931723,-0.2301857154282197,-0.378584252042757,-0.2495444861589071,-0.2370266043955688,-0.1196918953664844,1.0,0.0,0.0,1.0,0.0,0.0,0.0,0.0,0.0,1.0
window_10_0pct::CKjo5C49wxsIzXYnF7,window_10_0pct,1784124200.991467,0,-0.1828770419621511,-0.0030694163598724,-0.1422685838398422,-0.0896495942638568,-0.1239850298385519,-0.2485461962147213,-0.2366538658990881,-0.1505581542077172,1.0,0.0,0.0,1.0,0.0,0.0,0.0,0.0,0.0,1.0
window_10_0pct::CnAAtE30bahysHMpw8,window_10_0pct,1784125416.09756,0,-0.2065453295418979,0.338465740079961,0.6457968554379323,0.3495257843747771,0.5634328701128016,-0.247067469290588,-0.2359355894902215,-0.2270491441125733,1.0,0.0,0.0,1.0,0.0,0.0,0.0,0.0,0.0,1.0
window_10_0pct::CQjEqzdzIcY1m0RLb,window_10_0pct,1784124990.665468,0,-0.3895498076571557,-0.3698493827747943,-0.7379063557416712,-0.4058558668836733,-0.684103318687803,-0.2497985998628026,-0.1199410369854652,-0.6040302242810942,1.0,0.0,0.0,0.0,1.0,0.0,0.0,0.0,0.0,1.0
window_10_0pct::C7SD9ljdwl2uiy5ej,window_10_0pct,1784124361.852463,0,-0.0884045108810811,-0.0913219338760908,0.4372025447772554,0.0333195117549606,0.3597534923494376,-0.249145737901918,-0.2367022397008708,-0.4294782798187103,1.0,0.0,0.0,1.0,0.0,0.0,0.0,0.0,0.0,1.0
window_10_0pct::Ct2pdq1PG3QEZ97iCg,window_10_0pct,1784125394.183572,0,-0.3859023016064179,-0.1891716518787065,1.1531235417489236,0.3143917540836864,0.9453317034191092,-0.2163121095770288,-0.180701907809865,-0.5336672789531058,1.0,0.0,0.0,1.0,0.0,0.0,0.0,0.0,0.0,1.0
window_10_0pct::CLWC6LgRQcrcFf8Yh,window_10_0pct,1784124658.371156,0,0.5549916333214853,0.2925660855798002,0.3528003453419902,0.1211545874826874,0.283373725688176,-0.2493033787986093,-0.2369903361839162,-0.1567737027253926,1.0,0.0,0.0,1.0,0.0,0.0,0.0,0.0,0.0,1.0
window_10_0pct::CsTbli1GZN4kdvDRo4,window_10_0pct,1784125261.994576,0,-0.3629884738798374,-0.3698493827747943,-0.7379063557416712,-0.4058558668836733,-0.684103318687803,-0.2497985998628026,-0.2364467898355475,-0.6040302242810942,1.0,0.0,0.0,0.0,1.0,0.0,0.0,0.0,0.0,1.0
window_10_0pct::CFxDdx4bQaff8TrQK9,window_10_0pct,1784125620.281096,0,0.1396078945949001,-0.2811795956722108,-0.5573540544579261,-0.3355878063014919,-0.5058838631448596,-0.2496802898959703,-0.2370901491780065,-0.2424004355214976,1.0,0.0,0.0,1.0,0.0,0.0,0.0,0.0,0.0,1.0
window_10_0pct::C1ssH71orDoRE7A0Pb,window_10_0pct,1784123939.37015,0,0.3411058304692912,-0.0982068820511149,-0.3188695110750196,-0.1774846699915836,-0.276744563161075,-0.2495360857320016,-0.2370511930137634,-0.1266481042719745,1.0,0.0,0.0,1.0,0.0,0.0,0.0,0.0,0.0,1.0
window_10_0pct::CFsdre2YO78n5PwtQh,window_10_0pct,1784124572.37095,0,-0.3891667704158582,-0.1891716518787065,1.1531235417489236,0.296824738938141,0.9453317034191092,-0.0161687423090403,0.1479997485707236,-0.5336672789531058,1.0,0.0,0.0,1.0,0.0,0.0,0.0,0.0,0.0,1.0
window_10_0pct::CUmEHs4JPxN4elOEw1,window_10_0pct,1784125548.231571,0,0.9087509772302008,0.2522995704955681,0.4851501320225093,0.2089896632104142,0.4615931812311196,-0.2494602007989974,-0.2370188059737375,-0.2294171139407898,1.0,0.0,0.0,1.0,0.0,0.0,0.0,0.0,0.0,1.0
window_10_0pct::CiCq1Z2OiZXIKszOvk,window_10_0pct,1784125633.560626,0,-0.3890833222924719,-0.1067609085715994,-0.5306291697638502,-0.2653197457193104,-0.4549640187040185,0.0453073035845077,-0.1460401378886879,0.3306186046302633,1.0,0.0,0.0,1.0,0.0,0.0,0.0,0.0,0.0,1.0
window_10_0pct::CEWNRAkt8WtEfqJ9a,window_10_0pct,1784124998.69896,0,0.6935809892109511,0.1630038790134369,1.014655498477074,0.3670927995203225,0.8689519367578475,-0.2494512029283201,-0.2369505608050512,-0.3801211645482499,1.0,0.0,0.0,1.0,0.0,0.0,0.0,0.0,0.0,1.0
window_10_0pct::Crt5PbEb6vJsPmiNi,window_10_0pct,1784125857.700093,0,-0.3505018078254143,-0.1706031552854596,-0.6606421223296249,-0.3355878063014919,-0.582263629806121,-0.2462098333223567,-0.2361869436157162,1.2945758684369637,1.0,0.0,0.0,1.0,0.0,0.0,0.0,0.0,0.0,1.0
window_10_0pct::CVZEzL1TrwHJVxLvw,window_10_0pct,1784124621.095885,0,-0.0283539197012239,0.1761478709839375,0.3859196579318665,0.1914226480648689,0.334293570129017,-0.2487314726199251,-0.2366596316503799,-0.2462421795251816,1.0,0.0,0.0,1.0,0.0,0.0,0.0,0.0,0.0,1.0
window_10_0pct::Ch7Lw91mAUz8YKLkj3,window_10_0pct,1784124742.911631,0,1.3347619097302623,0.6676914437220242,0.4239250782162082,0.3319587692292318,0.4615931812311196,-0.2493736741661213,-0.2370348739785418,0.0536227495176931,1.0,0.0,0.0,1.0,0.0,0.0,0.0,0.0,0.0,1.0
window_10_0pct::CoZNxb3xSv7VSFkjlg,window_10_0pct,1784126067.703288,0,0.2165199066205717,-0.3698493827747943,-0.7379063557416712,-0.3882888517381279,-0.6586433964673826,-0.2497985998628026,-0.2371229767599681,-0.6040302242810942,1.0,0.0,0.0,0.0,1.0,0.0,0.0,0.0,0.0,1.0
window_10_0pct::CZEWPe2ldr26N8SHq3,window_10_0pct,1784124799.848988,0,-0.3895793886664819,-0.2765896302221947,-0.1722013044550672,-0.1599176548460383,-0.174904874279393,0.2433249345926808,0.4071569711368445,-0.4826269080396074,1.0,0.0,0.0,1.0,0.0,0.0,0.0,0.0,0.0,1.0
window_10_0pct::CqQxLt2cuU2IYUWte6,window_10_0pct,1784124644.42144,0,-0.3897119747855118,-0.3631730693929528,-0.7368866463097827,-0.4585569123203094,-0.7095632409082235,4.551260957072912,4.631028469673698,4.119297628905474,0.0,1.0,1.0,0.0,0.0,0.0,0.0,0.0,0.0,1.0
window_10_0pct::CIfJK23SYYGYJrC0B1,window_10_0pct,1784125425.256782,0,0.198496019362064,-0.0906960294965431,-0.3188695110750196,-0.1774846699915836,-0.276744563161075,-0.2494634215806879,-0.2370242287315886,-0.1134485986496025,1.0,0.0,0.0,1.0,0.0,0.0,0.0,0.0,0.0,1.0
window_10_0pct::CQGSX61SHdIImna7U,window_10_0pct,1784125960.577997,0,-0.3893857510164751,-0.3698493827747943,-0.7379063557416712,-0.4058558668836733,-0.684103318687803,-0.2497985998628026,-0.1787142600589146,-0.6040302242810942,1.0,0.0,0.0,0.0,1.0,0.0,0.0,0.0,0.0,1.0
window_10_0pct::CmE0wR1frZ06Au227h,window_10_0pct,1784124526.700618,0,-0.2653652717372224,-0.1883371127059763,-0.4595469247826276,-0.2653197457193104,-0.4040441742631775,-0.2487676609017827,-0.2367010122915034,-0.1238441494629485,1.0,0.0,0.0,1.0,0.0,0.0,0.0,0.0,0.0,1.0
window_10_0pct::CrnDV81tDp9iFGW7I6,window_10_0pct,1784124941.048088,0,-0.1001442644564245,-0.1931357129491749,-0.4752249572979122,-0.2653197457193104,-0.429504096483598,-0.2493675939677023,-0.2369642748453111,-0.1086389399864503,1.0,0.0,0.0,1.0,0.0,0.0,0.0,0.0,0.0,1.0
window_10_0pct::CjOZeIDt3BnOx2JUl,window_10_0pct,1784124376.708682,0,0.3401808874984995,-0.0913219338760908,-0.2946726560141671,-0.1774846699915836,-0.276744563161075,-0.2495290910507876,-0.2370510520763289,-0.1412688842436521,1.0,0.0,0.0,1.0,0.0,0.0,0.0,0.0,0.0,1.0
window_10_0pct::C3vdY23eMHOIwyJXgd,window_10_0pct,1784124876.02016,0,0.1279908098676867,-0.0894442207374478,-0.2877258855094272,-0.1599176548460383,-0.2512846409406545,-0.2494160664731017,-0.2369961747659286,-0.1453378534874949,1.0,0.0,0.0,1.0,0.0,0.0,0.0,0.0,0.0,1.0
window_10_0pct::C4LgjB4NTPKGzBuL41,window_10_0pct,1784124357.080338,0,-0.3729318349952768,0.1936731936112717,1.674067597764925,0.5954639964124121,1.403610303386678,-0.2260818596322643,-0.2197827718112819,-0.4319711675001626,1.0,0.0,0.0,1.0,0.0,0.0,0.0,0.0,0.0,1.0
window_10_0pct::C8lmFaffMtG40IW67,window_10_0pct,1784126004.199758,0,-0.3890794471909253,-0.1067609085715994,-0.5306291697638502,-0.2477527305737651,-0.4549640187040185,0.0435021768159822,-0.1390504476730859,0.3306186046302633,1.0,0.0,0.0,1.0,0.0,0.0,0.0,0.0,0.0,1.0
window_10_0pct::CwCpan4VnRBAQQUgGh,window_10_0pct,1784125141.358389,0,0.188331489227779,0.2698248931229023,-0.1364689864459768,-0.0369485488272207,-0.0985251076181314,-0.2490170398655281,-0.2369556289802276,0.1792114628741213,1.0,0.0,0.0,1.0,0.0,0.0,0.0,0.0,0.0,1.0
window_06_15pct::CSTozu1VhvnnusiiLh,window_06_15pct,1783711629.654631,1,-0.38971289285364685,-0.36984938277479434,-0.7379063557416712,-0.4585569123203094,-0.7095632409082235,-0.24979859986280267,74.4084310782712,-0.6040302242810942,1.0,0.0,0.0,0.0,1.0,0.0,1.0,0.0,0.0,0.0
window_10_0pct::CdhTqy2ibTvf1uS7M4,window_10_0pct,1784124876.020347,0,0.1279885787486144,-0.2761723606358297,-0.5955506702607468,-0.3004537760104012,-0.53134378536528,-0.2496708035590879,-0.2370700566923486,-0.1194829991152963,1.0,0.0,0.0,1.0,0.0,0.0,0.0,0.0,0.0,1.0
window_10_0pct::C1SRZ63wtzbOJRSus7,window_10_0pct,1784125942.688627,0,0.8172858025047194,0.1646729573588973,0.6275270614499312,0.3143917540836864,0.5888927923332221,-0.2494858308590947,-0.23698415669602,-0.3157391254706433,1.0,0.0,0.0,1.0,0.0,0.0,0.0,0.0,0.0,1.0
window_10_0pct::CeEy9S1AYrmJI6h1E3,window_10_0pct,1784125015.201858,0,-0.3189885746561221,-0.2776328041881075,-0.5955506702607468,-0.3355878063014919,-0.53134378536528,-0.2488777167442922,-0.2366215900348149,-0.1270371874809101,1.0,0.0,0.0,1.0,0.0,0.0,0.0,0.0,0.0,1.0
window_10_0pct::CNWJXU2VUjLJwzo8s,window_10_0pct,1784125207.230752,0,-0.1971803833771349,0.1575793743906906,1.5134633622424976,0.5954639964124121,1.2508507700641551,-0.2478638525208792,-0.235647602284258,-0.4315038308816603,1.0,0.0,0.0,1.0,0.0,0.0,0.0,0.0,0.0,1.0
window_10_0pct::CNhxbp3qbfPoQn7O9j,window_10_0pct,1784124068.544037,0,-0.3896849665020057,-0.3698493827747943,-0.7379063557416712,-0.4058558668836733,-0.684103318687803,-0.2497985998628026,0.4460924503086084,-0.6040302242810942,1.0,0.0,0.0,0.0,1.0,0.0,0.0,0.0,0.0,1.0
window_10_0pct::CzzaVA3mlXyr5GaLwd,window_10_0pct,1784125824.516919,0,0.2601790851388859,-0.1883371127059763,-0.4682781867931723,-0.2126187002826743,-0.378584252042757,-0.2496013442186977,-0.2370520575589309,-0.108295699392023,1.0,0.0,0.0,1.0,0.0,0.0,0.0,0.0,0.0,1.0
window_10_0pct::CtsApb4JThdaaSavgb,window_10_0pct,1784125414.029643,0,-0.0602989010990224,-0.0024435119803247,-0.1532517041791405,-0.0545155639727661,-0.1239850298385519,-0.2490108857348151,-0.2368140718756992,-0.14125131431405,1.0,0.0,0.0,1.0,0.0,0.0,0.0,0.0,0.0,1.0
window_10_0pct::Cl0e7C2qsdjnt7Ol67,window_10_0pct,1784125022.022584,0,-0.3886407387249305,-0.0187170258485636,-0.3967498189354985,-0.1599176548460383,-0.3531243298223365,-0.0185109973271787,-0.1568983309762538,0.1539061822972383,1.0,0.0,0.0,1.0,0.0,0.0,0.0,0.0,0.0,1.0
window_10_0pct::Cfgoy9BB2lVSsXfV4,window_10_0pct,1784125800.532532,0,0.1654306105319861,0.1867882454362476,-0.0717174375210615,0.0157524966094153,-0.0476052631772904,-0.2490904390049523,-0.2369212614720797,0.0112939315930152,1.0,0.0,0.0,1.0,0.0,0.0,0.0,0.0,0.0,1.0
window_10_0pct::CJrO7y3iw8RfW5gHFd,window_10_0pct,1784124327.751975,0,-0.3842291224303983,-0.0967464384988371,-0.5306291697638502,-0.2653197457193104,-0.4549640187040185,-0.2146258183645626,-0.2267000707787775,0.3661960382446528,1.0,0.0,0.0,1.0,0.0,0.0,0.0,0.0,0.0,1.0
window_10_0pct::Cug26w1VdHB7PViB9e,window_10_0pct,1784125316.684505,0,-0.3895662154562659,-0.1958479652605481,1.1531235417489236,0.2616907086470503,0.9453317034191092,0.5876625199278716,1.1312858337872638,-0.5362672954086435,1.0,0.0,0.0,1.0,0.0,0.0,0.0,0.0,0.0,1.0
window_10_0pct::Cty0gq2fWsSWGbVPUf,window_10_0pct,1784125350.354878,0,0.1982296515003864,-0.0888183163579002,-0.3243929371644153,-0.1774846699915836,-0.276744563161075,-0.2494610141440362,-0.237024166128458,-0.1035521338062389,1.0,0.0,0.0,1.0,0.0,0.0,0.0,0.0,0.0,1.0
window_10_0pct::Cc9EUp3SUoWgMr03q6,window_10_0pct,1784125589.085121,0,0.2363830793362668,0.7561525960314252,3.9063177639011855,1.4386807233985894,3.2876445476977953,-0.2485284268860749,-0.236330038054713,-0.4254774287331636,1.0,0.0,0.0,1.0,0.0,0.0,0.0,0.0,0.0,1.0
window_10_0pct::CCZQLQ1JdgA6We0Thf,window_10_0pct,1784125689.185908,0,0.709776031368504,0.5518991335057092,0.8192111906984583,0.3319587692292318,0.7416523256557451,-0.249206511899317,-0.2369623782912917,-0.1680891599301166,1.0,0.0,0.0,1.0,0.0,0.0,0.0,0.0,0.0,1.0
window_10_0pct::CIKSJj3oS1zF7an861,window_10_0pct,1784126008.122476,0,0.2618544100322908,0.0899817013995446,1.4421474338498006,0.4724948903935946,1.1999309256233142,-0.2493001704412193,-0.2367661626893639,-0.4486951458027807,1.0,0.0,0.0,1.0,0.0,0.0,0.0,0.0,0.0,1.0
window_10_0pct::CMcNh04oidyjra3wH5,window_10_0pct,1784124722.052395,0,-0.3660446479747435,0.7413395257154641,2.1501019508848405,0.8414022084500472,1.8364289811338264,-0.2166408280964956,-0.2220119463917556,-0.3206765022247466,1.0,0.0,0.0,1.0,0.0,0.0,0.0,0.0,0.0,1.0
window_10_0pct::CbsLII1yiJQXEK4rZ8,window_10_0pct,1784124697.662186,0,-0.1788774034055903,-0.3698493827747943,-0.7379063557416712,-0.4058558668836733,-0.684103318687803,-0.2497985998628026,-0.2370717014863005,-0.6040302242810942,1.0,0.0,0.0,0.0,1.0,0.0,0.0,0.0,0.0,1.0
window_10_0pct::CU1Sf54dchhuUniZkh,window_10_0pct,1784124247.316977,0,0.0001172520019347,-0.3698493827747943,-0.7379063557416712,-0.4058558668836733,-0.684103318687803,-0.2497985998628026,-0.2371133512559863,-0.6040302242810942,1.0,0.0,0.0,0.0,1.0,0.0,0.0,0.0,0.0,1.0
window_10_0pct::C0IOGs1nIfd0MVQOj1,window_10_0pct,1784126129.963252,0,1.848389069675913,0.9704205286299034,0.8301730670912589,0.7535671327223203,0.7925721700965861,-0.2493756615223897,-0.2370128725192711,0.0254194093904717,1.0,0.0,0.0,1.0,0.0,0.0,0.0,0.0,0.0,1.0
window_10_0pct::CbFtWE171jqfwqtkn4,window_10_0pct,1784125086.158263,0,0.1919065853231721,-0.0825592725624237,-0.325922501312248,-0.195051685137129,-0.276744563161075,-0.2494497437357392,-0.2370308836117969,-0.0905062280740564,1.0,0.0,0.0,1.0,0.0,0.0,0.0,0.0,0.0,1.0
window_10_0pct::CTQ3Fc3Pgw3DmxZBKl,window_10_0pct,1784125805.580302,0,-0.2107256567176778,0.0889385274336319,0.0100930004414872,0.0333195117549606,0.028774503483971,-0.247988283749087,-0.2363877561721034,-0.1523396131184729,1.0,0.0,0.0,1.0,0.0,0.0,0.0,0.0,0.0,1.0
window_10_0pct::CxwEAqwrQrlEpVNCh,window_10_0pct,1784126132.36432,0,0.6376624946041543,0.7434258736472896,0.6046473310719346,0.5954639964124121,0.5634328701128016,-0.2490332887112295,-0.2368785314715521,0.0066399085779226,1.0,0.0,0.0,1.0,0.0,0.0,0.0,0.0,0.0,1.0
window_10_0pct::CIjnt33lZiCHRmFMhf,window_10_0pct,1784124491.789327,0,-0.3897121349136749,-0.3631730693929528,-0.7368866463097827,-0.4585569123203094,-0.7095632409082235,5.486532299333116,5.579377342336606,4.119297628905474,0.0,1.0,1.0,0.0,0.0,0.0,0.0,0.0,0.0,1.0
window_10_0pct::CGQumW319ds8kdcPde,window_10_0pct,1784123972.891551,0,0.4301727977219607,0.361206932536859,0.0550664351770664,0.1211545874826874,0.0542344257043915,-0.2491688585838577,-0.2369641397867631,0.0748975402997172,1.0,0.0,0.0,1.0,0.0,0.0,0.0,0.0,0.0,1.0
window_10_0pct::CIDJbK1byjM2D4deD4,window_10_0pct,1784123939.48427,0,1.1092006927986504,0.7133824634290025,2.359121140475471,1.0522063901965917,2.01464843667677,-0.2492882012629584,-0.2368849026227505,-0.3464479128992887,1.0,0.0,0.0,1.0,0.0,0.0,0.0,0.0,0.0,1.0
window_10_0pct::Cd2Xr04iUNbhnAG93g,window_10_0pct,1784125867.926716,0,0.1795155371325293,-0.1883371127059763,-0.4118967527883412,-0.2301857154282197,-0.3531243298223365,-0.2495733917527118,-0.2370448192101255,-0.194024469122628,1.0,0.0,0.0,1.0,0.0,0.0,0.0,0.0,0.0,1.0
window_10_0pct::CwY9Do4XgN2c2dESIl,window_10_0pct,1784125038.547936,0,-0.3897120068111444,-0.3631730693929528,-0.7368866463097827,-0.4585569123203094,-0.7095632409082235,4.713094425284227,4.795124791460313,4.119297628905474,0.0,1.0,1.0,0.0,0.0,0.0,0.0,0.0,0.0,1.0
window_10_0pct::Cxlmvk3JnBP3g5cdl4,window_10_0pct,1784126061.793447,0,-0.3260573576887985,-0.016213408330373,-0.3777364868200788,-0.1423506397004929,-0.327664407601916,-0.245875001931617,-0.2357353281594209,0.1190160652470877,1.0,0.0,0.0,1.0,0.0,0.0,0.0,0.0,0.0,1.0
window_10_0pct::C9MIEU3K1UUGnAGhF7,window_10_0pct,1784124754.670284,0,1.2092358093848363,0.3676746111255179,0.7564990606373199,0.3319587692292318,0.6907324812149042,-0.2494728334730393,-0.2370248617134527,-0.2405806171207229,1.0,0.0,0.0,1.0,0.0,0.0,0.0,0.0,0.0,1.0
window_10_0pct::C5C097Y5rIp0hae44,window_10_0pct,1784123928.01962,0,0.4863468568770328,-0.09862415163748,-0.5216217364488357,-0.2301857154282197,-0.4040441742631775,-0.2495799440645696,-0.2370860042244591,0.3194007821763317,1.0,0.0,0.0,1.0,0.0,0.0,0.0,0.0,0.0,1.0
window_10_0pct::CNDRS9480HaW9hNyUg,window_10_0pct,1784124536.896203,0,-0.3893850998286118,-0.2767982650153773,-0.5573540544579261,-0.3180207911559465,-0.5058838631448596,-0.0493506115559252,-0.1059152737505707,-0.2245316694886705,1.0,0.0,0.0,1.0,0.0,0.0,0.0,0.0,0.0,1.0
window_10_0pct::CVyijqEvXCmIy1WHc,window_10_0pct,1784125044.246428,0,0.9026111617228147,-0.2790932477403853,-0.5940211061129143,-0.2828867608648558,-0.4549640187040185,-0.2497490012862907,-0.2371217138647799,-0.1395809827386539,1.0,0.0,0.0,1.0,0.0,0.0,0.0,0.0,0.0,1.0
window_10_0pct::CJrohr1G9Ei36Ol9Yb,window_10_0pct,1784124139.934041,0,-0.3884146911347164,-0.1916752693968971,1.1531235417489236,0.2792577237925956,0.9453317034191092,-0.1528713994585235,-0.0788056026943877,-0.5346422851239325,1.0,0.0,0.0,1.0,0.0,0.0,0.0,0.0,0.0,1.0
window_10_0pct::C85Iw10TbQUZUVve4,window_10_0pct,1784124233.556946,0,-0.1224178143853255,0.249587318184195,0.2899819955483634,0.1562886177737781,0.2579138034677555,-0.2481618943843806,-0.2365184730809702,-0.16023290984004,1.0,0.0,0.0,1.0,0.0,0.0,0.0,0.0,0.0,1.0
window_10_0pct::Cvt2I61A9SKeGaPy2,window_10_0pct,1784125732.977872,0,-0.3354868782041261,-0.275546456256282,-0.5955506702607468,-0.3355878063014919,-0.53134378536528,-0.248570364379671,-0.2364570453711307,-0.1162454898157475,1.0,0.0,0.0,1.0,0.0,0.0,0.0,0.0,0.0,1.0
window_10_0pct::CxRoU53ErtGB3kpIK4,window_10_0pct,1784124491.872348,0,-0.3895733998731827,-0.3698493827747943,-0.7379063557416712,-0.4058558668836733,-0.684103318687803,-0.2497985998628026,-0.1001246800396187,-0.6040302242810942,1.0,0.0,0.0,0.0,1.0,0.0,0.0,0.0,0.0,1.0
window_10_0pct::C2Q2mJ1mDI4ANN1eid,window_10_0pct,1784124395.171204,0,-0.38923473948348,-0.1833298776695951,1.1531235417489236,0.3143917540836864,0.9453317034191092,0.0256645634341596,0.2127407139149044,-0.5313922645545104,1.0,0.0,0.0,1.0,0.0,0.0,0.0,0.0,0.0,1.0
window_10_0pct::C1lGhNYSMNPqY4SQb,window_10_0pct,1784124688.315242,0,0.9368237180379848,0.6426552685401182,0.8483791292397669,0.4549278752480493,0.7671122478761656,-0.2492595332496248,-0.2369713857488828,-0.1339710674865361,1.0,0.0,0.0,1.0,0.0,0.0,0.0,0.0,0.0,1.0
window_10_0pct::Cwyv203blgujctlNJl,window_10_0pct,1784124321.651966,0,0.112445749274496,-0.0950773601533767,0.2777242384192045,-0.0193815336816754,0.232453881247335,-0.2494121473074856,-0.2369148592497873,-0.4047930798955648,1.0,0.0,0.0,1.0,0.0,0.0,0.0,0.0,0.0,1.0
window_10_0pct::CYWX6bs0605XKjD2k,window_10_0pct,1784124166.221157,0,0.2240583882564043,-0.0043212251189677,0.9400467583772372,0.2616907086470503,0.7925721700965861,-0.2493779905367256,-0.2368352391703544,-0.4436029612454136,1.0,0.0,0.0,1.0,0.0,0.0,0.0,0.0,0.0,1.0
window_10_0pct::C8OhVO2vnnQFMMVMX3,window_10_0pct,1784124080.823104,0,-0.3882651954816652,-0.1895889214650716,-0.4767545214457448,-0.2477527305737651,-0.429504096483598,-0.1618623081969718,-0.1942306947341343,-0.0957365241211927,1.0,0.0,0.0,1.0,0.0,0.0,0.0,0.0,0.0,1.0
window_10_0pct::Cg53aU1c8xpZDt3fJi,window_10_0pct,1784125037.313485,0,-0.3854088613342825,0.2635658493274258,0.0439558511587821,0.0684535420460513,0.0542344257043915,-0.1458613392865093,-0.2027264911177163,-0.0074221337096309,1.0,0.0,0.0,1.0,0.0,0.0,0.0,0.0,0.0,1.0
window_10_0pct::CLDGII2qO5rkN3vrmj,window_10_0pct,1784124020.977531,0,-0.1825122486562339,-0.3698493827747943,-0.7379063557416712,-0.4058558668836733,-0.684103318687803,-0.2497985998628026,-0.2370701102205269,-0.6040302242810942,1.0,0.0,0.0,0.0,1.0,0.0,0.0,0.0,0.0,1.0
window_10_0pct::CJsdjr1v2vgJaiJpTh,window_10_0pct,1784125284.977393,0,-0.3067072356076107,-0.3698493827747943,-0.7379063557416712,-0.4058558668836733,-0.684103318687803,-0.2497985998628026,-0.236932009265335,-0.6040302242810942,1.0,0.0,0.0,0.0,1.0,0.0,0.0,0.0,0.0,1.0
window_10_0pct::C5a7Fz4qUL2IidjIll,window_10_0pct,1784124284.992773,0,-0.1624206584535109,-0.1897975562582541,-0.6587726550378294,-0.3355878063014919,-0.582263629806121,-0.2492391289910906,-0.2369941281934948,1.071152318389501,1.0,0.0,0.0,1.0,0.0,0.0,0.0,0.0,0.0,1.0
window_10_0pct::CyEMtk4lZdP2CTWJP4,window_10_0pct,1784124754.675911,0,2.7958512163234945,0.6407775554014753,1.108511254103805,0.5251959358302307,1.0726313145212116,-0.2495745373608591,-0.2370768599226673,-0.2009434055707334,1.0,0.0,0.0,1.0,0.0,0.0,0.0,0.0,0.0,1.0
window_10_0pct::CvO3Vg2AwhPJxr1jd2,window_10_0pct,1784125894.136591,0,0.2236390232725094,-0.1799917209786743,-0.4228798731276394,-0.2301857154282197,-0.378584252042757,-0.2495799833182227,-0.2370532784889308,-0.160222931265271,1.0,0.0,0.0,1.0,0.0,0.0,0.0,0.0,0.0,1.0
window_10_0pct::CNvzst29U5hLjIbTal,window_10_0pct,1784124063.835124,0,-0.3892138160701709,-0.2767982650153773,-0.5573540544579261,-0.3355878063014919,-0.5058838631448596,-0.1181357768228125,-0.1605324190333272,-0.2245316694886705,1.0,0.0,0.0,1.0,0.0,0.0,0.0,0.0,0.0,1.0
window_10_0pct::C9MyJx3HuMviMqiyba,window_10_0pct,1784125523.584797,0,-0.3891270266057818,-0.0967464384988371,-0.5306291697638502,-0.2653197457193104,-0.4549640187040185,0.079390233742294,-0.1392433630238399,0.3661960382446528,1.0,0.0,0.0,1.0,0.0,0.0,0.0,0.0,0.0,1.0
window_10_0pct::CKFxlq1SMHuYqfCHH3,window_10_0pct,1784124595.757419,0,-0.3889823561480447,-0.09862415163748,-0.5137402322981981,-0.2301857154282197,-0.4549640187040185,0.0123905042159716,-0.1455446211179982,0.286936752668542,1.0,0.0,0.0,1.0,0.0,0.0,0.0,0.0,0.0,1.0
window_10_0pct::CwZ4tA21lPy88KjUh,window_10_0pct,1784124776.290653,0,-0.380450834371268,0.1863709758498825,-0.1914483199819613,-0.0896495942638568,-0.174904874279393,-0.2073854010888762,-0.225805921980337,0.1455460599928013,1.0,0.0,0.0,1.0,0.0,0.0,0.0,0.0,0.0,1.0
window_10_0pct::CKa5wD1JvR105TP11b,window_10_0pct,1784125171.776358,0,-0.3895261620650742,-0.3698493827747943,-0.7379063557416712,-0.4058558668836733,-0.684103318687803,-0.2497985998628026,-0.1347796094633544,-0.6040302242810942,1.0,0.0,0.0,0.0,1.0,0.0,0.0,0.0,0.0,1.0
window_10_0pct::CKV9Rw1hZQkX0aIJje,window_10_0pct,1784124381.112061,0,-0.3760902776103365,-0.1841644168423253,0.118819518616591,-0.0720825791183115,0.0542344257043915,-0.2401718679182987,-0.229090111890584,-0.4444177806320868,1.0,0.0,0.0,1.0,0.0,0.0,0.0,0.0,0.0,1.0
window_10_0pct::Cintfj4zAVbEPBzVT,window_10_0pct,1784124514.772871,0,0.5865973244921396,0.3351275833890402,0.0268757181746509,0.0684535420460513,0.0542344257043915,-0.2492886215192862,-0.2370105981295883,0.0748103947120876,1.0,0.0,0.0,1.0,0.0,0.0,0.0,0.0,0.0,1.0
window_10_0pct::CajXhdKP5lLtTrbb7,window_10_0pct,1784125409.741197,0,-0.3870079438716396,-0.1891716518787065,1.1531235417489236,0.3846598146658678,0.9453317034191092,-0.2026249004883919,-0.1505542910120663,-0.5336672789531058,1.0,0.0,0.0,1.0,0.0,0.0,0.0,0.0,0.0,1.0
window_10_0pct::Ca6kyF2nCvwajwvRi2,window_10_0pct,1784126049.513808,0,0.2535863524598346,0.0048587057810644,-0.132262685039437,-0.0369485488272207,-0.0730651853977109,-0.2493872184624445,-0.2369766043904293,-0.1484096696600942,1.0,0.0,0.0,1.0,0.0,0.0,0.0,0.0,0.0,1.0
window_10_0pct::C93eSl3NE9OSKSLN6g,window_10_0pct,1784125160.327737,0,0.8460072758771935,-0.0074507470167059,-0.2000733622600176,-0.1072166094094022,-0.1494449520589724,-0.2495914755569714,-0.2370811585635882,-0.1078212479990662,1.0,0.0,0.0,1.0,0.0,0.0,0.0,0.0,0.0,1.0
window_10_0pct::Cq07Tb3TmkJ2rVeGGf,window_10_0pct,1784124864.164195,0,-0.1762368152699303,-0.3698493827747943,-0.7379063557416712,-0.4058558668836733,-0.684103318687803,-0.2497985998628026,-0.2370728235030861,-0.6040302242810942,1.0,0.0,0.0,0.0,1.0,0.0,0.0,0.0,0.0,1.0
window_10_0pct::CtTr3u5C6PTv8Kqee,window_10_0pct,1784126037.638872,0,-0.3854107401713959,0.19680271550901,1.722864942870086,0.5603299661213215,1.4290702256070986,-0.1567759117152814,-0.1715944585930856,-0.4344465049784544,1.0,0.0,0.0,1.0,0.0,0.0,0.0,0.0,0.0,1.0
window_10_0pct::Car3NF3gPw9cFNLf72,window_10_0pct,1784124493.595314,0,-0.0677624641049555,-0.1895889214650716,1.301831167232653,0.3319587692292318,1.0726313145212116,-0.2494031640003818,-0.2364792842935401,-0.538947709390182,1.0,0.0,0.0,1.0,0.0,0.0,0.0,0.0,0.0,1.0
window_10_0pct::C7XZqF1fbcL6IGZDhc,window_10_0pct,1784124081.590069,0,-0.3034651420401581,-0.1937616173287226,-0.4767545214457448,-0.2828867608648558,-0.429504096483598,-0.2483566646394072,-0.236552625367051,-0.1075025819952644,1.0,0.0,0.0,1.0,0.0,0.0,0.0,0.0,0.0,1.0
window_10_0pct::CmjUxZA0EWHcjt1Dg,window_10_0pct,1784124425.193987,0,-0.3889360897841256,-0.2818055000517585,-0.5573540544579261,-0.3180207911559465,-0.5058838631448596,-0.1697567504481536,-0.1817728829959587,-0.24495311638333,1.0,0.0,0.0,1.0,0.0,0.0,0.0,0.0,0.0,1.0
window_10_0pct::CXTtW71G8YykrqXHdk,window_10_0pct,1784124309.932545,0,-0.3102500498653269,-0.1858334951877857,-0.4595469247826276,-0.2653197457193104,-0.4040441742631775,-0.2481630810610936,-0.2364403908976729,-0.1172208932585603,1.0,0.0,0.0,1.0,0.0,0.0,0.0,0.0,0.0,1.0
window_10_0pct::Cl1uHe45QBsa1pYRGh,window_10_0pct,1784124610.950188,0,0.2708082218007412,0.3480629405663583,-0.1921493702163846,-0.00181451853613,-0.1494449520589724,-0.2490309744739163,-0.236966972042885,0.3646888626534523,1.0,0.0,0.0,1.0,0.0,0.0,0.0,0.0,0.0,1.0
window_10_0pct::CMRkzN3xPnmdD0aOtc,window_10_0pct,1784125301.164396,0,1.0482417052248532,0.4671934074735941,1.6762132363611904,0.7887011630134111,1.4545301478275192,-0.2493874812529606,-0.2369230127270087,-0.3486850148893358,1.0,0.0,0.0,1.0,0.0,0.0,0.0,0.0,0.0,1.0
window_10_0pct::CFWBXv11cIFbwy7gce,window_10_0pct,1784125607.296691,0,0.1174000932897596,0.083305388017703,-0.0108960186982162,-0.00181451853613,0.0033145812635505,-0.2491674878613076,-0.2369078495837018,-0.1450056494712623,1.0,0.0,0.0,1.0,0.0,0.0,0.0,0.0,0.0,1.0
window_10_0pct::CVet8Q2sn84a3CQUpc,window_10_0pct,1784125436.28849,0,-0.3828352921724767,-0.1895889214650716,-0.4767545214457448,-0.2126187002826743,-0.429504096483598,-0.2312878442895086,-0.2267348632349449,-0.0957365241211927,1.0,0.0,0.0,1.0,0.0,0.0,0.0,0.0,0.0,1.0
window_10_0pct::CRXPQL3LdLbIWRHQUk,window_10_0pct,1784124110.056515,0,-0.1625320222533274,-0.1895889214650716,-0.4918377234590945,-0.2653197457193104,-0.429504096483598,-0.249238206135343,-0.2369098635550121,-0.0645824730927456,1.0,0.0,0.0,1.0,0.0,0.0,0.0,0.0,0.0,1.0
window_10_0pct::CfRPmi37l8ohTxFTaf,window_10_0pct,1784124167.542127,0,0.3843852170104131,0.4736610860622531,0.5684901341328907,0.2441236935015049,0.5125130256719606,-0.2490290104165431,-0.2369091773445491,-0.128529627183706,1.0,0.0,0.0,1.0,0.0,0.0,0.0,0.0,0.0,1.0
window_10_0pct::C2kSXv4h2tY0WAOEPj,window_10_0pct,1784125466.612729,0,-0.3896181290067363,-0.187085303946881,-0.4767545214457448,-0.2653197457193104,-0.429504096483598,1.1113933954251176,0.3678677297266339,-0.0886768893967496,1.0,0.0,0.0,1.0,0.0,0.0,0.0,0.0,0.0,1.0
window_10_0pct::Cuxgh51YEBqvBZD7wb,window_10_0pct,1784123994.066,0,-0.0090126260194272,-0.0091198253621663,1.3696418444532334,0.3495257843747771,1.1235511589620526,-0.2491293887502435,-0.2365721457302936,-0.4779803281506727,1.0,0.0,0.0,1.0,0.0,0.0,0.0,0.0,0.0,1.0
window_10_0pct::C7tIVq2FQX0lsKYDli,window_10_0pct,1784124440.691137,0,-0.0870461863745197,0.2819257111274901,-0.1719888649900904,0.0333195117549606,-0.1239850298385519,-0.248277710272487,-0.2367043048783193,0.2441165175244461,1.0,0.0,0.0,1.0,0.0,0.0,0.0,0.0,0.0,1.0
window_10_0pct::CKlkbfUqUc1DR6qDe,window_10_0pct,1784125688.33314,0,-0.3890771947214314,-0.1937616173287226,-0.4385579056429241,-0.2477527305737651,-0.4040441742631775,-0.0541849483657913,-0.1393980528120349,-0.170854604478228,1.0,0.0,0.0,1.0,0.0,0.0,0.0,0.0,0.0,1.0
window_10_0pct::C7wwn42FSNM0jRTHW8,window_10_0pct,1784125154.417414,0,0.2395993282181983,0.1769824101566677,-0.307780171003233,-0.1072166094094022,-0.2512846409406545,-0.2491849053840733,-0.2370028643438903,0.3321922928454394,1.0,0.0,0.0,1.0,0.0,0.0,0.0,0.0,0.0,1.0
window_10_0pct::C1tZJ034AQjfmIuIp2,window_10_0pct,1784125431.161042,0,-0.3462553477182825,-0.1858334951877857,-0.3743374553804507,-0.2126187002826743,-0.327664407601916,-0.2468080285696703,-0.2355121312082243,-0.2313074972159885,1.0,0.0,0.0,1.0,0.0,0.0,0.0,0.0,0.0,1.0
window_10_0pct::CO3R7F1D69iJjdHYoh,window_10_0pct,1784124800.295686,0,0.1377168236897726,-0.3698493827747943,-0.7379063557416712,-0.3882888517381279,-0.6586433964673826,-0.2497985998628026,-0.2371170850551851,-0.6040302242810942,1.0,0.0,0.0,0.0,1.0,0.0,0.0,0.0,0.0,1.0
window_10_0pct::CWQPFY3JBBXjMt1E6h,window_10_0pct,1784125551.401329,0,-0.3893879928107581,-0.3698493827747943,-0.7379063557416712,-0.4058558668836733,-0.684103318687803,-0.2497985998628026,-0.1783110501943646,-0.6040302242810942,1.0,0.0,0.0,0.0,1.0,0.0,0.0,0.0,0.0,1.0
window_10_0pct::CxVQ2D4XZcrJPKA1cg,window_10_0pct,1784125506.523106,0,-0.2203565757613161,-0.0823506377692412,-0.4800898210458799,-0.2653197457193104,-0.429504096483598,-0.2485996554239562,-0.2368236348278421,0.2171378549983391,1.0,0.0,0.0,1.0,0.0,0.0,0.0,0.0,0.0,1.0
window_10_0pct::C3fjbY1Z4wYUt42vLf,window_10_0pct,1784125409.721548,0,-0.3897121989649402,-0.3631730693929528,-0.7368866463097827,-0.4585569123203094,-0.7095632409082235,5.971292657011643,6.070915912956254,4.119297628905474,0.0,1.0,1.0,0.0,0.0,0.0,0.0,0.0,0.0,1.0
window_10_0pct::CwakGr3nXRqL8jeebh,window_10_0pct,1784125376.553957,0,-0.3893881529389212,-0.275546456256282,-0.6106338722740966,-0.3355878063014919,-0.53134378536528,-0.0447444720038018,-0.119401663021702,-0.0584472318934518,1.0,0.0,0.0,1.0,0.0,0.0,0.0,0.0,0.0,1.0
window_10_0pct::CLEV7C3lZseAItmWli,window_10_0pct,1784124679.45216,0,-0.388414637758662,-0.1879198431196112,-0.4385579056429241,-0.2301857154282197,-0.4040441742631775,-0.1508325062167096,-0.1856064993478574,-0.1564838493188912,1.0,0.0,0.0,1.0,0.0,0.0,0.0,0.0,0.0,1.0
window_10_0pct::CCsKZx4kwPrX4R3MG3,window_10_0pct,1784125825.294246,0,-0.3393338078691633,-0.2749205518767343,-0.5306929016033433,-0.3004537760104012,-0.480423940924439,-0.2484678023693547,-0.2362133775492551,-0.2666820871501532,1.0,0.0,0.0,1.0,0.0,0.0,0.0,0.0,0.0,1.0
window_10_0pct::C312zWtw8xfkRlOhd,window_10_0pct,1784125282.726345,0,0.9639456071381904,0.2735803194001882,0.3369948491477195,0.1387216026282328,0.334293570129017,-0.2494628957675903,-0.2370387894100356,-0.1632048053856236,1.0,0.0,0.0,1.0,0.0,0.0,0.0,0.0,0.0,1.0
window_10_0pct::CI0Q774hFXebNBrV85,window_10_0pct,1784125551.375319,0,-0.3891104480032976,0.0129954627151839,-0.3864677488306234,-0.1599176548460383,-0.327664407601916,0.1989715954784266,-0.0943253423712883,0.1981828588594518,1.0,0.0,0.0,1.0,0.0,0.0,0.0,0.0,0.0,1.0
window_10_0pct::C7LigF4QNPhE04VAi1,window_10_0pct,1784123950.836836,0,0.1593107576689308,0.3365880269413181,1.9808089412448633,0.736000117576775,1.6836694478113037,-0.2488898439387418,-0.2365615270540129,-0.4126710793191098,1.0,0.0,0.0,1.0,0.0,0.0,0.0,0.0,0.0,1.0
window_10_0pct::CvkaEv3u7mrLEZKMBj,window_10_0pct,1784124998.192181,0,-0.3048179047618553,0.0826794836381554,1.301746191446662,0.4022268298114132,1.0726313145212116,-0.2460339154349441,-0.2343464951774145,-0.440639187364966,1.0,0.0,0.0,1.0,0.0,0.0,0.0,0.0,0.0,1.0
window_10_0pct::CRHphuiXoVARYac75,window_10_0pct,1784124412.075988,0,0.9761443307297636,0.7315336904358842,3.1202492555941927,1.3157116173797718,2.6511464921872827,-0.2492290945986191,-0.236805361888074,-0.3937981753790981,1.0,0.0,0.0,1.0,0.0,0.0,0.0,0.0,0.0,1.0
window_10_0pct::CQSa5z44NP6Gpw4hYe,window_10_0pct,1784125389.747634,0,-0.3203543824855048,0.0760031702563138,1.2322572424527654,0.4197938449569585,1.0217114700803709,-0.2452586007392825,-0.2336467901595104,-0.4373719267472618,1.0,0.0,0.0,1.0,0.0,0.0,0.0,0.0,0.0,1.0
window_10_0pct::C1rIA31AoyaKHvgO2h,window_10_0pct,1784124025.432704,0,1.1366066065593163,0.4225455617325285,1.9550612780896808,0.736000117576775,1.6327496033704627,-0.2494319420912122,-0.2369462698161632,-0.3873347740055531,1.0,0.0,0.0,1.0,0.0,0.0,0.0,0.0,0.0,1.0
window_10_0pct::C9mXyn3EOkdQUAK1Vf,window_10_0pct,1784125812.530341,0,-0.3340671605598399,-0.1824953384968649,-0.3501406003195982,-0.195051685137129,-0.327664407601916,-0.2474206900464457,-0.2357876733520685,-0.2482248662158836,1.0,0.0,0.0,1.0,0.0,0.0,0.0,0.0,0.0,1.0
window_10_0pct::C2Fwi92tTgAElbxsFc,window_10_0pct,1784125805.579361,0,-0.2107155152673494,0.0889385274336319,-0.0414023258688784,-0.0193815336816754,-0.0476052631772904,-0.2479883863160889,-0.236467932123797,-0.1189453397339549,1.0,0.0,0.0,1.0,0.0,0.0,0.0,0.0,0.0,1.0
window_10_0pct::CEzepA1I3RlLmRzoO7,window_10_0pct,1784125431.969823,0,1.430282725168539,1.411057211831448,2.7313788149542404,1.280577587088681,2.371087347762657,-0.2491075085181747,-0.23689970911402,-0.2259872775972922,1.0,0.0,0.0,1.0,0.0,0.0,0.0,0.0,0.0,1.0
window_10_0pct::CPDMtA1atAUElmB9W1,window_10_0pct,1784125015.200308,0,-0.3189713982418291,0.0780895181881393,1.2322572424527654,0.5076289206846853,1.0217114700803709,-0.2453265274722177,-0.2333775894654069,-0.436592056379766,1.0,0.0,0.0,1.0,0.0,0.0,0.0,0.0,0.0,1.0
window_10_0pct::CMkW2MBF4MFI5iNB5,window_10_0pct,1784124232.456935,0,0.4824070955782529,-0.1864593995673333,-0.4761596909438099,-0.2477527305737651,-0.378584252042757,-0.2496500870211984,-0.2370911412743329,-0.0880870586916032,1.0,0.0,0.0,1.0,0.0,0.0,0.0,0.0,0.0,1.0
window_10_0pct::C9LCBTa98PQCLSByi,window_10_0pct,1784124161.392803,0,0.3661983619827339,-0.0856887944601619,-0.3063993144808841,-0.195051685137129,-0.2512846409406545,-0.2495331040573101,-0.2370612098770471,-0.1190799241869963,1.0,0.0,0.0,1.0,0.0,0.0,0.0,0.0,0.0,1.0
window_10_0pct::Crjy8z1CnuR2qycAgd,window_10_0pct,1784125780.198878,0,-0.2101503055525216,-0.2772155346017424,-0.5955506702607468,-0.3355878063014919,-0.53134378536528,-0.2494342502052011,-0.2369493971150591,-0.1248788479478775,1.0,0.0,0.0,1.0,0.0,0.0,0.0,0.0,0.0,1.0
window_06_15pct::Cjzqpv1q37A9NJU02b,window_06_15pct,1783710630.145825,1,-0.389237408286198,-0.3531585993201904,-0.6852426123739334,-0.38828885173812794,-0.6077235520265416,-0.22501031562154705,-0.186892631904262,-0.37072068314587064,1.0,0.0,0.0,1.0,0.0,0.0,0.0,0.0,0.0,1.0
window_10_0pct::CgLMYv39Evk7LFiBu4,window_10_0pct,1784124192.02125,0,0.8642480193693544,0.2658608320524339,0.5511125858977921,0.2089896632104142,0.48705310345154,-0.2494405530287422,-0.2370137094804114,-0.2408389634120837,1.0,0.0,0.0,1.0,0.0,0.0,0.0,0.0,0.0,1.0
window_10_0pct::CVcO9G3P36YKcNnQFh,window_10_0pct,1784124387.581131,0,-0.25581608210802,-0.3698493827747943,-0.7379063557416712,-0.4058558668836733,-0.684103318687803,-0.2497985998628026,-0.237019579337177,-0.6040302242810942,1.0,0.0,0.0,0.0,1.0,0.0,0.0,0.0,0.0,1.0
window_10_0pct::CesQ9m43ikML27Ityc,window_10_0pct,1784124936.362647,0,-0.2144740221607339,-0.1038400214670438,-0.3407507759676255,-0.1599176548460383,-0.3022044853814955,-0.2487265105041902,-0.2366713056368675,-0.110793188906163,1.0,0.0,0.0,1.0,0.0,0.0,0.0,0.0,0.0,1.0
window_10_0pct::CVx02k3sZyBFDTYEO4,window_10_0pct,1784124697.662522,0,-0.1788808621739128,-0.3698493827747943,-0.7379063557416712,-0.4058558668836733,-0.684103318687803,-0.2497985998628026,-0.2370716999981982,-0.6040302242810942,1.0,0.0,0.0,0.0,1.0,0.0,0.0,0.0,0.0,1.0
window_10_0pct::CE7JEo3kzYrrexRIZ,window_10_0pct,1784124936.644496,0,0.1156040958126579,-0.2811795956722108,-0.5815509095187786,-0.3004537760104012,-0.480423940924439,-0.2496746698825104,-0.2370677932660389,-0.1864438631268256,1.0,0.0,0.0,1.0,0.0,0.0,0.0,0.0,0.0,1.0
window_10_0pct::CWK6GC2UMA8j46UOvj,window_10_0pct,1784125251.838208,0,0.2846642932306109,-0.0018176076007771,-0.1337922491872697,-0.0545155639727661,-0.0985251076181314,-0.2494131684785868,-0.2369922567575671,-0.1553946329090368,1.0,0.0,0.0,1.0,0.0,0.0,0.0,0.0,0.0,1.0
window_10_0pct::CM2FaXQIEViXJgdhk,window_10_0pct,1784124023.964727,0,-0.2231502037200368,-0.3698493827747943,-0.7379063557416712,-0.4058558668836733,-0.684103318687803,-0.2497985998628026,-0.2370475909354399,-0.6040302242810942,1.0,0.0,0.0,0.0,1.0,0.0,0.0,0.0,0.0,1.0
window_10_0pct::CggQYF25mHNnFjADCf,window_10_0pct,1784126034.778188,0,0.1863074905968735,-0.0938255513942814,-0.2555413065654486,-0.1072166094094022,-0.2003647964998135,-0.2494601663599678,-0.2369881036161822,-0.1826304704351909,1.0,0.0,0.0,1.0,0.0,0.0,0.0,0.0,0.0,1.0
window_10_0pct::CsiJX2QfpY9fW3pif,window_10_0pct,1784125744.36536,0,0.6876518810157564,0.009240036437898,-0.206531521995311,-0.0545155639727661,-0.1239850298385519,-0.2495500900541248,-0.2370559024610971,-0.0786593710179719,1.0,0.0,0.0,1.0,0.0,0.0,0.0,0.0,0.0,1.0
window_10_0pct::CiHOgY17zen9rdDQx1,window_10_0pct,1784125765.969086,0,-0.3445826702771739,0.0828881184313379,-0.2059154475468784,-0.0896495942638568,-0.174904874279393,-0.2427135477807754,-0.2348317094528304,0.0226811454496286,1.0,0.0,0.0,1.0,0.0,0.0,0.0,0.0,0.0,1.0
window_10_0pct::C66IFa4xbxPXgEdHRf,window_10_0pct,1784124596.394054,0,-0.2662557017512651,-0.2790932477403853,-0.5955506702607468,-0.3355878063014919,-0.53134378536528,-0.2492794125813728,-0.2368525929858897,-0.1345913758465238,1.0,0.0,0.0,1.0,0.0,0.0,0.0,0.0,0.0,1.0
window_10_0pct::CqXVMe42scspang2k6,window_10_0pct,1784125178.092707,0,0.2468526642964295,0.2714939714683627,0.9730173633416298,0.4022268298114132,0.8180320923170066,-0.2490870389426224,-0.2367868678249344,-0.327974208326638,1.0,0.0,0.0,1.0,0.0,0.0,0.0,0.0,0.0,1.0
window_10_0pct::C7y91b27scJyFtf0e9,window_10_0pct,1784125278.889909,0,-0.3177710348305403,-0.3698493827747943,-0.7379063557416712,-0.4058558668836733,-0.684103318687803,-0.2497985998628026,-0.2368965764140816,-0.6040302242810942,1.0,0.0,0.0,0.0,1.0,0.0,0.0,0.0,0.0,1.0
window_10_0pct::CeGCClpabKYXOQSq7,window_10_0pct,1784125414.028669,0,-0.0602904463320118,-0.0041125903257851,1.3696418444532334,0.3670927995203225,1.1235511589620526,-0.2490144843455187,-0.2364657516359906,-0.4762306476954211,1.0,0.0,0.0,1.0,0.0,0.0,0.0,0.0,0.0,1.0
window_10_0pct::CKx0cK3oYqJeqqLKc7,window_10_0pct,1784124133.212341,0,0.2929459616969289,-0.0938255513942814,-0.3328692718169879,-0.1599176548460383,-0.3022044853814955,-0.2495130332167947,-0.2370363432261236,-0.1021828329463837,1.0,0.0,0.0,1.0,0.0,0.0,0.0,0.0,0.0,1.0
window_10_0pct::CJdvaA1vedOcoRv8hd,window_10_0pct,1784125674.79353,0,-0.323108533514421,-0.3698493827747943,-0.7379063557416712,-0.4058558668836733,-0.684103318687803,-0.2497985998628026,-0.2368752732284846,-0.6040302242810942,1.0,0.0,0.0,0.0,1.0,0.0,0.0,0.0,0.0,1.0
window_10_0pct::CSE0GB4PdDJ6EYVZCf,window_10_0pct,1784125894.131108,0,0.2236971711461291,0.0098659408174456,-0.1131856210845243,-0.0720825791183115,-0.0985251076181314,-0.2493614082209116,-0.2369831395156247,-0.1564199035911691,1.0,0.0,0.0,1.0,0.0,0.0,0.0,0.0,0.0,1.0
window_10_0pct::CmYIbd1l8EwS8R2ae3,window_10_0pct,1784124098.02223,0,0.1716275811183807,-0.3698493827747943,-0.7379063557416712,-0.3882888517381279,-0.6586433964673826,-0.2497985998628026,-0.2371198231490261,-0.6040302242810942,1.0,0.0,0.0,0.0,1.0,0.0,0.0,0.0,0.0,1.0
window_10_0pct::CaaOsF1Ft17ZXYJDGi,window_10_0pct,1784123932.271622,0,1.35562544578156,0.8337647390953336,2.2472930061117062,0.9468042993233192,1.9382686700155087,-0.2493115512627136,-0.2369405202347679,-0.3071006192606186,1.0,0.0,0.0,1.0,0.0,0.0,0.0,0.0,0.0,1.0
window_10_0pct::CYPzZW3kUgHCHMhrE6,window_10_0pct,1784124438.451004,0,0.1186304540435987,0.0885212578472668,-0.1908322455335287,-0.0369485488272207,-0.174904874279393,-0.2491617687642799,-0.2369272763931023,0.0129857706747041,1.0,0.0,0.0,1.0,0.0,0.0,0.0,0.0,0.0,1.0
window_10_0pct::CRZne53N3Aot1z2nck,window_10_0pct,1784125079.17841,0,-0.3893101705235015,-0.2745032822903692,-0.5573540544579261,-0.3180207911559465,-0.5058838631448596,-0.0826153254897695,-0.1303308378571658,-0.2151718396619515,1.0,0.0,0.0,1.0,0.0,0.0,0.0,0.0,0.0,1.0
window_10_0pct::CRTdiP1EPI88FQLZjc,window_10_0pct,1784125731.280196,0,0.4719837769820093,0.791829145665641,0.4753779166335785,0.4197938449569585,0.4615931812311196,-0.2488464700041318,-0.2368794352897572,0.1010823293628866,1.0,0.0,0.0,1.0,0.0,0.0,0.0,0.0,0.0,1.0
window_10_0pct::CYItYgL3i7g9gVkFk,window_10_0pct,1784124998.302716,0,-0.30599850835782,-0.3698493827747943,-0.7379063557416712,-0.4058558668836733,-0.684103318687803,-0.2497985998628026,-0.2369339598399246,-0.6040302242810942,1.0,0.0,0.0,0.0,1.0,0.0,0.0,0.0,0.0,1.0
window_10_0pct::CrQZHmSfd6h0CGngl,window_10_0pct,1784125832.960062,0,-0.3897116118283422,-0.3631730693929528,-0.7368866463097827,-0.4585569123203094,-0.7095632409082235,3.255736949645814,3.3173896608739666,4.119297628905474,0.0,1.0,1.0,0.0,0.0,0.0,0.0,0.0,0.0,1.0
window_10_0pct::CTMhGdrfcg8cXb1Ph,window_10_0pct,1784125678.077589,0,1.3413851201363534,0.4016820824142735,0.2132701047452568,0.1562886177737781,0.232453881247335,-0.2494838274682241,-0.2370629810774934,-0.0066848490346449,1.0,0.0,0.0,1.0,0.0,0.0,0.0,0.0,0.0,1.0
window_10_0pct::CHfw5B4avUNq2o2EF5,window_10_0pct,1784125818.895804,0,-0.3891116543021261,-0.275546456256282,-0.5573540544579261,-0.3180207911559465,-0.5058838631448596,-0.1390350780306802,-0.165600600413166,-0.2194263077650056,1.0,0.0,0.0,1.0,0.0,0.0,0.0,0.0,0.0,1.0
window_10_0pct::CmJHmF34XMml2yIAXj,window_10_0pct,1784125633.204162,0,4.020040215633604e-06,-0.1883371127059763,-0.4682781867931723,-0.2301857154282197,-0.4040441742631775,-0.2494696563449787,-0.2369906545172883,-0.108295699392023,1.0,0.0,0.0,1.0,0.0,0.0,0.0,0.0,0.0,1.0
window_10_0pct::CU872I1oifJmlvyyr8,window_10_0pct,1784124393.291275,0,-0.0380446946522214,-0.0018176076007771,-0.1422685838398422,-0.1072166094094022,-0.1239850298385519,-0.2490594767035548,-0.236876902176106,-0.149010467961733,1.0,0.0,0.0,1.0,0.0,0.0,0.0,0.0,0.0,1.0
window_10_0pct::CWEnrK1McGjRYmkB6k,window_10_0pct,1784124838.481615,0,-0.3887714780324797,-0.2818055000517585,-0.5573540544579261,-0.3355878063014919,-0.5058838631448596,-0.1837515722364348,-0.1965357334179721,-0.24495311638333,1.0,0.0,0.0,1.0,0.0,0.0,0.0,0.0,0.0,1.0
window_10_0pct::Cz6qGn4qfsZIFwoZzd,window_10_0pct,1784124939.526214,0,-0.2360269846805655,-0.0091198253621663,1.3617603403025955,0.5076289206846853,1.1235511589620526,-0.2481408760751587,-0.2354202594293108,-0.4775071803268377,1.0,0.0,0.0,1.0,0.0,0.0,0.0,0.0,0.0,1.0
window_10_0pct::ChPItm25MY1uJ7Nw9,window_10_0pct,1784125903.814835,0,-0.3059313612814353,-0.3698493827747943,-0.7379063557416712,-0.4058558668836733,-0.684103318687803,-0.2497985998628026,-0.2369341429321653,-0.6040302242810942,1.0,0.0,0.0,0.0,1.0,0.0,0.0,0.0,0.0,1.0
window_10_0pct::COHCgt3nOKYJrtIMWk,window_10_0pct,1784125127.960078,0,-0.3891279339987059,-0.2784673433608376,-0.5573540544579261,-0.3180207911559465,-0.5058838631448596,-0.1394790084779755,-0.1636092176239673,-0.231338818453557,1.0,0.0,0.0,1.0,0.0,0.0,0.0,0.0,0.0,1.0
window_10_0pct::CZSsUW20shZyblTsMe,window_10_0pct,1784125714.566889,0,-0.3453721661724219,0.4567616678144666,1.9912822068682177,0.8238351933045018,1.658209525590883,-0.2366323393922626,-0.2291831948653927,-0.3809778037836206,1.0,0.0,0.0,1.0,0.0,0.0,0.0,0.0,0.0,1.0
window_10_0pct::CxUnuf1dL70FirW6qj,window_10_0pct,1784124169.281522,0,-0.3887522626529101,-0.2745032822903692,-0.5573540544579261,-0.3180207911559465,-0.5058838631448596,-0.1797043466945683,-0.1923715701709492,-0.2151718396619515,1.0,0.0,0.0,1.0,0.0,0.0,0.0,0.0,0.0,1.0
window_10_0pct::CWbYlD2yrX4mm1cWQh,window_10_0pct,1784124713.287921,0,-0.3186110351484237,-0.0825592725624237,-0.325922501312248,-0.1774846699915836,-0.276744563161075,-0.2469449281769511,-0.2360192698667753,-0.0905062280740564,1.0,0.0,0.0,1.0,0.0,0.0,0.0,0.0,0.0,1.0
window_10_0pct::C9kbdO3wacrAoOa0u6,window_10_0pct,1784124526.700313,0,-0.2653618022936891,-0.0975809776715673,-0.2313444515045961,-0.1599176548460383,-0.225824718720234,-0.2482522345666442,-0.2364703327490588,-0.208218034118154,1.0,0.0,0.0,1.0,0.0,0.0,0.0,0.0,0.0,1.0
window_10_0pct::CglMQq1h3nRwY9KHGj,window_10_0pct,1784124903.533851,0,0.305653935547939,-0.0856887944601619,-0.2962022201619998,-0.1247836245549475,-0.276744563161075,-0.2495099877838164,-0.2370248956920427,-0.1302748524823441,1.0,0.0,0.0,1.0,0.0,0.0,0.0,0.0,0.0,1.0
window_10_0pct::C259wD1bs0TdduLiv3,window_10_0pct,1784124026.084683,0,0.939580335040612,0.1761478709839375,0.4155337193496263,0.1387216026282328,0.3852134145698581,-0.2495085088231528,-0.2370365235073716,-0.255428059413014,1.0,0.0,0.0,1.0,0.0,0.0,0.0,0.0,0.0,1.0
window_10_0pct::C0iCqb49K9Wxd2dkjj,window_10_0pct,1784125578.325529,0,0.1908507322414573,0.4859705388600235,0.3501023641367854,0.2089896632104142,0.334293570129017,-0.2487574884884037,-0.2368412313775024,-0.0247560156385351,1.0,0.0,0.0,1.0,0.0,0.0,0.0,0.0,0.0,1.0
window_10_0pct::Ctqog82clrIlexiqGj,window_10_0pct,1784125963.366205,0,0.3532665716605819,-0.2784673433608376,-0.5573540544579261,-0.3355878063014919,-0.5058838631448596,-0.2497117340939866,-0.2371109292266624,-0.231338818453557,1.0,0.0,0.0,1.0,0.0,0.0,0.0,0.0,0.0,1.0
window_10_0pct::CmgXZH144U8MEZdaBj,window_10_0pct,1784124440.976932,0,-0.3860726566215129,-0.0957032645329243,-0.276147934668194,-0.1423506397004929,-0.225824718720234,-0.1966111019046674,-0.2122079440565036,-0.166820358678564,1.0,0.0,0.0,1.0,0.0,0.0,0.0,0.0,0.0,1.0
window_10_0pct::CqrASj4fPIMKUmbLr3,window_10_0pct,1784124990.665855,0,-0.389553608032226,-0.3698493827747943,-0.7379063557416712,-0.4058558668836733,-0.684103318687803,-0.2497985998628026,-0.1171453775233018,-0.6040302242810942,1.0,0.0,0.0,0.0,1.0,0.0,0.0,0.0,0.0,1.0
window_10_0pct::CzLbqe41jC9hhkGkr2,window_10_0pct,1784125520.004672,0,0.2264947596080833,-0.0917392034624559,-0.5306291697638502,-0.2477527305737651,-0.429504096483598,-0.2494798467592949,-0.237061543227233,0.3839847550518475,1.0,0.0,0.0,1.0,0.0,0.0,0.0,0.0,0.0,1.0
window_10_0pct::Cif1Fy3uEhteTvc9k1,window_10_0pct,1784126123.707426,0,-0.2689333542190726,-0.0923651078420035,1.2244394701416206,0.3670927995203225,0.99625154785995,-0.2481760074183956,-0.2352622965592876,-0.4998942496888944,1.0,0.0,0.0,1.0,0.0,0.0,0.0,0.0,0.0,1.0
window_10_0pct::CCCHA44ltEdq9JL6Kj,window_10_0pct,1784125106.027394,0,-0.3890981074595296,-0.1895889214650716,-0.4767545214457448,-0.2653197457193104,-0.429504096483598,-0.0427385272982441,-0.1438489380333423,-0.0957365241211927,1.0,0.0,0.0,1.0,0.0,0.0,0.0,0.0,0.0,1.0
window_10_0pct::CdHNvY5WbsF2hCFT4,window_10_0pct,1784124020.970293,0,-0.1824348854030446,-0.0975809776715673,-0.3407507759676255,-0.1423506397004929,-0.3022044853814955,-0.2488708977251151,-0.236724149697674,-0.0991876116032234,1.0,0.0,0.0,1.0,0.0,0.0,0.0,0.0,0.0,1.0
window_10_0pct::CyvkM43F0UHMYAwGr6,window_10_0pct,1784125482.828305,0,-0.2304943644923668,-0.3698493827747943,-0.7379063557416712,-0.4058558668836733,-0.684103318687803,-0.2497985998628026,-0.2370422947597425,-0.6040302242810942,1.0,0.0,0.0,0.0,1.0,0.0,0.0,0.0,0.0,1.0
window_10_0pct::Ck2jI246tEqPnrjanb,window_10_0pct,1784124383.159171,0,-0.3897118360077705,-0.3631730693929528,-0.7368866463097827,-0.4585569123203094,-0.7095632409082235,3.956844059547537,4.028300075047938,4.119297628905474,0.0,1.0,1.0,0.0,0.0,0.0,0.0,0.0,0.0,1.0
window_10_0pct::CNRN1p2ZB0uaLe0pO8,window_10_0pct,1784125954.721316,0,-0.3893524550337654,-0.1895889214650716,-0.4767545214457448,-0.2653197457193104,-0.429504096483598,0.1033501102179883,-0.0780127881079707,-0.0957365241211927,1.0,0.0,0.0,1.0,0.0,0.0,0.0,0.0,0.0,1.0
window_10_0pct::CB3p1i4Er6A0zhblig,window_10_0pct,1784125521.067448,0,0.1781896439165969,0.0872694490881715,-0.1529118010351777,-0.0720825791183115,-0.1494449520589724,-0.2492301136650299,-0.2369687741011142,-0.0285847546229664,1.0,0.0,0.0,1.0,0.0,0.0,0.0,0.0,0.0,1.0
window_10_0pct::CK40PW3jvFoXHPxeX9,window_10_0pct,1784124330.274837,0,-0.3885411923835493,-0.1866680343605159,1.1531235417489236,0.2616907086470503,0.9453317034191092,-0.1393893201598466,-0.0657900275511884,-0.5326922727822792,1.0,0.0,0.0,1.0,0.0,0.0,0.0,0.0,0.0,1.0
window_10_0pct::Ca49GJB3QrlEjhvd8,window_10_0pct,1784124492.1536,0,-0.3883272825080966,-0.1837471472559602,-0.4767545214457448,-0.2653197457193104,-0.429504096483598,-0.1549447271960566,-0.1957574907632492,-0.0792640430974921,1.0,0.0,0.0,1.0,0.0,0.0,0.0,0.0,0.0,1.0
window_10_0pct::C8kmTX2nFu0xlUGdKh,window_10_0pct,1784125068.732601,0,-0.3886161430390815,-0.187085303946881,-0.4767545214457448,-0.2653197457193104,-0.429504096483598,-0.1321132022323561,-0.1848529541526813,-0.0886768893967496,1.0,0.0,0.0,1.0,0.0,0.0,0.0,0.0,0.0,1.0
window_10_0pct::CYT3dnBeDit74huO8,window_10_0pct,1784124593.498122,0,-0.3894820307433295,-0.3698493827747943,-0.7379063557416712,-0.4058558668836733,-0.684103318687803,-0.2497985998628026,-0.1543455533151261,-0.6040302242810942,1.0,0.0,0.0,0.0,1.0,0.0,0.0,0.0,0.0,1.0
window_10_0pct::Cyyikk1T9gI598sYPh,window_10_0pct,1784124996.35042,0,-0.3884169863050538,-0.0164220431235555,-0.1931265917552777,-0.1072166094094022,-0.1494449520589724,-0.0571926665253548,-0.159688400279902,-0.1262756037634443,1.0,0.0,0.0,1.0,0.0,0.0,0.0,0.0,0.0,1.0
window_10_0pct::CIgqO31mj4StZ2thje,window_10_0pct,1784125576.120165,0,-0.3893740082845159,-0.1837471472559602,-0.4300815709903515,-0.2301857154282197,-0.378584252042757,0.1379787058523445,-0.0396810754547967,-0.1588245496229475,1.0,0.0,0.0,1.0,0.0,0.0,0.0,0.0,0.0,1.0
window_10_0pct::CCmWQp1oJMvRnipsJf,window_10_0pct,1784124414.959079,0,-0.1386556961641075,-0.3698493827747943,-0.7379063557416712,-0.4058558668836733,-0.684103318687803,-0.2497985998628026,-0.2370862338328516,-0.6040302242810942,1.0,0.0,0.0,0.0,1.0,0.0,0.0,0.0,0.0,1.0
window_10_0pct::CtxEgy1jLy3kGwdbV7,window_10_0pct,1784125386.712708,0,0.1714937353244678,-0.0975809776715673,-0.32828057937349,-0.1423506397004929,-0.276744563161075,-0.2494559590627363,-0.2370005413819091,-0.1145556878176045,1.0,0.0,0.0,1.0,0.0,0.0,0.0,0.0,0.0,1.0
window_10_0pct::CDppJt4jYpdEb1ZhV1,window_10_0pct,1784124113.610286,0,0.178740068464367,-0.1866680343605159,-0.4595469247826276,-0.2477527305737651,-0.4040441742631775,-0.2495710108255184,-0.2370530695958699,-0.1194286453266897,1.0,0.0,0.0,1.0,0.0,0.0,0.0,0.0,0.0,1.0
window_10_0pct::CB7IxpSBNB6FmpfJf,window_10_0pct,1784124243.354639,0,-0.386707724916287,-0.2784673433608376,-0.5573540544579261,-0.3355878063014919,-0.5058838631448596,-0.2283228907635671,-0.224434887528401,-0.231338818453557,1.0,0.0,0.0,1.0,0.0,0.0,0.0,0.0,0.0,1.0
window_10_0pct::CHskRh4rwCTRKk4hTe,window_10_0pct,1784124636.844844,0,-0.3894517558452965,-0.275546456256282,-0.5573540544579261,-0.3180207911559465,-0.5058838631448596,0.0051865601109573,-0.0724222576186511,-0.2194263077650056,1.0,0.0,0.0,1.0,0.0,0.0,0.0,0.0,0.0,1.0
window_10_0pct::Cj5IsC2lA9C8FElxYi,window_10_0pct,1784124514.655989,0,-0.329306379468107,-0.279719152119933,-0.5573540544579261,-0.3180207911559465,-0.5058838631448596,-0.2487448175084691,-0.2364500653442362,-0.2364441801772219,1.0,0.0,0.0,1.0,0.0,0.0,0.0,0.0,0.0,1.0
window_10_0pct::C0IDiF1lYd8YJgQzNc,window_10_0pct,1784124632.064631,0,0.0454065565708219,-0.3698493827747943,-0.7379063557416712,-0.4058558668836733,-0.684103318687803,-0.2497985998628026,-0.2371184575225285,-0.6040302242810942,1.0,0.0,0.0,0.0,1.0,0.0,0.0,0.0,0.0,1.0
window_10_0pct::CD0mNo3gEOcvJO5QE,window_10_0pct,1784125662.881388,0,-0.1959440018043641,-0.0861060640465271,1.2223575633848485,0.3143917540836864,0.99625154785995,-0.2487643960940578,-0.2360520592087989,-0.497432226402351,1.0,0.0,0.0,1.0,0.0,0.0,0.0,0.0,0.0,1.0
window_10_0pct::CFNWke1SYEYoaz7oYj,window_10_0pct,1784125554.699011,0,-0.374037263756281,-0.2753378214630994,0.1535746150867883,-0.0545155639727661,0.079694347924812,-0.2455404312594983,-0.2298423207419286,-0.5259564512282658,1.0,0.0,0.0,1.0,0.0,0.0,0.0,0.0,0.0,1.0
window_10_0pct::CBiCapdtXUaHh4C9k,window_10_0pct,1784125963.351564,0,0.353422984850278,0.0853917359495285,1.5333052082713263,0.5076289206846853,1.2763106922845755,-0.2493659486904954,-0.2368021204599672,-0.4564179451967183,1.0,0.0,0.0,1.0,0.0,0.0,0.0,0.0,0.0,1.0
window_10_0pct::CW3Uaj25WFJ62Q0Gge,window_10_0pct,1784124941.048464,0,-0.1001476805239035,0.1713492707407389,1.4822984927304077,0.49006190553914,1.2253908478437343,-0.2484785969330077,-0.2362542798424243,-0.4245146379710611,1.0,0.0,0.0,1.0,0.0,0.0,0.0,0.0,0.0,1.0
window_10_0pct::Cul8XC1dcEy2u42DWg,window_10_0pct,1784124557.537813,0,0.5163469109308545,0.3683005155050656,0.2402286728508071,0.1738556329193235,0.232453881247335,-0.2492232230728081,-0.236967166435911,-0.0482808573140831,1.0,0.0,0.0,1.0,0.0,0.0,0.0,0.0,0.0,1.0
window_10_0pct::CkHveX1ocqXLbCJaol,window_10_0pct,1784125650.047924,0,-0.3893191804014774,-0.1833298776695951,1.1531235417489236,0.3846598146658678,0.9453317034191092,0.084734523628238,0.3577844408065692,-0.5313922645545104,1.0,0.0,0.0,1.0,0.0,0.0,0.0,0.0,0.0,1.0
window_10_0pct::COvt8dVREQpZjFSld,window_10_0pct,1784124289.920261,0,-0.3896303841488173,-0.3698493827747943,-0.7379063557416712,-0.4058558668836733,-0.684103318687803,-0.2497985998628026,-0.0055535872785835,-0.6040302242810942,1.0,0.0,0.0,0.0,1.0,0.0,0.0,0.0,0.0,1.0
window_10_0pct::CdZVms42PvaAFgG3Ij,window_10_0pct,1784124041.308476,0,-0.0911553098937835,-0.3698493827747943,-0.7379063557416712,-0.4058558668836733,-0.684103318687803,-0.2497985998628026,-0.2370983534258529,-0.6040302242810942,1.0,0.0,0.0,0.0,1.0,0.0,0.0,0.0,0.0,1.0
window_10_0pct::CT2h2n1U4Knko8Q5t8,window_10_0pct,1784125153.554949,0,0.0992581381990079,0.4421572322916881,1.7393290014057847,0.6657320569945936,1.4545301478275192,-0.2486257537049087,-0.2365268419448172,-0.3626335794217597,1.0,0.0,0.0,1.0,0.0,0.0,0.0,0.0,0.0,1.0
window_10_0pct::CNKhiW25uHD6xDWyDd,window_10_0pct,1784126067.687276,0,0.216690902148319,-0.0103716341212616,-0.3967498189354985,-0.1072166094094022,-0.327664407601916,-0.249379927082908,-0.2369968371068944,0.1719201194708172,1.0,0.0,0.0,1.0,0.0,0.0,0.0,0.0,0.0,1.0
window_10_0pct::CMU8r03uTWkeMiVff7,window_10_0pct,1784124054.824249,0,-0.2530404312044077,-0.3698493827747943,-0.7379063557416712,-0.4058558668836733,-0.684103318687803,-0.2497985998628026,-0.2370224800521884,-0.6040302242810942,1.0,0.0,0.0,0.0,1.0,0.0,0.0,0.0,0.0,1.0
window_10_0pct::Cz5ETs4GIDcKqFwF,window_10_0pct,1784124375.799949,0,-0.3869151762891621,-0.2782587085676551,-0.5940211061129143,-0.3180207911559465,-0.53134378536528,-0.2266778311976616,-0.2217822539822573,-0.1353101851152752,1.0,0.0,0.0,1.0,0.0,0.0,0.0,0.0,0.0,1.0
window_10_0pct::CmuBCu4ga1fP6MaUUg,window_10_0pct,1784125567.695454,0,-0.2770031411000037,-0.1845816864286904,-0.4767545214457448,-0.2653197457193104,-0.429504096483598,-0.2486376789603763,-0.2366533706005853,-0.0816172546723065,1.0,0.0,0.0,1.0,0.0,0.0,0.0,0.0,0.0,1.0
window_10_0pct::C7TK1vwOVNPU0Wyye,window_10_0pct,1784125579.12381,0,-0.3893438294633807,-0.3698493827747943,-0.7379063557416712,-0.4058558668836733,-0.684103318687803,-0.2497985998628026,-0.1853521767921706,-0.6040302242810942,1.0,0.0,0.0,0.0,1.0,0.0,0.0,0.0,0.0,1.0
window_10_0pct::CRn9MN3LN5nVHcGtN6,window_10_0pct,1784124768.407616,0,-0.3892540722903692,-0.1895889214650716,-0.4767545214457448,-0.2828867608648558,-0.429504096483598,0.0276366567190684,-0.1225527889512387,-0.0957365241211927,1.0,0.0,0.0,1.0,0.0,0.0,0.0,0.0,0.0,1.0
window_10_0pct::CLJWnt69IfU2oOfp3,window_10_0pct,1784125978.258075,0,-0.3893831569402331,-0.3698493827747943,-0.7379063557416712,-0.4058558668836733,-0.684103318687803,-0.2497985998628026,-0.1791739901176537,-0.6040302242810942,1.0,0.0,0.0,0.0,1.0,0.0,0.0,0.0,0.0,1.0
window_10_0pct::CV63dM88yL8KFdlfh,window_10_0pct,1784124358.05148,0,-0.3884100367427762,-0.1891716518787065,1.1531235417489236,0.2616907086470503,0.9453317034191092,-0.151860540921207,-0.0830408578656936,-0.5336672789531058,1.0,0.0,0.0,1.0,0.0,0.0,0.0,0.0,0.0,1.0
window_10_0pct::C5GPCE29bqKSSiLaVh,window_10_0pct,1784125935.749933,0,-0.3893733570966526,-0.2818055000517585,-0.5573540544579261,-0.3180207911559465,-0.5058838631448596,-0.0666951952528361,-0.1104535564699803,-0.24495311638333,1.0,0.0,0.0,1.0,0.0,0.0,0.0,0.0,0.0,1.0
window_10_0pct::CX7eeh1OxTBi9Sb3h5,window_10_0pct,1784124336.319056,0,0.2067260945342378,-0.27784143898129,-0.5940211061129143,-0.3004537760104012,-0.5058838631448596,-0.2496896506934046,-0.23708224849917,-0.1331747863035858,1.0,0.0,0.0,1.0,0.0,0.0,0.0,0.0,0.0,1.0
window_10_0pct::CdfNkb2SuEnQOAFzQ2,window_10_0pct,1784125192.364536,0,0.0944977520900773,-0.1864593995673333,-0.4846360255963824,-0.2653197457193104,-0.429504096483598,-0.2495311108857763,-0.2370439208022099,-0.0708211589121679,1.0,0.0,0.0,1.0,0.0,0.0,0.0,0.0,0.0,1.0
window_10_0pct::CfFL5ZBofq2tBmLtk,window_10_0pct,1784125583.225985,0,0.1927317364227325,0.6724900439652227,3.1089262321109317,1.2278765416520452,2.625686569966862,-0.2485346811552961,-0.2363661609410364,-0.4044827950075196,1.0,0.0,0.0,1.0,0.0,0.0,0.0,0.0,0.0,1.0
window_10_0pct::Carrpo1PbezKsPPePl,window_10_0pct,1784124551.236512,0,-0.3131038112868895,-0.1864593995673333,-0.4009986082350336,-0.2126187002826743,-0.3531243298223365,-0.2481079266909587,-0.2362262662753902,-0.2031820725538743,1.0,0.0,0.0,1.0,0.0,0.0,0.0,0.0,0.0,1.0
window_10_0pct::CGgYJgcVnYAbpeRfa,window_10_0pct,1784125294.463525,0,0.0151560620699435,0.1999322374067482,0.0527508450088198,0.1035875723371421,0.028774503483971,-0.2488046635448276,-0.236772709208892,-0.0733276513465939,1.0,0.0,0.0,1.0,0.0,0.0,0.0,0.0,0.0,1.0
window_10_0pct::CfN63g3s5JAGuRTJ13,window_10_0pct,1784124590.049656,0,0.3103495338020875,0.2053567420294945,0.1313109591572242,0.0860205571915967,0.130614192365653,-0.2492183014772551,-0.2369438628909559,-0.1166957043455135,1.0,0.0,0.0,1.0,0.0,0.0,0.0,0.0,0.0,1.0
window_10_0pct::CHOWmO3L1hBQKdGlRc,window_10_0pct,1784125430.567018,0,-0.388327752217375,-0.2818055000517585,-0.5573540544579261,-0.3180207911559465,-0.5058838631448596,-0.2049085690560589,-0.2060981905709124,-0.24495311638333,1.0,0.0,0.0,1.0,0.0,0.0,0.0,0.0,0.0,1.0
window_10_0pct::CK5ZZYXuPwmICfFm6,window_10_0pct,1784124279.372939,0,-0.3885052916493868,-0.2790932477403853,-0.5306929016033433,-0.3180207911559465,-0.480423940924439,-0.1967231003543456,-0.2015314251966735,-0.2815105766943704,1.0,0.0,0.0,1.0,0.0,0.0,0.0,0.0,0.0,1.0
window_10_0pct::COl0Rg2yQA2cnHvinh,window_10_0pct,1784125303.569807,0,-0.3873398361776495,-0.3698493827747943,-0.7379063557416712,-0.4058558668836733,-0.684103318687803,-0.2497985998628026,-0.2291035790194835,-0.6040302242810942,1.0,0.0,0.0,0.0,1.0,0.0,0.0,0.0,0.0,1.0
window_10_0pct::CXzWET2g4R9ygAF0vb,window_10_0pct,1784125214.801601,0,-0.0229066157983141,-0.1864593995673333,-0.4752249572979122,-0.2301857154282197,-0.429504096483598,-0.2494454952059324,-0.2369799267114063,-0.0899228584074318,1.0,0.0,0.0,1.0,0.0,0.0,0.0,0.0,0.0,1.0
window_10_0pct::CMP91E49HYpPkmSXAb,window_10_0pct,1784125079.178786,0,-0.3893142591292654,-0.3698493827747943,-0.7379063557416712,-0.4058558668836733,-0.684103318687803,-0.2497985998628026,-0.1891948014567931,-0.6040302242810942,1.0,0.0,0.0,0.0,1.0,0.0,0.0,0.0,0.0,1.0
window_10_0pct::Cw9nTw3xdUFU9hhjak,window_10_0pct,1784124052.427269,0,0.6861244825194045,0.5362515240170179,2.5106117229503955,0.929237284177774,2.1419480477788726,-0.2492037675114592,-0.2368068808401553,-0.3986157257874208,1.0,0.0,0.0,1.0,0.0,0.0,0.0,0.0,0.0,1.0
window_10_0pct::CyeV9dqWb04g3NuWl,window_10_0pct,1784124719.898004,0,-0.1566265169493705,-0.1756103903218408,-0.660174755506676,-0.3355878063014919,-0.582263629806121,-0.2492100488962353,-0.2369983113994157,1.23573662454505,1.0,0.0,0.0,1.0,0.0,0.0,0.0,0.0,0.0,1.0
window_10_0pct::CTIKao3CEZAS8eGyR8,window_10_0pct,1784125121.236847,0,-0.1844135784390094,0.1805292016407711,-0.0517268838667488,-0.0193815336816754,-0.0476052631772904,-0.247905216478125,-0.236556905179912,-0.0133492034162196,1.0,0.0,0.0,1.0,0.0,0.0,0.0,0.0,0.0,1.0
window_10_0pct::CqV9NR39FHdBkqTj8,window_10_0pct,1784124286.809039,0,-0.3893228419988065,-0.2772155346017424,-0.5573540544579261,-0.3355878063014919,-0.5058838631448596,-0.0820952142337407,-0.1391165341356501,-0.2262334567298921,1.0,0.0,0.0,1.0,0.0,0.0,0.0,0.0,0.0,1.0
window_10_0pct::CLiUPF3Qr6rW97NcSh,window_10_0pct,1784125703.482017,0,0.1802316302778216,0.3399261836322389,0.4747193542921505,0.2616907086470503,0.4361332590106991,-0.2489190649550092,-0.2368100808709142,-0.1729785647876821,1.0,0.0,0.0,1.0,0.0,0.0,0.0,0.0,0.0,1.0
window_10_0pct::CZ1wmwaH5tq69EzJl,window_10_0pct,1784125554.851119,0,0.2001280456001721,-0.1931357129491749,-0.4627547607037766,-0.2477527305737651,-0.4040441742631775,-0.2495870075642819,-0.2370570343422437,-0.1310889271616959,1.0,0.0,0.0,1.0,0.0,0.0,0.0,0.0,0.0,1.0
window_10_0pct::C1C4O34zlJfB5FNCIb,window_10_0pct,1784124504.561887,0,0.0727756515291902,0.0006860099174134,0.315092340308616,0.0684535420460513,0.2579138034677555,-0.2492327602780416,-0.2368419361870036,-0.3448894460221193,1.0,0.0,0.0,1.0,0.0,0.0,0.0,0.0,0.0,1.0
window_10_0pct::CrVLio3V6pvSnIOOoc,window_10_0pct,1784126089.967686,0,-0.1160685192149987,0.515388044698763,0.7064695666352938,0.5076289206846853,0.6398126367740631,-0.2475138544606302,-0.2361839720424439,-0.1526777824264463,1.0,0.0,0.0,1.0,0.0,0.0,0.0,0.0,0.0,1.0
window_10_0pct::CqnOPn4dtppD3U0Uwa,window_10_0pct,1784125431.973852,0,1.4302398535216772,0.2860984069911411,1.283625105084145,0.5076289206846853,1.098091236741632,-0.2495440494444825,-0.2370152940365957,-0.3650693155157285,1.0,0.0,0.0,1.0,0.0,0.0,0.0,0.0,0.0,1.0
window_10_0pct::CSGnuF2ct86iHvmsmk,window_10_0pct,1784124330.252296,0,-0.3883007546090797,-0.0003571640484992,-0.3967498189354985,-0.1774846699915836,-0.3531243298223365,-0.0650109028186051,-0.1796072989064301,0.193536844079112,1.0,0.0,0.0,1.0,0.0,0.0,0.0,0.0,0.0,1.0
window_10_0pct::CKsmUf1IC7u0pWWSp,window_10_0pct,1784124784.15439,0,-0.3896185880408038,-0.1879198431196112,-0.4767545214457448,-0.2301857154282197,-0.429504096483598,1.1117688559333323,0.472139609575873,-0.091030100971564,1.0,0.0,0.0,1.0,0.0,0.0,0.0,0.0,0.0,1.0
window_10_0pct::CElyuF3ufxp3vnZ7Md,window_10_0pct,1784125732.97832,0,-0.3354921304078752,-0.3698493827747943,-0.7379063557416712,-0.4058558668836733,-0.684103318687803,-0.2497985998628026,-0.2368096935202686,-0.6040302242810942,1.0,0.0,0.0,0.0,1.0,0.0,0.0,0.0,0.0,1.0
window_10_0pct::CoqWCt2INfN7W102da,window_10_0pct,1784124922.459872,0,-0.003189533343402,-0.0975809776715673,-0.3198042447209174,-0.1423506397004929,-0.2512846409406545,-0.2493011078654065,-0.2369273873714085,-0.1244784771707664,1.0,0.0,0.0,1.0,0.0,0.0,0.0,0.0,0.0,1.0
window_10_0pct::CYrDOQxrGL1h1sGJk,window_10_0pct,1784125341.463006,0,0.2369584625270556,0.3778977159914629,-0.0012087790952762,0.0157524966094153,0.0033145812635505,-0.2489558872040423,-0.2369487860014989,0.143442980202538,1.0,0.0,0.0,1.0,0.0,0.0,0.0,0.0,0.0,1.0
window_10_0pct::C1NyFc96lM6pzQzVk,window_10_0pct,1784124472.593502,0,-0.1022896829357878,-0.007868016603071,-0.2925270174179019,-0.1247836245549475,-0.2512846409406545,-0.2489091346812676,-0.23682971983891,-0.0055110184259954,1.0,0.0,0.0,1.0,0.0,0.0,0.0,0.0,0.0,1.0
window_10_0pct::CrRsxQ3VFPCuo1ffA2,window_10_0pct,1784124090.61307,0,-0.38556149549933,-0.3698493827747943,-0.7379063557416712,-0.4058558668836733,-0.684103318687803,-0.2497985998628026,-0.2325556999824256,-0.6040302242810942,1.0,0.0,0.0,0.0,1.0,0.0,0.0,0.0,0.0,1.0
window_10_0pct::C4syEnauqQXeWRPz4,window_10_0pct,1784125341.468267,0,0.2369026204989842,-0.0018176076007771,-0.1589238378940199,-0.1072166094094022,-0.0985251076181314,-0.2493837902628239,-0.2370021777219695,-0.1359216589742306,1.0,0.0,0.0,1.0,0.0,0.0,0.0,0.0,0.0,1.0
window_10_0pct::CL45nF4iO00YOihbra,window_10_0pct,1784124514.08753,0,-0.3891017690568586,-0.0917392034624559,-0.5306291697638502,-0.2477527305737651,-0.4549640187040185,0.0715725181486815,-0.1354671924162959,0.3839847550518475,1.0,0.0,0.0,1.0,0.0,0.0,0.0,0.0,0.0,1.0
window_10_0pct::CzWAG93jupYwLfVuq2,window_10_0pct,1784124023.949333,0,-0.2229852076607995,0.0038155318151517,-0.2925270174179019,-0.1774846699915836,-0.2512846409406545,-0.2482157522577301,-0.2366749119016318,0.0138071807255236,1.0,0.0,0.0,1.0,0.0,0.0,0.0,0.0,0.0,1.0
window_10_0pct::Ck19iVtJpFXiY3rzg,window_10_0pct,1784125895.345752,0,0.6287792993556219,0.3728904809550817,1.8150211827770029,0.8238351933045018,1.5563698367092011,-0.2492835566462098,-0.2368150291433303,-0.3897721050722597,1.0,0.0,0.0,1.0,0.0,0.0,0.0,0.0,0.0,1.0
window_10_0pct::CjyV9B1YogGVtdfqCf,window_10_0pct,1784125656.662046,0,4.76457216418035,2.3595109816393176,0.9793693033444348,2.4048665564035843,1.403610303386678,-0.2494246123419868,-0.2370102826468043,0.5664340177251758,1.0,0.0,0.0,1.0,0.0,0.0,0.0,0.0,0.0,1.0
window_10_0pct::CB2YXB1Sl5ffV9lZZa,window_10_0pct,1784125764.648458,0,-0.2429126558211549,-0.1858334951877857,-0.4118967527883412,-0.2477527305737651,-0.378584252042757,-0.2489132946042831,-0.2367390124910478,-0.1883692173273388,1.0,0.0,0.0,1.0,0.0,0.0,0.0,0.0,0.0,1.0
window_10_0pct::CmMSoC38yaXI5sxPx1,window_10_0pct,1784124225.887258,0,-0.3086342072469007,0.1742701578452946,-0.0754351281581548,-0.00181451853613,-0.0730651853977109,-0.2450588879059866,-0.2355702430269797,0.0008314009137288,1.0,0.0,0.0,1.0,0.0,0.0,0.0,0.0,0.0,1.0
window_10_0pct::CQdZek1mwlO4cAZs62,window_10_0pct,1784124503.102976,0,0.5632342945672771,-0.2749205518767343,-0.5940211061129143,-0.3004537760104012,-0.480423940924439,-0.2497282450292531,-0.23711223780956,-0.1182269946217601,1.0,0.0,0.0,1.0,0.0,0.0,0.0,0.0,0.0,1.0
window_10_0pct::CtKwWQ10z9Ap17G1Rf,window_10_0pct,1784124236.711764,0,-0.3697942837678935,0.1227373639292049,-0.2108440431343392,-0.1072166094094022,-0.174904874279393,-0.2323328600112071,-0.2321217108411686,0.0842192870335706,1.0,0.0,0.0,1.0,0.0,0.0,0.0,0.0,0.0,1.0
window_10_0pct::CYPsse4aMvuVfDwV5f,window_10_0pct,1784124234.294339,0,-0.3893185398888251,-0.1812435297377696,1.1531235417489236,0.3143917540836864,0.9453317034191092,0.0879271637574079,0.3083300587250319,-0.5305797594121548,1.0,0.0,0.0,1.0,0.0,0.0,0.0,0.0,0.0,1.0
window_10_0pct::CcJVkukidCvmph0k1,window_10_0pct,1784124500.101475,0,0.3673930675322605,-0.2749205518767343,-0.5955506702607468,-0.3180207911559465,-0.5058838631448596,-0.2497100462876166,-0.2371055747562157,-0.1130079805161988,1.0,0.0,0.0,1.0,0.0,0.0,0.0,0.0,0.0,1.0
window_10_0pct::C5dDuI236D0RjUJZ5f,window_10_0pct,1784124864.16288,0,-0.1762224998121509,-0.0982068820511149,-0.2846242693207665,-0.1423506397004929,-0.2512846409406545,-0.2488999636363729,-0.2367369026890668,-0.1627124016501121,1.0,0.0,0.0,1.0,0.0,0.0,0.0,0.0,0.0,1.0
window_10_0pct::CTxvLH1xoIeVB6hTn7,window_10_0pct,1784124864.163774,0,-0.1762324384334728,-0.0982068820511149,-0.2877258855094272,-0.1774846699915836,-0.2512846409406545,-0.2488999218002127,-0.2367816752075441,-0.1596719900747948,1.0,0.0,0.0,1.0,0.0,0.0,0.0,0.0,0.0,1.0
window_10_0pct::CqNj0O2goWYbCGdCdk,window_10_0pct,1784124459.030656,0,-0.3890291349220857,-0.1916752693968971,1.1531235417489236,0.3319587692292318,0.9453317034191092,-0.0657780950441815,0.0844602667258007,-0.5346422851239325,1.0,0.0,0.0,1.0,0.0,0.0,0.0,0.0,0.0,1.0
window_10_0pct::CIUXlB25bTJd7yrlxl,window_10_0pct,1784124154.124676,0,-0.3883819609381829,-0.275546456256282,-0.5573540544579261,-0.3004537760104012,-0.5058838631448596,-0.1997590838640702,-0.2012408533088623,-0.2194263077650056,1.0,0.0,0.0,1.0,0.0,0.0,0.0,0.0,0.0,1.0
window_10_0pct::CwmDCj3bMd2Q1qczvb,window_10_0pct,1784125165.308372,0,-0.3869993289764659,-0.0917392034624559,-0.5391055044164228,-0.2477527305737651,-0.480423940924439,-0.1774164873465791,-0.2142576924632351,0.4261065604534763,1.0,0.0,0.0,1.0,0.0,0.0,0.0,0.0,0.0,1.0
window_10_0pct::CyhybiN11puKucivh,window_10_0pct,1784124025.433971,0,1.1365936682037394,0.5149707751123979,2.582331286326548,0.9468042993233192,2.167407969999293,-0.2493891715345076,-0.2369086780688448,-0.4077729706622974,1.0,0.0,0.0,1.0,0.0,0.0,0.0,0.0,0.0,1.0
window_10_0pct::CR5ojX2ZLMBVByWtb2,window_10_0pct,1784125386.712916,0,0.1714913227268107,-0.0975809776715673,-0.3338040054628856,-0.195051685137129,-0.276744563161075,-0.2494559575897355,-0.2370260989981238,-0.1078657136032058,1.0,0.0,0.0,1.0,0.0,0.0,0.0,0.0,0.0,1.0
window_10_0pct::CgPr0A1MbTwrOWCncb,window_10_0pct,1784124197.502249,0,-0.3280033312034407,0.1175214940996411,-0.2194690854123955,-0.1247836245549475,-0.2003647964998135,-0.2442206920638348,-0.2356128479453862,0.0882600330779859,1.0,0.0,0.0,1.0,0.0,0.0,0.0,0.0,0.0,1.0
window_10_0pct::CVJtk84KcyGSahW0dj,window_10_0pct,1784125851.016451,0,-0.3793327234597478,-0.0850628900806143,-0.2877258855094272,-0.1247836245549475,-0.2512846409406545,-0.2304220283397274,-0.2279503923044538,-0.1381707851938449,1.0,0.0,0.0,1.0,0.0,0.0,0.0,0.0,0.0,1.0
window_10_0pct::CBz60I3N8TOq5OWvNj,window_10_0pct,1784124156.838778,0,0.0408931734910471,-0.3698493827747943,-0.7379063557416712,-0.4058558668836733,-0.684103318687803,-0.2497985998628026,-0.2371179968362178,-0.6040302242810942,1.0,0.0,0.0,0.0,1.0,0.0,0.0,0.0,0.0,1.0
window_10_0pct::CnBzM2HhdeFTsls2d,window_10_0pct,1784124151.389507,0,0.030298795315791,0.4434090410507834,-0.0698479702292661,0.050886526900506,-0.0221453409568699,-0.2484310858117032,-0.2368209092153847,0.2924547137657816,1.0,0.0,0.0,1.0,0.0,0.0,0.0,0.0,0.0,1.0
window_10_0pct::C716XPx9SW43Tnb92,window_10_0pct,1784124375.799804,0,-0.3869138312125922,-0.0957032645329243,-0.2962022201619998,-0.1599176548460383,-0.276744563161075,-0.1806275496232451,-0.206416879360931,-0.1469710770391282,1.0,0.0,0.0,1.0,0.0,0.0,0.0,0.0,0.0,1.0
window_10_0pct::CGMzKPLLUIqHuqhxe,window_10_0pct,1784124742.915275,0,1.3347230092618447,0.841901496029453,1.7333169645469424,0.8062681781589565,1.5309099144887806,-0.2493023151011545,-0.2369600113157174,-0.2429195942268958,1.0,0.0,0.0,1.0,0.0,0.0,0.0,0.0,0.0,1.0
window_10_0pct::CxKLvDDsDqcb1qCp4,window_10_0pct,1784124139.61087,0,-0.3897120708624098,-0.3631730693929528,-0.7368866463097827,-0.4585569123203094,-0.7095632409082235,5.071857776499676,5.158904589155943,4.119297628905474,0.0,1.0,1.0,0.0,0.0,0.0,0.0,0.0,0.0,1.0
window_10_0pct::C7jSKS2S8YsRHdGm2h,window_10_0pct,1784126048.009819,0,-0.3887304638723095,-0.1916752693968971,1.1531235417489236,0.3495257843747771,0.9453317034191092,-0.1217190488532257,-0.0084444509184652,-0.5346422851239325,1.0,0.0,0.0,1.0,0.0,0.0,0.0,0.0,0.0,1.0
window_10_0pct::CDN5Zy3wcDETiLkbk,window_10_0pct,1784126117.208108,0,-0.2673279092560357,0.2608535970160526,-0.1343870796892046,0.050886526900506,-0.1239850298385519,-0.2461589367189115,-0.235990417632754,0.1655627721428836,1.0,0.0,0.0,1.0,0.0,0.0,0.0,0.0,0.0,1.0
window_10_0pct::CHALPt3BzUYbo4b1W8,window_10_0pct,1784124370.813693,0,0.1680420339915439,0.1830328191589617,0.3431343496855478,0.1738556329193235,0.283373725688176,-0.2490985099602559,-0.2368452414235962,-0.227391747542794,1.0,0.0,0.0,1.0,0.0,0.0,0.0,0.0,0.0,1.0
window_10_0pct::CXBOsZoqNvt7tjxcd,window_10_0pct,1784125182.893184,0,-0.3893586359808602,-0.1891716518787065,1.1531235417489236,0.3495257843747771,0.9453317034191092,0.1103423429192977,0.3970473867469358,-0.5336672789531058,1.0,0.0,0.0,1.0,0.0,0.0,0.0,0.0,0.0,1.0
window_10_0pct::CL1MOt3Re4NvOQJDje,window_10_0pct,1784124766.810741,0,-0.3893470747274858,-0.3698493827747943,-0.7379063557416712,-0.4058558668836733,-0.684103318687803,-0.2497985998628026,-0.1848926357145627,-0.6040302242810942,1.0,0.0,0.0,0.0,1.0,0.0,0.0,0.0,0.0,1.0
window_10_0pct::CiBRTd3gBjf00mNiTa,window_10_0pct,1784124020.97657,0,-0.1825022459836468,-0.3698493827747943,-0.7379063557416712,-0.4058558668836733,-0.684103318687803,-0.2497985998628026,-0.2370701146761095,-0.6040302242810942,1.0,0.0,0.0,0.0,1.0,0.0,0.0,0.0,0.0,1.0
window_10_0pct::CQKXaa3paKVW0E563,window_10_0pct,1784125967.100883,0,-0.2534388514245717,0.2604363274296876,-0.1170095314541059,-0.0193815336816754,-0.0730651853977109,-0.2465320537727465,-0.2362502061553978,0.1435293705202889,1.0,0.0,0.0,1.0,0.0,0.0,0.0,0.0,0.0,1.0
window_10_0pct::Cgmg7xppmW3LhEpS,window_10_0pct,1784125106.00855,0,-0.3888967196064297,-0.0103716341212616,-0.3500768684801051,-0.1599176548460383,-0.3022044853814955,0.0612442670592317,-0.1317266440925876,0.0785442688259715,1.0,0.0,0.0,1.0,0.0,0.0,0.0,0.0,0.0,1.0
window_10_0pct::CbtFQX34VjdqeI8QIj,window_10_0pct,1784124618.028016,0,0.1111657594653132,0.0914421449518225,-0.2156026871498185,-0.0896495942638568,-0.174904874279393,-0.2491481593705612,-0.236952408691959,0.0463650764448732,1.0,0.0,0.0,1.0,0.0,0.0,0.0,0.0,0.0,1.0
window_10_0pct::CuVgmZ23WA1BOU8Sm1,window_10_0pct,1784124346.193078,0,-0.1522228323365162,-0.1839557820491427,-0.4134688048291692,-0.2653197457193104,-0.378584252042757,-0.2492457801082863,-0.2369208263233656,-0.1820932874843934,1.0,0.0,0.0,1.0,0.0,0.0,0.0,0.0,0.0,1.0
window_10_0pct::CZpAcz2E5vnK9mCXH7,window_10_0pct,1784124013.115055,0,1.2681009931238367,1.1552709553896423,2.668220562016651,1.280577587088681,2.2947075811013957,-0.2491488697546705,-0.2368740094364226,-0.2742814163685796,1.0,0.0,0.0,1.0,0.0,0.0,0.0,0.0,0.0,1.0
window_10_0pct::Cu1Prz1cjKHb3BUOE1,window_10_0pct,1784124928.528179,0,0.7423640234179651,0.2908970072343398,1.6051309913799678,0.6481650418490482,1.3781503811662577,-0.2493863851307673,-0.2368921163086637,-0.3963504003572473,1.0,0.0,0.0,1.0,0.0,0.0,0.0,0.0,0.0,1.0
window_10_0pct::Ccpe1d3va29eByzdW9,window_10_0pct,1784125436.291736,0,-0.3828707231973608,-0.3698493827747943,-0.7379063557416712,-0.4058558668836733,-0.684103318687803,-0.2497985998628026,-0.2343673317151695,-0.6040302242810942,1.0,0.0,0.0,0.0,1.0,0.0,0.0,0.0,0.0,1.0
window_10_0pct::CEpxoN3zILW7piyL39,window_10_0pct,1784125433.371581,0,0.0357351464523462,-0.0938255513942814,-0.3243929371644153,-0.1599176548460383,-0.276744563161075,-0.249340389763347,-0.2369601277338638,-0.1124693380908688,1.0,0.0,0.0,1.0,0.0,0.0,0.0,0.0,0.0,1.0
window_10_0pct::CBgTW5SG8K64JVVxl,window_10_0pct,1784125674.792556,0,-0.323097772901862,-0.1895889214650716,-0.4767545214457448,-0.2477527305737651,-0.429504096483598,-0.2478874624444725,-0.2362293662443849,-0.0957365241211927,1.0,0.0,0.0,1.0,0.0,0.0,0.0,0.0,0.0,1.0
window_10_0pct::CXoe6W2YeD05s1Fk19,window_10_0pct,1784125107.018963,0,-0.2446742043927727,0.0038155318151517,-0.3652662902259432,-0.1774846699915836,-0.3022044853814955,-0.2479790542998463,-0.2366020117670802,0.1344020544424692,1.0,0.0,0.0,1.0,0.0,0.0,0.0,0.0,0.0,1.0
window_10_0pct::CMHVkQ1kJJoNlGlAO9,window_10_0pct,1784125397.549001,0,0.1713876237284003,0.3370052965276832,0.0640738684920809,0.1387216026282328,0.0542344257043915,-0.2489088783562526,-0.236864174580504,0.0450488837489509,1.0,0.0,0.0,1.0,0.0,0.0,0.0,0.0,0.0,1.0
window_10_0pct::CIIwxB4u1S4c8EpDd6,window_10_0pct,1784125705.401076,0,-0.3889406267487462,-0.0103716341212616,-0.3967498189354985,-0.1599176548460383,-0.3531243298223365,0.0789271236917624,-0.1257325971920471,0.1719201194708172,1.0,0.0,0.0,1.0,0.0,0.0,0.0,0.0,0.0,1.0
window_10_0pct::CgIRt01tCVs4xjmYMk,window_10_0pct,1784124708.753382,0,-0.3891458790281817,-0.1833298776695951,1.1531235417489236,0.3670927995203225,0.9453317034191092,-0.0175001994898048,0.16753499638992,-0.5313922645545104,1.0,0.0,0.0,1.0,0.0,0.0,0.0,0.0,0.0,1.0
window_10_0pct::CbaGbv8Y9tmMbOwUc,window_10_0pct,1784124675.036101,0,-0.1123758356718507,-0.3698493827747943,-0.7379063557416712,-0.4058558668836733,-0.684103318687803,-0.2497985998628026,-0.2370934521198545,-0.6040302242810942,1.0,0.0,0.0,0.0,1.0,0.0,0.0,0.0,0.0,1.0
window_10_0pct::CL2fuD1DtS5cetQOgd,window_10_0pct,1784125738.563203,0,-0.2402406612151094,-0.2803450564994806,1.1454757210097604,0.3319587692292318,0.9198717811986884,-0.2493756898257992,-0.2356910158789943,-0.5690322141344901,1.0,0.0,0.0,1.0,0.0,0.0,0.0,0.0,0.0,1.0
window_10_0pct::C2yXw31MihQvrr6Lf2,window_10_0pct,1784124205.362193,0,0.1164243469904281,-0.0024435119803247,-0.1150550883763198,-0.1072166094094022,-0.0985251076181314,-0.2492859245398835,-0.236964036870516,-0.1696304575650985,1.0,0.0,0.0,1.0,0.0,0.0,0.0,0.0,0.0,1.0
window_10_0pct::CcDZPhblTC14dGzb8,window_10_0pct,1784124610.056957,0,-0.3880213629901383,-0.3698493827747943,-0.7379063557416712,-0.4058558668836733,-0.684103318687803,-0.2497985998628026,-0.2258567540340227,-0.6040302242810942,1.0,0.0,0.0,0.0,1.0,0.0,0.0,0.0,0.0,1.0
window_10_0pct::Cu1hS62jlYftN329de,window_10_0pct,1784124054.825044,0,-0.2530447760152326,-0.3698493827747943,-0.7379063557416712,-0.4058558668836733,-0.684103318687803,-0.2497985998628026,-0.237022475603683,-0.6040302242810942,1.0,0.0,0.0,0.0,1.0,0.0,0.0,0.0,0.0,1.0
window_10_0pct::C65D9H2fj42BFWCUB9,window_10_0pct,1784125291.077905,0,-0.3735017097772556,-0.0913219338760908,-0.2555413065654486,-0.1247836245549475,-0.225824718720234,-0.2376642574921505,-0.2312638573808402,-0.1788082504456589,1.0,0.0,0.0,1.0,0.0,0.0,0.0,0.0,0.0,1.0
window_10_0pct::CUMEyu4xCDThapbIJd,window_10_0pct,1784125363.325804,0,0.4085473611955193,0.6493315819219597,0.964031173973113,0.4724948903935946,0.8180320923170066,-0.2488968804236315,-0.2368389793952274,-0.1630237915055517,1.0,0.0,0.0,1.0,0.0,0.0,0.0,0.0,0.0,1.0
window_10_0pct::Cocq3m4PVByHI7hyCg,window_10_0pct,1784125726.949426,0,-0.3887649875042695,-0.1837471472559602,-0.4767545214457448,-0.2653197457193104,-0.429504096483598,-0.1111479401431864,-0.1766396373789745,-0.0792640430974921,1.0,0.0,0.0,1.0,0.0,0.0,0.0,0.0,0.0,1.0
window_10_0pct::CLa82ExapWXEvRvOd,window_10_0pct,1784124578.680357,0,0.1599625113182977,-0.2767982650153773,-0.6106338722740966,-0.3180207911559465,-0.5058838631448596,-0.24967904151393,-0.2370841268909553,-0.0656894840047921,1.0,0.0,0.0,1.0,0.0,0.0,0.0,0.0,0.0,1.0
window_10_0pct::CX5ooyqxXzLwdYzje,window_10_0pct,1784125955.675684,0,0.3470915279573184,-0.3698493827747943,-0.7379063557416712,-0.3882888517381279,-0.6331834742469621,-0.2497985998628026,-0.2371299648574287,-0.6040302242810942,1.0,0.0,0.0,0.0,1.0,0.0,0.0,0.0,0.0,1.0
window_10_0pct::CBZM7U26e7xsQM4zk,window_10_0pct,1784124605.362287,0,-0.0053037588565974,-0.273668743117639,0.1535746150867883,-0.1072166094094022,0.079694347924812,-0.2496218909074017,-0.2369012194745586,-0.5245776649491872,1.0,0.0,0.0,1.0,0.0,0.0,0.0,0.0,0.0,1.0
window_10_0pct::Cy3a0134tCBbnGqfA3,window_10_0pct,1784126002.891912,0,-0.0574687959447521,0.5654603950625748,0.742541787788347,0.3670927995203225,0.6907324812149042,-0.2478103874231115,-0.2364716681472856,-0.1387670283651615,1.0,0.0,0.0,1.0,0.0,0.0,0.0,0.0,0.0,1.0
window_10_0pct::CVKuPl2U2OavIE8w32,window_10_0pct,1784125969.598491,0,-0.3886710669990178,-0.1916752693968971,1.1531235417489236,0.296824738938141,0.9453317034191092,-0.1290207079052374,-0.0352501293280353,-0.5346422851239325,1.0,0.0,0.0,1.0,0.0,0.0,0.0,0.0,0.0,1.0
window_10_0pct::CFphAM1RjwJYdMqo16,window_10_0pct,1784124927.675401,0,0.8219121186403088,0.4023079867938212,0.2228298806692108,0.1914226480648689,0.2069939590269145,-0.2493485068849872,-0.2370124597327909,-0.0121488099309485,1.0,0.0,0.0,1.0,0.0,0.0,0.0,0.0,0.0,1.0
window_10_0pct::CDoEcN2raIx0k1RuIh,window_10_0pct,1784124921.729667,0,-0.3890320706050755,-0.0187170258485636,-0.3585532031326777,-0.1599176548460383,-0.327664407601916,0.1144189975577559,-0.1107674381114637,0.0775947443407011,1.0,0.0,0.0,1.0,0.0,0.0,0.0,0.0,0.0,1.0
window_10_0pct::CA5epS1X37sdyNnuvf,window_10_0pct,1784124929.671141,0,-0.3771560159373188,-0.2818055000517585,-0.6191102069266692,-0.3355878063014919,-0.5568037075857005,-0.2448466070758919,-0.2341163530180082,-0.0583203338589603,1.0,0.0,0.0,1.0,0.0,0.0,0.0,0.0,0.0,1.0
window_10_0pct::CBWE8n22C30N2pq9ue,window_10_0pct,1784124800.808836,0,-0.3070876360718227,-0.3698493827747943,-0.7379063557416712,-0.4058558668836733,-0.684103318687803,-0.2497985998628026,-0.2369309485185327,-0.6040302242810942,1.0,0.0,0.0,0.0,1.0,0.0,0.0,0.0,0.0,1.0
window_10_0pct::C6GNBg4quNkw5hafZi,window_10_0pct,1784125899.986255,0,-0.3291302278135085,0.292148815993435,-0.1817398364325236,-0.0193815336816754,-0.1239850298385519,-0.2420811708417921,-0.2351105089963214,0.2725224816768141,1.0,0.0,0.0,1.0,0.0,0.0,0.0,0.0,0.0,1.0
window_10_0pct::CaTpODnkIaPlmhvE8,window_10_0pct,1784124596.390864,0,-0.2662061474223973,0.1684283836361832,-0.3517763841999192,-0.1423506397004929,-0.3022044853814955,-0.2467205177005744,-0.2364268898265071,0.4225471592252702,1.0,0.0,0.0,1.0,0.0,0.0,0.0,0.0,0.0,1.0
window_10_0pct::Cu6Cao1DwV6buDZJyf,window_10_0pct,1784124550.776859,0,-0.308203740043699,0.0910248753654574,0.1574622572958629,0.050886526900506,0.130614192365653,-0.2458052220522289,-0.2354026784375439,-0.224965877991852,1.0,0.0,0.0,1.0,0.0,0.0,0.0,0.0,0.0,1.0
window_10_0pct::Cn3YRI1HV7IspNCMWk,window_10_0pct,1784124265.748518,0,-0.3892434184299189,-0.1900061910514367,1.1531235417489236,0.2616907086470503,0.9453317034191092,0.0207139921473813,0.1905087785963947,-0.5339922810100481,1.0,0.0,0.0,1.0,0.0,0.0,0.0,0.0,0.0,1.0
window_10_0pct::CtSb7s1Li6D07YPyoj,window_10_0pct,1784125779.493083,0,-0.3891702398593915,-0.08798377718517,-0.5306291697638502,-0.2653197457193104,-0.4549640187040185,0.1170047489753517,-0.1314466655643525,0.3973262926572436,1.0,0.0,0.0,1.0,0.0,0.0,0.0,0.0,0.0,1.0
window_10_0pct::CSdoGd2d82XSbKxIMa,window_10_0pct,1784124800.808465,0,-0.307083451389161,-0.275546456256282,-0.5573540544579261,-0.3180207911559465,-0.5058838631448596,-0.2489925634045705,-0.2366416480465947,-0.2194263077650056,1.0,0.0,0.0,1.0,0.0,0.0,0.0,0.0,0.0,1.0
window_10_0pct::Ci8Qg82vlzAUUQh7gf,window_10_0pct,1784125886.508246,0,0.3517071368564032,0.3603723933641287,1.7192747159119788,0.736000117576775,1.4545301478275192,-0.2491030070317876,-0.2367174544470072,-0.3851752002189518,1.0,0.0,0.0,1.0,0.0,0.0,0.0,0.0,0.0,1.0
window_10_0pct::CPIWG929fXkeLNYUmg,window_10_0pct,1784124376.70775,0,0.3401909115215082,0.1861623410566999,1.6229121745985222,0.5954639964124121,1.352690458945837,-0.2492605990237259,-0.2367628370661755,-0.4305859001482183,1.0,0.0,0.0,1.0,0.0,0.0,0.0,0.0,0.0,1.0
window_10_0pct::CMstCd3XpM3D4NoDU2,window_10_0pct,1784125319.468293,0,4.420073170720273,4.2672675305005505,2.156815037978106,4.372372252704665,2.8293659477302264,-0.2491176941944069,-0.2368880535267948,0.5756946711366737,1.0,0.0,0.0,1.0,0.0,0.0,0.0,0.0,0.0,1.0
window_10_0pct::CP1Q1p3ZOLMN3v0bQe,window_10_0pct,1784124133.214103,0,0.292927023872842,0.1796946624680409,-0.2540542303106113,-0.0720825791183115,-0.225824718720234,-0.249230040971902,-0.2370013202101297,0.2323686549328298,1.0,0.0,0.0,1.0,0.0,0.0,0.0,0.0,0.0,1.0
window_10_0pct::C41eRD46gcZflE3eY2,window_10_0pct,1784125350.355253,0,0.198226182056853,0.300076938134372,0.5091557915648828,0.2265566783559596,0.4361332590106991,-0.2489938529143262,-0.2368371283883233,-0.2084139008539901,1.0,0.0,0.0,1.0,0.0,0.0,0.0,0.0,0.0,1.0
window_10_0pct::CZRPST3qUeVMaaPPWc,window_10_0pct,1784123950.838486,0,0.1592932930239442,0.0705786656335675,-0.1926379809858311,-0.1247836245549475,-0.174904874279393,-0.2492320184150406,-0.2369882354866793,-0.0092036043095277,1.0,0.0,0.0,1.0,0.0,0.0,0.0,0.0,0.0,1.0
window_10_0pct::CzbBYV3p4ly4Ojx68c,window_10_0pct,1784124694.70973,0,-0.1488347339099676,0.1091761023723392,-0.2630191757326305,-0.1423506397004929,-0.225824718720234,-0.2483940869055931,-0.2367852827143103,0.1388031418491082,1.0,0.0,0.0,1.0,0.0,0.0,0.0,0.0,0.0,1.0
window_10_0pct::CIW9HH2IJnLlb42Aih,window_10_0pct,1784124440.97102,0,-0.3897121135632532,-0.3631730693929528,-0.7368866463097827,-0.4585569123203094,-0.7095632409082235,5.341308732264865,5.4321231713914795,4.119297628905474,0.0,1.0,1.0,0.0,0.0,0.0,0.0,0.0,0.0,1.0
window_10_0pct::ChcE4n1k9bitYdxVzd,window_10_0pct,1784125926.484384,0,1.1912827521504648,0.7273609945722332,3.956134818438235,1.5792168445629522,3.3640243143590567,-0.2493084556439347,-0.2368085861825204,-0.4318894694759966,1.0,0.0,0.0,1.0,0.0,0.0,0.0,0.0,0.0,1.0
window_10_0pct::CeBMwf1RzYalx3SIIc,window_10_0pct,1784125933.047264,0,0.0494968383428966,-0.0898614903238129,-0.0402763967045016,-0.1247836245549475,-0.0476052631772904,-0.2493483724816154,-0.2369446942364279,-0.3084716514946273,1.0,0.0,0.0,1.0,0.0,0.0,0.0,0.0,0.0,1.0
window_10_0pct::ChMCZj1zI2QgI7qKKi,window_10_0pct,1784124139.616557,0,-0.3879361854825908,-0.1858334951877857,1.1531235417489236,0.3319587692292318,0.9453317034191092,-0.1766529622928837,-0.1133802207087593,-0.5323672707253371,1.0,0.0,0.0,1.0,0.0,0.0,0.0,0.0,0.0,1.0
window_10_0pct::CWc54TsNPQQQRqcRi,window_10_0pct,1784124657.762383,0,0.0487726106869198,0.5786043870330755,0.8030445474137272,0.3670927995203225,0.6907324812149042,-0.2482709439936473,-0.2366390291530737,-0.1507528569510071,1.0,0.0,0.0,1.0,0.0,0.0,0.0,0.0,0.0,1.0
window_10_0pct::CeUHri4r2kvZY2ewSi,window_10_0pct,1784125212.910946,0,-0.2661064623032748,-0.1858334951877857,-0.4118967527883412,-0.2477527305737651,-0.378584252042757,-0.2487471738926661,-0.2366595652109991,-0.1883692173273388,1.0,0.0,0.0,1.0,0.0,0.0,0.0,0.0,0.0,1.0
window_10_0pct::C5mVLO1oo6HvkB2rf3,window_10_0pct,1784124289.871464,0,-0.389109828841067,-0.0030694163598724,-0.1931265917552777,-0.1072166094094022,-0.1494449520589724,0.1796989976741425,-0.0706902378920752,-0.1082258424215731,1.0,0.0,0.0,1.0,0.0,0.0,0.0,0.0,0.0,1.0
window_10_0pct::Cwq0p01gH7azm2nht8,window_10_0pct,1784126019.76616,0,0.095583047403377,-0.1877112083264286,1.3260280222935057,0.3143917540836864,1.0726313145212116,-0.2495335308667725,-0.2367190692102705,-0.5390407115257799,1.0,0.0,0.0,1.0,0.0,0.0,0.0,0.0,0.0,1.0
window_10_0pct::CRradA1SZFZaKiYj3f,window_10_0pct,1784124346.414281,0,-0.3897120601871988,-0.3631730693929528,-0.7368866463097827,-0.4585569123203094,-0.7095632409082235,5.008504724400122,5.094665696308897,4.119297628905474,0.0,1.0,1.0,0.0,0.0,0.0,0.0,0.0,0.0,1.0
window_10_0pct::C1TpNz3dcTZgqSOpYi,window_10_0pct,1784124167.549402,0,0.3843079178084891,0.2986164945820941,0.1433562768214063,0.050886526900506,0.130614192365653,-0.2491886540714308,-0.2369770993073949,-0.0454236081468027,1.0,0.0,0.0,1.0,0.0,0.0,0.0,0.0,0.0,1.0
window_10_0pct::C2Yd4e22WGche0uPl8,window_10_0pct,1784123928.025903,0,0.4862797845271241,-0.2790932477403853,-0.5955506702607468,-0.3180207911559465,-0.480423940924439,-0.2497254286666907,-0.2371132882391427,-0.1345913758465238,1.0,0.0,0.0,1.0,0.0,0.0,0.0,0.0,0.0,1.0
window_10_0pct::C1zXvX2XonIfjaCaIg,window_10_0pct,1784125376.450798,0,-0.3888416995695956,-0.1895889214650716,-0.4767545214457448,-0.2477527305737651,-0.429504096483598,-0.1036755594973267,-0.1658231182960265,-0.0957365241211927,1.0,0.0,0.0,1.0,0.0,0.0,0.0,0.0,0.0,1.0
window_10_0pct::CxCYLx21zpocEVEHI9,window_10_0pct,1784125377.921336,0,-0.3059772219873413,0.6388998422628323,2.157664795838013,0.98193832961441,1.887348825574668,-0.2412904124611582,-0.2324232742963768,-0.3474705217598327,1.0,0.0,0.0,1.0,0.0,0.0,0.0,0.0,0.0,1.0
window_10_0pct::CTufqzzdDR4DQlfph,window_10_0pct,1784125093.133704,0,-0.3891481955489409,-0.1895889214650716,-0.4767545214457448,-0.2653197457193104,-0.429504096483598,-0.0243745877006161,-0.1355730645559436,-0.0957365241211927,1.0,0.0,0.0,1.0,0.0,0.0,0.0,0.0,0.0,1.0
window_10_0pct::C68K9I37Oxm4SpJW3a,window_10_0pct,1784124225.873412,0,-0.3084870281146087,0.4279700663552748,0.6301400668691454,0.3143917540836864,0.5634328701128016,-0.2428615534119459,-0.2345136066517533,-0.1745534354936481,1.0,0.0,0.0,1.0,0.0,0.0,0.0,0.0,0.0,1.0
window_10_0pct::C08PRB4gO20QsEhn1i,window_10_0pct,1784125377.423663,0,-0.2630147824570084,0.486179173653206,2.432688927196921,0.9643713144688648,2.0655682811176113,-0.2450267962168784,-0.2340680176127789,-0.4051978079967052,1.0,0.0,0.0,1.0,0.0,0.0,0.0,0.0,0.0,1.0
window_10_0pct::CNlhvq4QQ8LKBIwisg,window_10_0pct,1784124244.768462,0,0.1178709234652683,-0.0938255513942814,-0.273726124767459,-0.1774846699915836,-0.225824718720234,-0.2494145360158373,-0.2370022798909797,-0.1661223843388066,1.0,0.0,0.0,1.0,0.0,0.0,0.0,0.0,0.0,1.0
window_10_0pct::CJzKzK2ftQBakLmC67,window_10_0pct,1784125343.585453,0,-0.3891655214161861,-0.0917392034624559,-0.5306291697638502,-0.2477527305737651,-0.4549640187040185,0.1089982375528387,-0.1236241347655993,0.3839847550518475,1.0,0.0,0.0,1.0,0.0,0.0,0.0,0.0,0.0,1.0
window_10_0pct::COC2KH360eZjOqd5a8,window_10_0pct,1784125417.394533,0,-0.3892530688205472,-0.1858334951877857,1.1531235417489236,0.3846598146658678,0.9453317034191092,0.0327985861051578,0.2722573784337821,-0.5323672707253371,1.0,0.0,0.0,1.0,0.0,0.0,0.0,0.0,0.0,1.0
window_10_0pct::CU3V5l2fVAg8h2YjT5,window_10_0pct,1784125411.88627,0,-0.335132493228809,-0.2761723606358297,-0.5815509095187786,-0.3180207911559465,-0.5058838631448596,-0.2485864382535392,-0.2363740271302331,-0.1628625156734081,1.0,0.0,0.0,1.0,0.0,0.0,0.0,0.0,0.0,1.0
window_10_0pct::COwjf7ot6YhaWPCl3,window_10_0pct,1784125030.183523,0,-0.3670007518860706,-0.2811795956722108,-0.6034321744113845,-0.3355878063014919,-0.53134378536528,-0.2470413188179787,-0.2354783305494691,-0.1185061041647506,1.0,0.0,0.0,1.0,0.0,0.0,0.0,0.0,0.0,1.0
window_10_0pct::CBvjwOMaGftYdIbc3,window_10_0pct,1784125377.438979,0,-0.2631787857216346,0.4949418349668731,2.018474458385242,0.683299072140139,1.6836694478113037,-0.2449717019341658,-0.2346685733689594,-0.3729773573202421,1.0,0.0,0.0,1.0,0.0,0.0,0.0,0.0,0.0,1.0
window_10_0pct::C0ao2q2Gubhwh3ZCOg,window_10_0pct,1784124440.976824,0,-0.3860714609978953,-0.0041125903257851,-0.2219546271526235,-0.1072166094094022,-0.2003647964998135,-0.1788647559485111,-0.2095902140058934,-0.0820135743341469,1.0,0.0,0.0,1.0,0.0,0.0,0.0,0.0,0.0,1.0
window_10_0pct::CaoGrpdhg9qjrDKcg,window_10_0pct,1784124551.235209,0,-0.3130879372483229,0.283386154679768,1.6095284883049867,0.4549278752480493,1.352690458945837,-0.2437776657644393,-0.2338553874254382,-0.3990957684247509,1.0,0.0,0.0,1.0,0.0,0.0,0.0,0.0,0.0,1.0
window_10_0pct::Cpn9ZA1TCWB4wmOg46,window_10_0pct,1784125405.107488,0,-0.1179931850087403,-0.3698493827747943,-0.7379063557416712,-0.4058558668836733,-0.684103318687803,-0.2497985998628026,-0.2370920265317329,-0.6040302242810942,1.0,0.0,0.0,0.0,1.0,0.0,0.0,0.0,0.0,1.0
window_10_0pct::CBRThP3rf2Ddh1bcl8,window_10_0pct,1784125316.686888,0,-0.3895920814922087,-0.3698493827747943,-0.7379063557416712,-0.4058558668836733,-0.684103318687803,-0.2497985998628026,-0.0789451315609925,-0.6040302242810942,1.0,0.0,0.0,0.0,1.0,0.0,0.0,0.0,0.0,1.0
window_10_0pct::Czoofr3ykImuHV2IZ,window_10_0pct,1784125052.557847,0,0.255898859339766,-0.1931357129491749,-0.3883372161224189,-0.2301857154282197,-0.3531243298223365,-0.2496052858460182,-0.2370587315559843,-0.2317642652638624,1.0,0.0,0.0,1.0,0.0,0.0,0.0,0.0,0.0,1.0
window_10_0pct::CrEckc3cSTjYjHCV23,window_10_0pct,1784125705.796802,0,-0.3041658628817948,0.1867882454362476,-0.0240672655267751,-0.00181451853613,-0.0221453409568699,-0.2452031083451135,-0.2356534059956943,-0.0297789512336855,1.0,0.0,0.0,1.0,0.0,0.0,0.0,0.0,0.0,1.0
window_10_0pct::CZJ9AN39BmT30m6Vki,window_10_0pct,1784126049.375441,0,0.0870871167796476,0.0895644318131795,-0.069593042871294,-0.00181451853613,-0.0476052631772904,-0.249118093162249,-0.2368916656856256,-0.0977944996475076,1.0,0.0,0.0,1.0,0.0,0.0,0.0,0.0,0.0,1.0
window_10_0pct::C1Ud4F3o7xXUSqZeAj,window_10_0pct,1784125847.394651,0,0.1129664220095659,0.3733077505414468,0.242459287233063,0.1211545874826874,0.232453881247335,-0.248754470641248,-0.2368390250971838,-0.0457839751482059,1.0,0.0,0.0,1.0,0.0,0.0,0.0,0.0,0.0,1.0
window_10_0pct::CgWYDo3eGJ4z6YuFId,window_10_0pct,1784124154.099536,0,-0.3881136822137592,-0.08798377718517,-0.5306291697638502,-0.2477527305737651,-0.4549640187040185,-0.1253231542938033,-0.198297991310578,0.3973262926572436,1.0,0.0,0.0,1.0,0.0,0.0,0.0,0.0,0.0,1.0
window_10_0pct::CEumrc4xfqmeccjUQg,window_10_0pct,1784124636.845097,0,-0.3894547876051841,-0.3698493827747943,-0.7379063557416712,-0.4058558668836733,-0.684103318687803,-0.2497985998628026,-0.1630847452705232,-0.6040302242810942,1.0,0.0,0.0,0.0,1.0,0.0,0.0,0.0,0.0,1.0
window_10_0pct::CKomofRYrbSFUh7we,window_10_0pct,1784124983.66418,0,0.0104430205212301,-0.0068248426371582,-0.1131856210845243,-0.1072166094094022,-0.0985251076181314,-0.2491578753424464,-0.2369114977404027,-0.1760950825225944,1.0,0.0,0.0,1.0,0.0,0.0,0.0,0.0,0.0,1.0
window_10_0pct::CqtEy63imj415NVwGi,window_10_0pct,1784125768.365394,0,0.3527924535201248,-0.010162999328079,1.4051617229973472,0.4022268298114132,1.1744710034028936,-0.249456471527748,-0.2368404497354197,-0.4804279729286865,1.0,0.0,0.0,1.0,0.0,0.0,0.0,0.0,0.0,1.0
window_10_0pct::CPny6zksIm5kTLWe7,window_10_0pct,1784125037.316425,0,-0.3854399475483416,0.074959996290401,0.2826315900601676,0.0333195117549606,0.232453881247335,-0.1762787245917697,-0.2047138041235222,-0.2830499121930592,1.0,0.0,0.0,1.0,0.0,0.0,0.0,0.0,0.0,1.0
window_10_0pct::CfAzV89MH8saCxxbi,window_10_0pct,1784124429.817944,0,-0.3890834076941589,-0.0917392034624559,-0.5306291697638502,-0.2653197457193104,-0.4549640187040185,0.0621994436403514,-0.1460277766695391,0.3839847550518475,1.0,0.0,0.0,1.0,0.0,0.0,0.0,0.0,0.0,1.0
window_10_0pct::CUQ6yBL6ptUQrDCC7,window_10_0pct,1784123976.111371,0,0.0438152562621904,-0.1839557820491427,-0.6587726550378294,-0.3355878063014919,-0.582263629806121,-0.2494957609047453,-0.237074182386957,1.1255035480474112,1.0,0.0,0.0,1.0,0.0,0.0,0.0,0.0,0.0,1.0
window_06_15pct::CLjsm31dQfP3TrGcQ7,window_06_15pct,1783710630.220272,1,-0.3895379474978769,-0.3531585993201904,-0.6852426123739334,-0.38828885173812794,-0.6077235520265416,-0.18244202440256024,-0.10056561820328798,-0.37072068314587064,1.0,0.0,0.0,1.0,0.0,0.0,0.0,0.0,0.0,1.0
window_10_0pct::CylxLXTCMaTrpHKnb,window_10_0pct,1784125397.551688,0,0.171359046188896,-0.1931357129491749,-0.4667486226453396,-0.2477527305737651,-0.4040441742631775,-0.2495761581569368,-0.2370516311995077,-0.1241235559232746,1.0,0.0,0.0,1.0,0.0,0.0,0.0,0.0,0.0,1.0
window_10_0pct::CQSKef2i2UrCGAnVN1,window_10_0pct,1784125935.750131,0,-0.389375588215725,-0.3698493827747943,-0.7379063557416712,-0.4058558668836733,-0.684103318687803,-0.2497985998628026,-0.180474935904246,-0.6040302242810942,1.0,0.0,0.0,0.0,1.0,0.0,0.0,0.0,0.0,1.0
window_10_0pct::CWgex22qanbdgsULul,window_10_0pct,1784125551.401029,0,-0.3893846834953878,-0.1793658165991267,-0.5497062337187629,-0.2477527305737651,-0.480423940924439,0.1600151039033068,-0.0478236472862332,0.1412699949909412,1.0,0.0,0.0,1.0,0.0,0.0,0.0,0.0,0.0,1.0
window_07_17pct::CPZTQ91cbvpdypHJo5,window_07_17pct,1783714378.754335,1,-0.3897129142040686,-0.36984938277479434,-0.7379063557416712,-0.4585569123203094,-0.7095632409082235,-0.24979859986280267,111.73122782240476,-0.6040302242810942,1.0,0.0,0.0,0.0,1.0,0.0,1.0,0.0,0.0,0.0
window_10_0pct::CxVSxSWMCn0ef4qwg,window_10_0pct,1784126023.525436,0,-0.3883593935423995,-0.187085303946881,-0.4767545214457448,-0.2653197457193104,-0.429504096483598,-0.1544362551793167,-0.1947752280789809,-0.0886768893967496,1.0,0.0,0.0,1.0,0.0,0.0,0.0,0.0,0.0,1.0
window_10_0pct::CGAaSx2fu4rgf23hC4,window_10_0pct,1784125520.010305,0,0.2264331316157194,-0.3698493827747943,-0.7379063557416712,-0.3882888517381279,-0.6586433964673826,-0.2497985998628026,-0.2371236112045378,-0.6040302242810942,1.0,0.0,0.0,0.0,1.0,0.0,0.0,0.0,0.0,1.0
window_10_0pct::CAJ6Lq4jz5acGy6o33,window_10_0pct,1784125941.499814,0,0.4101937882930938,0.1830328191589617,0.2941458090619078,0.1562886177737781,0.283373725688176,-0.2493104446627549,-0.2369472334012716,-0.2095141729810526,1.0,0.0,0.0,1.0,0.0,0.0,0.0,0.0,0.0,1.0
window_10_0pct::CPGjh82nhDbUR58kId,window_10_0pct,1784124080.824847,0,-0.3882836849468954,-0.279719152119933,-0.5573540544579261,-0.3180207911559465,-0.5058838631448596,-0.2052616696924787,-0.207055961659863,-0.2364441801772219,1.0,0.0,0.0,1.0,0.0,0.0,0.0,0.0,0.0,1.0
window_10_0pct::CsGGuY2ixuhxen6pcb,window_10_0pct,1784124536.894747,0,-0.3893694286190518,-0.1858334951877857,1.1531235417489236,0.3846598146658678,0.9453317034191092,0.1285198206312849,0.4448078971995836,-0.5323672707253371,1.0,0.0,0.0,1.0,0.0,0.0,0.0,0.0,0.0,1.0
window_10_0pct::C5pY3n4Zk1U6tV50Zi,window_10_0pct,1784124477.635991,0,0.2559795319083256,-0.3698493827747943,-0.7379063557416712,-0.3882888517381279,-0.6331834742469621,-0.2497985998628026,-0.2371253866079074,-0.6040302242810942,1.0,0.0,0.0,0.0,1.0,0.0,0.0,0.0,0.0,1.0
window_10_0pct::ChgAMjeTDcBdLEFbe,window_10_0pct,1784123976.016827,0,1.188433346214938,0.8354338174407939,0.778167886064949,0.5076289206846853,0.6907324812149042,-0.2492592053672097,-0.2369927526561057,-0.0185594707950674,1.0,0.0,0.0,1.0,0.0,0.0,0.0,0.0,0.0,1.0
window_10_0pct::CgBsNv2lpJIjJsoyQk,window_10_0pct,1784124696.268621,0,-0.1654764162151931,-0.2765896302221947,-0.5306929016033433,-0.3004537760104012,-0.480423940924439,-0.2495048669965039,-0.2369491911916723,-0.2726134829678401,1.0,0.0,0.0,1.0,0.0,0.0,0.0,0.0,0.0,1.0
window_10_0pct::CM56lH3CiIiXrONDk5,window_10_0pct,1784125458.44163,0,-0.0377201148656589,-0.0888183163579002,-0.3103931764224471,-0.195051685137129,-0.2512846409406545,-0.2492347218393121,-0.2369450808170769,-0.1199404598496144,1.0,0.0,0.0,1.0,0.0,0.0,0.0,0.0,0.0,1.0
window_10_0pct::CmB2GN1jrlvpsp83M3,window_10_0pct,1784125859.034316,0,-0.3896583318508801,-0.1895889214650716,-0.4767545214457448,-0.2301857154282197,-0.429504096483598,2.0808310541196704,0.9882098497294192,-0.0957365241211927,1.0,0.0,0.0,1.0,0.0,0.0,0.0,0.0,0.0,1.0
window_10_0pct::CGXh4P0WgbcSRPo55,window_10_0pct,1784126023.525096,0,-0.3883554864152204,-0.1891716518787065,1.1531235417489236,0.3846598146658678,0.9453317034191092,-0.155796208941996,-0.064579585973196,-0.5336672789531058,1.0,0.0,0.0,1.0,0.0,0.0,0.0,0.0,0.0,1.0
window_10_0pct::CeXAUy4v2KlDpvlw2k,window_10_0pct,1784124535.722122,0,0.6254935121500704,0.6220004240150457,2.1878099559182145,0.8941032538866832,1.887348825574668,-0.2491085885582206,-0.2367950667031704,-0.3543677885213884,1.0,0.0,0.0,1.0,0.0,0.0,0.0,0.0,0.0,1.0
window_10_0pct::CMBrvR3Y9Yo6gNvqka,window_10_0pct,1784124151.619539,0,0.0425322773939634,0.1909609412998986,0.0655609447469182,0.0860205571915967,0.079694347924812,-0.2488822729212889,-0.2368084520607223,-0.0900114668458471,1.0,0.0,0.0,1.0,0.0,0.0,0.0,0.0,0.0,1.0
window_10_0pct::C6kOq71I1dJBIYZuQd,window_10_0pct,1784125543.721805,0,0.8505793405911314,0.3605810281573113,-0.1360228635695256,-0.00181451853613,-0.0985251076181314,-0.2493826706068833,-0.2370583289600407,0.2896738596121381,1.0,0.0,0.0,1.0,0.0,0.0,0.0,0.0,0.0,1.0
window_10_0pct::CUHd7e3eNBvepJyxOj,window_10_0pct,1784125950.768345,0,0.3112505322748934,-0.1864593995673333,-0.3501406003195982,-0.195051685137129,-0.3022044853814955,-0.2496138241516371,-0.237053276900533,-0.2557530419433212,1.0,0.0,0.0,1.0,0.0,0.0,0.0,0.0,0.0,1.0
window_10_0pct::CjDGIg1Rrxm6Z0BvZ,window_10_0pct,1784125160.329091,0,0.8459927682656183,-0.1883371127059763,-0.4149983689770018,-0.2477527305737651,-0.3531243298223365,-0.2496948576281097,-0.2371121108996598,-0.1900865150240071,1.0,0.0,0.0,1.0,0.0,0.0,0.0,0.0,0.0,1.0
window_10_0pct::C1dJw61hlp89Vum4c1,window_10_0pct,1784125448.672819,0,0.2153689907860418,0.159248452736151,-0.0738418321708291,-0.0193815336816754,-0.0730651853977109,-0.2491810294829133,-0.236956967141661,-0.0172783725252804,1.0,0.0,0.0,1.0,0.0,0.0,0.0,0.0,0.0,1.0
window_10_0pct::Cf1eSzLtOjCtQKZUe,window_10_0pct,1784124205.035667,0,0.3163439422621863,0.0803845009131473,-0.2594714366675186,-0.1072166094094022,-0.2003647964998135,-0.2493482364056085,-0.2370202061041649,0.0889784642396494,1.0,0.0,0.0,1.0,0.0,0.0,0.0,0.0,0.0,1.0
window_10_0pct::CUGqIk1Uf695whGb1i,window_10_0pct,1784124321.651427,0,0.1124507986492385,-0.1883371127059763,-0.4118967527883412,-0.2126187002826743,-0.3531243298223365,-0.2495433148647634,-0.2370195936938222,-0.194024469122628,1.0,0.0,0.0,1.0,0.0,0.0,0.0,0.0,0.0,1.0
window_10_0pct::CZEPYx2IaeH73Zyin5,window_10_0pct,1784125069.062461,0,-0.3835653698440113,-0.3698493827747943,-0.7379063557416712,-0.4058558668836733,-0.684103318687803,-0.2497985998628026,-0.2340515018236043,-0.6040302242810942,1.0,0.0,0.0,0.0,1.0,0.0,0.0,0.0,0.0,1.0
window_10_0pct::Cj25DHalmzHRLitak,window_10_0pct,1784124679.407669,0,-0.3879360467048495,-0.1067609085715994,-0.5306291697638502,-0.2477527305737651,-0.4549640187040185,-0.1452300678462104,-0.2021832190454426,0.3306186046302633,1.0,0.0,0.0,1.0,0.0,0.0,0.0,0.0,0.0,1.0
window_10_0pct::C45HJT3bgT1uMWdcx3,window_10_0pct,1784125030.183323,0,-0.3669983499636244,-0.1925098085696273,-0.4118967527883412,-0.2301857154282197,-0.378584252042757,-0.2442846209023499,-0.2342155826054981,-0.2034498887814433,1.0,0.0,0.0,1.0,0.0,0.0,0.0,0.0,0.0,1.0
window_10_0pct::CirWzC3NEXxCb0jlJe,window_10_0pct,1784124346.193625,0,-0.1522289278819241,0.1853278018839697,-0.2558599657629138,-0.1247836245549475,-0.225824718720234,-0.2481475436062817,-0.2367597602070593,0.2441073289440834,1.0,0.0,0.0,1.0,0.0,0.0,0.0,0.0,0.0,1.0
window_10_0pct::CYHB9h1lEnMhbgZR6,window_10_0pct,1784125344.740578,0,-0.3877276986142611,-0.2782587085676551,1.1454757210097604,0.2616907086470503,0.9198717811986884,-0.2172150117739411,-0.1360128121648417,-0.5682164097021682,1.0,0.0,0.0,1.0,0.0,0.0,0.0,0.0,0.0,1.0
window_10_0pct::CVZXGJ28NVBCB2xQrd,window_10_0pct,1784124275.773154,0,0.3386649328282023,0.1792773928816758,0.6444797307550764,0.1914226480648689,0.5634328701128016,-0.2492661477730787,-0.2369129742271507,-0.3114942711161077,1.0,0.0,0.0,1.0,0.0,0.0,0.0,0.0,0.0,1.0
window_10_0pct::C2wh42hoT5gS9GVGf,window_10_0pct,1784124952.035819,0,0.1262868860843558,-0.1883371127059763,-0.447076728188492,-0.2301857154282197,-0.3531243298223365,-0.2495501601101675,-0.2370326889760038,-0.1444320704269579,1.0,0.0,0.0,1.0,0.0,0.0,0.0,0.0,0.0,1.0
window_10_0pct::CntIsqpaxXv6wSXP6,window_10_0pct,1784124622.576013,0,-0.384897326579719,-0.279719152119933,-0.5573540544579261,-0.3180207911559465,-0.5058838631448596,-0.2365801048600668,-0.2282268606583452,-0.2364441801772219,1.0,0.0,0.0,1.0,0.0,0.0,0.0,0.0,0.0,1.0
window_10_0pct::CWOJLbQsCYzZXc3gc,window_10_0pct,1784124713.995123,0,-0.0540256347805258,-0.1779053730468488,-0.4118967527883412,-0.2126187002826743,-0.378584252042757,-0.2493947645497765,-0.2369487672221689,-0.1704609199755897,1.0,0.0,0.0,1.0,0.0,0.0,0.0,0.0,0.0,1.0
window_10_0pct::CEOMfM2CcFjWLF9ARb,window_10_0pct,1784125705.424404,0,-0.3891886545981456,-0.1910493650173494,-0.5497062337187629,-0.2477527305737651,-0.480423940924439,-0.0089464881259255,-0.1186146172670439,0.0955560713554165,1.0,0.0,0.0,1.0,0.0,0.0,0.0,0.0,0.0,1.0
window_10_0pct::CtH0jM2hxV3Ta6guE1,window_10_0pct,1784124697.660102,0,-0.1788554551720375,-0.279719152119933,-0.6106338722740966,-0.3004537760104012,-0.53134378536528,-0.2494967116925196,-0.2369356623266114,-0.0825880722645864,1.0,0.0,0.0,1.0,0.0,0.0,0.0,0.0,0.0,1.0
window_10_0pct::C3dYb9WMFrbarEy36,window_10_0pct,1784124500.091761,0,0.3674965743768753,0.2923574507866176,0.0028063267927844,0.0684535420460513,0.0542344257043915,-0.2491809501334081,-0.2369666709305631,0.0543459082891476,1.0,0.0,0.0,1.0,0.0,0.0,0.0,0.0,0.0,1.0
window_10_0pct::CMcOrG2XP5AldH6vj2,window_10_0pct,1784125015.2022,0,-0.3189945314237887,-0.3698493827747943,-0.7379063557416712,-0.4058558668836733,-0.684103318687803,-0.2497985998628026,-0.2368919772381312,-0.6040302242810942,1.0,0.0,0.0,0.0,1.0,0.0,0.0,0.0,0.0,1.0
window_10_0pct::COhLxV1JQgn1t4jQul,window_10_0pct,1784124234.295739,0,-0.3893337520643176,-0.2745032822903692,-0.5573540544579261,-0.3180207911559465,-0.5058838631448596,-0.0722187303349351,-0.1236873227720226,-0.2151718396619515,1.0,0.0,0.0,1.0,0.0,0.0,0.0,0.0,0.0,1.0
window_10_0pct::C34HCc26nrqWoJrNm7,window_10_0pct,1784124990.65994,0,-0.3894905815872378,-0.0979982472579324,-0.5306291697638502,-0.2301857154282197,-0.4549640187040185,0.6135958234834507,0.0638423354802904,0.3617488590428541,1.0,0.0,0.0,1.0,0.0,0.0,0.0,0.0,0.0,1.0
window_10_0pct::CgK9AH1OoMSzxHHEP2,window_10_0pct,1784124862.379224,0,-0.0507805948548726,0.1688456532225483,-0.2711131193482449,-0.1247836245549475,-0.225824718720234,-0.2486760785262772,-0.2368802802707797,0.2458178821877129,1.0,0.0,0.0,1.0,0.0,0.0,0.0,0.0,0.0,1.0
window_10_0pct::CuYcUp13y4lfeQ8f6l,window_10_0pct,1784125308.741396,0,-0.3363800944482063,-0.3698493827747943,-0.7379063557416712,-0.4058558668836733,-0.684103318687803,-0.2497985998628026,-0.236803820976918,-0.6040302242810942,1.0,0.0,0.0,0.0,1.0,0.0,0.0,0.0,0.0,1.0
window_10_0pct::Ck1OgOnIt7zrOl3dk,window_10_0pct,1784126149.854938,0,0.2957967767602909,0.2815084415411251,-0.0637297136379355,0.1035875723371421,-0.0476052631772904,-0.2491275254532297,-0.2369322487486085,0.107469776038707,1.0,0.0,0.0,1.0,0.0,0.0,0.0,0.0,0.0,1.0
window_10_0pct::CKxvys4ai1ySV0GDI8,window_10_0pct,1784124043.692477,0,-0.1342000552999393,0.0974925539541164,0.8840477154093643,0.3143917540836864,0.7161924034353246,-0.2485068257128443,-0.2363203722339691,-0.3918361897502504,1.0,0.0,0.0,1.0,0.0,0.0,0.0,0.0,0.0,1.0
window_10_0pct::CUCT7iUuzhjpv34ce,window_10_0pct,1784124927.670059,0,0.8219692096680521,0.5798561957921708,0.933121231818995,0.5251959358302307,0.8434920145374271,-0.2492450395547035,-0.2369374951990853,-0.1854848903289753,1.0,0.0,0.0,1.0,0.0,0.0,0.0,0.0,0.0,1.0
window_10_0pct::CPj9jN154Weq783MKk,window_10_0pct,1784125703.487566,0,0.1801725323104343,-0.1038400214670438,-0.3243929371644153,-0.1599176548460383,-0.276744563161075,-0.2494689339900806,-0.237011396140739,-0.1303037466601287,1.0,0.0,0.0,1.0,0.0,0.0,0.0,0.0,0.0,1.0
window_10_0pct::CipwNI2YKGfGQlUf9,window_10_0pct,1784124784.212245,0,0.3172687571304476,0.0876867186745366,0.3898073001409411,0.0684535420460513,0.3088336479085966,-0.2493415307693743,-0.2369527645652267,-0.3052437020055756,1.0,0.0,0.0,1.0,0.0,0.0,0.0,0.0,0.0,1.0
window_10_0pct::C34cFr4FKyGqGUKcXb,window_10_0pct,1784125310.146911,0,-0.3896435360086115,-0.3698493827747943,-0.7379063557416712,-0.4058558668836733,-0.684103318687803,-0.2497985998628026,0.0383249410295402,-0.6040302242810942,1.0,0.0,0.0,0.0,1.0,0.0,0.0,0.0,0.0,1.0
window_10_0pct::CRvsat3fOaKeiR7h43,window_10_0pct,1784124225.167643,0,-0.3880459586759873,-0.1067609085715994,-0.5306291697638502,-0.2653197457193104,-0.4549640187040185,-0.1383354393615999,-0.2027450150116798,0.3306186046302633,1.0,0.0,0.0,1.0,0.0,0.0,0.0,0.0,0.0,1.0
window_10_0pct::CThPUu4BXh5wDwW9pa,window_10_0pct,1784124936.298179,0,-0.0121101558812514,-0.2790932477403853,-0.5955506702607468,-0.3355878063014919,-0.53134378536528,-0.2496288515545215,-0.2370611153085906,-0.1345913758465238,1.0,0.0,0.0,1.0,0.0,0.0,0.0,0.0,0.0,1.0
window_10_0pct::CqGg6P1UFJXypeOJQg,window_10_0pct,1784125310.14486,0,-0.3896215984502696,-0.1837471472559602,-0.4767545214457448,-0.2477527305737651,-0.429504096483598,1.1888923599130374,0.4431783579504508,-0.0792640430974921,1.0,0.0,0.0,1.0,0.0,0.0,0.0,0.0,0.0,1.0
window_10_0pct::CgkqPp2mPLeq0s9BWf,window_10_0pct,1784125146.793604,0,0.612396747119103,0.4696970249917847,2.0618121092405004,0.7887011630134111,1.7600492144725652,-0.2492069100263712,-0.2368188922976687,-0.3831943080554904,1.0,0.0,0.0,1.0,0.0,0.0,0.0,0.0,0.0,1.0
window_10_0pct::C7qxkp2M9Iye9n4ID2,window_10_0pct,1784124615.901108,0,0.1338716447593184,0.6474538687833168,0.4140891309877844,0.3143917540836864,0.3852134145698581,-0.2484263656714147,-0.2367514897527738,0.0463005457977554,1.0,0.0,0.0,1.0,0.0,0.0,0.0,0.0,0.0,1.0
window_10_0pct::CuiUiK2APMLevtqoV5,window_10_0pct,1784125384.250313,0,-0.0713132420699822,-0.0016089728075945,0.2954204458517683,0.1035875723371421,0.2579138034677555,-0.2489817853516233,-0.2366668763381168,-0.3415917648589125,1.0,0.0,0.0,1.0,0.0,0.0,0.0,0.0,0.0,1.0
window_10_0pct::CYF7Qq3TpAR1FVJR7i,window_10_0pct,1784124820.988519,0,-0.3891553052393816,-0.1900061910514367,1.1531235417489236,0.3319587692292318,0.9453317034191092,-0.0220290480618927,0.1572283362570564,-0.5339922810100481,1.0,0.0,0.0,1.0,0.0,0.0,0.0,0.0,0.0,1.0
window_10_0pct::Cb3tBdm1o7D5vhXi4,window_10_0pct,1784124251.708856,0,1.0440641215782676,-0.0041125903257851,-0.2150078566478836,-0.1072166094094022,-0.1239850298385519,-0.2496184426360208,-0.2370923823463039,-0.0889483476241185,1.0,0.0,0.0,1.0,0.0,0.0,0.0,0.0,0.0,1.0
window_10_0pct::CEZ3d22vEZsvZQspN2,window_10_0pct,1784125042.713497,0,0.1387889457928562,-0.2818055000517585,-0.5955506702607468,-0.3355878063014919,-0.53134378536528,-0.2496809429900842,-0.2370900372050695,-0.1486205828112352,1.0,0.0,0.0,1.0,0.0,0.0,0.0,0.0,0.0,1.0
window_10_0pct::CSMvqm2xWOLESPOrji,window_10_0pct,1784125587.478429,0,0.2626314266060295,-0.0938255513942814,-0.2313444515045961,-0.1423506397004929,-0.225824718720234,-0.2494997628946611,-0.2370231557128401,-0.2027585556331479,1.0,0.0,0.0,1.0,0.0,0.0,0.0,0.0,0.0,1.0
window_10_0pct::CJCu2p10vH9pCRFLlg,window_10_0pct,1784125713.90557,0,-0.3688545769804658,-0.2824314044313061,1.1454757210097604,0.2441236935015049,0.9198717811986884,-0.2468386465954156,-0.2277644158231335,-0.5698480185668119,1.0,0.0,0.0,1.0,0.0,0.0,0.0,0.0,0.0,1.0
window_10_0pct::ClPQmM2iWo6D62pq7d,window_10_0pct,1784125282.723379,0,0.963976917531678,0.4703229293713323,0.3692856478241865,0.1738556329193235,0.3597534923494376,-0.2493602570862529,-0.2370317283992493,-0.0452001779122477,1.0,0.0,0.0,1.0,0.0,0.0,0.0,0.0,0.0,1.0
window_10_0pct::CqD2MZ13DxDM4RDYcj,window_10_0pct,1784124559.94461,0,-0.3852100355317919,0.4567616678144666,-0.6461112629252148,0.050886526900506,-0.174904874279393,-0.1201489009498642,-0.2053087911289434,6.0261281425191,1.0,0.0,0.0,0.0,0.0,1.0,0.0,0.0,0.0,1.0
window_10_0pct::CA4Xkb2n2BeHOAusqg,window_10_0pct,1784125171.767802,0,-0.3894352412940775,-0.0053643990848804,-0.3967498189354985,-0.195051685137129,-0.3531243298223365,0.6771251655477006,0.0382931723555799,0.1827284817749646,1.0,0.0,0.0,1.0,0.0,0.0,0.0,0.0,0.0,1.0
window_10_0pct::Chmkyv4pgfi3zwLJEh,window_10_0pct,1784124220.128897,0,0.1855909063918811,-0.0938255513942814,-0.3338040054628856,-0.1774846699915836,-0.276744563161075,-0.2494597448156013,-0.237021129074277,-0.1010220651800624,1.0,0.0,0.0,1.0,0.0,0.0,0.0,0.0,0.0,1.0
window_10_0pct::CAlLGS7c8uQvGQ4Uk,window_10_0pct,1784124219.432815,0,-0.3695510811138081,0.0004773751242309,-0.2683301623570494,-0.1599176548460383,-0.2512846409406545,-0.2368262447886112,-0.2328939279550379,-0.023263090104859,1.0,0.0,0.0,1.0,0.0,0.0,0.0,0.0,0.0,1.0
window_10_0pct::CKNQU6oon68BVmHt5,window_10_0pct,1784124721.727588,0,-0.3885388118115249,-0.187085303946881,-0.4767545214457448,-0.2126187002826743,-0.429504096483598,-0.1398641661596478,-0.1760820792876,-0.0886768893967496,1.0,0.0,0.0,1.0,0.0,0.0,0.0,0.0,0.0,1.0
window_10_0pct::C81JPx2UF4egSN5S53,window_10_0pct,1784125867.738466,0,0.5691592287550209,0.669151887274302,1.449519083284494,0.5251959358302307,1.2253908478437343,-0.2490333204563368,-0.2368781956320114,-0.2542290534274715,1.0,0.0,0.0,1.0,0.0,0.0,0.0,0.0,0.0,1.0
window_10_0pct::CxTpCa2DoJUaHYNzui,window_10_0pct,1784124218.465185,0,-0.3897120922128314,-0.3631730693929528,-0.7368866463097827,-0.4585569123203094,-0.7095632409082235,5.203256699372822,5.292140811357222,4.119297628905474,0.0,1.0,1.0,0.0,0.0,0.0,0.0,0.0,0.0,1.0
window_10_0pct::C2VuDe1yAD8jSsur3l,window_10_0pct,1784125867.349846,0,-0.3883475333831207,-0.0967464384988371,-0.5306291697638502,-0.2477527305737651,-0.4549640187040185,-0.1085371460601433,-0.1916418222823809,0.3661960382446528,1.0,0.0,0.0,1.0,0.0,0.0,0.0,0.0,0.0,1.0
window_10_0pct::CtGLgw40PB8BE6vtV3,window_10_0pct,1784125650.394712,0,0.2337831317283964,0.0862262751222587,-0.2194690854123955,-0.1072166094094022,-0.2003647964998135,-0.2492819838904288,-0.2370013760444798,0.0438064634701683,1.0,0.0,0.0,1.0,0.0,0.0,0.0,0.0,0.0,1.0
window_10_0pct::CHwR8RbUMISZT0oo5,window_10_0pct,1784125043.691844,0,-0.1319336653309747,0.0901903361927272,0.0280866231250184,-0.00181451853613,0.0542344257043915,-0.2485381894773506,-0.2366616292454395,-0.1617463015926974,1.0,0.0,0.0,1.0,0.0,0.0,0.0,0.0,0.0,1.0
window_10_0pct::Cocl201gQRZUfscbt3,window_10_0pct,1784125737.508159,0,0.8287741121631842,0.3708041330232562,0.8967303514684767,0.3670927995203225,0.7416523256557451,-0.2493693018942588,-0.2369740658174819,-0.2703497038978257,1.0,0.0,0.0,1.0,0.0,0.0,0.0,0.0,0.0,1.0
window_10_0pct::CHWEr52rnLwYsZPup2,window_10_0pct,1784125037.317408,0,-0.3854503238533092,-0.2811795956722108,-0.5815509095187786,-0.3355878063014919,-0.5058838631448596,-0.2351072268014836,-0.2281892806666242,-0.1864438631268256,1.0,0.0,0.0,1.0,0.0,0.0,0.0,0.0,0.0,1.0
window_10_0pct::CJ0KIm1ThLBtCpxc39,window_10_0pct,1784125831.407722,0,0.2226729060133845,0.4809633038236423,0.9502438526961215,0.5251959358302307,0.8434920145374271,-0.2488173638702368,-0.2367173878868043,-0.232871167939606,1.0,0.0,0.0,1.0,0.0,0.0,0.0,0.0,0.0,1.0
window_10_0pct::CcqFM32l3l7QOahJ29,window_10_0pct,1784124940.837068,0,-0.3885671011203356,0.1577880091838732,1.5257636072646517,0.6130310115579575,1.301770614504996,0.0754161787434221,0.0215359147132971,-0.4323734141657531,1.0,0.0,0.0,1.0,0.0,0.0,0.0,0.0,0.0,1.0
window_10_0pct::Cw5ruH2t5qAbo1YZH5,window_10_0pct,1784125980.429605,0,0.1629521147982063,0.0889385274336319,-0.030950304192022,-0.0193815336816754,-0.0221453409568699,-0.2492123069880225,-0.2369374821530768,-0.1261168822441622,1.0,0.0,0.0,1.0,0.0,0.0,0.0,0.0,0.0,1.0
window_10_0pct::CYOdBU1YPHudVHECMl,window_10_0pct,1784123974.085331,0,0.4174275460345857,-0.3698493827747943,-0.7379063557416712,-0.3882888517381279,-0.6331834742469621,-0.2497985998628026,-0.2371327921989355,-0.6040302242810942,1.0,0.0,0.0,0.0,1.0,0.0,0.0,0.0,0.0,1.0
window_10_0pct::CLPC3T2ANPQzpCuSta,window_10_0pct,1784124167.940788,0,0.1152202579305451,0.095823475608656,0.5340961847531539,0.1211545874826874,0.4361332590106991,-0.2491472540052159,-0.2368404685682798,-0.3344249706740599,1.0,0.0,0.0,1.0,0.0,0.0,0.0,0.0,0.0,1.0
window_10_0pct::CqYxQO3auZgpMAwlAf,window_10_0pct,1784125851.015866,0,-0.3793265745382856,-0.0850628900806143,-0.2555413065654486,-0.1247836245549475,-0.225824718720234,-0.2304334996116581,-0.2279558459813255,-0.1692527004718289,1.0,0.0,0.0,1.0,0.0,0.0,0.0,0.0,0.0,1.0
window_10_0pct::CZ5I2JlOEy5OYYnH3,window_10_0pct,1784125115.47301,0,0.2818915566595666,0.0029809926424215,-0.2082097937686274,-0.0896495942638568,-0.1494449520589724,-0.2494065310015079,-0.2370057922522274,-0.0856966108755204,1.0,0.0,0.0,1.0,0.0,0.0,0.0,0.0,0.0,1.0
window_10_0pct::Cdhnq54VqN51X3zBGj,window_10_0pct,1784125045.298961,0,-0.3890905494102322,-0.0917392034624559,-0.5306291697638502,-0.2653197457193104,-0.4549640187040185,0.0657794157023645,-0.1449820667749293,0.3839847550518475,1.0,0.0,0.0,1.0,0.0,0.0,0.0,0.0,0.0,1.0
window_10_0pct::CmjR5P3q42QBS9ujYe,window_10_0pct,1784124726.671508,0,-0.3897116758796074,-0.3631730693929528,-0.7368866463097827,-0.4585569123203094,-0.7095632409082235,3.4310137271212455,3.49511726441746,4.119297628905474,0.0,1.0,1.0,0.0,0.0,0.0,0.0,0.0,0.0,1.0
window_10_0pct::C8TJNjZMUJSpwIiWe,window_10_0pct,1784125106.774633,0,-0.145910345293276,-0.1731067728036502,-0.6610245133665831,-0.3355878063014919,-0.582263629806121,-0.2492286656288716,-0.2370055242373618,1.2800409956100638,1.0,0.0,0.0,1.0,0.0,0.0,0.0,0.0,0.0,1.0
window_10_0pct::CWpIcU3ZVYhUxgomkj,window_10_0pct,1784125548.224156,0,0.9088299737906532,0.5172657578374059,0.7512093179593987,0.3670927995203225,0.6907324812149042,-0.249316109827322,-0.2369856773361534,-0.1653096337263473,1.0,0.0,0.0,1.0,0.0,0.0,0.0,0.0,0.0,1.0
window_10_0pct::C6LAPPl2wTfvGnIM9,window_10_0pct,1784124440.972332,0,-0.3860231770191213,0.357451506259573,-0.0649831064812984,0.0157524966094153,-0.0476052631772904,-0.1105860690663122,-0.2008805568943194,0.1919046455714509,1.0,0.0,0.0,1.0,0.0,0.0,0.0,0.0,0.0,1.0
window_10_0pct::CQI6Tz2sqp8E1fDvIc,window_10_0pct,1784124081.591319,0,-0.3034825319586686,-0.3698493827747943,-0.7379063557416712,-0.4058558668836733,-0.684103318687803,-0.2497985998628026,-0.2369406254130232,-0.6040302242810942,1.0,0.0,0.0,0.0,1.0,0.0,0.0,0.0,0.0,1.0
window_10_0pct::CK1CQ51JaBZMdcpSr9,window_10_0pct,1784125459.254045,0,0.6927083440982212,-0.2790932477403853,-0.5955506702607468,-0.3180207911559465,-0.480423940924439,-0.2497393831450453,-0.237122656249067,-0.1345913758465238,1.0,0.0,0.0,1.0,0.0,0.0,0.0,0.0,0.0,1.0
window_10_0pct::C2HRDP8LYkLw01Vjf,window_10_0pct,1784125134.373046,0,-0.3881333886530289,-0.0967464384988371,-0.5306291697638502,-0.2653197457193104,-0.4549640187040185,-0.1276881994324136,-0.2008399931490848,0.3661960382446528,1.0,0.0,0.0,1.0,0.0,0.0,0.0,0.0,0.0,1.0
window_10_0pct::CAkjWB2uUgIkjrN0X9,window_10_0pct,1784124081.59144,0,-0.3034836315053884,-0.3698493827747943,-0.7379063557416712,-0.4058558668836733,-0.684103318687803,-0.2497985998628026,-0.2369406225849539,-0.6040302242810942,1.0,0.0,0.0,0.0,1.0,0.0,0.0,0.0,0.0,1.0
window_10_0pct::CVtolw14lcaxB1GRfa,window_10_0pct,1784124763.893048,0,0.2658508887264335,0.3499406537050012,1.80801068043277,0.6130310115579575,1.5054499922683602,-0.2490231468174256,-0.2367102328756906,-0.3958206882680424,1.0,0.0,0.0,1.0,0.0,0.0,0.0,0.0,0.0,1.0
window_10_0pct::CxnojU2PU6e8cq4JPj,window_10_0pct,1784124181.691048,0,0.3608900813510098,-0.0819333681828761,-0.3322744413150529,-0.1599176548460383,-0.276744563161075,-0.2495276928962041,-0.2370477547116269,-0.0813288799624314,1.0,0.0,0.0,1.0,0.0,0.0,0.0,0.0,0.0,1.0
window_10_0pct::C3cKtN2Bvb6eOKHO4h,window_10_0pct,1784125583.233181,0,0.1926555047418957,-0.0894442207374478,-0.2822024594200316,-0.1774846699915836,-0.2512846409406545,-0.2494585419959936,-0.2370228429256125,-0.1508972426543016,1.0,0.0,0.0,1.0,0.0,0.0,0.0,0.0,0.0,1.0
window_10_0pct::C1PjFMJHwSe1A6ZI5,window_10_0pct,1784124380.597852,0,0.7575500659943204,-0.0074507470167059,-0.1971204536968407,-0.0720825791183115,-0.0985251076181314,-0.2495755056897072,-0.2370665589782443,-0.1105306421815386,1.0,0.0,0.0,1.0,0.0,0.0,0.0,0.0,0.0,1.0
window_10_0pct::C7riXs4vSjZ1GAbQa3,window_10_0pct,1784125969.599941,0,-0.3886867168581561,-0.279719152119933,-0.5955506702607468,-0.3355878063014919,-0.53134378536528,-0.1877708261564359,-0.1998912493389224,-0.1378288851460726,1.0,0.0,0.0,1.0,0.0,0.0,0.0,0.0,0.0,1.0
window_10_0pct::CZw1Nwugq88Q1aGQ8,window_10_0pct,1784124038.802297,0,-0.3292572201220416,-0.3698493827747943,-0.7379063557416712,-0.4058558668836733,-0.684103318687803,-0.2497985998628026,-0.2368460698130557,-0.6040302242810942,1.0,0.0,0.0,0.0,1.0,0.0,0.0,0.0,0.0,1.0
window_10_0pct::CUnKljDyvPkUkYzy8,window_10_0pct,1784124047.617182,0,-0.3579046182062749,-0.3698493827747943,-0.7379063557416712,-0.4058558668836733,-0.684103318687803,-0.2497985998628026,-0.2365611658061623,-0.6040302242810942,1.0,0.0,0.0,0.0,1.0,0.0,0.0,0.0,0.0,1.0
window_10_0pct::CJvkNx4LKJYf1mr6i1,window_10_0pct,1784125995.238846,0,-0.3055490286040553,0.1721838099134691,-0.261935734461249,-0.1072166094094022,-0.225824718720234,-0.2452501380379466,-0.235969451909551,0.2345970998262269,1.0,0.0,0.0,1.0,0.0,0.0,0.0,0.0,0.0,1.0
window_10_0pct::CdHQOA3GVSB37Njj8k,window_10_0pct,1784125798.319829,0,-0.3897118573581922,-0.3631730693929528,-0.7368866463097827,-0.4585569123203094,-0.7095632409082235,4.03852644128366,4.111124589320634,4.119297628905474,0.0,1.0,1.0,0.0,0.0,0.0,0.0,0.0,0.0,1.0
window_10_0pct::CdJKWzABAx7w1qVgg,window_10_0pct,1784125913.624728,0,1.3285605516321997,0.6247126763264189,0.4778847023203042,0.296824738938141,0.4615931812311196,-0.2493898060984679,-0.2370399787496136,-0.0015982545384732,1.0,0.0,0.0,1.0,0.0,0.0,0.0,0.0,0.0,1.0
window_10_0pct::CPutLB2y869nnljxO4,window_10_0pct,1784125372.095153,0,-0.3886786890995804,-0.1812435297377696,-0.4767545214457448,-0.2653197457193104,-0.429504096483598,-0.1210072101897271,-0.1816896048025714,-0.072204408373049,1.0,0.0,0.0,1.0,0.0,0.0,0.0,0.0,0.0,1.0
window_10_0pct::CtNtnt2brdbFoVwqmh,window_10_0pct,1784125960.654966,0,-0.3210863603445747,0.2990337641684592,0.1715682377703195,0.0860205571915967,0.130614192365653,-0.2429148915120862,-0.2349330027647427,-0.0624133398733269,1.0,0.0,0.0,1.0,0.0,0.0,0.0,0.0,0.0,1.0
window_10_0pct::Caja1A2mrXkcr1F134,window_10_0pct,1784124037.881404,0,0.6014043757321178,0.1888745933680731,-0.2987727376882185,-0.0720825791183115,-0.225824718720234,-0.2494004588594689,-0.2370514581190214,0.3329324056513745,1.0,0.0,0.0,1.0,0.0,0.0,0.0,0.0,0.0,1.0
window_10_0pct::CWe8Er3AHDwUPBWR92,window_10_0pct,1784125922.377145,0,0.053865326785506,0.4402795191530452,0.4470809798986745,0.2441236935015049,0.3852134145698581,-0.2485087222078566,-0.2367204881521294,-0.1005582643830953,1.0,0.0,0.0,1.0,0.0,0.0,0.0,0.0,0.0,1.0
window_10_0pct::CBeZls1VqOdOzkfjH,window_10_0pct,1784124983.668068,0,0.0104016434038903,-0.2790932477403853,-0.5306929016033433,-0.3004537760104012,-0.480423940924439,-0.2496384021678759,-0.237042915613456,-0.2815105766943704,1.0,0.0,0.0,1.0,0.0,0.0,0.0,0.0,0.0,1.0
window_10_0pct::CyRCn02DNc4D6XQD41,window_10_0pct,1784125204.266057,0,0.2937036988398328,-0.1837471472559602,-0.4767545214457448,-0.2477527305737651,-0.4040441742631775,-0.2496062770950031,-0.2370714627228563,-0.0792640430974921,1.0,0.0,0.0,1.0,0.0,0.0,0.0,0.0,0.0,1.0
window_10_0pct::C9Ct79FO6mINF7xp6,window_10_0pct,1784124421.073034,0,-0.3892245233066755,-0.3698493827747943,-0.7379063557416712,-0.4058558668836733,-0.684103318687803,-0.2497985998628026,-0.1980074892519519,-0.6040302242810942,1.0,0.0,0.0,0.0,1.0,0.0,0.0,0.0,0.0,1.0
window_10_0pct::CMdJdc2xz2oUXVCXOj,window_10_0pct,1784124378.467766,0,-0.0917064817063146,0.0895644318131795,8.710164108199476e-05,0.0333195117549606,0.0033145812635505,-0.2487098126317514,-0.2366971409227728,-0.1455910792905175,1.0,0.0,0.0,1.0,0.0,0.0,0.0,0.0,0.0,1.0
window_10_0pct::CXaof92aqr6JBg7XFg,window_10_0pct,1784125048.345589,0,0.2692410474686804,-0.1038400214670438,-0.2680115031595843,-0.1774846699915836,-0.2512846409406545,-0.2495134937766314,-0.2370390638147087,-0.1871423574922283,1.0,0.0,0.0,1.0,0.0,0.0,0.0,0.0,0.0,1.0
window_10_0pct::CwTjyU2KyJTz6kKSV5,window_10_0pct,1784124500.099065,0,0.3674188801921489,0.2923574507866176,1.8535364577772888,0.736000117576775,1.5818297589296215,-0.2491808867523828,-0.2367266880137883,-0.4158425716778513,1.0,0.0,0.0,1.0,0.0,0.0,0.0,0.0,0.0,1.0
window_10_0pct::CZjEHP189YI2zLCBQi,window_10_0pct,1784125580.715868,0,-0.3326883503236151,-0.2790932477403853,-0.5940211061129143,-0.3355878063014919,-0.53134378536528,-0.2486745686678723,-0.2364916617005835,-0.1395809827386539,1.0,0.0,0.0,1.0,0.0,0.0,0.0,0.0,0.0,1.0
window_10_0pct::CXHpVj4TcsDRgN8yEc,window_10_0pct,1784126095.237377,0,-0.3146919837587355,-0.1731067728036502,-0.6607270981156157,-0.3355878063014919,-0.582263629806121,-0.2479464317443152,-0.2366525638015425,1.2727826034585843,1.0,0.0,0.0,1.0,0.0,0.0,0.0,0.0,0.0,1.0
window_10_0pct::CTCAuB2VK7EN83vRb7,window_10_0pct,1784125422.872005,0,-0.2788638410302004,0.0716218395994803,-0.0210506251241052,-0.00181451853613,-0.0221453409568699,-0.2469858258898178,-0.2359978458397648,-0.1505060678043975,1.0,0.0,0.0,1.0,0.0,0.0,0.0,0.0,0.0,1.0
window_10_0pct::C9KL8gL2s50HWLY5l,window_10_0pct,1784124197.986357,0,-0.3892816677104732,-0.1891716518787065,1.1531235417489236,0.2792577237925956,0.9453317034191092,0.0460712556328705,0.2395228977928449,-0.5336672789531058,1.0,0.0,0.0,1.0,0.0,0.0,0.0,0.0,0.0,1.0
window_10_0pct::CczXR6M5LzVFRPgP9,window_10_0pct,1784123997.782385,0,-0.0566457692121552,-0.27784143898129,-0.5815509095187786,-0.3355878063014919,-0.5058838631448596,-0.2496034994696928,-0.2370475708311008,-0.1707229648245473,1.0,0.0,0.0,1.0,0.0,0.0,0.0,0.0,0.0,1.0
window_10_0pct::Cp3Mwj2k3YHAf0v2L5,window_10_0pct,1784124333.533038,0,0.0897179477725706,-0.0988327864306626,-0.2962022201619998,-0.2126187002826743,-0.276744563161075,-0.2493993594183804,-0.2370128218698407,-0.1521886472131232,1.0,0.0,0.0,1.0,0.0,0.0,0.0,0.0,0.0,1.0
window_10_0pct::CZ4OaF1pb2bTLvsVpf,window_10_0pct,1784124255.764435,0,-0.2251966950202495,-0.3698493827747943,-0.7379063557416712,-0.4058558668836733,-0.684103318687803,-0.2497985998628026,-0.2370461626498369,-0.6040302242810942,1.0,0.0,0.0,0.0,1.0,0.0,0.0,0.0,0.0,1.0
window_10_0pct::C2YIGv1MlsrdDlmTi,window_10_0pct,1784124904.794718,0,-0.215408530120467,-0.2749205518767343,-0.5306929016033433,-0.3004537760104012,-0.480423940924439,-0.249413959917073,-0.236888111471463,-0.2666820871501532,1.0,0.0,0.0,1.0,0.0,0.0,0.0,0.0,0.0,1.0
window_10_0pct::Cra0W2161psirmndj6,window_10_0pct,1784125654.652394,0,-0.1388382636204401,-0.0157961387440079,-0.2219546271526235,-0.0720825791183115,-0.2003647964998135,-0.2488018724728165,-0.2367240783060024,-0.0986895197973693,1.0,0.0,0.0,1.0,0.0,0.0,0.0,0.0,0.0,1.0
window_10_0pct::CvjDZJ2sD2QQauSLli,window_10_0pct,1784124524.376943,0,0.7466033845098673,-0.188963017085524,-0.4761596909438099,-0.195051685137129,-0.3531243298223365,-0.2496861727002173,-0.2370950886765392,-0.0951306513958966,1.0,0.0,0.0,1.0,0.0,0.0,0.0,0.0,0.0,1.0
window_10_0pct::CvVA1sYdBXhwZBzf1,window_10_0pct,1784124960.111954,0,0.1084950352093615,0.1899177673339858,1.6995815775086336,0.5076289206846853,1.4290702256070986,-0.2490050734488534,-0.2366249956873646,-0.4349067835605027,1.0,0.0,0.0,1.0,0.0,0.0,0.0,0.0,0.0,1.0
window_10_0pct::CJvN0z4zbgC3vEnnx8,window_10_0pct,1784126034.778308,0,0.1863057612127123,0.194925002370367,-0.1377436232358374,0.0333195117549606,-0.0985251076181314,-0.2491061265123078,-0.2369217004631337,0.0889698027415788,1.0,0.0,0.0,1.0,0.0,0.0,0.0,0.0,0.0,1.0
window_10_0pct::C9ig71iKpJBRHxbIl,window_10_0pct,1784124108.945852,0,0.0037196659619492,-0.2790932477403853,-0.5815509095187786,-0.3355878063014919,-0.5058838631448596,-0.2496356814037055,-0.2370651909158497,-0.1766183016879016,1.0,0.0,0.0,1.0,0.0,0.0,0.0,0.0,0.0,1.0
window_10_0pct::C30fnpq2qxS00Kl6l,window_10_0pct,1784125610.568486,0,-0.3886095991348169,-0.0913219338760908,-0.3407507759676255,-0.195051685137129,-0.3022044853814955,-0.0715129809694148,-0.1678301250527024,-0.0875820343002839,1.0,0.0,0.0,1.0,0.0,0.0,0.0,0.0,0.0,1.0
window_10_0pct::CBWG4s2aktlqvYbwF6,window_10_0pct,1784125967.100567,0,-0.2534357662886297,0.2656521972592513,1.186094146713316,0.4373608601025039,0.99625154785995,-0.2465050963415496,-0.2353380436170846,-0.3607822036641586,1.0,0.0,0.0,1.0,0.0,0.0,0.0,0.0,0.0,1.0
window_10_0pct::CSV7q6E2ebkZrQDBf,window_10_0pct,1784124380.599681,0,0.7575330390329795,0.1867882454362476,-0.076072446553085,0.050886526900506,-0.0221453409568699,-0.2494559262371477,-0.237037385073852,0.0153427665137084,1.0,0.0,0.0,1.0,0.0,0.0,0.0,0.0,0.0,1.0
window_10_0pct::C8G1i34x3O5xNXKhac,window_10_0pct,1784124346.191209,0,-0.1522033821023075,-0.0913219338760908,-0.3645652399915199,-0.1599176548460383,-0.3022044853814955,-0.248970368735423,-0.2368000641629084,-0.0546410146150214,1.0,0.0,0.0,1.0,0.0,0.0,0.0,0.0,0.0,1.0
window_10_0pct::CAqGOt1rNvEeSnoXyf,window_10_0pct,1784126013.347208,0,-0.0268650907417525,-0.2782587085676551,-0.5815509095187786,-0.3180207911559465,-0.5058838631448596,-0.2496203244906017,-0.2370438195165933,-0.172688077112332,1.0,0.0,0.0,1.0,0.0,0.0,0.0,0.0,0.0,1.0
window_10_0pct::CtA3Xl2W3idrolREmf,window_10_0pct,1784125457.431041,0,-0.2004784150495566,-0.0856887944601619,-0.3410057033255976,-0.1599176548460383,-0.276744563161075,-0.2487380573079322,-0.2367076272491491,-0.0767986118955551,1.0,0.0,0.0,1.0,0.0,0.0,0.0,0.0,0.0,1.0
window_10_0pct::C7XQ8C1q1iv8uUcixe,window_10_0pct,1784125580.710948,0,-0.332635999089499,-0.0091198253621663,1.3696418444532334,0.4373608601025039,1.1235511589620526,-0.2453349966552278,-0.2328065449625276,-0.4779803281506727,1.0,0.0,0.0,1.0,0.0,0.0,0.0,0.0,0.0,1.0
window_10_0pct::CzE0E744ZR7aaYZov,window_10_0pct,1784125148.80251,0,-0.2561043768528286,-0.3698493827747943,-0.7379063557416712,-0.4058558668836733,-0.684103318687803,-0.2497985998628026,-0.2370192711434346,-0.6040302242810942,1.0,0.0,0.0,0.0,1.0,0.0,0.0,0.0,0.0,1.0
window_10_0pct::CK8E9s18ZaDqSBdWwe,window_10_0pct,1784125724.997709,0,-0.3897119214094575,-0.3631730693929528,-0.7368866463097827,-0.4585569123203094,-0.7095632409082235,4.3037836603236475,4.380090795463925,4.119297628905474,0.0,1.0,1.0,0.0,0.0,0.0,0.0,0.0,0.0,1.0
window_10_0pct::Cdjpftaglkktv7C46,window_10_0pct,1784125384.487431,0,-0.3875238554626606,-0.0938255513942814,-0.3322744413150529,-0.1423506397004929,-0.276744563161075,-0.1607462544621004,-0.1956651327670187,-0.1029187180973327,1.0,0.0,0.0,1.0,0.0,0.0,0.0,0.0,0.0,1.0
window_10_0pct::Cyhleu3BgAiUbRBdbi,window_10_0pct,1784124679.452669,0,-0.3884201568426829,-0.2788846129472028,-0.5955506702607468,-0.3355878063014919,-0.53134378536528,-0.2001043052985151,-0.2075761199168984,-0.1335122060800076,1.0,0.0,0.0,1.0,0.0,0.0,0.0,0.0,0.0,1.0
window_10_0pct::CpdH2220GwpfIHHCMg,window_10_0pct,1784125950.770297,0,0.3112297476393256,0.1913782108862637,1.482256004837412,0.5251959358302307,1.2253908478437343,-0.2492331147642096,-0.2367736118152072,-0.4178674762377075,1.0,0.0,0.0,1.0,0.0,0.0,0.0,0.0,0.0,1.0
window_10_0pct::CEepAP3fp23gyntfw3,window_10_0pct,1784124596.391231,0,-0.2662257257591366,-0.1883371127059763,-0.454278426051204,-0.2126187002826743,-0.378584252042757,-0.2487604773608843,-0.2365816441147744,-0.1327631238903676,1.0,0.0,0.0,1.0,0.0,0.0,0.0,0.0,0.0,1.0
window_10_0pct::CWTrhl1PcFAsYw52R9,window_10_0pct,1784125468.118008,0,0.3369895545587431,0.5504386899534314,0.8868306724005598,0.4549278752480493,0.8180320923170066,-0.2489041998398434,-0.236813710678818,-0.1868942040359142,1.0,0.0,0.0,1.0,0.0,0.0,0.0,0.0,0.0,1.0
window_10_0pct::CFOyRf26d6m1Jk6LA7,window_10_0pct,1784125128.475997,0,-0.2603633803327351,-0.27784143898129,-0.5955506702607468,-0.3180207911559465,-0.53134378536528,-0.2492962283748326,-0.2368297432527762,-0.1281163572474263,1.0,0.0,0.0,1.0,0.0,0.0,0.0,0.0,0.0,1.0
window_10_0pct::C33oEX1LX8mQ6E35sl,window_10_0pct,1784125410.458674,0,-0.3836613826905938,-0.1845816864286904,-0.4767545214457448,-0.2653197457193104,-0.429504096483598,-0.2281765926887099,-0.2276816146770278,-0.0816172546723065,1.0,0.0,0.0,1.0,0.0,0.0,0.0,0.0,0.0,1.0
window_10_0pct::C0upBE4x3grOENfQ5j,window_10_0pct,1784124041.301236,0,-0.3897121669393076,-0.3631730693929528,-0.7368866463097827,-0.4585569123203094,-0.7095632409082235,5.719086254705923,5.815183007971707,4.119297628905474,0.0,1.0,1.0,0.0,0.0,0.0,0.0,0.0,0.0,1.0
window_10_0pct::CZurGt3V6LsLPr3Ddd,window_10_0pct,1784124441.372324,0,-0.2679385206427021,-0.2788846129472028,-0.6106338722740966,-0.3004537760104012,-0.53134378536528,-0.2492710278281696,-0.236769786974705,-0.0777599041903595,1.0,0.0,0.0,1.0,0.0,0.0,0.0,0.0,0.0,1.0
window_10_0pct::CGOPHKH2p7bYeQfo7,window_10_0pct,1784125506.470781,0,-0.3892428739941645,-0.1900061910514367,1.1531235417489236,0.3846598146658678,0.9453317034191092,0.0204006926766757,0.2612094416119281,-0.5339922810100481,1.0,0.0,0.0,1.0,0.0,0.0,0.0,0.0,0.0,1.0
window_10_0pct::Cs9Etc1NB9bjmXUFc1,window_10_0pct,1784125805.580425,0,-0.2107258381962626,0.0889385274336319,-0.007050864382137,-0.0193815336816754,0.0033145812635505,-0.2479882819135716,-0.2364678920703799,-0.1417444985036538,1.0,0.0,0.0,1.0,0.0,0.0,0.0,0.0,0.0,1.0
window_10_0pct::CvaWjm11r6qsWN8GAl,window_10_0pct,1784125857.704399,0,-0.350547444351892,-0.2740860127040042,-0.1220868346670504,-0.195051685137129,-0.1239850298385519,-0.248071727352611,-0.235209203965285,-0.4895122532985458,1.0,0.0,0.0,1.0,0.0,0.0,0.0,0.0,0.0,1.0
window_10_0pct::CrQaQw3gV3q7vd9Ilj,window_10_0pct,1784124022.952346,0,0.6506851202956161,0.0042328014015168,-0.1337922491872697,-0.0720825791183115,-0.0730651853977109,-0.249544659255608,-0.2370567135988448,-0.1480191044794509,1.0,0.0,0.0,1.0,0.0,0.0,0.0,0.0,0.0,1.0
window_10_0pct::C4grG51URrFot8pG8g,window_10_0pct,1784124154.122678,0,-0.388360354311378,-0.1833298776695951,1.1531235417489236,0.2616907086470503,0.9453317034191092,-0.1524076261347413,-0.0887018949487918,-0.5313922645545104,1.0,0.0,0.0,1.0,0.0,0.0,0.0,0.0,0.0,1.0
window_10_0pct::CmxSoq3hXsoO9BqG,window_10_0pct,1784126000.725342,0,-0.375996506558037,-0.1837471472559602,-0.4767545214457448,-0.2477527305737651,-0.429504096483598,-0.2402161948331334,-0.2326309984704673,-0.0792640430974921,1.0,0.0,0.0,1.0,0.0,0.0,0.0,0.0,0.0,1.0
window_10_0pct::COiKRV2Hz74PV535Yc,window_10_0pct,1784125046.087522,0,0.2037504542301498,0.3781063507846454,0.4901212155029654,0.296824738938141,0.4361332590106991,-0.2489084838446012,-0.2368079309106535,-0.1554884239098057,1.0,0.0,0.0,1.0,0.0,0.0,0.0,0.0,0.0,1.0
window_10_0pct::CRGfNj2ey5fxbfhT9f,window_10_0pct,1784124508.852714,0,-0.3797853096998763,-0.2774241693949249,1.1454757210097604,0.2792577237925956,0.9198717811986884,-0.243223402460943,-0.2164536541194039,-0.5678900879292397,1.0,0.0,0.0,1.0,0.0,0.0,0.0,0.0,0.0,1.0
window_10_0pct::CHa3Bt4xwQ6P0sLJpg,window_10_0pct,1784124491.815542,0,-0.3889675176049327,-0.0982068820511149,-0.2946726560141671,-0.1599176548460383,-0.276744563161075,0.007566766768534,-0.1217128962303708,-0.1527079286041282,1.0,0.0,0.0,1.0,0.0,0.0,0.0,0.0,0.0,1.0
window_10_0pct::CHAaN736oV1iMCxaQ6,window_10_0pct,1784124936.297673,0,-0.0121050104296111,-0.2790932477403853,-0.5306929016033433,-0.3004537760104012,-0.480423940924439,-0.2496288538675864,-0.2370357933621217,-0.2815105766943704,1.0,0.0,0.0,1.0,0.0,0.0,0.0,0.0,0.0,1.0
window_10_0pct::CAtRnd2Q5nu3NtP8m5,window_10_0pct,1784124644.446157,0,-0.3892727752598169,-0.3698493827747943,-0.7379063557416712,-0.4058558668836733,-0.684103318687803,-0.2497985998628026,-0.193715394336042,-0.6040302242810942,1.0,0.0,0.0,0.0,1.0,0.0,0.0,0.0,0.0,1.0
window_10_0pct::CBzbEv31IzoJLQqJ16,window_10_0pct,1784125336.319342,0,-0.2670635483340021,-0.1897975562582541,-0.6587726550378294,-0.3355878063014919,-0.582263629806121,-0.2487617956757322,-0.2368505523350972,1.071152318389501,1.0,0.0,0.0,1.0,0.0,0.0,0.0,0.0,0.0,1.0
window_10_0pct::CWw7NI35w4TatEMrIi,window_10_0pct,1784124973.369993,0,-0.3892180434536763,-0.3698493827747943,-0.7379063557416712,-0.4058558668836733,-0.6586433964673826,-0.2497985998628026,-0.1985201407670524,-0.6040302242810942,1.0,0.0,0.0,0.0,1.0,0.0,0.0,0.0,0.0,1.0
window_10_0pct::Cgmzz33B6KzvNcuazf,window_10_0pct,1784125658.001187,0,0.3260740126644036,0.1004134410586721,0.5308033730460142,0.1914226480648689,0.4361332590106991,-0.2493345960720072,-0.2369085865727455,-0.3310609520316281,1.0,0.0,0.0,1.0,0.0,0.0,0.0,0.0,0.0,1.0
window_10_0pct::CQBWC51RixaUxAnfX4,window_10_0pct,1784125818.340012,0,-0.3890683129459859,-0.1895889214650716,-0.4767545214457448,-0.2477527305737651,-0.429504096483598,-0.0523085450591476,-0.1407450305585197,-0.0957365241211927,1.0,0.0,0.0,1.0,0.0,0.0,0.0,0.0,0.0,1.0
window_10_0pct::CXgjzQ286gP0HLXBA8,window_10_0pct,1784125160.323341,0,0.8460538838478604,0.3526529060163744,0.2680369988162645,0.1914226480648689,0.3088336479085966,-0.249385678493427,-0.2370153891397999,-0.0750990231008171,1.0,0.0,0.0,1.0,0.0,0.0,0.0,0.0,0.0,1.0
window_10_0pct::C1RSd536CsBMH32yyl,window_10_0pct,1784124193.189244,0,-0.3576005241493757,-0.27784143898129,-0.5955506702607468,-0.3355878063014919,-0.53134378536528,-0.24777503659852,-0.2359713087814085,-0.1281163572474263,1.0,0.0,0.0,1.0,0.0,0.0,0.0,0.0,0.0,1.0
window_10_0pct::CncJ4u3PCPMbTKI8pd,window_10_0pct,1784124759.718002,0,-0.3893391750714406,-0.1858334951877857,1.1531235417489236,0.2616907086470503,0.9453317034191092,0.0978990859628595,0.3000709697677218,-0.5323672707253371,1.0,0.0,0.0,1.0,0.0,0.0,0.0,0.0,0.0,1.0
window_10_0pct::CNf6ht3d68a8ztKAr3,window_10_0pct,1784124904.471494,0,1.1967526020987362,0.0878953534677191,1.527526854823959,0.5778969812668668,1.327230536725417,-0.2495948218231856,-0.2369815874871522,-0.4552275692663615,1.0,0.0,0.0,1.0,0.0,0.0,0.0,0.0,0.0,1.0
window_10_0pct::CMgYdu1zV7g4EMOnnf,window_10_0pct,1784125620.020239,0,-0.1332003004513567,-0.3698493827747943,-0.7379063557416712,-0.4058558668836733,-0.684103318687803,-0.2497985998628026,-0.2370878539131979,-0.6040302242810942,1.0,0.0,0.0,0.0,1.0,0.0,0.0,0.0,0.0,1.0
window_10_0pct::CMvox71GQVn58Aj6O9,window_10_0pct,1784125523.310634,0,-0.389438625335924,-0.3698493827747943,-0.7379063557416712,-0.4058558668836733,-0.684103318687803,-0.2497985998628026,-0.1674490376043318,-0.6040302242810942,1.0,0.0,0.0,0.0,1.0,0.0,0.0,0.0,0.0,1.0
window_10_0pct::CR4c3L3muyMlWSKVpb,window_10_0pct,1784125620.011357,0,-0.1331045224594133,0.4429917714644183,0.1282518308615589,0.1562886177737781,0.1560741145860735,-0.2475614276000478,-0.2364916557012422,0.0870691095954359,1.0,0.0,0.0,1.0,0.0,0.0,0.0,0.0,0.0,1.0
window_10_0pct::C1LheC3UnvbHvgLmPa,window_10_0pct,1784124689.064162,0,-0.1742090376143761,0.2737889541933707,0.7345753078517187,0.296824738938141,0.6398126367740631,-0.2476892364906923,-0.2361862311505342,-0.2821247222689883,1.0,0.0,0.0,1.0,0.0,0.0,0.0,0.0,0.0,1.0
window_10_0pct::CvId6l4DJiZb0kqPth,window_10_0pct,1784125571.088467,0,0.3369941235489963,0.0826794836381554,-0.0344555553641385,-0.0193815336816754,-0.0221453409568699,-0.2493588035688054,-0.2369913510290533,-0.1302879933095625,1.0,0.0,0.0,1.0,0.0,0.0,0.0,0.0,0.0,1.0
window_10_0pct::C5DNdA1zCFi8svdpX6,window_10_0pct,1784123961.495982,0,0.0106040774276556,0.0036068970219691,-0.1931265917552777,-0.0896495942638568,-0.1494449520589724,-0.2491397289041866,-0.2368996552926708,-0.0992009617506376,1.0,0.0,0.0,1.0,0.0,0.0,0.0,0.0,0.0,1.0
window_10_0pct::Cfy1xX3uzMywaUCzc4,window_10_0pct,1784124070.242135,0,-0.389217648470874,-0.3698493827747943,-0.7379063557416712,-0.4058558668836733,-0.684103318687803,-0.2497985998628026,-0.198550955973774,-0.6040302242810942,1.0,0.0,0.0,0.0,1.0,0.0,0.0,0.0,0.0,1.0
window_10_0pct::CeBNdO11uKHYjMw254,window_10_0pct,1784123977.548778,0,-0.0600055142786278,0.3614155673300415,-0.2117575328337392,-0.0545155639727661,-0.174904874279393,-0.2482321710008313,-0.2368143818408388,0.419477858408171,1.0,0.0,0.0,1.0,0.0,0.0,0.0,0.0,0.0,1.0
window_10_0pct::ChhIAP2xDQ3o5zrcog,window_10_0pct,1784124357.058858,0,-0.3896838883057076,-0.3698493827747943,-0.7379063557416712,-0.4058558668836733,-0.684103318687803,-0.2497985998628026,0.420749541424747,-0.6040302242810942,1.0,0.0,0.0,0.0,1.0,0.0,0.0,0.0,0.0,1.0
window_10_0pct::C2k3aa4VqyVYGuJRN,window_10_0pct,1784124105.361794,0,0.1966368353118111,0.0828881184313379,-0.2425824992018665,-0.0545155639727661,-0.174904874279393,-0.2492532761746582,-0.2369667120106847,0.0690723546169841,1.0,0.0,0.0,1.0,0.0,0.0,0.0,0.0,0.0,1.0
window_10_0pct::Cs367i3XeuCFoqObT,window_10_0pct,1784125200.119185,0,-0.3897120815376206,-0.3631730693929528,-0.7368866463097827,-0.4585569123203094,-0.7095632409082235,5.1367560249919,5.22471028426755,4.119297628905474,0.0,1.0,1.0,0.0,0.0,0.0,0.0,0.0,0.0,1.0
window_10_0pct::C3iE8g1jlBOM7z5k8d,window_10_0pct,1784124419.800892,0,-0.389680941947507,-0.3698493827747943,-0.7379063557416712,-0.4058558668836733,-0.684103318687803,-0.2497985998628026,0.360201459199973,-0.6040302242810942,1.0,0.0,0.0,0.0,1.0,0.0,0.0,0.0,0.0,1.0
window_10_0pct::CV2A6R1fNeOqb3nlTf,window_10_0pct,1784125042.712887,0,0.1387953295689577,-0.1937616173287226,-0.4767545214457448,-0.2653197457193104,-0.429504096483598,-0.2495632889596868,-0.2370538521209272,-0.1075025819952644,1.0,0.0,0.0,1.0,0.0,0.0,0.0,0.0,0.0,1.0
window_10_0pct::CRObJs4qkFcyCIuiPa,window_10_0pct,1784125703.487448,0,0.1801739414382694,-0.1038400214670438,-0.2555413065654486,-0.1423506397004929,-0.225824718720234,-0.2494689348052271,-0.2370030068762675,-0.1979193503933189,1.0,0.0,0.0,1.0,0.0,0.0,0.0,0.0,0.0,1.0
window_10_0pct::CP5LwG3o6P8Kv3e56b,window_10_0pct,1784125705.422894,0,-0.3891794845920067,-0.3698493827747943,-0.7379063557416712,-0.4058558668836733,-0.684103318687803,-0.2497985998628026,-0.201313166530056,-0.6040302242810942,1.0,0.0,0.0,0.0,1.0,0.0,0.0,0.0,0.0,1.0
window_10_0pct::CpJJA944eUToWPrqu1,window_10_0pct,1784124200.531504,0,-0.389379420616428,-0.3698493827747943,-0.7379063557416712,-0.4058558668836733,-0.684103318687803,-0.2497985998628026,-0.1798235851425348,-0.6040302242810942,1.0,0.0,0.0,0.0,1.0,0.0,0.0,0.0,0.0,1.0
window_10_0pct::C2b8qA1zN1NjwW4knb,window_10_0pct,1784125825.407792,0,-0.3838489461456145,0.0858090055358936,1.4421474338498006,0.5427629509757761,1.1999309256233142,-0.1949192092116063,-0.1898728663058606,-0.4501047200176473,1.0,0.0,0.0,1.0,0.0,0.0,0.0,0.0,0.0,1.0
window_10_0pct::CNXyYHjdFgxznoXwc,window_10_0pct,1784125810.69528,0,-0.3896521188781527,-0.3698493827747943,-0.7379063557416712,-0.4058558668836733,-0.684103318687803,-0.2497985998628026,0.0771899752854536,-0.6040302242810942,1.0,0.0,0.0,0.0,1.0,0.0,0.0,0.0,0.0,1.0
window_10_0pct::Cy34WlSKLQjjgfwRi,window_10_0pct,1784123932.275357,0,1.3555858407492247,0.6359789551582766,2.2880176515477504,0.929237284177774,1.963728592235929,-0.2493915770539633,-0.2369432546414851,-0.3592335813052008,1.0,0.0,0.0,1.0,0.0,0.0,0.0,0.0,0.0,1.0
window_10_0pct::CCbvH9C3n1FnkccRf,window_10_0pct,1784124632.063846,0,0.0454148618848802,-0.3698493827747943,-0.7379063557416712,-0.4058558668836733,-0.684103318687803,-0.2497985998628026,-0.2371184583614524,-0.6040302242810942,1.0,0.0,0.0,0.0,1.0,0.0,0.0,0.0,0.0,1.0
window_10_0pct::CmzTgA42IyhK46r1j1,window_10_0pct,1784124622.576584,0,-0.3849036676549769,-0.3698493827747943,-0.7379063557416712,-0.4058558668836733,-0.684103318687803,-0.2497985998628026,-0.2331858184802393,-0.6040302242810942,1.0,0.0,0.0,0.0,1.0,0.0,0.0,0.0,0.0,1.0
window_10_0pct::CFVesO3rf3kPBGLm49,window_10_0pct,1784125459.570183,0,0.261321215274868,-0.3698493827747943,-0.7379063557416712,-0.3882888517381279,-0.6331834742469621,-0.2497985998628026,-0.2371256903818478,-0.6040302242810942,1.0,0.0,0.0,0.0,1.0,0.0,0.0,0.0,0.0,1.0
window_10_0pct::CLxs2S3CNBS14Kpnj1,window_10_0pct,1784124431.496456,0,0.0548133602374139,-0.0091198253621663,1.3836416051952016,0.4724948903935946,1.1490110811824732,-0.2492254754331372,-0.2365816079056332,-0.4788121032270238,1.0,0.0,0.0,1.0,0.0,0.0,0.0,0.0,0.0,1.0
window_10_0pct::C0cGC62FqynHtgxEzb,window_10_0pct,1784125167.579899,0,0.0990872280729475,0.1942990979908193,-0.0462247017238508,-0.0193815336816754,-0.0476052631772904,-0.2489834701377325,-0.2369080938843231,-0.003387135333951,1.0,0.0,0.0,1.0,0.0,0.0,0.0,0.0,0.0,1.0
window_10_0pct::CHlX99kOudepvBty4,window_10_0pct,1784125623.985151,0,-0.3876934525377837,-0.3698493827747943,-0.7379063557416712,-0.4058558668836733,-0.684103318687803,-0.2497985998628026,-0.2276924731445957,-0.6040302242810942,1.0,0.0,0.0,0.0,1.0,0.0,0.0,0.0,0.0,1.0
window_10_0pct::CLkkYi3sIkfY1wCJL3,window_10_0pct,1784124041.302295,0,-0.0910905433894232,-0.100501864776123,-0.5306291697638502,-0.2653197457193104,-0.4549640187040185,-0.2491615766675889,-0.2369702819643544,0.3528545006392568,1.0,0.0,0.0,1.0,0.0,0.0,0.0,0.0,0.0,1.0
window_10_0pct::CRAU2A1i8dSxlnQ8c6,window_10_0pct,1784124187.67755,0,2.6567515213030832,1.543748940295549,3.5541993507022123,1.6319178899995883,3.1858048588161134,-0.2493549714713535,-0.2369740810759518,-0.2756924275573741,1.0,0.0,0.0,1.0,0.0,0.0,0.0,0.0,0.0,1.0
window_10_0pct::CmvXKO35urKEVwwd6,window_10_0pct,1784125409.722363,0,-0.3868069830269747,-0.0053643990848804,-0.3500768684801051,-0.1774846699915836,-0.3022044853814955,-0.1612151471131425,-0.2091926265664875,0.0880519808599643,1.0,0.0,0.0,1.0,0.0,0.0,0.0,0.0,0.0,1.0
window_10_0pct::CY7c8w35Lt1IaITiSc,window_10_0pct,1784125350.063729,0,0.6616322821645585,0.2629399449478781,0.0885044069644079,0.1562886177737781,0.1051542701452325,-0.2493735122369929,-0.2369986947831832,-0.0401398591030281,1.0,0.0,0.0,1.0,0.0,0.0,0.0,0.0,0.0,1.0
window_10_0pct::CKtvie2VYjDE2ftKkf,window_10_0pct,1784124302.680006,0,-0.3897120601871988,-0.3631730693929528,-0.7368866463097827,-0.4585569123203094,-0.7095632409082235,5.008504724400122,5.094665696308897,4.119297628905474,0.0,1.0,1.0,0.0,0.0,0.0,0.0,0.0,0.0,1.0
window_10_0pct::CcxcA03SwPWUcmKgac,window_10_0pct,1784124915.424257,0,-0.3897116652043966,-0.3631730693929528,-0.7368866463097827,-0.4585569123203094,-0.7095632409082235,3.4005937905346,3.46427197785206,4.119297628905474,0.0,1.0,1.0,0.0,0.0,0.0,0.0,0.0,0.0,1.0
window_10_0pct::ChPJXc3fXRm1Yk7vYj,window_10_0pct,1784125523.309616,0,-0.3894273843388758,-0.2803450564994806,1.1454757210097604,0.3319587692292318,0.9198717811986884,-0.0284421335237653,0.5329838949183773,-0.5690322141344901,1.0,0.0,0.0,1.0,0.0,0.0,0.0,0.0,0.0,1.0
window_10_0pct::CTxWHD3a2MyPUtabqg,window_10_0pct,1784124459.032897,0,-0.3890531754969694,-0.279719152119933,-0.5573540544579261,-0.3180207911559465,-0.5058838631448596,-0.153319092222415,-0.1719433816265661,-0.2364441801772219,1.0,0.0,0.0,1.0,0.0,0.0,0.0,0.0,0.0,1.0
window_10_0pct::CroINu1IABjHEBnc0g,window_10_0pct,1784125410.460823,0,-0.38368447317171,-0.3698493827747943,-0.7379063557416712,-0.4058558668836733,-0.684103318687803,-0.2497985998628026,-0.2339900403464098,-0.6040302242810942,1.0,0.0,0.0,0.0,1.0,0.0,0.0,0.0,0.0,1.0
window_10_0pct::CPDR2vrv4yaaLkKr3,window_10_0pct,1784126018.024636,0,-0.387002499514095,-0.0979982472579324,-0.5306291697638502,-0.2477527305737651,-0.4549640187040185,-0.1789627292011859,-0.2142308998380994,0.3617488590428541,1.0,0.0,0.0,1.0,0.0,0.0,0.0,0.0,0.0,1.0
window_10_0pct::CPsWqa2DyxCwcrs2b2,window_10_0pct,1784124104.387839,0,0.3876797685640906,-0.0829765421487888,-0.5216217364488357,-0.2477527305737651,-0.429504096483598,-0.2495379763279662,-0.2370824569951107,0.372675647933491,1.0,0.0,0.0,1.0,0.0,0.0,0.0,0.0,0.0,1.0
window_10_0pct::CRTT8D4cPcsXfyrL3l,window_10_0pct,1784125185.106446,0,-0.2786885113668391,-0.3698493827747943,-0.7379063557416712,-0.4058558668836733,-0.684103318687803,-0.2497985998628026,-0.2369901544288003,-0.6040302242810942,1.0,0.0,0.0,0.0,1.0,0.0,0.0,0.0,0.0,1.0
window_10_0pct::CCsd3r1qXJ2rrpsYI4,window_10_0pct,1784125825.257993,0,-0.3825256043050806,-0.0942428209806465,-0.5306291697638502,-0.2301857154282197,-0.4549640187040185,-0.22271631689552,-0.2278493806200621,0.3750903966482501,1.0,0.0,0.0,1.0,0.0,0.0,0.0,0.0,0.0,1.0
window_10_0pct::CrmaKj16ry9Qft1n8b,window_10_0pct,1784124726.846297,0,-0.3885131913054321,-0.187085303946881,-0.4767545214457448,-0.2653197457193104,-0.429504096483598,-0.1422117712499383,-0.1893416219121571,-0.0886768893967496,1.0,0.0,0.0,1.0,0.0,0.0,0.0,0.0,0.0,1.0
window_10_0pct::CkJd0732J9YuY1wbJb,window_10_0pct,1784124197.988143,0,-0.3893015129274843,-0.3698493827747943,-0.7379063557416712,-0.4058558668836733,-0.684103318687803,-0.2497985998628026,-0.1906807991890251,-0.6040302242810942,1.0,0.0,0.0,0.0,1.0,0.0,0.0,0.0,0.0,1.0
window_10_0pct::CKIj6k1r302QdX2Fhf,window_10_0pct,1784124357.06968,0,-0.3728185923583468,0.7440517780268372,0.6643215767839055,0.4022268298114132,0.6143527145536426,-0.2032325429382324,-0.2230122929739461,-0.0190191066155477,1.0,0.0,0.0,1.0,0.0,0.0,0.0,0.0,0.0,1.0
window_10_0pct::CixtvX26ZWMBmdfx5b,window_10_0pct,1784124071.461776,0,-0.3892416249944925,-0.1916752693968971,1.1531235417489236,0.296824738938141,0.9453317034191092,0.0171836767535774,0.2091692778303072,-0.5346422851239325,1.0,0.0,0.0,1.0,0.0,0.0,0.0,0.0,0.0,1.0
window_10_0pct::C4zngB4DeaGTS0344,window_10_0pct,1784125565.837126,0,-0.3892325083644078,-0.1833298776695951,-0.4118967527883412,-0.2301857154282197,-0.378584252042757,0.024385360636109,-0.0978425447998233,-0.1827139655320496,1.0,0.0,0.0,1.0,0.0,0.0,0.0,0.0,0.0,1.0
window_10_0pct::CfMPGs28PxGr5XfV6l,window_10_0pct,1784125425.257161,0,0.1984919094058783,-0.2765896302221947,-0.5573540544579261,-0.3180207911559465,-0.5058838631448596,-0.2496866224794144,-0.2370892546977562,-0.2236807758680597,1.0,0.0,0.0,1.0,0.0,0.0,0.0,0.0,0.0,1.0
window_10_0pct::CQJ9ns4u4vHEdQVOFc,window_10_0pct,1784125148.077547,0,-0.3869272499526583,-0.0053643990848804,-0.3500768684801051,-0.1423506397004929,-0.3022044853814955,-0.1573907464452865,-0.2045524653792343,0.0880519808599643,1.0,0.0,0.0,1.0,0.0,0.0,0.0,0.0,0.0,1.0
window_10_0pct::CODX3n2XMb3khLka4h,window_10_0pct,1784124030.050604,0,-0.3892858630683459,-0.1858334951877857,1.1531235417489236,0.3319587692292318,0.9453317034191092,0.0544977101626856,0.2777891947521975,-0.5323672707253371,1.0,0.0,0.0,1.0,0.0,0.0,0.0,0.0,0.0,1.0
window_10_0pct::CormwveChE8Lt4hel,window_10_0pct,1784124071.461872,0,-0.389242745891634,-0.1895889214650716,-0.4767545214457448,-0.2653197457193104,-0.429504096483598,0.0209538223096112,-0.1151454115361771,-0.0957365241211927,1.0,0.0,0.0,1.0,0.0,0.0,0.0,0.0,0.0,1.0
window_10_0pct::Cq1FKa4XOdBtRMm3Zj,window_10_0pct,1784125831.409782,0,0.2226500183612749,0.095823475608656,0.3429856420600641,0.1035875723371421,0.2579138034677555,-0.2492615227188129,-0.2369047559872429,-0.286757494377429,1.0,0.0,0.0,1.0,0.0,0.0,0.0,0.0,0.0,1.0
window_10_0pct::Cb70m24rsyGiok4FZ5,window_10_0pct,1784125548.232495,0,0.3792845158540947,-0.3698493827747943,-0.7379063557416712,-0.3882888517381279,-0.6331834742469621,-0.2497985998628026,-0.2371313231271071,-0.6040302242810942,1.0,0.0,0.0,0.0,1.0,0.0,0.0,0.0,0.0,1.0
window_10_0pct::CanTbF3R5eXHmj5cYl,window_10_0pct,1784124414.942338,0,-0.1384761497924517,0.1811551060203187,0.4505649871242934,0.1387216026282328,0.4106733367902785,-0.2482496529237293,-0.236496344913056,-0.2626005086267571,1.0,0.0,0.0,1.0,0.0,0.0,0.0,0.0,0.0,1.0
window_10_0pct::Ce7nxU1Q9HkZ1sfzv3,window_10_0pct,1784124431.496696,0,0.0548110223662329,-0.0957032645329243,0.2727531549387485,-0.0193815336816754,0.2069939590269145,-0.2493630362646189,-0.236882763074298,-0.4042691975106854,1.0,0.0,0.0,1.0,0.0,0.0,0.0,0.0,0.0,1.0
window_10_0pct::CTPUMY2UmHX2UVeWZ9,window_10_0pct,1784125520.008598,0,0.2264860486360118,-0.2774241693949249,1.1454757210097604,0.2441236935015049,0.9453317034191092,-0.2496926661635883,-0.23684428722838,-0.5678900879292397,1.0,0.0,0.0,1.0,0.0,0.0,0.0,0.0,0.0,1.0
window_10_0pct::CdmXvG10SuTfL0Fr7g,window_10_0pct,1784124334.385233,0,0.2241599201870076,0.1938818284044542,-0.2153477597918464,-0.0896495942638568,-0.1494449520589724,-0.2491500277000724,-0.2369910631462838,0.1904115735386789,1.0,0.0,0.0,1.0,0.0,0.0,0.0,0.0,0.0,1.0
window_10_0pct::CzLP6432HZew9bBNOa,window_10_0pct,1784124933.09656,0,1.678689309699409,1.700433669975644,3.6146596224345977,1.6319178899995883,3.1858048588161134,-0.2490916975682315,-0.2368850280890529,-0.2537425136652906,1.0,0.0,0.0,1.0,0.0,0.0,0.0,0.0,0.0,1.0
window_10_0pct::CAfpLQgZbeEzxvYU9,window_10_0pct,1784125975.021807,0,-0.3892788494548031,-0.0053643990848804,-0.3967498189354985,-0.1774846699915836,-0.3531243298223365,0.3431909920996771,-0.0499289036439163,0.1827284817749646,1.0,0.0,0.0,1.0,0.0,0.0,0.0,0.0,0.0,1.0
window_10_0pct::CA7z6B3rVAsYJyha1c,window_10_0pct,1784124915.99236,0,-0.1815343032634627,-0.0982068820511149,-0.2962022201619998,-0.195051685137129,-0.276744563161075,-0.2488770343930257,-0.2367949452536064,-0.1511451331783243,1.0,0.0,0.0,1.0,0.0,0.0,0.0,0.0,0.0,1.0
window_10_0pct::CJLeVb1VRYMuPjYoSc,window_10_0pct,1784125350.061945,0,0.6616512733646996,0.1615434354611591,0.0576794405962805,0.1035875723371421,0.1051542701452325,-0.2494416336162679,-0.2370123404283897,-0.1121495952080694,1.0,0.0,0.0,1.0,0.0,0.0,0.0,0.0,0.0,1.0
window_10_0pct::CBpZ4h4xFTR5n7uQR6,window_10_0pct,1784125728.720113,0,-0.3650755203061527,0.1917954804726288,0.4129844457699052,0.2441236935015049,0.3852134145698581,-0.233698412099538,-0.2292059437378323,-0.2446432664618258,1.0,0.0,0.0,1.0,0.0,0.0,0.0,0.0,0.0,1.0
window_10_0pct::C7oGLixcKfTXJoff6,window_10_0pct,1784125482.826989,0,-0.2304800170089549,-0.1895889214650716,-0.4767545214457448,-0.2653197457193104,-0.429504096483598,-0.2489990745204937,-0.2368020967559319,-0.0957365241211927,1.0,0.0,0.0,1.0,0.0,0.0,0.0,0.0,0.0,1.0
window_10_0pct::CVa1lb4xCtQtWExnci,window_10_0pct,1784124929.634061,0,-0.3894652172862061,-0.1916752693968971,1.1531235417489236,0.3143917540836864,0.9453317034191092,0.2581430331430324,0.6312958242365392,-0.5346422851239325,1.0,0.0,0.0,1.0,0.0,0.0,0.0,0.0,0.0,1.0
window_10_0pct::CvG8ks2tSoOGrkPec7,window_10_0pct,1784124813.117575,0,-0.3887055799557669,0.0814276748790601,-0.3334216144259275,-0.1599176548460383,-0.276744563161075,0.0665864221498857,-0.1517320209073168,0.2175707768081421,1.0,0.0,0.0,1.0,0.0,0.0,0.0,0.0,0.0,1.0
window_10_0pct::CR7qsl2RljjTGPztSg,window_10_0pct,1784125967.089833,0,-0.2533258863431244,0.6224176936014109,1.9726087778967605,0.8062681781589565,1.6836694478113037,-0.2446602928509694,-0.2346033436403638,-0.33443263897482,1.0,0.0,0.0,1.0,0.0,0.0,0.0,0.0,0.0,1.0
window_10_0pct::CxJ6KI24gAypIfP5z9,window_10_0pct,1784124876.020196,0,0.1279903401584083,-0.0894442207374478,-0.2822024594200316,-0.1423506397004929,-0.2512846409406545,-0.2494160661260313,-0.2369869393161714,-0.1508972426543016,1.0,0.0,0.0,1.0,0.0,0.0,0.0,0.0,0.0,1.0
window_10_0pct::Cn8cK93ty5ewNr0hhe,window_10_0pct,1784124726.824893,0,-0.3882849446217783,-0.0967464384988371,-0.5306291697638502,-0.2477527305737651,-0.4549640187040185,-0.114728534974204,-0.1936369572221976,0.3661960382446528,1.0,0.0,0.0,1.0,0.0,0.0,0.0,0.0,0.0,1.0
window_10_0pct::CnEtMl3agjgV40bVTd,window_10_0pct,1784125806.287579,0,-0.3893498716327344,-0.1916752693968971,1.1531235417489236,0.2792577237925956,0.9453317034191092,0.0967791220343634,0.3290660717156446,-0.5346422851239325,1.0,0.0,0.0,1.0,0.0,0.0,0.0,0.0,0.0,1.0
window_10_0pct::CxKeZc2eav7fgm6Wl6,window_10_0pct,1784125770.026849,0,3.5543820077796964,1.4431869699815605,0.3920591584696947,1.4562477385441348,0.7161924034353246,-0.2494739435751894,-0.2370290648501858,0.5775842835570343,1.0,0.0,0.0,1.0,0.0,0.0,0.0,0.0,0.0,1.0
window_10_0pct::CAgb7c2X5PWW0qaXvj,window_10_0pct,1784125488.371305,0,0.0742647046680898,-0.187085303946881,1.272748204477335,0.2616907086470503,1.047171392300791,-0.2495203990212163,-0.2367296131301818,-0.5370893397409806,1.0,0.0,0.0,1.0,0.0,0.0,0.0,0.0,0.0,1.0
window_10_0pct::COv9GP2eIomH7sTde9,window_10_0pct,1784124904.793753,0,-0.2153980257129689,-0.1799917209786743,-0.4767545214457448,-0.2477527305737651,-0.429504096483598,-0.2490293663289869,-0.2368058434025192,-0.0686745910108275,1.0,0.0,0.0,1.0,0.0,0.0,0.0,0.0,0.0,1.0
window_10_0pct::CJ8KXv1mieRqFrMvg9,window_10_0pct,1784124676.679377,0,-0.0335273083683697,-0.0938255513942814,-0.2680115031595843,-0.1247836245549475,-0.2512846409406545,-0.2492512880366426,-0.2368939463603422,-0.1714477554484122,1.0,0.0,0.0,1.0,0.0,0.0,0.0,0.0,0.0,1.0
window_10_0pct::CJUCdD32cbeh9uCMwl,window_10_0pct,1784125544.250216,0,0.3086824608466868,-0.0863146988397096,-0.2695410673074169,-0.195051685137129,-0.2512846409406545,-0.2495118722753762,-0.2370528756069722,-0.1582257223541242,1.0,0.0,0.0,1.0,0.0,0.0,0.0,0.0,0.0,1.0
window_10_0pct::Cf25cS2ThBQeaUdzi1,window_10_0pct,1784125569.450414,0,-0.3892399596615964,-0.1858334951877857,1.1531235417489236,0.2792577237925956,0.9453317034191092,0.0249663809871507,0.1974896420031317,-0.5323672707253371,1.0,0.0,0.0,1.0,0.0,0.0,0.0,0.0,0.0,1.0
window_10_0pct::CDpMRc3aw2VzGjVPia,window_10_0pct,1784124437.02647,0,-0.3883602368840584,-0.0103716341212616,-0.3967498189354985,-0.1774846699915836,-0.3531243298223365,-0.0621139456145177,-0.1770764655547578,0.1719201194708172,1.0,0.0,0.0,1.0,0.0,0.0,0.0,0.0,0.0,1.0
window_10_0pct::CDJ8pZ1v94tDZP7rdb,window_10_0pct,1784124536.894922,0,-0.3893715743364371,-0.1837471472559602,-0.4767545214457448,-0.2301857154282197,-0.429504096483598,0.1352139781966,-0.0410890539492891,-0.0792640430974921,1.0,0.0,0.0,1.0,0.0,0.0,0.0,0.0,0.0,1.0
