position,segment_id,segment_label,row_index,window_id,is_attack,ts
0,0,benign,1584,window_02_3pct,0,1783694958.746217
1,0,benign,36781,window_resampled_15pct,0,1783695494.323536
2,0,benign,680,window_02_3pct,0,1783695494.323536
3,0,benign,549,window_02_3pct,0,1783695530.524768
4,0,benign,36784,window_resampled_15pct,0,1783695546.665216
5,0,benign,556,window_02_3pct,0,1783695546.665216
6,0,benign,557,window_02_3pct,0,1783695574.335734
7,0,benign,41693,window_resampled_20pct,0,1783695574.337447
8,0,benign,555,window_02_3pct,0,1783695574.337447
9,0,benign,36795,window_resampled_15pct,0,1783695596.380266
10,0,benign,840,window_02_3pct,0,1783695596.380266
11,0,benign,563,window_02_3pct,0,1783695599.821793
12,0,benign,36797,window_resampled_15pct,0,1783695599.821793
13,0,benign,561,window_02_3pct,0,1783695599.823984
14,0,benign,644,window_02_3pct,0,1783695599.834574
15,0,benign,673,window_02_3pct,0,1783695602.188807
16,0,benign,677,window_02_3pct,0,1783695602.189616
17,0,benign,675,window_02_3pct,0,1783695602.190061
18,0,benign,736,window_02_3pct,0,1783695604.919684
19,0,benign,41701,window_resampled_20pct,0,1783695604.919684
20,0,benign,748,window_02_3pct,0,1783695605.315522
21,0,benign,747,window_02_3pct,0,1783695605.322046
22,0,benign,750,window_02_3pct,0,1783695605.324334
23,0,benign,585,window_02_3pct,0,1783695616.664195
24,0,benign,581,window_02_3pct,0,1783695616.682312
25,0,benign,41702,window_resampled_20pct,0,1783695616.682312
26,0,benign,583,window_02_3pct,0,1783695616.682818
27,0,benign,41703,window_resampled_20pct,0,1783695616.682818
28,0,benign,779,window_02_3pct,0,1783695617.064313
29,0,benign,590,window_02_3pct,0,1783695623.590178
30,0,benign,591,window_02_3pct,0,1783695623.590328
31,0,benign,41705,window_resampled_20pct,0,1783695623.590328
32,0,benign,651,window_02_3pct,0,1783695624.09622
33,0,benign,41708,window_resampled_20pct,0,1783695626.249231
34,0,benign,595,window_02_3pct,0,1783695626.249231
35,0,benign,701,window_02_3pct,0,1783695633.54226
36,0,benign,36820,window_resampled_15pct,0,1783695633.737072
37,0,benign,832,window_02_3pct,0,1783695633.737072
38,0,benign,36821,window_resampled_15pct,0,1783695633.738022
39,0,benign,830,window_02_3pct,0,1783695633.738022
40,0,benign,694,window_02_3pct,0,1783695636.295417
41,0,benign,758,window_02_3pct,0,1783695658.147954
42,0,benign,36827,window_resampled_15pct,0,1783695658.147954
43,0,benign,757,window_02_3pct,0,1783695658.14804
44,0,benign,739,window_02_3pct,0,1783695666.128372
45,0,benign,741,window_02_3pct,0,1783695666.129047
46,0,benign,866,window_02_3pct,0,1783695670.94978
47,0,benign,41729,window_resampled_20pct,0,1783695670.94978
48,0,benign,763,window_02_3pct,0,1783695670.987113
49,0,benign,41730,window_resampled_20pct,0,1783695670.987113
50,0,benign,36831,window_resampled_15pct,0,1783695670.987914
51,0,benign,766,window_02_3pct,0,1783695670.987914
52,0,benign,767,window_02_3pct,0,1783695670.988252
53,0,benign,765,window_02_3pct,0,1783695670.988488
54,0,benign,785,window_02_3pct,0,1783695674.333694
55,0,benign,41732,window_resampled_20pct,0,1783695674.333694
56,0,benign,41733,window_resampled_20pct,0,1783695674.333761
57,0,benign,782,window_02_3pct,0,1783695674.333761
58,0,benign,788,window_02_3pct,0,1783695676.548517
59,0,benign,41735,window_resampled_20pct,0,1783695676.548517
60,0,benign,847,window_02_3pct,0,1783695699.317058
61,0,benign,41740,window_resampled_20pct,0,1783695699.317058
62,0,benign,36837,window_resampled_15pct,0,1783695709.073514
63,0,benign,903,window_02_3pct,0,1783695709.073514
64,0,benign,36839,window_resampled_15pct,0,1783695720.61156
65,0,benign,877,window_02_3pct,0,1783695720.61156
66,0,benign,909,window_02_3pct,0,1783695724.50232
67,0,benign,36845,window_resampled_15pct,0,1783695733.338747
68,0,benign,854,window_02_3pct,0,1783695733.338747
69,0,benign,890,window_02_3pct,0,1783695733.963825
70,0,benign,36846,window_resampled_15pct,0,1783695734.33828
71,0,benign,859,window_02_3pct,0,1783695734.33828
72,0,benign,858,window_02_3pct,0,1783695734.357442
73,0,benign,41746,window_resampled_20pct,0,1783695734.357442
74,0,benign,861,window_02_3pct,0,1783695734.357848
75,0,benign,41747,window_resampled_20pct,0,1783695734.357848
76,0,benign,41749,window_resampled_20pct,0,1783695735.747398
77,0,benign,873,window_02_3pct,0,1783695735.747398
78,0,benign,870,window_02_3pct,0,1783695735.747538
79,0,benign,36849,window_resampled_15pct,0,1783695742.277055
80,0,benign,989,window_02_3pct,0,1783695742.277055
81,0,benign,938,window_02_3pct,0,1783695743.937848
82,0,benign,939,window_02_3pct,0,1783695743.939208
83,0,benign,41751,window_resampled_20pct,0,1783695743.939208
84,0,benign,41752,window_resampled_20pct,0,1783695743.941042
85,0,benign,941,window_02_3pct,0,1783695743.941042
86,0,benign,884,window_02_3pct,0,1783695744.51629
87,0,benign,883,window_02_3pct,0,1783695744.516437
88,0,benign,885,window_02_3pct,0,1783695744.518679
89,0,benign,41760,window_resampled_20pct,0,1783695747.290969
90,0,benign,924,window_02_3pct,0,1783695747.290969
91,0,benign,943,window_02_3pct,0,1783695753.959639
92,0,benign,945,window_02_3pct,0,1783695753.973707
93,0,benign,953,window_02_3pct,0,1783695759.861505
94,0,benign,1019,window_02_3pct,0,1783695778.930461
95,0,benign,965,window_02_3pct,0,1783695792.315856
96,0,benign,961,window_02_3pct,0,1783695792.317973
97,0,benign,962,window_02_3pct,0,1783695792.31837
98,0,benign,41765,window_resampled_20pct,0,1783695792.31837
99,0,benign,974,window_02_3pct,0,1783695794.203202
100,0,benign,972,window_02_3pct,0,1783695794.203454
101,0,benign,1012,window_02_3pct,0,1783695798.847611
102,0,benign,1008,window_02_3pct,0,1783695798.851762
103,0,benign,1009,window_02_3pct,0,1783695798.852881
104,0,benign,41767,window_resampled_20pct,0,1783695804.753073
105,0,benign,1065,window_02_3pct,0,1783695804.753073
106,0,benign,1066,window_02_3pct,0,1783695804.758584
107,0,benign,1063,window_02_3pct,0,1783695804.759452
108,0,benign,1064,window_02_3pct,0,1783695804.759676
109,0,benign,1069,window_02_3pct,0,1783695806.990518
110,0,benign,1070,window_02_3pct,0,1783695806.990518
111,0,benign,991,window_02_3pct,0,1783695818.565532
112,0,benign,41772,window_resampled_20pct,0,1783695818.565532
113,0,benign,1112,window_02_3pct,0,1783695818.577685
114,0,benign,1052,window_02_3pct,0,1783695824.88122
115,0,benign,1017,window_02_3pct,0,1783695836.950508
116,0,benign,1014,window_02_3pct,0,1783695836.950697
117,0,benign,41773,window_resampled_20pct,0,1783695836.950697
118,0,benign,1108,window_02_3pct,0,1783695837.672588
119,0,benign,1107,window_02_3pct,0,1783695837.673061
120,0,benign,1024,window_02_3pct,0,1783695838.929885
121,0,benign,41777,window_resampled_20pct,0,1783695838.929885
122,0,benign,36869,window_resampled_15pct,0,1783695843.498545
123,0,benign,1073,window_02_3pct,0,1783695843.498545
124,0,benign,1026,window_02_3pct,0,1783695849.175806
125,0,benign,1029,window_02_3pct,0,1783695849.176819
126,0,benign,1027,window_02_3pct,0,1783695849.176951
127,0,benign,1044,window_02_3pct,0,1783695857.489567
128,0,benign,1043,window_02_3pct,0,1783695857.489714
129,0,benign,36872,window_resampled_15pct,0,1783695857.489714
130,0,benign,1109,window_02_3pct,0,1783695860.596239
131,0,benign,1055,window_02_3pct,0,1783695870.857586
132,0,benign,1114,window_02_3pct,0,1783695871.101849
133,0,benign,36874,window_resampled_15pct,0,1783695871.101849
134,0,benign,1085,window_02_3pct,0,1783695877.918623
135,0,benign,36875,window_resampled_15pct,0,1783695877.918623
136,0,benign,1086,window_02_3pct,0,1783695877.919603
137,0,benign,1135,window_02_3pct,0,1783695878.477516
138,0,benign,41787,window_resampled_20pct,0,1783695878.477516
139,0,benign,36882,window_resampled_15pct,0,1783695890.390589
140,0,benign,1186,window_02_3pct,0,1783695890.390589
141,0,benign,41789,window_resampled_20pct,0,1783695890.391898
142,0,benign,1191,window_02_3pct,0,1783695890.391898
143,0,benign,1103,window_02_3pct,0,1783695891.362916
144,0,benign,1270,window_02_3pct,0,1783695905.244482
145,0,benign,1152,window_02_3pct,0,1783695919.052599
146,0,benign,1151,window_02_3pct,0,1783695919.052654
147,0,benign,1153,window_02_3pct,0,1783695919.052805
148,0,benign,41798,window_resampled_20pct,0,1783695919.052805
149,0,benign,1159,window_02_3pct,0,1783695929.086563
150,0,benign,41800,window_resampled_20pct,0,1783695929.086563
151,0,benign,1170,window_02_3pct,0,1783695929.631112
152,0,benign,36895,window_resampled_15pct,0,1783695929.631112
153,0,benign,1179,window_02_3pct,0,1783695930.220803
154,0,benign,41802,window_resampled_20pct,0,1783695930.220803
155,0,benign,36896,window_resampled_15pct,0,1783695930.246796
156,0,benign,1175,window_02_3pct,0,1783695930.246796
157,0,benign,36898,window_resampled_15pct,0,1783695935.47875
158,0,benign,1181,window_02_3pct,0,1783695935.47875
159,0,benign,1185,window_02_3pct,0,1783695935.505385
160,0,benign,1200,window_02_3pct,0,1783695956.608142
161,0,benign,1356,window_02_3pct,0,1783695966.3624
162,0,benign,1300,window_02_3pct,0,1783695975.621889
163,0,benign,41815,window_resampled_20pct,0,1783695977.419916
164,0,benign,1254,window_02_3pct,0,1783695977.419916
165,0,benign,1238,window_02_3pct,0,1783695984.232809
166,0,benign,36909,window_resampled_15pct,0,1783695984.258141
167,0,benign,1235,window_02_3pct,0,1783695984.258141
168,0,benign,41819,window_resampled_20pct,0,1783695991.460914
169,0,benign,1232,window_02_3pct,0,1783695991.460914
170,0,benign,1229,window_02_3pct,0,1783695991.461166
171,0,benign,1231,window_02_3pct,0,1783695991.46128
172,0,benign,1248,window_02_3pct,0,1783696010.938433
173,0,benign,41823,window_resampled_20pct,0,1783696010.938433
174,0,benign,36911,window_resampled_15pct,0,1783696010.938632
175,0,benign,1246,window_02_3pct,0,1783696010.938632
176,0,benign,41826,window_resampled_20pct,0,1783696053.433547
177,0,benign,1307,window_02_3pct,0,1783696053.433547
178,0,benign,1305,window_02_3pct,0,1783696053.433674
179,0,benign,1526,window_02_3pct,0,1783696054.021076
180,0,benign,36920,window_resampled_15pct,0,1783696054.021237
181,0,benign,1428,window_02_3pct,0,1783696054.021237
182,0,benign,1409,window_02_3pct,0,1783696054.936301
183,0,benign,1388,window_02_3pct,0,1783696070.403846
184,0,benign,36925,window_resampled_15pct,0,1783696070.403846
185,0,benign,1638,window_02_3pct,0,1783696078.88276
186,0,benign,1636,window_02_3pct,0,1783696078.882961
187,0,benign,1635,window_02_3pct,0,1783696078.883616
188,0,benign,1382,window_02_3pct,0,1783696092.202266
189,0,benign,41834,window_resampled_20pct,0,1783696093.624255
190,0,benign,1453,window_02_3pct,0,1783696093.624255
191,0,benign,41837,window_resampled_20pct,0,1783696112.433712
192,0,benign,1398,window_02_3pct,0,1783696112.433712
193,0,benign,1394,window_02_3pct,0,1783696112.433904
194,0,benign,1395,window_02_3pct,0,1783696112.43397
195,0,benign,1414,window_02_3pct,0,1783696112.67557
196,0,benign,1448,window_02_3pct,0,1783696125.887915
197,0,benign,41840,window_resampled_20pct,0,1783696125.887915
198,0,benign,1479,window_02_3pct,0,1783696134.725941
199,0,benign,41842,window_resampled_20pct,0,1783696134.734328
200,0,benign,1480,window_02_3pct,0,1783696134.734328
201,0,benign,1690,window_02_3pct,0,1783696140.223744
202,0,benign,1736,window_02_3pct,0,1783696140.224992
203,0,benign,1555,window_02_3pct,0,1783696160.110906
204,0,benign,1486,window_02_3pct,0,1783696160.995185
205,0,benign,1488,window_02_3pct,0,1783696161.002204
206,0,benign,36936,window_resampled_15pct,0,1783696161.002204
207,0,benign,1573,window_02_3pct,0,1783696161.04426
208,0,benign,1574,window_02_3pct,0,1783696161.044441
209,0,benign,1458,window_02_3pct,0,1783696162.744197
210,0,benign,1456,window_02_3pct,0,1783696162.744429
211,0,benign,36937,window_resampled_15pct,0,1783696162.744429
212,0,benign,1462,window_02_3pct,0,1783696164.79637
213,0,benign,36938,window_resampled_15pct,0,1783696164.79637
214,0,benign,1464,window_02_3pct,0,1783696164.815965
215,0,benign,1460,window_02_3pct,0,1783696164.818342
216,0,benign,1703,window_02_3pct,0,1783696171.823665
217,0,benign,1701,window_02_3pct,0,1783696171.827707
218,0,benign,36941,window_resampled_15pct,0,1783696171.828275
219,0,benign,1698,window_02_3pct,0,1783696171.828275
220,0,benign,1474,window_02_3pct,0,1783696172.648619
221,0,benign,1475,window_02_3pct,0,1783696172.648748
222,0,benign,41846,window_resampled_20pct,0,1783696172.648748
223,0,benign,36943,window_resampled_15pct,0,1783696176.416768
224,0,benign,1581,window_02_3pct,0,1783696176.416768
225,0,benign,1507,window_02_3pct,0,1783696176.917753
226,0,benign,1492,window_02_3pct,0,1783696177.953834
227,0,benign,1491,window_02_3pct,0,1783696177.955774
228,0,benign,36945,window_resampled_15pct,0,1783696177.955967
229,0,benign,1494,window_02_3pct,0,1783696177.955967
230,0,benign,36946,window_resampled_15pct,0,1783696178.318489
231,0,benign,1567,window_02_3pct,0,1783696178.318489
232,0,benign,1659,window_02_3pct,0,1783696182.794779
233,0,benign,41855,window_resampled_20pct,0,1783696182.794779
234,0,benign,1661,window_02_3pct,0,1783696182.798209
235,0,benign,36947,window_resampled_15pct,0,1783696182.798209
236,0,benign,1591,window_02_3pct,0,1783696184.088388
237,0,benign,1596,window_02_3pct,0,1783696184.088507
238,0,benign,36951,window_resampled_15pct,0,1783696184.088998
239,0,benign,1593,window_02_3pct,0,1783696184.088998
240,0,benign,1539,window_02_3pct,0,1783696199.283371
241,0,benign,1626,window_02_3pct,0,1783696207.375523
242,0,benign,36954,window_resampled_15pct,0,1783696210.182462
243,0,benign,1615,window_02_3pct,0,1783696210.182462
244,0,benign,1548,window_02_3pct,0,1783696212.816732
245,0,benign,1551,window_02_3pct,0,1783696212.817827
246,0,benign,1552,window_02_3pct,0,1783696212.818092
247,0,benign,1562,window_02_3pct,0,1783696224.710437
248,0,benign,1605,window_02_3pct,0,1783696229.876382
249,0,benign,1633,window_02_3pct,0,1783696237.112505
250,0,benign,1695,window_02_3pct,0,1783696255.262179
251,0,benign,36967,window_resampled_15pct,0,1783696255.262179
252,0,benign,1694,window_02_3pct,0,1783696255.262375
253,0,benign,41872,window_resampled_20pct,0,1783696259.665453
254,0,benign,1682,window_02_3pct,0,1783696259.665453
255,0,benign,1685,window_02_3pct,0,1783696259.66811
256,0,benign,1934,window_02_3pct,0,1783696265.67223
257,0,benign,1794,window_02_3pct,0,1783696265.674024
258,0,benign,41873,window_resampled_20pct,0,1783696265.674024
259,0,benign,1752,window_02_3pct,0,1783696274.54853
260,0,benign,1666,window_02_3pct,0,1783696275.992305
261,0,benign,36975,window_resampled_15pct,0,1783696275.992347
262,0,benign,1667,window_02_3pct,0,1783696275.992347
263,0,benign,1710,window_02_3pct,0,1783696276.694793
264,0,benign,1770,window_02_3pct,0,1783696285.854009
265,0,benign,1771,window_02_3pct,0,1783696285.854346
266,0,benign,1821,window_02_3pct,0,1783696288.97574
267,0,benign,1972,window_02_3pct,0,1783696290.739982
268,0,benign,36982,window_resampled_15pct,0,1783696305.566676
269,0,benign,1858,window_02_3pct,0,1783696305.566676
270,0,benign,1857,window_02_3pct,0,1783696305.571166
271,0,benign,36983,window_resampled_15pct,0,1783696305.571166
272,0,benign,1704,window_02_3pct,0,1783696313.508627
273,0,benign,1706,window_02_3pct,0,1783696313.509829
274,0,benign,1705,window_02_3pct,0,1783696313.509957
275,0,benign,1866,window_02_3pct,0,1783696316.538948
276,0,benign,36985,window_resampled_15pct,0,1783696318.239133
277,0,benign,1933,window_02_3pct,0,1783696318.239133
278,0,benign,36986,window_resampled_15pct,0,1783696318.239971
279,0,benign,1932,window_02_3pct,0,1783696318.239971
280,0,benign,1723,window_02_3pct,0,1783696321.625477
281,0,benign,1722,window_02_3pct,0,1783696321.627361
282,0,benign,1727,window_02_3pct,0,1783696322.575522
283,0,benign,36989,window_resampled_15pct,0,1783696322.575522
284,0,benign,1854,window_02_3pct,0,1783696329.32261
285,0,benign,1813,window_02_3pct,0,1783696329.35621
286,0,benign,1754,window_02_3pct,0,1783696332.60273
287,0,benign,1755,window_02_3pct,0,1783696332.602895
288,0,benign,1764,window_02_3pct,0,1783696333.050156
289,0,benign,36994,window_resampled_15pct,0,1783696333.05194
290,0,benign,1761,window_02_3pct,0,1783696333.05194
291,0,benign,1802,window_02_3pct,0,1783696356.887767
292,0,benign,1814,window_02_3pct,0,1783696363.152854
293,0,benign,1887,window_02_3pct,0,1783696366.16409
294,0,benign,41892,window_resampled_20pct,0,1783696367.439597
295,0,benign,1826,window_02_3pct,0,1783696367.439597
296,0,benign,1929,window_02_3pct,0,1783696379.284062
297,0,benign,1926,window_02_3pct,0,1783696379.285535
298,0,benign,1902,window_02_3pct,0,1783696388.550017
299,0,benign,41896,window_resampled_20pct,0,1783696388.550017
300,0,benign,1888,window_02_3pct,0,1783696389.254975
301,0,benign,1891,window_02_3pct,0,1783696389.256674
302,0,benign,1951,window_02_3pct,0,1783696391.831986
303,0,benign,1955,window_02_3pct,0,1783696391.83884
304,0,benign,1919,window_02_3pct,0,1783696392.439252
305,0,benign,37011,window_resampled_15pct,0,1783696392.439252
306,0,benign,1962,window_02_3pct,0,1783696394.781372
307,0,benign,2098,window_02_3pct,0,1783696399.556448
308,0,benign,2170,window_02_3pct,0,1783696401.38758
309,0,benign,37017,window_resampled_15pct,0,1783696401.38758
310,0,benign,2171,window_02_3pct,0,1783696401.392297
311,0,benign,41906,window_resampled_20pct,0,1783696401.392297
312,0,benign,1966,window_02_3pct,0,1783696404.808677
313,0,benign,1964,window_02_3pct,0,1783696404.817315
314,0,benign,37018,window_resampled_15pct,0,1783696404.817533
315,0,benign,1969,window_02_3pct,0,1783696404.817533
316,0,benign,41908,window_resampled_20pct,0,1783696404.819453
317,0,benign,1965,window_02_3pct,0,1783696404.819453
318,0,benign,1950,window_02_3pct,0,1783696408.998043
319,0,benign,37022,window_resampled_15pct,0,1783696408.998043
320,0,benign,1947,window_02_3pct,0,1783696408.998115
321,0,benign,41910,window_resampled_20pct,0,1783696408.998681
322,0,benign,1948,window_02_3pct,0,1783696408.998681
323,0,benign,1946,window_02_3pct,0,1783696408.998961
324,0,benign,1945,window_02_3pct,0,1783696408.999148
325,0,benign,2092,window_02_3pct,0,1783696410.555536
326,0,benign,2000,window_02_3pct,0,1783696411.537511
327,0,benign,2001,window_02_3pct,0,1783696411.537782
328,0,benign,2104,window_02_3pct,0,1783696415.087355
329,0,benign,41911,window_resampled_20pct,0,1783696415.087355
330,0,benign,2073,window_02_3pct,0,1783696419.847072
331,0,benign,37026,window_resampled_15pct,0,1783696419.847072
332,0,benign,2077,window_02_3pct,0,1783696419.855564
333,0,benign,37028,window_resampled_15pct,0,1783696419.856598
334,0,benign,2075,window_02_3pct,0,1783696419.856598
335,0,benign,2074,window_02_3pct,0,1783696419.856765
336,0,benign,2078,window_02_3pct,0,1783696419.857299
337,0,benign,1982,window_02_3pct,0,1783696433.336179
338,0,benign,41914,window_resampled_20pct,0,1783696433.336179
339,0,benign,1985,window_02_3pct,0,1783696433.337201
340,0,benign,1986,window_02_3pct,0,1783696433.337428
341,0,benign,1984,window_02_3pct,0,1783696433.337605
342,0,benign,2157,window_02_3pct,0,1783696438.072471
343,0,benign,37035,window_resampled_15pct,0,1783696438.072471
344,0,benign,2019,window_02_3pct,0,1783696438.97349
345,0,benign,2020,window_02_3pct,0,1783696438.973895
346,0,benign,2012,window_02_3pct,0,1783696441.016336
347,0,benign,2175,window_02_3pct,0,1783696446.863149
348,0,benign,2177,window_02_3pct,0,1783696446.868416
349,0,benign,41919,window_resampled_20pct,0,1783696446.869265
350,0,benign,2179,window_02_3pct,0,1783696446.869265
351,0,benign,2237,window_02_3pct,0,1783696447.953132
352,0,benign,37040,window_resampled_15pct,0,1783696447.953132
353,0,benign,2029,window_02_3pct,0,1783696447.978869
354,0,benign,41921,window_resampled_20pct,0,1783696447.978961
355,0,benign,2025,window_02_3pct,0,1783696447.978961
356,0,benign,2307,window_02_3pct,0,1783696454.92295
357,0,benign,37042,window_resampled_15pct,0,1783696454.92295
358,0,benign,2303,window_02_3pct,0,1783696454.938865
359,0,benign,2305,window_02_3pct,0,1783696454.945616
360,0,benign,2304,window_02_3pct,0,1783696454.947377
361,0,benign,2037,window_02_3pct,0,1783696456.885059
362,0,benign,2038,window_02_3pct,0,1783696456.906133
363,0,benign,2040,window_02_3pct,0,1783696456.906507
364,0,benign,2043,window_02_3pct,0,1783696457.781555
365,0,benign,2045,window_02_3pct,0,1783696457.781749
366,0,benign,2049,window_02_3pct,0,1783696458.442896
367,0,benign,41924,window_resampled_20pct,0,1783696458.442896
368,0,benign,2116,window_02_3pct,0,1783696465.86185
369,0,benign,2072,window_02_3pct,0,1783696468.576322
370,0,benign,2069,window_02_3pct,0,1783696468.576431
371,0,benign,2070,window_02_3pct,0,1783696468.578375
372,0,benign,37052,window_resampled_15pct,0,1783696482.754788
373,0,benign,2102,window_02_3pct,0,1783696482.754788
374,0,benign,37053,window_resampled_15pct,0,1783696482.75501
375,0,benign,2100,window_02_3pct,0,1783696482.75501
376,0,benign,2122,window_02_3pct,0,1783696488.778948
377,0,benign,2119,window_02_3pct,0,1783696488.779088
378,0,benign,37059,window_resampled_15pct,0,1783696506.735986
379,0,benign,2261,window_02_3pct,0,1783696506.735986
380,0,benign,2146,window_02_3pct,0,1783696512.599399
381,0,benign,2147,window_02_3pct,0,1783696512.621489
382,0,benign,2167,window_02_3pct,0,1783696522.905898
383,0,benign,37066,window_resampled_15pct,0,1783696524.333039
384,0,benign,2180,window_02_3pct,0,1783696524.333039
385,0,benign,41940,window_resampled_20pct,0,1783696524.333341
386,0,benign,2182,window_02_3pct,0,1783696524.333341
387,0,benign,2202,window_02_3pct,0,1783696526.561461
388,0,benign,41941,window_resampled_20pct,0,1783696526.616224
389,0,benign,2200,window_02_3pct,0,1783696526.616224
390,0,benign,2201,window_02_3pct,0,1783696526.616412
391,0,benign,2208,window_02_3pct,0,1783696529.466295
392,0,benign,2366,window_02_3pct,0,1783696540.468414
393,0,benign,2340,window_02_3pct,0,1783696540.548063
394,0,benign,2223,window_02_3pct,0,1783696543.851182
395,0,benign,41946,window_resampled_20pct,0,1783696543.851182
396,0,benign,2225,window_02_3pct,0,1783696543.851335
397,0,benign,37071,window_resampled_15pct,0,1783696552.31306
398,0,benign,2241,window_02_3pct,0,1783696552.31306
399,0,benign,2293,window_02_3pct,0,1783696552.688654
400,0,benign,2248,window_02_3pct,0,1783696555.355745
401,0,benign,2246,window_02_3pct,0,1783696555.355854
402,0,benign,2250,window_02_3pct,0,1783696559.180626
403,0,benign,2331,window_02_3pct,0,1783696560.856382
404,0,benign,2336,window_02_3pct,0,1783696560.858604
405,0,benign,2276,window_02_3pct,0,1783696566.034706
406,0,benign,37078,window_resampled_15pct,0,1783696566.034706
407,0,benign,2636,window_02_3pct,0,1783696572.496689
408,0,benign,2438,window_02_3pct,0,1783696572.651525
409,0,benign,2436,window_02_3pct,0,1783696572.65762
410,0,benign,2373,window_02_3pct,0,1783696581.47828
411,0,benign,2314,window_02_3pct,0,1783696584.826704
412,0,benign,2319,window_02_3pct,0,1783696589.542537
413,0,benign,2317,window_02_3pct,0,1783696589.543822
414,0,benign,2321,window_02_3pct,0,1783696591.496565
415,0,benign,2502,window_02_3pct,0,1783696610.465217
416,0,benign,2375,window_02_3pct,0,1783696614.645727
417,0,benign,2377,window_02_3pct,0,1783696614.64649
418,0,benign,2378,window_02_3pct,0,1783696614.647945
419,0,benign,2376,window_02_3pct,0,1783696614.648839
420,0,benign,41963,window_resampled_20pct,0,1783696614.648839
421,0,benign,2390,window_02_3pct,0,1783696620.083064
422,0,benign,2391,window_02_3pct,0,1783696620.109276
423,0,benign,37092,window_resampled_15pct,0,1783696620.109276
424,0,benign,2546,window_02_3pct,0,1783696626.662551
425,0,benign,2472,window_02_3pct,0,1783696628.369141
426,0,benign,2951,window_02_3pct,0,1783696630.980468
427,0,benign,2692,window_02_3pct,0,1783696632.782411
428,0,benign,2691,window_02_3pct,0,1783696632.783905
429,0,benign,37110,window_resampled_15pct,0,1783696632.784097
430,0,benign,2693,window_02_3pct,0,1783696632.784097
431,0,benign,2482,window_02_3pct,0,1783696637.348306
432,0,benign,41990,window_resampled_20pct,0,1783696642.016967
433,0,benign,2536,window_02_3pct,0,1783696642.016967
434,0,benign,2537,window_02_3pct,0,1783696642.017977
435,0,benign,2566,window_02_3pct,0,1783696648.801059
436,0,benign,2492,window_02_3pct,0,1783696650.695113
437,0,benign,2491,window_02_3pct,0,1783696650.695609
438,0,benign,37117,window_resampled_15pct,0,1783696650.695609
439,0,benign,37122,window_resampled_15pct,0,1783696660.303067
440,0,benign,2758,window_02_3pct,0,1783696660.303067
441,0,benign,2544,window_02_3pct,0,1783696660.305886
442,0,benign,2540,window_02_3pct,0,1783696660.3061
443,0,benign,37123,window_resampled_15pct,0,1783696660.3061
444,0,benign,2542,window_02_3pct,0,1783696660.306894
445,0,benign,37124,window_resampled_15pct,0,1783696660.306894
446,0,benign,2543,window_02_3pct,0,1783696660.307181
447,0,benign,2539,window_02_3pct,0,1783696660.307355
448,0,benign,2640,window_02_3pct,0,1783696667.289747
449,0,benign,2560,window_02_3pct,0,1783696688.539913
450,0,benign,2585,window_02_3pct,0,1783696696.600888
451,0,benign,37128,window_resampled_15pct,0,1783696696.600888
452,0,benign,2582,window_02_3pct,0,1783696696.601173
453,0,benign,2583,window_02_3pct,0,1783696696.601349
454,0,benign,37129,window_resampled_15pct,0,1783696696.601349
455,0,benign,2651,window_02_3pct,0,1783696703.622076
456,0,benign,2595,window_02_3pct,0,1783696705.416827
457,0,benign,2927,window_02_3pct,0,1783696711.891603
458,0,benign,2932,window_02_3pct,0,1783696711.891959
459,0,benign,42003,window_resampled_20pct,0,1783696711.891959
460,0,benign,2655,window_02_3pct,0,1783696714.161893
461,0,benign,2662,window_02_3pct,0,1783696719.275229
462,0,benign,2663,window_02_3pct,0,1783696719.27688
463,0,benign,37138,window_resampled_15pct,0,1783696719.27688
464,0,benign,2633,window_02_3pct,0,1783696747.206827
465,0,benign,2631,window_02_3pct,0,1783696747.20695
466,0,benign,2629,window_02_3pct,0,1783696747.208663
467,0,benign,2630,window_02_3pct,0,1783696747.20886
468,0,benign,37142,window_resampled_15pct,0,1783696747.20886
469,0,benign,2644,window_02_3pct,0,1783696748.333142
470,0,benign,2645,window_02_3pct,0,1783696748.333401
471,0,benign,42009,window_resampled_20pct,0,1783696748.333401
472,0,benign,2646,window_02_3pct,0,1783696748.334233
473,0,benign,2642,window_02_3pct,0,1783696748.334601
474,0,benign,2643,window_02_3pct,0,1783696748.334914
475,0,benign,2701,window_02_3pct,0,1783696755.52548
476,0,benign,2699,window_02_3pct,0,1783696755.534107
477,0,benign,42012,window_resampled_20pct,0,1783696755.53858
478,0,benign,2696,window_02_3pct,0,1783696755.53858
479,0,benign,2732,window_02_3pct,0,1783696764.673751
480,0,benign,2764,window_02_3pct,0,1783696769.615094
481,0,benign,2708,window_02_3pct,0,1783696769.697281
482,0,benign,2711,window_02_3pct,0,1783696769.698547
483,0,benign,2709,window_02_3pct,0,1783696769.699178
484,0,benign,2710,window_02_3pct,0,1783696769.6997
485,0,benign,37149,window_resampled_15pct,0,1783696769.6997
486,0,benign,2715,window_02_3pct,0,1783696769.754581
487,0,benign,2718,window_02_3pct,0,1783696769.755477
488,0,benign,2716,window_02_3pct,0,1783696769.756134
489,0,benign,2727,window_02_3pct,0,1783696771.213842
490,0,benign,2728,window_02_3pct,0,1783696771.214549
491,0,benign,2729,window_02_3pct,0,1783696771.21608
492,0,benign,2726,window_02_3pct,0,1783696771.217272
493,0,benign,2749,window_02_3pct,0,1783696779.63521
494,0,benign,2750,window_02_3pct,0,1783696779.635622
495,0,benign,3075,window_02_3pct,0,1783696780.630776
496,0,benign,3077,window_02_3pct,0,1783696780.632582
497,0,benign,2831,window_02_3pct,0,1783696781.162043
498,0,benign,42019,window_resampled_20pct,0,1783696781.162043
499,0,benign,2915,window_02_3pct,0,1783696781.855354
500,0,benign,2770,window_02_3pct,0,1783696790.107086
501,0,benign,42024,window_resampled_20pct,0,1783696790.107086
502,0,benign,2768,window_02_3pct,0,1783696790.107235
503,0,benign,2772,window_02_3pct,0,1783696790.107692
504,0,benign,2771,window_02_3pct,0,1783696790.107946
505,0,benign,2775,window_02_3pct,0,1783696790.247434
506,0,benign,2774,window_02_3pct,0,1783696790.272889
507,0,benign,2788,window_02_3pct,0,1783696794.284828
508,0,benign,42026,window_resampled_20pct,0,1783696794.284828
509,0,benign,2785,window_02_3pct,0,1783696794.286581
510,0,benign,42027,window_resampled_20pct,0,1783696794.286581
511,0,benign,2853,window_02_3pct,0,1783696799.396956
512,0,benign,37155,window_resampled_15pct,0,1783696799.396956
513,0,benign,2795,window_02_3pct,0,1783696803.861758
514,0,benign,2791,window_02_3pct,0,1783696803.861866
515,0,benign,37157,window_resampled_15pct,0,1783696805.803062
516,0,benign,2800,window_02_3pct,0,1783696805.803062
517,0,benign,37162,window_resampled_15pct,0,1783696809.708762
518,0,benign,2812,window_02_3pct,0,1783696809.708762
519,0,benign,2808,window_02_3pct,0,1783696809.710153
520,0,benign,2811,window_02_3pct,0,1783696809.710317
521,0,benign,2882,window_02_3pct,0,1783696816.79937
522,0,benign,42032,window_resampled_20pct,0,1783696819.070688
523,0,benign,3008,window_02_3pct,0,1783696819.070688
524,0,benign,2952,window_02_3pct,0,1783696819.070833
525,0,benign,2825,window_02_3pct,0,1783696819.95335
526,0,benign,2828,window_02_3pct,0,1783696819.953992
527,0,benign,37165,window_resampled_15pct,0,1783696819.95435
528,0,benign,2826,window_02_3pct,0,1783696819.95435
529,0,benign,42036,window_resampled_20pct,0,1783696819.954597
530,0,benign,2827,window_02_3pct,0,1783696819.954597
531,0,benign,37167,window_resampled_15pct,0,1783696822.025752
532,0,benign,2966,window_02_3pct,0,1783696822.025752
533,0,benign,2837,window_02_3pct,0,1783696822.753883
534,0,benign,2836,window_02_3pct,0,1783696822.755486
535,0,benign,2873,window_02_3pct,0,1783696822.845302
536,0,benign,42038,window_resampled_20pct,0,1783696822.845302
537,0,benign,2855,window_02_3pct,0,1783696859.554661
538,0,benign,2856,window_02_3pct,0,1783696859.55481
539,0,benign,2898,window_02_3pct,0,1783696866.146344
540,0,benign,2901,window_02_3pct,0,1783696866.151127
541,0,benign,2884,window_02_3pct,0,1783696869.475275
542,0,benign,3036,window_02_3pct,0,1783696870.061896
543,0,benign,3016,window_02_3pct,0,1783696872.351321
544,0,benign,2886,window_02_3pct,0,1783696874.629137
545,0,benign,2941,window_02_3pct,0,1783696877.475227
546,0,benign,37180,window_resampled_15pct,0,1783696877.475227
547,0,benign,2936,window_02_3pct,0,1783696877.478998
548,0,benign,42044,window_resampled_20pct,0,1783696877.478998
549,0,benign,2938,window_02_3pct,0,1783696877.479141
550,0,benign,2893,window_02_3pct,0,1783696879.248848
551,0,benign,2892,window_02_3pct,0,1783696879.250144
552,0,benign,2906,window_02_3pct,0,1783696886.48451
553,0,benign,3121,window_02_3pct,0,1783696888.419116
554,0,benign,42047,window_resampled_20pct,0,1783696888.419116
555,0,benign,2922,window_02_3pct,0,1783696889.475551
556,0,benign,2986,window_02_3pct,0,1783696891.714143
557,0,benign,2933,window_02_3pct,0,1783696892.491882
558,0,benign,42049,window_resampled_20pct,0,1783696892.491882
559,0,benign,3029,window_02_3pct,0,1783696895.855477
560,0,benign,3080,window_02_3pct,0,1783696913.122495
561,0,benign,42058,window_resampled_20pct,0,1783696918.254323
562,0,benign,2995,window_02_3pct,0,1783696918.254323
563,0,benign,2996,window_02_3pct,0,1783696918.254428
564,0,benign,3002,window_02_3pct,0,1783696924.969564
565,0,benign,3001,window_02_3pct,0,1783696924.971604
566,0,benign,3156,window_02_3pct,0,1783696927.342032
567,0,benign,3113,window_02_3pct,0,1783696941.727631
568,0,benign,3116,window_02_3pct,0,1783696941.728444
569,0,benign,3066,window_02_3pct,0,1783696956.100931
570,0,benign,3065,window_02_3pct,0,1783696956.102215
571,0,benign,3062,window_02_3pct,0,1783696956.10297
572,0,benign,3059,window_02_3pct,0,1783696956.103063
573,0,benign,3060,window_02_3pct,0,1783696956.103204
574,0,benign,3061,window_02_3pct,0,1783696956.103305
575,0,benign,3058,window_02_3pct,0,1783696956.1034
576,0,benign,3096,window_02_3pct,0,1783696956.132817
577,0,benign,3095,window_02_3pct,0,1783696956.403667
578,0,benign,3267,window_02_3pct,0,1783696965.25092
579,0,benign,3265,window_02_3pct,0,1783696965.255855
580,0,benign,3585,window_02_3pct,0,1783696967.545984
581,0,benign,3104,window_02_3pct,0,1783696980.569835
582,0,benign,42070,window_resampled_20pct,0,1783696980.569835
583,0,benign,3124,window_02_3pct,0,1783696992.222134
584,0,benign,3162,window_02_3pct,0,1783697013.94263
585,0,benign,3166,window_02_3pct,0,1783697014.332229
586,0,benign,3167,window_02_3pct,0,1783697014.332579
587,0,benign,3213,window_02_3pct,0,1783697016.310825
588,0,benign,3212,window_02_3pct,0,1783697016.311752
589,0,benign,42078,window_resampled_20pct,0,1783697016.311752
590,0,benign,3202,window_02_3pct,0,1783697020.065316
591,0,benign,3206,window_02_3pct,0,1783697020.065828
592,0,benign,3178,window_02_3pct,0,1783697020.103497
593,0,benign,3179,window_02_3pct,0,1783697020.127179
594,0,benign,42080,window_resampled_20pct,0,1783697020.127417
595,0,benign,3177,window_02_3pct,0,1783697020.127417
596,0,benign,3175,window_02_3pct,0,1783697020.128983
597,0,benign,42081,window_resampled_20pct,0,1783697020.128983
598,0,benign,3176,window_02_3pct,0,1783697020.129183
599,0,benign,3238,window_02_3pct,0,1783697021.211716
600,0,benign,3186,window_02_3pct,0,1783697024.349267
601,0,benign,42083,window_resampled_20pct,0,1783697024.349267
602,0,benign,3187,window_02_3pct,0,1783697024.349345
603,0,benign,3246,window_02_3pct,0,1783697029.838898
604,0,benign,3243,window_02_3pct,0,1783697029.85486
605,0,benign,3218,window_02_3pct,0,1783697030.378748
606,0,benign,42084,window_resampled_20pct,0,1783697030.378748
607,0,benign,42085,window_resampled_20pct,0,1783697030.378995
608,0,benign,3215,window_02_3pct,0,1783697030.378995
609,0,benign,3217,window_02_3pct,0,1783697030.379292
610,0,benign,3222,window_02_3pct,0,1783697034.741745
611,0,benign,3223,window_02_3pct,0,1783697034.742043
612,0,benign,3228,window_02_3pct,0,1783697034.962424
613,0,benign,3253,window_02_3pct,0,1783697035.008002
614,0,benign,3349,window_02_3pct,0,1783697040.185619
615,0,benign,3348,window_02_3pct,0,1783697040.192644
616,0,benign,3235,window_02_3pct,0,1783697042.988674
617,0,benign,3484,window_02_3pct,0,1783697053.982537
618,0,benign,3287,window_02_3pct,0,1783697064.846957
619,0,benign,3552,window_02_3pct,0,1783697072.052537
620,0,benign,3396,window_02_3pct,0,1783697077.59488
621,0,benign,3395,window_02_3pct,0,1783697077.595284
622,0,benign,3588,window_02_3pct,0,1783697077.595622
623,0,benign,3312,window_02_3pct,0,1783697091.114654
624,0,benign,3311,window_02_3pct,0,1783697091.115899
625,0,benign,3326,window_02_3pct,0,1783697094.539062
626,0,benign,3322,window_02_3pct,0,1783697094.546156
627,0,benign,3323,window_02_3pct,0,1783697094.546329
628,0,benign,3321,window_02_3pct,0,1783697094.546739
629,0,benign,3383,window_02_3pct,0,1783697100.943608
630,0,benign,3357,window_02_3pct,0,1783697102.470014
631,0,benign,3406,window_02_3pct,0,1783697103.991849
632,0,benign,3403,window_02_3pct,0,1783697103.994214
633,0,benign,42099,window_resampled_20pct,0,1783697103.994214
634,0,benign,3797,window_02_3pct,0,1783697116.61615
635,0,benign,3798,window_02_3pct,0,1783697116.621142
636,0,benign,3565,window_02_3pct,0,1783697120.573876
637,0,benign,3365,window_02_3pct,0,1783697129.696304
638,0,benign,42105,window_resampled_20pct,0,1783697129.696304
639,0,benign,3366,window_02_3pct,0,1783697129.696546
640,0,benign,37240,window_resampled_15pct,0,1783697129.706839
641,0,benign,3494,window_02_3pct,0,1783697129.706839
642,0,benign,3372,window_02_3pct,0,1783697134.214747
643,0,benign,3371,window_02_3pct,0,1783697134.216987
644,0,benign,3492,window_02_3pct,0,1783697137.351794
645,0,benign,3380,window_02_3pct,0,1783697149.889742
646,0,benign,37245,window_resampled_15pct,0,1783697161.083861
647,0,benign,3536,window_02_3pct,0,1783697161.083861
648,0,benign,3398,window_02_3pct,0,1783697167.71215
649,0,benign,3538,window_02_3pct,0,1783697174.285548
650,0,benign,3418,window_02_3pct,0,1783697175.304827
651,0,benign,42116,window_resampled_20pct,0,1783697175.305663
652,0,benign,3421,window_02_3pct,0,1783697175.305663
653,0,benign,3422,window_02_3pct,0,1783697175.305993
654,0,benign,3419,window_02_3pct,0,1783697175.306316
655,0,benign,3583,window_02_3pct,0,1783697178.980141
656,0,benign,42120,window_resampled_20pct,0,1783697178.980141
657,0,benign,3572,window_02_3pct,0,1783697189.790078
658,0,benign,3570,window_02_3pct,0,1783697189.791451
659,0,benign,3587,window_02_3pct,0,1783697192.897292
660,0,benign,3602,window_02_3pct,0,1783697195.803237
661,0,benign,42122,window_resampled_20pct,0,1783697195.803237
662,0,benign,3598,window_02_3pct,0,1783697195.803737
663,0,benign,3457,window_02_3pct,0,1783697196.820455
664,0,benign,3462,window_02_3pct,0,1783697199.813527
665,0,benign,3465,window_02_3pct,0,1783697199.815561
666,0,benign,3463,window_02_3pct,0,1783697199.815944
667,0,benign,3500,window_02_3pct,0,1783697199.847883
668,0,benign,42124,window_resampled_20pct,0,1783697200.382535
669,0,benign,3466,window_02_3pct,0,1783697200.382535
670,0,benign,3608,window_02_3pct,0,1783697206.704624
671,0,benign,3524,window_02_3pct,0,1783697207.739386
672,0,benign,3692,window_02_3pct,0,1783697215.293324
673,0,benign,3528,window_02_3pct,0,1783697216.660259
674,0,benign,37259,window_resampled_15pct,0,1783697216.660259
675,0,benign,3639,window_02_3pct,0,1783697235.013976
676,0,benign,37264,window_resampled_15pct,0,1783697235.013976
677,0,benign,3637,window_02_3pct,0,1783697235.01435
678,0,benign,3695,window_02_3pct,0,1783697246.998945
679,0,benign,3605,window_02_3pct,0,1783697248.115023
680,0,benign,3686,window_02_3pct,0,1783697249.87461
681,0,benign,3683,window_02_3pct,0,1783697249.875393
682,0,benign,3674,window_02_3pct,0,1783697250.413161
683,0,benign,37266,window_resampled_15pct,0,1783697250.413161
684,0,benign,3672,window_02_3pct,0,1783697250.422422
685,0,benign,3675,window_02_3pct,0,1783697250.423157
686,0,benign,37267,window_resampled_15pct,0,1783697250.423157
687,0,benign,3676,window_02_3pct,0,1783697250.424212
688,0,benign,3715,window_02_3pct,0,1783697251.294578
689,0,benign,3613,window_02_3pct,0,1783697262.1837
690,0,benign,42136,window_resampled_20pct,0,1783697262.1837
691,0,benign,3735,window_02_3pct,0,1783697263.151539
692,0,benign,3621,window_02_3pct,0,1783697267.852555
693,0,benign,42140,window_resampled_20pct,0,1783697267.852555
694,0,benign,37271,window_resampled_15pct,0,1783697267.852712
695,0,benign,3618,window_02_3pct,0,1783697267.852712
696,0,benign,3646,window_02_3pct,0,1783697270.116892
697,0,benign,3647,window_02_3pct,0,1783697270.11879
698,0,benign,3630,window_02_3pct,0,1783697273.187292
699,0,benign,3634,window_02_3pct,0,1783697273.188124
700,0,benign,3635,window_02_3pct,0,1783697273.188284
701,0,benign,3633,window_02_3pct,0,1783697273.188739
702,0,benign,42145,window_resampled_20pct,0,1783697273.864707
703,0,benign,3764,window_02_3pct,0,1783697273.864707
704,0,benign,3768,window_02_3pct,0,1783697273.876752
705,0,benign,3766,window_02_3pct,0,1783697273.878568
706,0,benign,3821,window_02_3pct,0,1783697281.171046
707,0,benign,3820,window_02_3pct,0,1783697281.172763
708,0,benign,3924,window_02_3pct,0,1783697291.079144
709,0,benign,3808,window_02_3pct,0,1783697295.985012
710,0,benign,37277,window_resampled_15pct,0,1783697295.985012
711,0,benign,3707,window_02_3pct,0,1783697300.615493
712,0,benign,3789,window_02_3pct,0,1783697301.597951
713,0,benign,3701,window_02_3pct,0,1783697301.836237
714,0,benign,42150,window_resampled_20pct,0,1783697301.836237
715,0,benign,37280,window_resampled_15pct,0,1783697301.836404
716,0,benign,3702,window_02_3pct,0,1783697301.836404
717,0,benign,3849,window_02_3pct,0,1783697309.284186
718,0,benign,3710,window_02_3pct,0,1783697313.557815
719,0,benign,3711,window_02_3pct,0,1783697313.558695
720,0,benign,3713,window_02_3pct,0,1783697313.558758
721,0,benign,3709,window_02_3pct,0,1783697313.559088
722,0,benign,3782,window_02_3pct,0,1783697338.65187
723,0,benign,42159,window_resampled_20pct,0,1783697338.672696
724,0,benign,3787,window_02_3pct,0,1783697338.672696
725,0,benign,3783,window_02_3pct,0,1783697338.675024
726,0,benign,3784,window_02_3pct,0,1783697338.675139
727,0,benign,3812,window_02_3pct,0,1783697338.906953
728,0,benign,3829,window_02_3pct,0,1783697338.925572
729,0,benign,3984,window_02_3pct,0,1783697341.354095
730,0,benign,3982,window_02_3pct,0,1783697341.370606
731,0,benign,3985,window_02_3pct,0,1783697342.694461
732,0,benign,37291,window_resampled_15pct,0,1783697342.694461
733,0,benign,3957,window_02_3pct,0,1783697342.694461
734,0,benign,4055,window_02_3pct,0,1783697343.311808
735,0,benign,3811,window_02_3pct,0,1783697343.946937
736,0,benign,3859,window_02_3pct,0,1783697347.310011
737,0,benign,3843,window_02_3pct,0,1783697356.991615
738,0,benign,3847,window_02_3pct,0,1783697356.995185
739,0,benign,3846,window_02_3pct,0,1783697356.99604
740,0,benign,3842,window_02_3pct,0,1783697356.996206
741,0,benign,42166,window_resampled_20pct,0,1783697356.996206
742,0,benign,3844,window_02_3pct,0,1783697356.996495
743,0,benign,3910,window_02_3pct,0,1783697359.666321
744,0,benign,3912,window_02_3pct,0,1783697359.671804
745,0,benign,3841,window_02_3pct,0,1783697360.229603
746,0,benign,3838,window_02_3pct,0,1783697360.229718
747,0,benign,37296,window_resampled_15pct,0,1783697360.844587
748,0,benign,3869,window_02_3pct,0,1783697360.844587
749,0,benign,3970,window_02_3pct,0,1783697370.156888
750,0,benign,37303,window_resampled_15pct,0,1783697370.156888
751,0,benign,4023,window_02_3pct,0,1783697374.704616
752,0,benign,3876,window_02_3pct,0,1783697389.1584
753,0,benign,3872,window_02_3pct,0,1783697389.15877
754,0,benign,3886,window_02_3pct,0,1783697389.275306
755,0,benign,37307,window_resampled_15pct,0,1783697389.28167
756,0,benign,3883,window_02_3pct,0,1783697389.28167
757,0,benign,4043,window_02_3pct,0,1783697390.567944
758,0,benign,37309,window_resampled_15pct,0,1783697390.568184
759,0,benign,4048,window_02_3pct,0,1783697390.568184
760,0,benign,4044,window_02_3pct,0,1783697390.569917
761,0,benign,3892,window_02_3pct,0,1783697391.783002
762,0,benign,37311,window_resampled_15pct,0,1783697391.783404
763,0,benign,3891,window_02_3pct,0,1783697391.783404
764,0,benign,3929,window_02_3pct,0,1783697403.048865
765,0,benign,37317,window_resampled_15pct,0,1783697403.048865
766,0,benign,3927,window_02_3pct,0,1783697403.048957
767,0,benign,37320,window_resampled_15pct,0,1783697404.80113
768,0,benign,4092,window_02_3pct,0,1783697404.80113
769,0,benign,3945,window_02_3pct,0,1783697404.964211
770,0,benign,37321,window_resampled_15pct,0,1783697404.964211
771,0,benign,3942,window_02_3pct,0,1783697404.965364
772,0,benign,37323,window_resampled_15pct,0,1783697404.965364
773,0,benign,4125,window_02_3pct,0,1783697408.467708
774,0,benign,3937,window_02_3pct,0,1783697415.150877
775,0,benign,3948,window_02_3pct,0,1783697423.240149
776,0,benign,3949,window_02_3pct,0,1783697423.2403
777,0,benign,3996,window_02_3pct,0,1783697426.483577
778,0,benign,3964,window_02_3pct,0,1783697430.352358
779,0,benign,3963,window_02_3pct,0,1783697430.354552
780,0,benign,3961,window_02_3pct,0,1783697430.354685
781,0,benign,4036,window_02_3pct,0,1783697430.633265
782,0,benign,37334,window_resampled_15pct,0,1783697430.633265
783,0,benign,4010,window_02_3pct,0,1783697434.865758
784,0,benign,37335,window_resampled_15pct,0,1783697434.865758
785,0,benign,42182,window_resampled_20pct,0,1783697434.865963
786,0,benign,4011,window_02_3pct,0,1783697434.865963
787,0,benign,3976,window_02_3pct,0,1783697437.808133
788,0,benign,37344,window_resampled_15pct,0,1783697449.796962
789,0,benign,4003,window_02_3pct,0,1783697449.796962
790,0,benign,42184,window_resampled_20pct,0,1783697450.026189
791,0,benign,4042,window_02_3pct,0,1783697450.026189
792,0,benign,4078,window_02_3pct,0,1783697450.14003
793,0,benign,4080,window_02_3pct,0,1783697450.1402
794,0,benign,4163,window_02_3pct,0,1783697454.2292
795,0,benign,37351,window_resampled_15pct,0,1783697454.2292
796,0,benign,4167,window_02_3pct,0,1783697454.229377
797,0,benign,42187,window_resampled_20pct,0,1783697454.229377
798,0,benign,4051,window_02_3pct,0,1783697457.62936
799,0,benign,37354,window_resampled_15pct,0,1783697457.62936
800,0,benign,4156,window_02_3pct,0,1783697457.939791
801,0,benign,4293,window_02_3pct,0,1783697460.135763
802,0,benign,42190,window_resampled_20pct,0,1783697460.135763
803,0,benign,4063,window_02_3pct,0,1783697463.505757
804,0,benign,42191,window_resampled_20pct,0,1783697463.508065
805,0,benign,4062,window_02_3pct,0,1783697463.508065
806,0,benign,4109,window_02_3pct,0,1783697464.040781
807,0,benign,4072,window_02_3pct,0,1783697464.585391
808,0,benign,37359,window_resampled_15pct,0,1783697464.585391
809,0,benign,4285,window_02_3pct,0,1783697464.596616
810,0,benign,4144,window_02_3pct,0,1783697464.993928
811,0,benign,42193,window_resampled_20pct,0,1783697464.993928
812,0,benign,4086,window_02_3pct,0,1783697466.258681
813,0,benign,4181,window_02_3pct,0,1783697467.958213
814,0,benign,4116,window_02_3pct,0,1783697470.813067
815,0,benign,4249,window_02_3pct,0,1783697470.980214
816,0,benign,4247,window_02_3pct,0,1783697470.985398
817,0,benign,4127,window_02_3pct,0,1783697486.946939
818,0,benign,4126,window_02_3pct,0,1783697486.94708
819,0,benign,4111,window_02_3pct,0,1783697499.280547
820,0,benign,4135,window_02_3pct,0,1783697506.336306
821,0,benign,4133,window_02_3pct,0,1783697506.336555
822,0,benign,4139,window_02_3pct,0,1783697507.002889
823,0,benign,42201,window_resampled_20pct,0,1783697507.002889
824,0,benign,4140,window_02_3pct,0,1783697507.003298
825,0,benign,4141,window_02_3pct,0,1783697507.003503
826,0,benign,4138,window_02_3pct,0,1783697507.003726
827,0,benign,4171,window_02_3pct,0,1783697512.771903
828,0,benign,4217,window_02_3pct,0,1783697528.134314
829,0,benign,4222,window_02_3pct,0,1783697528.134969
830,0,benign,4200,window_02_3pct,0,1783697529.69464
831,0,benign,4202,window_02_3pct,0,1783697529.694936
832,0,benign,4206,window_02_3pct,0,1783697529.69945
833,0,benign,42207,window_resampled_20pct,0,1783697532.160638
834,0,benign,4357,window_02_3pct,0,1783697532.160638
835,0,benign,42208,window_resampled_20pct,0,1783697537.84126
836,0,benign,4224,window_02_3pct,0,1783697537.84126
837,0,benign,4288,window_02_3pct,0,1783697539.060483
838,0,benign,42210,window_resampled_20pct,0,1783697539.060483
839,0,benign,4287,window_02_3pct,0,1783697539.061447
840,0,benign,4292,window_02_3pct,0,1783697539.06441
841,0,benign,42212,window_resampled_20pct,0,1783697545.246697
842,0,benign,4347,window_02_3pct,0,1783697545.246697
843,0,benign,4325,window_02_3pct,0,1783697546.540014
844,0,benign,4326,window_02_3pct,0,1783697546.540178
845,0,benign,4278,window_02_3pct,0,1783697549.866789
846,0,benign,4375,window_02_3pct,0,1783697550.97665
847,0,benign,4307,window_02_3pct,0,1783697552.467101
848,0,benign,4308,window_02_3pct,0,1783697552.468219
849,0,benign,4309,window_02_3pct,0,1783697552.468555
850,0,benign,4422,window_02_3pct,0,1783697555.903117
851,0,benign,4372,window_02_3pct,0,1783697556.263323
852,0,benign,4299,window_02_3pct,0,1783697562.140637
853,0,benign,37386,window_resampled_15pct,0,1783697562.140637
854,0,benign,4468,window_02_3pct,0,1783697570.67368
855,0,benign,42227,window_resampled_20pct,0,1783697570.67368
856,0,benign,4470,window_02_3pct,0,1783697570.673912
857,0,benign,4469,window_02_3pct,0,1783697570.675771
858,0,benign,42228,window_resampled_20pct,0,1783697570.675771
859,0,benign,42233,window_resampled_20pct,0,1783697585.127573
860,0,benign,4331,window_02_3pct,0,1783697585.127573
861,0,benign,4334,window_02_3pct,0,1783697585.127778
862,0,benign,42234,window_resampled_20pct,0,1783697585.127778
863,0,benign,4343,window_02_3pct,0,1783697586.820419
864,0,benign,4346,window_02_3pct,0,1783697586.820645
865,0,benign,4341,window_02_3pct,0,1783697586.820781
866,0,benign,4495,window_02_3pct,0,1783697591.082606
867,0,benign,4496,window_02_3pct,0,1783697591.088416
868,0,benign,4493,window_02_3pct,0,1783697591.088612
869,0,benign,42237,window_resampled_20pct,0,1783697591.088612
870,0,benign,4445,window_02_3pct,0,1783697598.938773
871,0,benign,4447,window_02_3pct,0,1783697598.93891
872,0,benign,37396,window_resampled_15pct,0,1783697598.93891
873,0,benign,4448,window_02_3pct,0,1783697598.939939
874,0,benign,4377,window_02_3pct,0,1783697603.433654
875,0,benign,4379,window_02_3pct,0,1783697603.433795
876,0,benign,4442,window_02_3pct,0,1783697603.675262
877,0,benign,42242,window_resampled_20pct,0,1783697605.583258
878,0,benign,4392,window_02_3pct,0,1783697605.583258
879,0,benign,4391,window_02_3pct,0,1783697605.583369
880,0,benign,42250,window_resampled_20pct,0,1783697629.818807
881,0,benign,4461,window_02_3pct,0,1783697629.818807
882,0,benign,4528,window_02_3pct,0,1783697630.529927
883,0,benign,4547,window_02_3pct,0,1783697633.722147
884,0,benign,4524,window_02_3pct,0,1783697636.552518
885,0,benign,4531,window_02_3pct,0,1783697637.692942
886,0,benign,42253,window_resampled_20pct,0,1783697637.692942
887,0,benign,4616,window_02_3pct,0,1783697640.749681
888,0,benign,4598,window_02_3pct,0,1783697665.046354
889,0,benign,4599,window_02_3pct,0,1783697665.047779
890,0,benign,4594,window_02_3pct,0,1783697665.048766
891,0,benign,4563,window_02_3pct,0,1783697670.284113
892,0,benign,4588,window_02_3pct,0,1783697682.800621
893,0,benign,4541,window_02_3pct,0,1783697688.341124
894,0,benign,4543,window_02_3pct,0,1783697688.341898
895,0,benign,4539,window_02_3pct,0,1783697688.342276
896,0,benign,4540,window_02_3pct,0,1783697688.342609
897,0,benign,42260,window_resampled_20pct,0,1783697695.527105
898,0,benign,4584,window_02_3pct,0,1783697695.527105
899,0,benign,4586,window_02_3pct,0,1783697695.5277
900,0,benign,42261,window_resampled_20pct,0,1783697695.5277
901,0,benign,4640,window_02_3pct,0,1783697717.94102
902,0,benign,4605,window_02_3pct,0,1783697737.103649
903,0,benign,42262,window_resampled_20pct,0,1783697737.103649
904,0,benign,4634,window_02_3pct,0,1783697760.094541
905,0,benign,4617,window_02_3pct,0,1783697795.394526
906,0,benign,4642,window_02_3pct,0,1783697924.808911
907,0,benign,4649,window_02_3pct,0,1783698096.322297
908,0,benign,4658,window_03_5pct,0,1783699122.377457
909,0,benign,4657,window_03_5pct,0,1783699122.378456
910,0,benign,42268,window_resampled_20pct,0,1783699122.378456
911,0,benign,4660,window_03_5pct,0,1783699122.378717
912,0,benign,37424,window_resampled_15pct,0,1783699151.464355
913,0,benign,4703,window_03_5pct,0,1783699151.464355
914,0,benign,4677,window_03_5pct,0,1783699172.365938
915,0,benign,37426,window_resampled_15pct,0,1783699172.366808
916,0,benign,4679,window_03_5pct,0,1783699172.366808
917,0,benign,4674,window_03_5pct,0,1783699172.370248
918,0,benign,42272,window_resampled_20pct,0,1783699172.370893
919,0,benign,4675,window_03_5pct,0,1783699172.370893
920,0,benign,4676,window_03_5pct,0,1783699172.371163
921,0,benign,4653,window_03_5pct,0,1783699197.587226
922,0,benign,4764,window_03_5pct,0,1783699202.276038
923,0,benign,4749,window_03_5pct,0,1783699213.050257
924,0,benign,4723,window_03_5pct,0,1783699215.467107
925,0,benign,5032,window_03_5pct,0,1783699228.904119
926,0,benign,4748,window_03_5pct,0,1783699234.494315
927,0,benign,37431,window_resampled_15pct,0,1783699234.494578
928,0,benign,4750,window_03_5pct,0,1783699234.494578
929,0,benign,4775,window_03_5pct,0,1783699250.313234
930,0,benign,4849,window_03_5pct,0,1783699256.061979
931,0,benign,4713,window_03_5pct,0,1783699257.109456
932,0,benign,4715,window_03_5pct,0,1783699257.109726
933,0,benign,4718,window_03_5pct,0,1783699257.110967
934,0,benign,42282,window_resampled_20pct,0,1783699257.248894
935,0,benign,4732,window_03_5pct,0,1783699257.248894
936,0,benign,4762,window_03_5pct,0,1783699259.778514
937,0,benign,4763,window_03_5pct,0,1783699259.779871
938,0,benign,4736,window_03_5pct,0,1783699263.852157
939,0,benign,4744,window_03_5pct,0,1783699268.735263
940,0,benign,4745,window_03_5pct,0,1783699268.75702
941,0,benign,4746,window_03_5pct,0,1783699268.758219
942,0,benign,4770,window_03_5pct,0,1783699283.55989
943,0,benign,5135,window_03_5pct,0,1783699284.136046
944,0,benign,4793,window_03_5pct,0,1783699289.616973
945,0,benign,4783,window_03_5pct,0,1783699292.005989
946,0,benign,4840,window_03_5pct,0,1783699313.86949
947,0,benign,4829,window_03_5pct,0,1783699324.129302
948,0,benign,4830,window_03_5pct,0,1783699324.12941
949,0,benign,37445,window_resampled_15pct,0,1783699324.12941
950,0,benign,4870,window_03_5pct,0,1783699333.71445
951,0,benign,4871,window_03_5pct,0,1783699333.714609
952,0,benign,4858,window_03_5pct,0,1783699337.934156
953,0,benign,4857,window_03_5pct,0,1783699337.943688
954,0,benign,4883,window_03_5pct,0,1783699357.650698
955,0,benign,4880,window_03_5pct,0,1783699357.650836
956,0,benign,5096,window_03_5pct,0,1783699366.121966
957,0,benign,5100,window_03_5pct,0,1783699366.584701
958,0,benign,4898,window_03_5pct,0,1783699367.796998
959,0,benign,4896,window_03_5pct,0,1783699367.799063
960,0,benign,4906,window_03_5pct,0,1783699374.979277
961,0,benign,4901,window_03_5pct,0,1783699374.979676
962,0,benign,42309,window_resampled_20pct,0,1783699374.979676
963,0,benign,4904,window_03_5pct,0,1783699374.98081
964,0,benign,42310,window_resampled_20pct,0,1783699374.98081
965,0,benign,4905,window_03_5pct,0,1783699374.98115
966,0,benign,5047,window_03_5pct,0,1783699394.26964
967,0,benign,5166,window_03_5pct,0,1783699408.720545
968,0,benign,5165,window_03_5pct,0,1783699408.720711
969,0,benign,5170,window_03_5pct,0,1783699408.722021
970,0,benign,5129,window_03_5pct,0,1783699409.944485
971,0,benign,5118,window_03_5pct,0,1783699411.096807
972,0,benign,42353,window_resampled_20pct,0,1783699411.096807
973,0,benign,5245,window_03_5pct,0,1783699421.172328
974,0,benign,5254,window_03_5pct,0,1783699426.983518
975,0,benign,5112,window_03_5pct,0,1783699431.063146
976,0,benign,42357,window_resampled_20pct,0,1783699434.897056
977,0,benign,5263,window_03_5pct,0,1783699434.897056
978,0,benign,37517,window_resampled_15pct,0,1783699441.884383
979,0,benign,5198,window_03_5pct,0,1783699441.884383
980,0,benign,5201,window_03_5pct,0,1783699441.884957
981,0,benign,5196,window_03_5pct,0,1783699441.885667
982,0,benign,5214,window_03_5pct,0,1783699445.193019
983,0,benign,37519,window_resampled_15pct,0,1783699445.193019
984,0,benign,5163,window_03_5pct,0,1783699446.754279
985,0,benign,5276,window_03_5pct,0,1783699449.691159
986,0,benign,5222,window_03_5pct,0,1783699453.345427
987,0,benign,37522,window_resampled_15pct,0,1783699453.345427
988,0,benign,5224,window_03_5pct,0,1783699453.345775
989,0,benign,5260,window_03_5pct,0,1783699453.85126
990,0,benign,5261,window_03_5pct,0,1783699453.85267
991,0,benign,5295,window_03_5pct,0,1783699456.923571
992,0,benign,5176,window_03_5pct,0,1783699457.822782
993,0,benign,42367,window_resampled_20pct,0,1783699469.322827
994,0,benign,5300,window_03_5pct,0,1783699469.322827
995,0,benign,5204,window_03_5pct,0,1783699472.477822
996,0,benign,5559,window_03_5pct,0,1783699485.086653
997,0,benign,5454,window_03_5pct,0,1783699492.173176
998,0,benign,42373,window_resampled_20pct,0,1783699492.250403
999,0,benign,5341,window_03_5pct,0,1783699492.250403
1000,0,benign,5281,window_03_5pct,0,1783699511.122121
1001,0,benign,5516,window_03_5pct,0,1783699512.81349
1002,0,benign,5424,window_03_5pct,0,1783699515.044691
1003,0,benign,5271,window_03_5pct,0,1783699516.689635
1004,0,benign,5273,window_03_5pct,0,1783699516.690289
1005,0,benign,42377,window_resampled_20pct,0,1783699516.690454
1006,0,benign,5274,window_03_5pct,0,1783699516.690454
1007,0,benign,5388,window_03_5pct,0,1783699527.521704
1008,0,benign,5390,window_03_5pct,0,1783699527.524109
1009,0,benign,5391,window_03_5pct,0,1783699527.524222
1010,0,benign,42381,window_resampled_20pct,0,1783699527.524222
1011,0,benign,5305,window_03_5pct,0,1783699527.763534
1012,0,benign,5317,window_03_5pct,0,1783699532.830893
1013,0,benign,5315,window_03_5pct,0,1783699532.831008
1014,0,benign,37540,window_resampled_15pct,0,1783699541.168838
1015,0,benign,5576,window_03_5pct,0,1783699541.168838
1016,0,benign,5575,window_03_5pct,0,1783699541.169142
1017,0,benign,42385,window_resampled_20pct,0,1783699541.169142
1018,0,benign,5580,window_03_5pct,0,1783699541.171692
1019,0,benign,5403,window_03_5pct,0,1783699553.122838
1020,0,benign,5376,window_03_5pct,0,1783699555.847319
1021,0,benign,5395,window_03_5pct,0,1783699557.181962
1022,0,benign,5397,window_03_5pct,0,1783699557.182504
1023,0,benign,5462,window_03_5pct,0,1783699560.9019
1024,0,benign,5457,window_03_5pct,0,1783699560.902611
1025,0,benign,42389,window_resampled_20pct,0,1783699560.902611
1026,0,benign,5406,window_03_5pct,0,1783699561.096459
1027,0,benign,5408,window_03_5pct,0,1783699561.371185
1028,0,benign,5407,window_03_5pct,0,1783699561.372061
1029,0,benign,37552,window_resampled_15pct,0,1783699564.932338
1030,0,benign,5617,window_03_5pct,0,1783699564.932338
1031,0,benign,5430,window_03_5pct,0,1783699581.925879
1032,0,benign,42395,window_resampled_20pct,0,1783699581.925879
1033,0,benign,5429,window_03_5pct,0,1783699581.927327
1034,0,benign,37554,window_resampled_15pct,0,1783699581.927327
1035,0,benign,42396,window_resampled_20pct,0,1783699587.269995
1036,0,benign,5436,window_03_5pct,0,1783699587.269995
1037,0,benign,5433,window_03_5pct,0,1783699587.270345
1038,0,benign,5432,window_03_5pct,0,1783699587.2718
1039,0,benign,5435,window_03_5pct,0,1783699587.271839
1040,0,benign,5448,window_03_5pct,0,1783699591.227022
1041,0,benign,5597,window_03_5pct,0,1783699591.330661
1042,0,benign,42400,window_resampled_20pct,0,1783699591.330661
1043,0,benign,5599,window_03_5pct,0,1783699591.330798
1044,0,benign,37560,window_resampled_15pct,0,1783699602.393093
1045,0,benign,5470,window_03_5pct,0,1783699602.393093
1046,0,benign,5503,window_03_5pct,0,1783699604.346227
1047,0,benign,5497,window_03_5pct,0,1783699612.332758
1048,0,benign,5499,window_03_5pct,0,1783699612.332884
1049,0,benign,5536,window_03_5pct,0,1783699614.730101
1050,0,benign,42409,window_resampled_20pct,0,1783699614.730101
1051,0,benign,5694,window_03_5pct,0,1783699621.766099
1052,0,benign,5697,window_03_5pct,0,1783699621.767657
1053,0,benign,5539,window_03_5pct,0,1783699622.485801
1054,0,benign,5606,window_03_5pct,0,1783699622.719531
1055,0,benign,5602,window_03_5pct,0,1783699622.72091
1056,0,benign,37574,window_resampled_15pct,0,1783699624.320762
1057,0,benign,5544,window_03_5pct,0,1783699624.320762
1058,0,benign,5543,window_03_5pct,0,1783699624.320914
1059,0,benign,5581,window_03_5pct,0,1783699631.668275
1060,0,benign,5843,window_03_5pct,0,1783699633.847101
1061,0,benign,5650,window_03_5pct,0,1783699641.132513
1062,0,benign,42417,window_resampled_20pct,0,1783699641.132513
1063,0,benign,5649,window_03_5pct,0,1783699641.133693
1064,0,benign,5670,window_03_5pct,0,1783699645.632171
1065,0,benign,5672,window_03_5pct,0,1783699663.977397
1066,0,benign,42421,window_resampled_20pct,0,1783699663.977397
1067,0,benign,5875,window_03_5pct,0,1783699664.938543
1068,0,benign,37580,window_resampled_15pct,0,1783699667.239608
1069,0,benign,5809,window_03_5pct,0,1783699667.239608
1070,0,benign,5687,window_03_5pct,0,1783699675.685891
1071,0,benign,5755,window_03_5pct,0,1783699679.136891
1072,0,benign,5949,window_03_5pct,0,1783699682.196736
1073,0,benign,5842,window_03_5pct,0,1783699683.354479
1074,0,benign,5973,window_03_5pct,0,1783699683.357937
1075,0,benign,5732,window_03_5pct,0,1783699690.881095
1076,0,benign,42428,window_resampled_20pct,0,1783699690.881146
1077,0,benign,5734,window_03_5pct,0,1783699690.881146
1078,0,benign,5678,window_03_5pct,0,1783699696.484422
1079,0,benign,5680,window_03_5pct,0,1783699698.608783
1080,0,benign,5692,window_03_5pct,0,1783699701.76909
1081,0,benign,42430,window_resampled_20pct,0,1783699701.76909
1082,0,benign,5717,window_03_5pct,0,1783699712.98451
1083,0,benign,42434,window_resampled_20pct,0,1783699712.98451
1084,0,benign,5719,window_03_5pct,0,1783699712.985282
1085,0,benign,5720,window_03_5pct,0,1783699712.985478
1086,0,benign,42435,window_resampled_20pct,0,1783699712.985617
1087,0,benign,5722,window_03_5pct,0,1783699712.985617
1088,0,benign,5725,window_03_5pct,0,1783699715.339822
1089,0,benign,5768,window_03_5pct,0,1783699731.385385
1090,0,benign,5769,window_03_5pct,0,1783699731.389283
1091,0,benign,42440,window_resampled_20pct,0,1783699731.389568
1092,0,benign,5772,window_03_5pct,0,1783699731.389568
1093,0,benign,5788,window_03_5pct,0,1783699740.22779
1094,0,benign,5765,window_03_5pct,0,1783699745.965945
1095,0,benign,5815,window_03_5pct,0,1783699746.245586
1096,0,benign,42443,window_resampled_20pct,0,1783699746.245586
1097,0,benign,5816,window_03_5pct,0,1783699746.245837
1098,0,benign,5947,window_03_5pct,0,1783699749.451389
1099,0,benign,5818,window_03_5pct,0,1783699751.317264
1100,0,benign,37598,window_resampled_15pct,0,1783699751.317264
1101,0,benign,5801,window_03_5pct,0,1783699754.135008
1102,0,benign,5799,window_03_5pct,0,1783699754.139654
1103,0,benign,5802,window_03_5pct,0,1783699754.140697
1104,0,benign,5857,window_03_5pct,0,1783699774.228638
1105,0,benign,5861,window_03_5pct,0,1783699774.241398
1106,0,benign,42450,window_resampled_20pct,0,1783699774.243529
1107,0,benign,5860,window_03_5pct,0,1783699774.243529
1108,0,benign,5827,window_03_5pct,0,1783699779.074783
1109,0,benign,5846,window_03_5pct,0,1783699786.199097
1110,0,benign,5939,window_03_5pct,0,1783699786.252899
1111,0,benign,5938,window_03_5pct,0,1783699786.253815
1112,0,benign,5897,window_03_5pct,0,1783699786.491083
1113,0,benign,5864,window_03_5pct,0,1783699801.280182
1114,0,benign,5867,window_03_5pct,0,1783699801.280376
1115,0,benign,5987,window_03_5pct,0,1783699812.727892
1116,0,benign,5912,window_03_5pct,0,1783699819.560004
1117,0,benign,5913,window_03_5pct,0,1783699819.572968
1118,0,benign,5910,window_03_5pct,0,1783699819.574595
1119,0,benign,5903,window_03_5pct,0,1783699823.393958
1120,0,benign,42456,window_resampled_20pct,0,1783699823.393958
1121,0,benign,5902,window_03_5pct,0,1783699823.395413
1122,0,benign,5927,window_03_5pct,0,1783699823.651484
1123,0,benign,5929,window_03_5pct,0,1783699823.656296
1124,0,benign,5930,window_03_5pct,0,1783699823.658104
1125,0,benign,5924,window_03_5pct,0,1783699835.904465
1126,0,benign,42458,window_resampled_20pct,0,1783699838.546289
1127,0,benign,5971,window_03_5pct,0,1783699838.546289
1128,0,benign,5966,window_03_5pct,0,1783699838.546377
1129,0,benign,5969,window_03_5pct,0,1783699838.547349
1130,0,benign,37617,window_resampled_15pct,0,1783699838.547349
1131,0,benign,5970,window_03_5pct,0,1783699838.547704
1132,0,benign,5934,window_03_5pct,0,1783699842.358531
1133,0,benign,6020,window_03_5pct,0,1783699842.992194
1134,0,benign,6012,window_03_5pct,0,1783699844.701821
1135,0,benign,6032,window_03_5pct,0,1783699848.412072
1136,0,benign,37621,window_resampled_15pct,0,1783699848.412072
1137,0,benign,6001,window_03_5pct,0,1783699851.125818
1138,0,benign,37622,window_resampled_15pct,0,1783699851.125818
1139,0,benign,5959,window_03_5pct,0,1783699858.304488
1140,0,benign,6006,window_03_5pct,0,1783699863.216734
1141,0,benign,6004,window_03_5pct,0,1783699863.217774
1142,0,benign,6002,window_03_5pct,0,1783699863.218009
1143,0,benign,6007,window_03_5pct,0,1783699863.218262
1144,0,benign,5980,window_03_5pct,0,1783699872.889623
1145,0,benign,42469,window_resampled_20pct,0,1783699872.889623
1146,0,benign,6060,window_03_5pct,0,1783699898.43795
1147,0,benign,6068,window_03_5pct,0,1783699898.878051
1148,0,benign,6040,window_03_5pct,0,1783699901.499818
1149,0,benign,6082,window_03_5pct,0,1783699910.558242
1150,0,benign,6078,window_03_5pct,0,1783699910.558711
1151,0,benign,6189,window_03_5pct,0,1783699914.540569
1152,0,benign,37638,window_resampled_15pct,0,1783699914.546973
1153,0,benign,6190,window_03_5pct,0,1783699914.546973
1154,0,benign,6046,window_03_5pct,0,1783699925.37044
1155,0,benign,6126,window_03_5pct,0,1783699940.084532
1156,0,benign,6125,window_03_5pct,0,1783699940.088368
1157,0,benign,6128,window_03_5pct,0,1783699940.090331
1158,0,benign,6077,window_03_5pct,0,1783699946.948749
1159,0,benign,6073,window_03_5pct,0,1783699946.948943
1160,0,benign,42481,window_resampled_20pct,0,1783699946.948943
1161,0,benign,6086,window_03_5pct,0,1783699948.409568
1162,0,benign,6088,window_03_5pct,0,1783699948.417964
1163,0,benign,6092,window_03_5pct,0,1783699955.555163
1164,0,benign,6101,window_03_5pct,0,1783699959.501994
1165,0,benign,6100,window_03_5pct,0,1783699959.503659
1166,0,benign,6105,window_03_5pct,0,1783699961.27027
1167,0,benign,6243,window_03_5pct,0,1783699965.312484
1168,0,benign,42490,window_resampled_20pct,0,1783699965.312484
1169,0,benign,6111,window_03_5pct,0,1783699968.913418
1170,0,benign,42492,window_resampled_20pct,0,1783699968.913418
1171,0,benign,6123,window_03_5pct,0,1783699974.505361
1172,0,benign,6149,window_03_5pct,0,1783699979.460779
1173,0,benign,6231,window_03_5pct,0,1783699986.547767
1174,0,benign,37655,window_resampled_15pct,0,1783699986.563987
1175,0,benign,6235,window_03_5pct,0,1783699986.563987
1176,0,benign,6209,window_03_5pct,0,1783699988.395759
1177,0,benign,6251,window_03_5pct,0,1783700001.386684
1178,0,benign,6186,window_03_5pct,0,1783700010.99505
1179,0,benign,37664,window_resampled_15pct,0,1783700010.99505
1180,0,benign,6303,window_03_5pct,0,1783700024.038564
1181,0,benign,42511,window_resampled_20pct,0,1783700029.538456
1182,0,benign,6214,window_03_5pct,0,1783700029.538456
1183,0,benign,6212,window_03_5pct,0,1783700029.543285
1184,0,benign,42513,window_resampled_20pct,0,1783700029.543285
1185,0,benign,6312,window_03_5pct,0,1783700036.337845
1186,0,benign,42515,window_resampled_20pct,0,1783700036.337845
1187,0,benign,6229,window_03_5pct,0,1783700041.417165
1188,0,benign,6334,window_03_5pct,0,1783700046.132838
1189,0,benign,6332,window_03_5pct,0,1783700046.133648
1190,0,benign,37673,window_resampled_15pct,0,1783700046.133648
1191,0,benign,6287,window_03_5pct,0,1783700071.330624
1192,0,benign,6283,window_03_5pct,0,1783700071.330928
1193,0,benign,6337,window_03_5pct,0,1783700081.754318
1194,0,benign,37679,window_resampled_15pct,0,1783700081.754318
1195,0,benign,6339,window_03_5pct,0,1783700081.757052
1196,0,benign,42528,window_resampled_20pct,0,1783700096.956558
1197,0,benign,6328,window_03_5pct,0,1783700096.956558
1198,0,benign,6601,window_03_5pct,0,1783700098.708761
1199,0,benign,42531,window_resampled_20pct,0,1783700098.708761
1200,0,benign,6346,window_03_5pct,0,1783700104.711065
1201,0,benign,6344,window_03_5pct,0,1783700104.711254
1202,0,benign,6356,window_03_5pct,0,1783700105.585516
1203,0,benign,6782,window_03_5pct,0,1783700116.64131
1204,0,benign,6395,window_03_5pct,0,1783700117.336705
1205,0,benign,6516,window_03_5pct,0,1783700117.983186
1206,0,benign,6417,window_03_5pct,0,1783700118.92615
1207,0,benign,6674,window_03_5pct,0,1783700120.635225
1208,0,benign,6669,window_03_5pct,0,1783700120.636921
1209,0,benign,42542,window_resampled_20pct,0,1783700127.530879
1210,0,benign,6513,window_03_5pct,0,1783700127.530879
1211,0,benign,6509,window_03_5pct,0,1783700127.530981
1212,0,benign,6512,window_03_5pct,0,1783700127.531037
1213,0,benign,6414,window_03_5pct,0,1783700133.954008
1214,0,benign,42543,window_resampled_20pct,0,1783700133.95431
1215,0,benign,6410,window_03_5pct,0,1783700133.95431
1216,0,benign,6413,window_03_5pct,0,1783700133.956222
1217,0,benign,6452,window_03_5pct,0,1783700137.991657
1218,0,benign,6430,window_03_5pct,0,1783700139.875961
1219,0,benign,6429,window_03_5pct,0,1783700139.876636
1220,0,benign,6590,window_03_5pct,0,1783700152.937315
1221,0,benign,6457,window_03_5pct,0,1783700153.579757
1222,0,benign,6478,window_03_5pct,0,1783700153.8298
1223,0,benign,6648,window_03_5pct,0,1783700181.397069
1224,0,benign,37709,window_resampled_15pct,0,1783700181.397069
1225,0,benign,6647,window_03_5pct,0,1783700181.398533
1226,0,benign,37710,window_resampled_15pct,0,1783700181.398533
1227,0,benign,6645,window_03_5pct,0,1783700181.398864
1228,0,benign,6644,window_03_5pct,0,1783700181.399411
1229,0,benign,6639,window_03_5pct,0,1783700187.087943
1230,0,benign,42554,window_resampled_20pct,0,1783700187.087943
1231,0,benign,6683,window_03_5pct,0,1783700201.500004
1232,0,benign,37712,window_resampled_15pct,0,1783700201.500004
1233,0,benign,6685,window_03_5pct,0,1783700201.501428
1234,0,benign,37713,window_resampled_15pct,0,1783700201.50241
1235,0,benign,6680,window_03_5pct,0,1783700201.50241
1236,0,benign,6836,window_03_5pct,0,1783700204.839957
1237,0,benign,6569,window_03_5pct,0,1783700210.975559
1238,0,benign,6572,window_03_5pct,0,1783700210.976429
1239,0,benign,6573,window_03_5pct,0,1783700210.976631
1240,0,benign,42559,window_resampled_20pct,0,1783700216.008987
1241,0,benign,6593,window_03_5pct,0,1783700216.008987
1242,0,benign,37720,window_resampled_15pct,0,1783700217.697612
1243,0,benign,6636,window_03_5pct,0,1783700217.697612
1244,0,benign,6726,window_03_5pct,0,1783700217.87763
1245,0,benign,37721,window_resampled_15pct,0,1783700217.87763
1246,0,benign,6722,window_03_5pct,0,1783700217.882359
1247,0,benign,6721,window_03_5pct,0,1783700217.882588
1248,0,benign,6786,window_03_5pct,0,1783700228.735238
1249,0,benign,6665,window_03_5pct,0,1783700237.097273
1250,0,benign,42568,window_resampled_20pct,0,1783700238.186735
1251,0,benign,6731,window_03_5pct,0,1783700238.186735
1252,0,benign,37732,window_resampled_15pct,0,1783700238.204381
1253,0,benign,6732,window_03_5pct,0,1783700238.204381
1254,0,benign,6717,window_03_5pct,0,1783700239.132582
1255,0,benign,42569,window_resampled_20pct,0,1783700239.132582
1256,0,benign,6716,window_03_5pct,0,1783700239.148022
1257,0,benign,37735,window_resampled_15pct,0,1783700240.182005
1258,0,benign,6657,window_03_5pct,0,1783700240.182005
1259,0,benign,6850,window_03_5pct,0,1783700250.555896
1260,0,benign,37738,window_resampled_15pct,0,1783700256.445971
1261,0,benign,6823,window_03_5pct,0,1783700256.445971
1262,0,benign,6698,window_03_5pct,0,1783700268.155514
1263,0,benign,6697,window_03_5pct,0,1783700268.15721
1264,0,benign,42577,window_resampled_20pct,0,1783700276.129935
1265,0,benign,7065,window_03_5pct,0,1783700276.129935
1266,0,benign,37743,window_resampled_15pct,0,1783700288.585821
1267,0,benign,6735,window_03_5pct,0,1783700288.585821
1268,0,benign,42578,window_resampled_20pct,0,1783700289.960832
1269,0,benign,6742,window_03_5pct,0,1783700289.960832
1270,0,benign,6755,window_03_5pct,0,1783700297.150664
1271,0,benign,6754,window_03_5pct,0,1783700297.152706
1272,0,benign,6774,window_03_5pct,0,1783700308.327965
1273,0,benign,42580,window_resampled_20pct,0,1783700308.327965
1274,0,benign,6806,window_03_5pct,0,1783700322.356441
1275,0,benign,6804,window_03_5pct,0,1783700322.356545
1276,0,benign,6805,window_03_5pct,0,1783700322.356835
1277,0,benign,42587,window_resampled_20pct,0,1783700322.356835
1278,0,benign,7066,window_03_5pct,0,1783700332.026061
1279,0,benign,6865,window_03_5pct,0,1783700337.08086
1280,0,benign,6863,window_03_5pct,0,1783700337.08235
1281,0,benign,7099,window_03_5pct,0,1783700352.188114
1282,0,benign,7098,window_03_5pct,0,1783700352.190238
1283,0,benign,42602,window_resampled_20pct,0,1783700352.190238
1284,0,benign,37762,window_resampled_15pct,0,1783700374.316281
1285,0,benign,6879,window_03_5pct,0,1783700374.316281
1286,0,benign,42603,window_resampled_20pct,0,1783700374.316393
1287,0,benign,6882,window_03_5pct,0,1783700374.316393
1288,0,benign,7346,window_03_5pct,0,1783700376.544499
1289,0,benign,37765,window_resampled_15pct,0,1783700376.544499
1290,0,benign,7347,window_03_5pct,0,1783700376.544768
1291,0,benign,6887,window_03_5pct,0,1783700378.80517
1292,0,benign,37766,window_resampled_15pct,0,1783700378.80517
1293,0,benign,7132,window_03_5pct,0,1783700383.706794
1294,0,benign,37794,window_resampled_15pct,0,1783700383.706794
1295,0,benign,6975,window_03_5pct,0,1783700387.196898
1296,0,benign,6974,window_03_5pct,0,1783700387.198157
1297,0,benign,37795,window_resampled_15pct,0,1783700387.198157
1298,0,benign,7163,window_03_5pct,0,1783700395.482532
1299,0,benign,37802,window_resampled_15pct,0,1783700395.482532
1300,0,benign,7159,window_03_5pct,0,1783700395.488162
1301,0,benign,37803,window_resampled_15pct,0,1783700395.488162
1302,0,benign,7001,window_03_5pct,0,1783700398.082148
1303,0,benign,37805,window_resampled_15pct,0,1783700398.082148
1304,0,benign,7220,window_03_5pct,0,1783700402.17316
1305,0,benign,37807,window_resampled_15pct,0,1783700402.179201
1306,0,benign,7184,window_03_5pct,0,1783700402.179201
1307,0,benign,37808,window_resampled_15pct,0,1783700402.711546
1308,0,benign,6996,window_03_5pct,0,1783700402.711546
1309,0,benign,7090,window_03_5pct,0,1783700417.666421
1310,0,benign,7064,window_03_5pct,0,1783700417.964978
1311,0,benign,7135,window_03_5pct,0,1783700429.836654
1312,0,benign,7137,window_03_5pct,0,1783700429.844462
1313,0,benign,42663,window_resampled_20pct,0,1783700437.654282
1314,0,benign,7179,window_03_5pct,0,1783700437.654282
1315,0,benign,42668,window_resampled_20pct,0,1783700444.299998
1316,0,benign,7264,window_03_5pct,0,1783700444.299998
1317,0,benign,7263,window_03_5pct,0,1783700444.300486
1318,0,benign,37822,window_resampled_15pct,0,1783700451.907188
1319,0,benign,7258,window_03_5pct,0,1783700451.907188
1320,0,benign,7168,window_03_5pct,0,1783700460.99234
1321,0,benign,37825,window_resampled_15pct,0,1783700465.345436
1322,0,benign,7316,window_03_5pct,0,1783700465.345436
1323,0,benign,7195,window_03_5pct,0,1783700471.261766
1324,0,benign,7333,window_03_5pct,0,1783700477.221068
1325,0,benign,7334,window_03_5pct,0,1783700477.221232
1326,0,benign,42676,window_resampled_20pct,0,1783700477.221232
1327,0,benign,7270,window_03_5pct,0,1783700489.130376
1328,0,benign,7272,window_03_5pct,0,1783700489.705806
1329,0,benign,7560,window_03_5pct,0,1783700489.899032
1330,0,benign,7487,window_03_5pct,0,1783700490.51297
1331,0,benign,37834,window_resampled_15pct,0,1783700490.51297
1332,0,benign,7485,window_03_5pct,0,1783700490.517854
1333,0,benign,7484,window_03_5pct,0,1783700490.518031
1334,0,benign,7486,window_03_5pct,0,1783700490.519333
1335,0,benign,7371,window_03_5pct,0,1783700510.083191
1336,0,benign,37841,window_resampled_15pct,0,1783700510.083191
1337,0,benign,7372,window_03_5pct,0,1783700510.083347
1338,0,benign,37842,window_resampled_15pct,0,1783700511.495068
1339,0,benign,7277,window_03_5pct,0,1783700511.495068
1340,0,benign,7278,window_03_5pct,0,1783700511.51493
1341,0,benign,42689,window_resampled_20pct,0,1783700526.974777
1342,0,benign,7386,window_03_5pct,0,1783700526.974777
1343,0,benign,7387,window_03_5pct,0,1783700526.975634
1344,0,benign,7365,window_03_5pct,0,1783700531.190545
1345,0,benign,7308,window_03_5pct,0,1783700531.629931
1346,0,benign,37849,window_resampled_15pct,0,1783700535.687708
1347,0,benign,7396,window_03_5pct,0,1783700535.687708
1348,0,benign,7384,window_03_5pct,0,1783700548.303734
1349,0,benign,42692,window_resampled_20pct,0,1783700555.054993
1350,0,benign,7378,window_03_5pct,0,1783700555.054993
1351,0,benign,7374,window_03_5pct,0,1783700555.05513
1352,0,benign,37854,window_resampled_15pct,0,1783700555.05513
1353,0,benign,7403,window_03_5pct,0,1783700557.505931
1354,0,benign,7399,window_03_5pct,0,1783700557.506414
1355,0,benign,7625,window_03_5pct,0,1783700593.202759
1356,0,benign,7491,window_03_5pct,0,1783700604.873408
1357,0,benign,7438,window_03_5pct,0,1783700607.204714
1358,0,benign,7437,window_03_5pct,0,1783700614.070719
1359,0,benign,42703,window_resampled_20pct,0,1783700629.300374
1360,0,benign,7452,window_03_5pct,0,1783700629.300374
1361,0,benign,7450,window_03_5pct,0,1783700629.300629
1362,0,benign,37862,window_resampled_15pct,0,1783700629.300629
1363,0,benign,7551,window_03_5pct,0,1783700645.184581
1364,0,benign,42713,window_resampled_20pct,0,1783700662.702143
1365,0,benign,7480,window_03_5pct,0,1783700662.702143
1366,0,benign,7515,window_03_5pct,0,1783700675.957612
1367,0,benign,7518,window_03_5pct,0,1783700675.958196
1368,0,benign,42716,window_resampled_20pct,0,1783700675.958196
1369,0,benign,7524,window_03_5pct,0,1783700680.652989
1370,0,benign,42718,window_resampled_20pct,0,1783700680.652989
1371,0,benign,37874,window_resampled_15pct,0,1783700680.654646
1372,0,benign,7523,window_03_5pct,0,1783700680.654646
1373,0,benign,7538,window_03_5pct,0,1783700691.943856
1374,0,benign,42720,window_resampled_20pct,0,1783700691.943856
1375,0,benign,7562,window_03_5pct,0,1783700694.971839
1376,0,benign,37876,window_resampled_15pct,0,1783700694.971839
1377,0,benign,7541,window_03_5pct,0,1783700695.535407
1378,0,benign,7544,window_03_5pct,0,1783700695.535866
1379,0,benign,42721,window_resampled_20pct,0,1783700697.927853
1380,0,benign,7589,window_03_5pct,0,1783700697.927853
1381,0,benign,42726,window_resampled_20pct,0,1783700701.998587
1382,0,benign,7671,window_03_5pct,0,1783700701.998587
1383,0,benign,7672,window_03_5pct,0,1783700701.999206
1384,0,benign,37878,window_resampled_15pct,0,1783700701.999206
1385,0,benign,7630,window_03_5pct,0,1783700714.504061
1386,0,benign,7628,window_03_5pct,0,1783700714.504437
1387,0,benign,7617,window_03_5pct,0,1783700727.769007
1388,0,benign,37883,window_resampled_15pct,0,1783700727.769007
1389,0,benign,7609,window_03_5pct,0,1783700738.281584
1390,0,benign,42738,window_resampled_20pct,0,1783700738.281584
1391,0,benign,7612,window_03_5pct,0,1783700738.28262
1392,0,benign,42739,window_resampled_20pct,0,1783700738.28262
1393,0,benign,7636,window_03_5pct,0,1783700738.70826
1394,0,benign,7641,window_03_5pct,0,1783700738.918247
1395,0,benign,37885,window_resampled_15pct,0,1783700738.918247
1396,0,benign,7726,window_03_5pct,0,1783700745.317915
1397,0,benign,7722,window_03_5pct,0,1783700745.318299
1398,0,benign,7652,window_03_5pct,0,1783700760.352404
1399,0,benign,7694,window_03_5pct,0,1783700784.863157
1400,0,benign,37893,window_resampled_15pct,0,1783700786.945695
1401,0,benign,7798,window_03_5pct,0,1783700786.945695
1402,0,benign,7795,window_03_5pct,0,1783700786.950626
1403,0,benign,7707,window_03_5pct,0,1783700787.395677
1404,0,benign,42752,window_resampled_20pct,0,1783700787.395677
1405,0,benign,7706,window_03_5pct,0,1783700787.397553
1406,0,benign,42753,window_resampled_20pct,0,1783700789.987416
1407,0,benign,7750,window_03_5pct,0,1783700789.987416
1408,0,benign,7712,window_03_5pct,0,1783700791.80951
1409,0,benign,7717,window_03_5pct,0,1783700797.619154
1410,0,benign,7733,window_03_5pct,0,1783700802.676173
1411,0,benign,42757,window_resampled_20pct,0,1783700802.676173
1412,0,benign,7734,window_03_5pct,0,1783700802.676243
1413,0,benign,7763,window_03_5pct,0,1783700803.22541
1414,0,benign,37901,window_resampled_15pct,0,1783700815.151007
1415,0,benign,7762,window_03_5pct,0,1783700815.151007
1416,0,benign,7804,window_03_5pct,0,1783700817.97227
1417,0,benign,37902,window_resampled_15pct,0,1783700817.973928
1418,0,benign,7800,window_03_5pct,0,1783700817.973928
1419,0,benign,7799,window_03_5pct,0,1783700817.975124
1420,0,benign,7802,window_03_5pct,0,1783700817.976695
1421,0,benign,7768,window_03_5pct,0,1783700837.980821
1422,0,benign,7872,window_03_5pct,0,1783700844.715188
1423,0,benign,7871,window_03_5pct,0,1783700844.717366
1424,0,benign,7883,window_03_5pct,0,1783700849.350803
1425,0,benign,7809,window_03_5pct,0,1783700852.907216
1426,0,benign,7783,window_03_5pct,0,1783700853.095901
1427,0,benign,7782,window_03_5pct,0,1783700853.095991
1428,0,benign,7888,window_03_5pct,0,1783700863.365538
1429,0,benign,7823,window_03_5pct,0,1783700867.826665
1430,0,benign,7820,window_03_5pct,0,1783700867.828873
1431,0,benign,7821,window_03_5pct,0,1783700867.829932
1432,0,benign,7831,window_03_5pct,0,1783700891.42615
1433,0,benign,7828,window_03_5pct,0,1783700891.426308
1434,0,benign,37915,window_resampled_15pct,0,1783700891.426308
1435,0,benign,37916,window_resampled_15pct,0,1783700891.428116
1436,0,benign,7830,window_03_5pct,0,1783700891.428116
1437,0,benign,7836,window_03_5pct,0,1783700894.159022
1438,0,benign,37918,window_resampled_15pct,0,1783700894.159022
1439,0,benign,7835,window_03_5pct,0,1783700894.161334
1440,0,benign,42771,window_resampled_20pct,0,1783700895.392365
1441,0,benign,7845,window_03_5pct,0,1783700895.392365
1442,0,benign,7902,window_03_5pct,0,1783700896.286286
1443,0,benign,7868,window_03_5pct,0,1783700899.711208
1444,0,benign,7863,window_03_5pct,0,1783700899.711499
1445,0,benign,7864,window_03_5pct,0,1783700899.712692
1446,0,benign,8765,window_03_5pct,0,1783700907.875953
1447,0,benign,7966,window_03_5pct,0,1783700912.397463
1448,0,benign,7893,window_03_5pct,0,1783700916.059394
1449,0,benign,7967,window_03_5pct,0,1783700920.994399
1450,0,benign,8044,window_03_5pct,0,1783700945.822293
1451,0,benign,8045,window_03_5pct,0,1783700945.823944
1452,0,benign,37926,window_resampled_15pct,0,1783700945.823944
1453,0,benign,42777,window_resampled_20pct,0,1783700946.502456
1454,0,benign,7930,window_03_5pct,0,1783700946.502456
1455,0,benign,8013,window_03_5pct,0,1783700946.804804
1456,0,benign,8008,window_03_5pct,0,1783700946.805423
1457,0,benign,42778,window_resampled_20pct,0,1783700946.805609
1458,0,benign,8011,window_03_5pct,0,1783700946.805609
1459,0,benign,8010,window_03_5pct,0,1783700946.806078
1460,0,benign,7946,window_03_5pct,0,1783700949.970149
1461,0,benign,7941,window_03_5pct,0,1783700949.973087
1462,0,benign,7944,window_03_5pct,0,1783700949.973945
1463,0,benign,7962,window_03_5pct,0,1783700960.707672
1464,0,benign,7965,window_03_5pct,0,1783700960.730117
1465,0,benign,37934,window_resampled_15pct,0,1783700960.730117
1466,0,benign,37935,window_resampled_15pct,0,1783700961.946672
1467,0,benign,8030,window_03_5pct,0,1783700961.946672
1468,0,benign,8075,window_03_5pct,0,1783700962.25117
1469,0,benign,8073,window_03_5pct,0,1783700962.252744
1470,0,benign,8281,window_03_5pct,0,1783700964.415886
1471,0,benign,8282,window_03_5pct,0,1783700964.4186
1472,0,benign,8283,window_03_5pct,0,1783700964.418863
1473,0,benign,8079,window_03_5pct,0,1783700967.00662
1474,0,benign,42784,window_resampled_20pct,0,1783700967.00662
1475,0,benign,8186,window_03_5pct,0,1783700979.326751
1476,0,benign,8243,window_03_5pct,0,1783700984.490567
1477,0,benign,8021,window_03_5pct,0,1783700991.258755
1478,0,benign,8139,window_03_5pct,0,1783700994.961101
1479,0,benign,8040,window_03_5pct,0,1783700999.944739
1480,0,benign,8135,window_03_5pct,0,1783701000.257655
1481,0,benign,8097,window_03_5pct,0,1783701012.083127
1482,0,benign,8093,window_03_5pct,0,1783701012.084119
1483,0,benign,8094,window_03_5pct,0,1783701012.084555
1484,0,benign,8067,window_03_5pct,0,1783701018.048487
1485,0,benign,42798,window_resampled_20pct,0,1783701018.048487
1486,0,benign,8108,window_03_5pct,0,1783701018.1165
1487,0,benign,8329,window_03_5pct,0,1783701018.147672
1488,0,benign,8295,window_03_5pct,0,1783701028.119855
1489,0,benign,8326,window_03_5pct,0,1783701029.329695
1490,0,benign,8320,window_03_5pct,0,1783701030.564207
1491,0,benign,8324,window_03_5pct,0,1783701030.565649
1492,0,benign,42807,window_resampled_20pct,0,1783701030.565649
1493,0,benign,8358,window_03_5pct,0,1783701047.773025
1494,0,benign,8165,window_03_5pct,0,1783701052.901561
1495,0,benign,8166,window_03_5pct,0,1783701052.901666
1496,0,benign,8146,window_03_5pct,0,1783701054.473603
1497,0,benign,8419,window_03_5pct,0,1783701058.604376
1498,0,benign,8150,window_03_5pct,0,1783701061.810841
1499,0,benign,8152,window_03_5pct,0,1783701061.81269
1500,0,benign,37959,window_resampled_15pct,0,1783701065.857193
1501,0,benign,8173,window_03_5pct,0,1783701065.857193
1502,0,benign,8478,window_03_5pct,0,1783701074.554944
1503,0,benign,8409,window_03_5pct,0,1783701076.796503
1504,0,benign,8188,window_03_5pct,0,1783701081.304461
1505,0,benign,8215,window_03_5pct,0,1783701082.239053
1506,0,benign,8547,window_03_5pct,0,1783701088.470892
1507,0,benign,8543,window_03_5pct,0,1783701088.483085
1508,0,benign,8224,window_03_5pct,0,1783701091.511842
1509,0,benign,37966,window_resampled_15pct,0,1783701091.514123
1510,0,benign,8223,window_03_5pct,0,1783701091.514123
1511,0,benign,42822,window_resampled_20pct,0,1783701101.503625
1512,0,benign,8316,window_03_5pct,0,1783701101.503625
1513,0,benign,8252,window_03_5pct,0,1783701112.40033
1514,0,benign,8305,window_03_5pct,0,1783701123.812114
1515,0,benign,8306,window_03_5pct,0,1783701123.813293
1516,0,benign,8293,window_03_5pct,0,1783701131.479982
1517,0,benign,8288,window_03_5pct,0,1783701141.596587
1518,0,benign,8531,window_03_5pct,0,1783701148.185715
1519,0,benign,8435,window_03_5pct,0,1783701152.155509
1520,0,benign,42831,window_resampled_20pct,0,1783701152.159157
1521,0,benign,8433,window_03_5pct,0,1783701152.159157
1522,0,benign,8371,window_03_5pct,0,1783701163.579882
1523,0,benign,8369,window_03_5pct,0,1783701163.580745
1524,0,benign,8370,window_03_5pct,0,1783701163.580795
1525,0,benign,8406,window_03_5pct,0,1783701168.305167
1526,0,benign,8372,window_03_5pct,0,1783701171.566722
1527,0,benign,8448,window_03_5pct,0,1783701177.571242
1528,0,benign,8449,window_03_5pct,0,1783701177.5779
1529,0,benign,8382,window_03_5pct,0,1783701177.744759
1530,0,benign,8380,window_03_5pct,0,1783701177.744807
1531,0,benign,8385,window_03_5pct,0,1783701177.744902
1532,0,benign,8383,window_03_5pct,0,1783701177.744902
1533,0,benign,8386,window_03_5pct,0,1783701179.39356
1534,0,benign,42838,window_resampled_20pct,0,1783701179.39356
1535,0,benign,8432,window_03_5pct,0,1783701203.84385
1536,0,benign,37993,window_resampled_15pct,0,1783701246.066905
1537,0,benign,8497,window_03_5pct,0,1783701246.066905
1538,0,benign,42845,window_resampled_20pct,0,1783701247.435821
1539,0,benign,8469,window_03_5pct,0,1783701247.435821
1540,0,benign,8697,window_03_5pct,0,1783701267.657775
1541,0,benign,8519,window_03_5pct,0,1783701276.987702
1542,0,benign,37999,window_resampled_15pct,0,1783701276.987702
1543,0,benign,8522,window_03_5pct,0,1783701277.158807
1544,0,benign,8512,window_03_5pct,0,1783701279.979096
1545,0,benign,8640,window_03_5pct,0,1783701286.701921
1546,0,benign,42857,window_resampled_20pct,0,1783701286.709664
1547,0,benign,8636,window_03_5pct,0,1783701286.709664
1548,0,benign,8639,window_03_5pct,0,1783701286.712065
1549,0,benign,8554,window_03_5pct,0,1783701300.127737
1550,0,benign,8556,window_03_5pct,0,1783701324.259148
1551,0,benign,8557,window_03_5pct,0,1783701324.259194
1552,0,benign,8558,window_03_5pct,0,1783701324.259194
1553,0,benign,38010,window_resampled_15pct,0,1783701324.259194
1554,0,benign,38011,window_resampled_15pct,0,1783701324.259238
1555,0,benign,8560,window_03_5pct,0,1783701324.259238
1556,0,benign,38012,window_resampled_15pct,0,1783701324.259361
1557,0,benign,8559,window_03_5pct,0,1783701324.259361
1558,0,benign,42862,window_resampled_20pct,0,1783701325.003297
1559,0,benign,8784,window_03_5pct,0,1783701325.003297
1560,0,benign,42864,window_resampled_20pct,0,1783701334.117566
1561,0,benign,8678,window_03_5pct,0,1783701334.117566
1562,0,benign,38018,window_resampled_15pct,0,1783701335.009991
1563,0,benign,8584,window_03_5pct,0,1783701335.009991
1564,0,benign,8587,window_03_5pct,0,1783701335.035651
1565,0,benign,8586,window_03_5pct,0,1783701335.037111
1566,0,benign,38019,window_resampled_15pct,0,1783701337.828401
1567,0,benign,8651,window_03_5pct,0,1783701337.828401
1568,0,benign,8653,window_03_5pct,0,1783701337.82925
1569,0,benign,8593,window_03_5pct,0,1783701339.697293
1570,0,benign,8592,window_03_5pct,0,1783701339.69882
1571,0,benign,38022,window_resampled_15pct,0,1783701339.69882
1572,0,benign,8673,window_03_5pct,0,1783701340.533052
1573,0,benign,38023,window_resampled_15pct,0,1783701340.533267
1574,0,benign,8676,window_03_5pct,0,1783701340.533267
1575,0,benign,8627,window_03_5pct,0,1783701351.449918
1576,0,benign,8625,window_03_5pct,0,1783701352.30546
1577,0,benign,42878,window_resampled_20pct,0,1783701358.666626
1578,0,benign,8718,window_03_5pct,0,1783701358.666626
1579,0,benign,38025,window_resampled_15pct,0,1783701358.667677
1580,0,benign,8721,window_03_5pct,0,1783701358.667677
1581,0,benign,8635,window_03_5pct,0,1783701360.470157
1582,0,benign,8633,window_03_5pct,0,1783701360.495983
1583,0,benign,8663,window_03_5pct,0,1783701360.764487
1584,0,benign,42883,window_resampled_20pct,0,1783701373.411618
1585,0,benign,8701,window_03_5pct,0,1783701373.411618
1586,0,benign,8679,window_03_5pct,0,1783701373.844269
1587,0,benign,38033,window_resampled_15pct,0,1783701373.844269
1588,0,benign,8681,window_03_5pct,0,1783701373.844498
1589,0,benign,8742,window_03_5pct,0,1783701414.039483
1590,0,benign,8743,window_03_5pct,0,1783701414.039681
1591,0,benign,8806,window_03_5pct,0,1783701429.328478
1592,0,benign,8807,window_03_5pct,0,1783701429.332225
1593,0,benign,8751,window_03_5pct,0,1783701431.881256
1594,0,benign,8755,window_03_5pct,0,1783701431.881871
1595,0,benign,42901,window_resampled_20pct,0,1783701562.297496
1596,0,benign,8814,window_03_5pct,0,1783701562.297496
1597,0,benign,8815,window_03_5pct,0,1783701562.29756
1598,0,benign,38041,window_resampled_15pct,0,1783701562.29756
1599,0,benign,8816,window_03_5pct,0,1783701562.297766
1600,0,benign,8817,window_03_5pct,0,1783701562.297939
1601,0,benign,42905,window_resampled_20pct,0,1783702719.366254
1602,0,benign,8880,window_04_7pct,0,1783702719.366254
1603,0,benign,8849,window_04_7pct,0,1783702719.36641
1604,0,benign,42906,window_resampled_20pct,0,1783702719.36641
1605,0,benign,8892,window_04_7pct,0,1783702763.165643
1606,0,benign,38044,window_resampled_15pct,0,1783702767.572477
1607,0,benign,8994,window_04_7pct,0,1783702767.572477
1608,0,benign,8859,window_04_7pct,0,1783702774.409361
1609,0,benign,8841,window_04_7pct,0,1783702789.292728
1610,0,benign,8885,window_04_7pct,0,1783702795.187018
1611,0,benign,8884,window_04_7pct,0,1783702795.205106
1612,0,benign,8887,window_04_7pct,0,1783702795.208826
1613,0,benign,8895,window_04_7pct,0,1783702796.364765
1614,0,benign,8881,window_04_7pct,0,1783702803.72532
1615,0,benign,38056,window_resampled_15pct,0,1783702806.6241
1616,0,benign,8984,window_04_7pct,0,1783702806.6241
1617,0,benign,9174,window_04_7pct,0,1783702811.286149
1618,0,benign,38061,window_resampled_15pct,0,1783702811.294826
1619,0,benign,9171,window_04_7pct,0,1783702811.294826
1620,0,benign,9008,window_04_7pct,0,1783702813.946814
1621,0,benign,42924,window_resampled_20pct,0,1783702816.251582
1622,0,benign,8898,window_04_7pct,0,1783702816.251582
1623,0,benign,8897,window_04_7pct,0,1783702816.25298
1624,0,benign,8972,window_04_7pct,0,1783702820.657778
1625,0,benign,8912,window_04_7pct,0,1783702823.755668
1626,0,benign,8948,window_04_7pct,0,1783702824.518158
1627,0,benign,8949,window_04_7pct,0,1783702824.519371
1628,0,benign,8945,window_04_7pct,0,1783702824.51956
1629,0,benign,8919,window_04_7pct,0,1783702830.642309
1630,0,benign,8987,window_04_7pct,0,1783702832.62463
1631,0,benign,42932,window_resampled_20pct,0,1783702832.62463
1632,0,benign,9118,window_04_7pct,0,1783702843.23839
1633,0,benign,38068,window_resampled_15pct,0,1783702843.23839
1634,0,benign,9184,window_04_7pct,0,1783702843.802183
1635,0,benign,9225,window_04_7pct,0,1783702844.139244
1636,0,benign,38071,window_resampled_15pct,0,1783702847.806462
1637,0,benign,8955,window_04_7pct,0,1783702847.806462
1638,0,benign,8977,window_04_7pct,0,1783702852.891273
1639,0,benign,8983,window_04_7pct,0,1783702856.397384
1640,0,benign,9000,window_04_7pct,0,1783702860.737808
1641,0,benign,38076,window_resampled_15pct,0,1783702860.737808
1642,0,benign,8998,window_04_7pct,0,1783702860.739126
1643,0,benign,9213,window_04_7pct,0,1783702864.36222
1644,0,benign,9003,window_04_7pct,0,1783702869.999125
1645,0,benign,9004,window_04_7pct,0,1783702869.999293
1646,0,benign,9017,window_04_7pct,0,1783702870.227785
1647,0,benign,9215,window_04_7pct,0,1783702874.318365
1648,0,benign,9216,window_04_7pct,0,1783702874.321131
1649,0,benign,9025,window_04_7pct,0,1783702876.050072
1650,0,benign,38078,window_resampled_15pct,0,1783702878.993766
1651,0,benign,9085,window_04_7pct,0,1783702878.993766
1652,0,benign,9062,window_04_7pct,0,1783702880.40595
1653,0,benign,38080,window_resampled_15pct,0,1783702880.40595
1654,0,benign,9066,window_04_7pct,0,1783702880.409511
1655,0,benign,9063,window_04_7pct,0,1783702880.409685
1656,0,benign,9064,window_04_7pct,0,1783702880.410372
1657,0,benign,9065,window_04_7pct,0,1783702880.41043
1658,0,benign,38081,window_resampled_15pct,0,1783702883.624637
1659,0,benign,9041,window_04_7pct,0,1783702883.624637
1660,0,benign,9039,window_04_7pct,0,1783702883.626767
1661,0,benign,9057,window_04_7pct,0,1783702887.856292
1662,0,benign,9055,window_04_7pct,0,1783702887.857787
1663,0,benign,38083,window_resampled_15pct,0,1783702887.857787
1664,0,benign,42952,window_resampled_20pct,0,1783702890.059298
1665,0,benign,9286,window_04_7pct,0,1783702890.059298
1666,0,benign,42953,window_resampled_20pct,0,1783702890.271738
1667,0,benign,9149,window_04_7pct,0,1783702890.271738
1668,0,benign,9331,window_04_7pct,0,1783702902.087181
1669,0,benign,9332,window_04_7pct,0,1783702902.087885
1670,0,benign,42957,window_resampled_20pct,0,1783702902.087885
1671,0,benign,9159,window_04_7pct,0,1783702907.879839
1672,0,benign,9154,window_04_7pct,0,1783702907.880933
1673,0,benign,42961,window_resampled_20pct,0,1783702907.880933
1674,0,benign,38087,window_resampled_15pct,0,1783702910.393379
1675,0,benign,9088,window_04_7pct,0,1783702910.393379
1676,0,benign,9091,window_04_7pct,0,1783702910.413397
1677,0,benign,9133,window_04_7pct,0,1783702919.346344
1678,0,benign,9110,window_04_7pct,0,1783702920.497811
1679,0,benign,42963,window_resampled_20pct,0,1783702920.497811
1680,0,benign,9131,window_04_7pct,0,1783702927.690683
1681,0,benign,9127,window_04_7pct,0,1783702927.69165
1682,0,benign,38093,window_resampled_15pct,0,1783702927.69165
1683,0,benign,9129,window_04_7pct,0,1783702927.691912
1684,0,benign,38094,window_resampled_15pct,0,1783702927.691912
1685,0,benign,9217,window_04_7pct,0,1783702951.216084
1686,0,benign,9440,window_04_7pct,0,1783702954.811513
1687,0,benign,9516,window_04_7pct,0,1783702955.270345
1688,0,benign,9165,window_04_7pct,0,1783702956.291731
1689,0,benign,42971,window_resampled_20pct,0,1783702956.291731
1690,0,benign,9181,window_04_7pct,0,1783702960.252444
1691,0,benign,38100,window_resampled_15pct,0,1783702960.252444
1692,0,benign,9179,window_04_7pct,0,1783702960.252579
1693,0,benign,9177,window_04_7pct,0,1783702960.254401
1694,0,benign,42975,window_resampled_20pct,0,1783702960.254401
1695,0,benign,9178,window_04_7pct,0,1783702960.254505
1696,0,benign,9253,window_04_7pct,0,1783702965.690271
1697,0,benign,9252,window_04_7pct,0,1783702965.69033
1698,0,benign,9206,window_04_7pct,0,1783702970.970484
1699,0,benign,9365,window_04_7pct,0,1783702981.28783
1700,0,benign,9236,window_04_7pct,0,1783702982.205888
1701,0,benign,38107,window_resampled_15pct,0,1783702982.205888
1702,0,benign,9235,window_04_7pct,0,1783702982.208488
1703,0,benign,9244,window_04_7pct,0,1783702982.412288
1704,0,benign,9389,window_04_7pct,0,1783702982.712331
1705,1,apache_bench,9625,window_04_7pct,1,1783703131.353198
1706,1,apache_bench,38166,window_resampled_15pct,1,1783703131.353198
1707,1,apache_bench,9626,window_04_7pct,1,1783703131.354806
1708,1,apache_bench,9627,window_04_7pct,1,1783703131.355442
1709,1,apache_bench,38167,window_resampled_15pct,1,1783703131.355442
1710,1,apache_bench,9628,window_04_7pct,1,1783703131.356411
1711,1,apache_bench,43029,window_resampled_20pct,1,1783703131.35732
1712,1,apache_bench,9629,window_04_7pct,1,1783703131.35732
1713,1,apache_bench,9630,window_04_7pct,1,1783703131.358248
1714,1,apache_bench,9631,window_04_7pct,1,1783703131.359188
1715,1,apache_bench,38168,window_resampled_15pct,1,1783703131.359188
1716,1,apache_bench,9632,window_04_7pct,1,1783703131.360057
1717,1,apache_bench,9633,window_04_7pct,1,1783703131.360971
1718,1,apache_bench,43030,window_resampled_20pct,1,1783703131.360971
1719,1,apache_bench,43031,window_resampled_20pct,1,1783703131.361789
1720,1,apache_bench,9634,window_04_7pct,1,1783703131.361789
1721,1,apache_bench,38169,window_resampled_15pct,1,1783703131.362659
1722,1,apache_bench,9635,window_04_7pct,1,1783703131.362659
1723,1,apache_bench,9636,window_04_7pct,1,1783703131.363532
1724,1,apache_bench,43032,window_resampled_20pct,1,1783703131.363532
1725,1,apache_bench,43033,window_resampled_20pct,1,1783703131.364499
1726,1,apache_bench,9637,window_04_7pct,1,1783703131.364499
1727,1,apache_bench,9638,window_04_7pct,1,1783703131.365433
1728,1,apache_bench,43034,window_resampled_20pct,1,1783703131.365433
1729,1,apache_bench,9639,window_04_7pct,1,1783703131.366274
1730,1,apache_bench,38170,window_resampled_15pct,1,1783703131.366999
1731,1,apache_bench,9640,window_04_7pct,1,1783703131.366999
1732,1,apache_bench,9641,window_04_7pct,1,1783703131.367836
1733,1,apache_bench,43035,window_resampled_20pct,1,1783703131.367836
1734,1,apache_bench,9642,window_04_7pct,1,1783703131.368674
1735,1,apache_bench,9643,window_04_7pct,1,1783703131.369579
1736,1,apache_bench,43036,window_resampled_20pct,1,1783703131.369579
1737,1,apache_bench,9644,window_04_7pct,1,1783703131.370453
1738,1,apache_bench,9645,window_04_7pct,1,1783703131.371271
1739,1,apache_bench,38171,window_resampled_15pct,1,1783703131.371271
1740,1,apache_bench,43037,window_resampled_20pct,1,1783703131.372102
1741,1,apache_bench,9646,window_04_7pct,1,1783703131.372102
1742,1,apache_bench,9647,window_04_7pct,1,1783703131.372696
1743,1,apache_bench,43038,window_resampled_20pct,1,1783703131.372696
1744,1,apache_bench,38172,window_resampled_15pct,1,1783703131.373902
1745,1,apache_bench,9649,window_04_7pct,1,1783703131.373902
1746,1,apache_bench,43039,window_resampled_20pct,1,1783703131.374736
1747,1,apache_bench,9648,window_04_7pct,1,1783703131.374736
1748,1,apache_bench,38173,window_resampled_15pct,1,1783703131.37561
1749,1,apache_bench,9650,window_04_7pct,1,1783703131.37561
1750,1,apache_bench,9651,window_04_7pct,1,1783703131.376409
1751,1,apache_bench,9652,window_04_7pct,1,1783703131.377275
1752,1,apache_bench,43040,window_resampled_20pct,1,1783703131.378129
1753,1,apache_bench,9653,window_04_7pct,1,1783703131.378129
1754,1,apache_bench,43041,window_resampled_20pct,1,1783703131.37909
1755,1,apache_bench,9654,window_04_7pct,1,1783703131.37909
1756,1,apache_bench,38174,window_resampled_15pct,1,1783703131.379856
1757,1,apache_bench,9655,window_04_7pct,1,1783703131.379856
1758,1,apache_bench,9656,window_04_7pct,1,1783703131.380732
1759,1,apache_bench,43042,window_resampled_20pct,1,1783703131.380732
1760,1,apache_bench,9657,window_04_7pct,1,1783703131.38162
1761,1,apache_bench,9658,window_04_7pct,1,1783703131.38266
1762,1,apache_bench,38175,window_resampled_15pct,1,1783703131.38266
1763,1,apache_bench,9659,window_04_7pct,1,1783703131.383563
1764,1,apache_bench,43043,window_resampled_20pct,1,1783703131.384445
1765,1,apache_bench,9661,window_04_7pct,1,1783703131.384445
1766,1,apache_bench,9660,window_04_7pct,1,1783703131.385487
1767,1,apache_bench,9662,window_04_7pct,1,1783703131.386337
1768,1,apache_bench,43044,window_resampled_20pct,1,1783703131.386337
1769,1,apache_bench,9663,window_04_7pct,1,1783703131.38739
1770,1,apache_bench,9664,window_04_7pct,1,1783703131.388284
1771,1,apache_bench,9665,window_04_7pct,1,1783703131.389335
1772,1,apache_bench,43045,window_resampled_20pct,1,1783703131.389335
1773,1,apache_bench,9666,window_04_7pct,1,1783703131.390221
1774,1,apache_bench,43046,window_resampled_20pct,1,1783703131.39107
1775,1,apache_bench,9667,window_04_7pct,1,1783703131.39107
1776,1,apache_bench,9668,window_04_7pct,1,1783703131.39194
1777,1,apache_bench,38176,window_resampled_15pct,1,1783703131.39194
1778,1,apache_bench,9669,window_04_7pct,1,1783703131.392707
1779,1,apache_bench,9671,window_04_7pct,1,1783703131.393506
1780,1,apache_bench,9670,window_04_7pct,1,1783703131.394328
1781,1,apache_bench,43047,window_resampled_20pct,1,1783703131.395141
1782,1,apache_bench,9672,window_04_7pct,1,1783703131.395141
1783,1,apache_bench,9673,window_04_7pct,1,1783703131.395988
1784,1,apache_bench,43048,window_resampled_20pct,1,1783703131.396831
1785,1,apache_bench,9674,window_04_7pct,1,1783703131.396831
1786,1,apache_bench,9675,window_04_7pct,1,1783703131.39856
1787,1,apache_bench,11573,window_04_7pct,1,1783704130.897545
1788,1,apache_bench,11575,window_04_7pct,1,1783704130.897643
1789,1,apache_bench,43330,window_resampled_20pct,1,1783704130.897643
1790,1,apache_bench,11574,window_04_7pct,1,1783704130.897643
1791,1,apache_bench,11576,window_04_7pct,1,1783704130.897769
1792,1,apache_bench,38477,window_resampled_15pct,1,1783704130.897769
1793,1,apache_bench,11577,window_04_7pct,1,1783704130.897882
1794,1,apache_bench,43331,window_resampled_20pct,1,1783704130.898017
1795,1,apache_bench,11578,window_04_7pct,1,1783704130.898017
1796,1,apache_bench,11579,window_04_7pct,1,1783704130.898301
1797,1,apache_bench,38478,window_resampled_15pct,1,1783704130.898333
1798,1,apache_bench,11580,window_04_7pct,1,1783704130.898333
1799,1,apache_bench,11581,window_04_7pct,1,1783704130.898488
1800,1,apache_bench,43332,window_resampled_20pct,1,1783704130.89852
1801,1,apache_bench,11582,window_04_7pct,1,1783704130.89852
1802,1,apache_bench,11583,window_04_7pct,1,1783704130.89864
1803,1,apache_bench,11584,window_04_7pct,1,1783704130.898673
1804,1,apache_bench,43333,window_resampled_20pct,1,1783704130.898673
1805,1,apache_bench,11585,window_04_7pct,1,1783704130.898808
1806,1,apache_bench,11586,window_04_7pct,1,1783704130.89884
1807,1,apache_bench,11587,window_04_7pct,1,1783704130.898964
1808,1,apache_bench,38479,window_resampled_15pct,1,1783704130.898964
1809,1,apache_bench,11588,window_04_7pct,1,1783704130.898997
1810,1,apache_bench,11589,window_04_7pct,1,1783704130.89913
1811,1,apache_bench,11590,window_04_7pct,1,1783704130.899163
1812,1,apache_bench,43334,window_resampled_20pct,1,1783704130.899287
1813,1,apache_bench,11591,window_04_7pct,1,1783704130.899287
1814,1,apache_bench,11592,window_04_7pct,1,1783704130.899287
1815,1,apache_bench,11593,window_04_7pct,1,1783704130.899448
1816,1,apache_bench,11594,window_04_7pct,1,1783704130.899448
1817,1,apache_bench,43335,window_resampled_20pct,1,1783704130.899448
1818,1,apache_bench,11595,window_04_7pct,1,1783704130.899609
1819,1,apache_bench,11596,window_04_7pct,1,1783704130.899609
1820,1,apache_bench,11597,window_04_7pct,1,1783704130.899759
1821,1,apache_bench,43336,window_resampled_20pct,1,1783704130.899759
1822,1,apache_bench,11598,window_04_7pct,1,1783704130.899865
1823,1,apache_bench,38480,window_resampled_15pct,1,1783704130.899865
1824,1,apache_bench,43337,window_resampled_20pct,1,1783704130.899955
1825,1,apache_bench,11599,window_04_7pct,1,1783704130.899955
1826,1,apache_bench,11600,window_04_7pct,1,1783704131.377861
1827,1,apache_bench,11601,window_04_7pct,1,1783704131.379446
1828,1,apache_bench,11602,window_04_7pct,1,1783704131.380085
1829,1,apache_bench,11603,window_04_7pct,1,1783704131.381007
1830,1,apache_bench,11604,window_04_7pct,1,1783704131.381853
1831,1,apache_bench,43338,window_resampled_20pct,1,1783704131.381853
1832,1,apache_bench,43339,window_resampled_20pct,1,1783704131.382777
1833,1,apache_bench,11605,window_04_7pct,1,1783704131.382777
1834,1,apache_bench,11607,window_04_7pct,1,1783704131.383657
1835,1,apache_bench,11606,window_04_7pct,1,1783704131.384526
1836,1,apache_bench,38481,window_resampled_15pct,1,1783704131.384526
1837,1,apache_bench,11608,window_04_7pct,1,1783704131.385132
1838,1,apache_bench,11609,window_04_7pct,1,1783704131.386235
1839,1,apache_bench,43340,window_resampled_20pct,1,1783704131.387183
1840,1,apache_bench,11610,window_04_7pct,1,1783704131.387183
1841,1,apache_bench,43341,window_resampled_20pct,1,1783704131.38807
1842,1,apache_bench,11611,window_04_7pct,1,1783704131.38807
1843,1,apache_bench,11612,window_04_7pct,1,1783704131.388977
1844,1,apache_bench,38482,window_resampled_15pct,1,1783704131.389934
1845,1,apache_bench,11614,window_04_7pct,1,1783704131.389934
1846,1,apache_bench,43342,window_resampled_20pct,1,1783704131.390883
1847,1,apache_bench,11613,window_04_7pct,1,1783704131.390883
1848,1,apache_bench,11615,window_04_7pct,1,1783704131.391673
1849,1,apache_bench,11616,window_04_7pct,1,1783704131.392607
1850,1,apache_bench,11617,window_04_7pct,1,1783704131.393413
1851,1,apache_bench,43343,window_resampled_20pct,1,1783704131.393413
1852,1,apache_bench,11618,window_04_7pct,1,1783704131.394297
1853,1,apache_bench,38483,window_resampled_15pct,1,1783704131.394297
1854,1,apache_bench,11619,window_04_7pct,1,1783704131.395145
1855,1,apache_bench,11620,window_04_7pct,1,1783704131.395982
1856,1,apache_bench,43344,window_resampled_20pct,1,1783704131.395982
1857,1,apache_bench,11621,window_04_7pct,1,1783704131.396879
1858,1,apache_bench,43345,window_resampled_20pct,1,1783704131.396879
1859,1,apache_bench,11623,window_04_7pct,1,1783704131.39766
1860,1,apache_bench,38484,window_resampled_15pct,1,1783704131.398522
1861,1,apache_bench,11622,window_04_7pct,1,1783704131.398522
1862,1,apache_bench,11624,window_04_7pct,1,1783704131.399401
1863,1,apache_bench,43346,window_resampled_20pct,1,1783704131.399401
1864,1,apache_bench,43347,window_resampled_20pct,1,1783704131.400235
1865,1,apache_bench,11625,window_04_7pct,1,1783704131.400235
1866,1,apache_bench,38485,window_resampled_15pct,1,1783704131.401109
1867,1,apache_bench,11626,window_04_7pct,1,1783704131.401109
1868,1,apache_bench,43348,window_resampled_20pct,1,1783704131.401982
1869,1,apache_bench,11627,window_04_7pct,1,1783704131.401982
1870,1,apache_bench,43349,window_resampled_20pct,1,1783704131.402783
1871,1,apache_bench,11628,window_04_7pct,1,1783704131.402783
1872,1,apache_bench,38486,window_resampled_15pct,1,1783704131.403721
1873,1,apache_bench,11629,window_04_7pct,1,1783704131.403721
1874,1,apache_bench,43350,window_resampled_20pct,1,1783704131.404447
1875,1,apache_bench,11630,window_04_7pct,1,1783704131.404447
1876,1,apache_bench,11631,window_04_7pct,1,1783704131.405247
1877,1,apache_bench,11632,window_04_7pct,1,1783704131.40613
1878,1,apache_bench,11633,window_04_7pct,1,1783704131.407008
1879,1,apache_bench,38487,window_resampled_15pct,1,1783704131.407008
1880,1,apache_bench,11634,window_04_7pct,1,1783704131.407863
1881,1,apache_bench,11635,window_04_7pct,1,1783704131.408723
1882,1,apache_bench,11636,window_04_7pct,1,1783704131.409658
1883,1,apache_bench,38488,window_resampled_15pct,1,1783704131.409658
1884,1,apache_bench,11637,window_04_7pct,1,1783704131.410474
1885,1,apache_bench,43351,window_resampled_20pct,1,1783704131.411291
1886,1,apache_bench,11638,window_04_7pct,1,1783704131.411291
1887,1,apache_bench,43352,window_resampled_20pct,1,1783704131.412098
1888,1,apache_bench,11639,window_04_7pct,1,1783704131.412098
1889,1,apache_bench,11640,window_04_7pct,1,1783704131.413028
1890,1,apache_bench,43353,window_resampled_20pct,1,1783704131.413028
1891,1,apache_bench,11641,window_04_7pct,1,1783704131.413969
1892,1,apache_bench,43354,window_resampled_20pct,1,1783704131.414961
1893,1,apache_bench,11642,window_04_7pct,1,1783704131.414961
1894,1,apache_bench,11643,window_04_7pct,1,1783704131.415842
1895,1,apache_bench,11644,window_04_7pct,1,1783704131.416857
1896,1,apache_bench,38489,window_resampled_15pct,1,1783704131.416857
1897,1,apache_bench,11645,window_04_7pct,1,1783704131.417703
1898,1,apache_bench,11646,window_04_7pct,1,1783704131.418747
1899,1,apache_bench,11647,window_04_7pct,1,1783704131.419531
1900,1,apache_bench,11648,window_04_7pct,1,1783704131.420372
1901,1,apache_bench,43355,window_resampled_20pct,1,1783704131.420372
1902,1,apache_bench,11649,window_04_7pct,1,1783704131.421214
1903,1,apache_bench,43356,window_resampled_20pct,1,1783704131.421214
1904,1,apache_bench,11650,window_04_7pct,1,1783704131.422979
1905,1,apache_bench,14490,window_05_12pct,1,1783706881.120018
1906,1,apache_bench,38932,window_resampled_15pct,1,1783706881.121675
1907,1,apache_bench,14491,window_05_12pct,1,1783706881.121675
1908,1,apache_bench,14492,window_05_12pct,1,1783706881.122373
1909,1,apache_bench,38933,window_resampled_15pct,1,1783706881.122373
1910,1,apache_bench,43761,window_resampled_20pct,1,1783706881.123273
1911,1,apache_bench,14493,window_05_12pct,1,1783706881.123273
1912,1,apache_bench,14494,window_05_12pct,1,1783706881.124179
1913,1,apache_bench,43762,window_resampled_20pct,1,1783706881.125
1914,1,apache_bench,14495,window_05_12pct,1,1783706881.125
1915,1,apache_bench,14496,window_05_12pct,1,1783706881.125812
1916,1,apache_bench,43763,window_resampled_20pct,1,1783706881.126731
1917,1,apache_bench,14497,window_05_12pct,1,1783706881.126731
1918,1,apache_bench,14498,window_05_12pct,1,1783706881.127576
1919,1,apache_bench,14499,window_05_12pct,1,1783706881.128418
1920,1,apache_bench,43764,window_resampled_20pct,1,1783706881.128418
1921,1,apache_bench,43765,window_resampled_20pct,1,1783706881.129273
1922,1,apache_bench,14500,window_05_12pct,1,1783706881.129273
1923,1,apache_bench,14501,window_05_12pct,1,1783706881.130132
1924,1,apache_bench,14502,window_05_12pct,1,1783706881.130974
1925,1,apache_bench,14503,window_05_12pct,1,1783706881.131793
1926,1,apache_bench,14504,window_05_12pct,1,1783706881.132726
1927,1,apache_bench,14505,window_05_12pct,1,1783706881.133561
1928,1,apache_bench,14506,window_05_12pct,1,1783706881.134399
1929,1,apache_bench,43766,window_resampled_20pct,1,1783706881.135189
1930,1,apache_bench,14507,window_05_12pct,1,1783706881.135189
1931,1,apache_bench,14508,window_05_12pct,1,1783706881.136041
1932,1,apache_bench,38934,window_resampled_15pct,1,1783706881.136041
1933,1,apache_bench,43767,window_resampled_20pct,1,1783706881.136891
1934,1,apache_bench,14509,window_05_12pct,1,1783706881.136891
1935,1,apache_bench,14510,window_05_12pct,1,1783706881.137696
1936,1,apache_bench,43768,window_resampled_20pct,1,1783706881.137696
1937,1,apache_bench,14511,window_05_12pct,1,1783706881.138482
1938,1,apache_bench,14512,window_05_12pct,1,1783706881.139265
1939,1,apache_bench,43769,window_resampled_20pct,1,1783706881.139265
1940,1,apache_bench,38935,window_resampled_15pct,1,1783706881.140054
1941,1,apache_bench,14513,window_05_12pct,1,1783706881.140054
1942,1,apache_bench,14514,window_05_12pct,1,1783706881.140637
1943,1,apache_bench,14515,window_05_12pct,1,1783706881.141678
1944,1,apache_bench,14516,window_05_12pct,1,1783706881.142529
1945,1,apache_bench,14517,window_05_12pct,1,1783706881.143399
1946,1,apache_bench,14518,window_05_12pct,1,1783706881.144281
1947,1,apache_bench,38936,window_resampled_15pct,1,1783706881.145218
1948,1,apache_bench,14519,window_05_12pct,1,1783706881.145218
1949,1,apache_bench,14520,window_05_12pct,1,1783706881.145988
1950,1,apache_bench,43770,window_resampled_20pct,1,1783706881.145988
1951,1,apache_bench,14521,window_05_12pct,1,1783706881.146771
1952,1,apache_bench,14522,window_05_12pct,1,1783706881.147597
1953,1,apache_bench,14523,window_05_12pct,1,1783706881.148462
1954,1,apache_bench,43771,window_resampled_20pct,1,1783706881.148462
1955,1,apache_bench,14524,window_05_12pct,1,1783706881.149042
1956,1,apache_bench,14525,window_05_12pct,1,1783706881.150146
1957,1,apache_bench,43772,window_resampled_20pct,1,1783706881.150146
1958,1,apache_bench,14526,window_05_12pct,1,1783706881.150944
1959,1,apache_bench,14527,window_05_12pct,1,1783706881.151796
1960,1,apache_bench,14528,window_05_12pct,1,1783706881.152766
1961,1,apache_bench,14529,window_05_12pct,1,1783706881.153636
1962,1,apache_bench,38937,window_resampled_15pct,1,1783706881.153636
1963,1,apache_bench,43773,window_resampled_20pct,1,1783706881.154435
1964,1,apache_bench,14530,window_05_12pct,1,1783706881.154435
1965,1,apache_bench,14531,window_05_12pct,1,1783706881.155237
1966,1,apache_bench,14532,window_05_12pct,1,1783706881.156077
1967,1,apache_bench,14534,window_05_12pct,1,1783706881.156653
1968,1,apache_bench,14533,window_05_12pct,1,1783706881.157674
1969,1,apache_bench,14536,window_05_12pct,1,1783706881.158494
1970,1,apache_bench,38938,window_resampled_15pct,1,1783706881.158494
1971,1,apache_bench,14535,window_05_12pct,1,1783706881.159307
1972,1,apache_bench,38939,window_resampled_15pct,1,1783706881.159307
1973,1,apache_bench,14537,window_05_12pct,1,1783706881.160116
1974,1,apache_bench,43774,window_resampled_20pct,1,1783706881.160116
1975,1,apache_bench,14538,window_05_12pct,1,1783706881.160918
1976,1,apache_bench,14539,window_05_12pct,1,1783706881.161795
1977,1,apache_bench,14540,window_05_12pct,1,1783706881.163653
1978,1,apache_bench,14541,window_05_12pct,1,1783706881.164451
1979,1,apache_bench,14542,window_05_12pct,1,1783706881.165233
1980,1,apache_bench,38940,window_resampled_15pct,1,1783706881.165233
1981,1,apache_bench,14544,window_05_12pct,1,1783706881.16609
1982,1,apache_bench,43775,window_resampled_20pct,1,1783706881.16609
1983,1,apache_bench,14543,window_05_12pct,1,1783706881.167167
1984,1,apache_bench,43776,window_resampled_20pct,1,1783706881.167167
1985,1,apache_bench,14546,window_05_12pct,1,1783706881.168015
1986,1,apache_bench,43777,window_resampled_20pct,1,1783706881.169034
1987,1,apache_bench,14545,window_05_12pct,1,1783706881.169034
1988,1,apache_bench,14547,window_05_12pct,1,1783706881.169924
1989,1,apache_bench,14548,window_05_12pct,1,1783706881.170653
1990,1,apache_bench,14549,window_05_12pct,1,1783706881.171519
1991,1,apache_bench,43778,window_resampled_20pct,1,1783706881.171519
1992,1,apache_bench,14550,window_05_12pct,1,1783706881.172362
1993,1,apache_bench,38941,window_resampled_15pct,1,1783706881.173187
1994,1,apache_bench,14552,window_05_12pct,1,1783706881.173187
1995,1,apache_bench,14551,window_05_12pct,1,1783706881.174069
1996,1,apache_bench,14554,window_05_12pct,1,1783706881.174958
1997,1,apache_bench,38942,window_resampled_15pct,1,1783706881.175951
1998,1,apache_bench,14553,window_05_12pct,1,1783706881.175951
1999,1,apache_bench,14555,window_05_12pct,1,1783706881.176811
2000,1,apache_bench,43779,window_resampled_20pct,1,1783706881.176811
2001,1,apache_bench,43780,window_resampled_20pct,1,1783706881.177598
2002,1,apache_bench,14557,window_05_12pct,1,1783706881.177598
2003,1,apache_bench,14556,window_05_12pct,1,1783706881.178541
2004,1,apache_bench,43781,window_resampled_20pct,1,1783706881.178541
2005,1,apache_bench,14558,window_05_12pct,1,1783706881.179365
2006,1,apache_bench,43782,window_resampled_20pct,1,1783706881.179365
2007,1,apache_bench,38943,window_resampled_15pct,1,1783706881.180233
2008,1,apache_bench,14559,window_05_12pct,1,1783706881.180233
2009,1,apache_bench,43783,window_resampled_20pct,1,1783706881.181133
2010,1,apache_bench,14560,window_05_12pct,1,1783706881.181133
2011,1,apache_bench,14561,window_05_12pct,1,1783706881.181982
2012,1,apache_bench,14562,window_05_12pct,1,1783706881.182805
2013,1,apache_bench,14563,window_05_12pct,1,1783706881.18369
2014,1,apache_bench,14564,window_05_12pct,1,1783706881.184508
2015,1,apache_bench,14565,window_05_12pct,1,1783706881.185301
2016,1,apache_bench,14566,window_05_12pct,1,1783706881.186191
2017,1,apache_bench,14567,window_05_12pct,1,1783706881.187062
2018,1,apache_bench,43784,window_resampled_20pct,1,1783706881.187062
2019,1,apache_bench,14568,window_05_12pct,1,1783706881.187852
2020,1,apache_bench,38944,window_resampled_15pct,1,1783706881.187852
2021,1,apache_bench,14569,window_05_12pct,1,1783706881.188879
2022,1,apache_bench,14570,window_05_12pct,1,1783706881.189671
2023,1,apache_bench,43785,window_resampled_20pct,1,1783706881.189671
2024,1,apache_bench,14571,window_05_12pct,1,1783706881.190448
2025,1,apache_bench,14572,window_05_12pct,1,1783706881.191267
2026,1,apache_bench,43786,window_resampled_20pct,1,1783706881.192179
2027,1,apache_bench,14574,window_05_12pct,1,1783706881.192179
2028,1,apache_bench,14573,window_05_12pct,1,1783706881.192823
2029,1,apache_bench,14575,window_05_12pct,1,1783706881.193861
2030,1,apache_bench,43787,window_resampled_20pct,1,1783706881.193861
2031,1,apache_bench,14576,window_05_12pct,1,1783706881.194654
2032,1,apache_bench,43788,window_resampled_20pct,1,1783706881.194654
2033,1,apache_bench,14577,window_05_12pct,1,1783706881.195475
2034,1,apache_bench,43789,window_resampled_20pct,1,1783706881.195475
2035,1,apache_bench,14578,window_05_12pct,1,1783706881.196501
2036,1,apache_bench,43790,window_resampled_20pct,1,1783706881.196501
2037,1,apache_bench,38945,window_resampled_15pct,1,1783706881.197325
2038,1,apache_bench,14579,window_05_12pct,1,1783706881.197325
2039,1,apache_bench,38946,window_resampled_15pct,1,1783706881.198262
2040,1,apache_bench,14580,window_05_12pct,1,1783706881.198262
2041,1,apache_bench,14581,window_05_12pct,1,1783706881.198998
2042,1,apache_bench,44123,window_resampled_20pct,1,1783707881.169587
2043,1,apache_bench,16759,window_05_12pct,1,1783707881.169587
2044,1,apache_bench,16760,window_05_12pct,1,1783707881.171224
2045,1,apache_bench,16761,window_05_12pct,1,1783707881.171901
2046,1,apache_bench,39292,window_resampled_15pct,1,1783707881.171901
2047,1,apache_bench,16762,window_05_12pct,1,1783707881.172755
2048,1,apache_bench,39293,window_resampled_15pct,1,1783707881.172755
2049,1,apache_bench,16763,window_05_12pct,1,1783707881.173768
2050,1,apache_bench,16764,window_05_12pct,1,1783707881.174654
2051,1,apache_bench,39294,window_resampled_15pct,1,1783707881.174654
2052,1,apache_bench,16765,window_05_12pct,1,1783707881.175403
2053,1,apache_bench,39295,window_resampled_15pct,1,1783707881.176296
2054,1,apache_bench,16766,window_05_12pct,1,1783707881.176296
2055,1,apache_bench,16767,window_05_12pct,1,1783707881.177139
2056,1,apache_bench,44124,window_resampled_20pct,1,1783707881.177139
2057,1,apache_bench,16768,window_05_12pct,1,1783707881.177972
2058,1,apache_bench,16769,window_05_12pct,1,1783707881.178858
2059,1,apache_bench,16770,window_05_12pct,1,1783707881.179727
2060,1,apache_bench,44125,window_resampled_20pct,1,1783707881.179727
2061,1,apache_bench,44126,window_resampled_20pct,1,1783707881.18053
2062,1,apache_bench,16771,window_05_12pct,1,1783707881.18053
2063,1,apache_bench,16772,window_05_12pct,1,1783707881.181458
2064,1,apache_bench,16773,window_05_12pct,1,1783707881.182294
2065,1,apache_bench,44127,window_resampled_20pct,1,1783707881.182294
2066,1,apache_bench,16774,window_05_12pct,1,1783707881.183181
2067,1,apache_bench,16775,window_05_12pct,1,1783707881.184007
2068,1,apache_bench,44128,window_resampled_20pct,1,1783707881.184007
2069,1,apache_bench,39296,window_resampled_15pct,1,1783707881.184906
2070,1,apache_bench,16776,window_05_12pct,1,1783707881.184906
2071,1,apache_bench,16777,window_05_12pct,1,1783707881.185816
2072,1,apache_bench,16778,window_05_12pct,1,1783707881.186737
2073,1,apache_bench,39297,window_resampled_15pct,1,1783707881.186737
2074,1,apache_bench,16779,window_05_12pct,1,1783707881.187542
2075,1,apache_bench,44129,window_resampled_20pct,1,1783707881.187542
2076,1,apache_bench,16780,window_05_12pct,1,1783707881.188556
2077,1,apache_bench,16781,window_05_12pct,1,1783707881.189392
2078,1,apache_bench,44130,window_resampled_20pct,1,1783707881.189392
2079,1,apache_bench,16782,window_05_12pct,1,1783707881.190227
2080,1,apache_bench,16783,window_05_12pct,1,1783707881.191055
2081,1,apache_bench,39298,window_resampled_15pct,1,1783707881.191055
2082,1,apache_bench,16784,window_05_12pct,1,1783707881.19199
2083,1,apache_bench,39299,window_resampled_15pct,1,1783707881.19199
2084,1,apache_bench,16785,window_05_12pct,1,1783707881.192997
2085,1,apache_bench,44131,window_resampled_20pct,1,1783707881.192997
2086,1,apache_bench,39300,window_resampled_15pct,1,1783707881.193969
2087,1,apache_bench,16786,window_05_12pct,1,1783707881.193969
2088,1,apache_bench,16787,window_05_12pct,1,1783707881.194793
2089,1,apache_bench,39301,window_resampled_15pct,1,1783707881.194793
2090,1,apache_bench,16788,window_05_12pct,1,1783707881.195736
2091,1,apache_bench,44132,window_resampled_20pct,1,1783707881.195736
2092,1,apache_bench,16789,window_05_12pct,1,1783707881.196424
2093,1,apache_bench,16790,window_05_12pct,1,1783707881.197316
2094,1,apache_bench,16791,window_05_12pct,1,1783707881.198245
2095,1,apache_bench,44133,window_resampled_20pct,1,1783707881.199242
2096,1,apache_bench,16792,window_05_12pct,1,1783707881.199242
2097,1,apache_bench,16793,window_05_12pct,1,1783707881.200109
2098,1,apache_bench,44134,window_resampled_20pct,1,1783707881.200109
2099,1,apache_bench,16794,window_05_12pct,1,1783707881.201034
2100,1,apache_bench,16795,window_05_12pct,1,1783707881.201939
2101,1,apache_bench,39302,window_resampled_15pct,1,1783707881.201939
2102,1,apache_bench,16796,window_05_12pct,1,1783707881.202696
2103,1,apache_bench,16797,window_05_12pct,1,1783707881.203463
2104,1,apache_bench,44135,window_resampled_20pct,1,1783707881.203463
2105,1,apache_bench,44136,window_resampled_20pct,1,1783707881.20426
2106,1,apache_bench,16798,window_05_12pct,1,1783707881.20426
2107,1,apache_bench,16799,window_05_12pct,1,1783707881.205055
2108,1,apache_bench,44137,window_resampled_20pct,1,1783707881.205055
2109,1,apache_bench,16800,window_05_12pct,1,1783707881.20605
2110,1,apache_bench,44138,window_resampled_20pct,1,1783707881.20605
2111,1,apache_bench,16801,window_05_12pct,1,1783707881.206892
2112,1,apache_bench,39303,window_resampled_15pct,1,1783707881.206892
2113,1,apache_bench,39304,window_resampled_15pct,1,1783707881.207862
2114,1,apache_bench,16802,window_05_12pct,1,1783707881.207862
2115,1,apache_bench,16803,window_05_12pct,1,1783707881.208669
2116,1,apache_bench,39305,window_resampled_15pct,1,1783707881.208669
2117,1,apache_bench,16804,window_05_12pct,1,1783707881.209632
2118,1,apache_bench,39306,window_resampled_15pct,1,1783707881.209632
2119,1,apache_bench,16805,window_05_12pct,1,1783707881.210658
2120,1,apache_bench,16806,window_05_12pct,1,1783707881.211249
2121,1,apache_bench,44139,window_resampled_20pct,1,1783707881.211249
2122,1,apache_bench,16807,window_05_12pct,1,1783707881.212448
2123,1,apache_bench,44140,window_resampled_20pct,1,1783707881.212448
2124,1,apache_bench,44141,window_resampled_20pct,1,1783707881.213342
2125,1,apache_bench,16808,window_05_12pct,1,1783707881.213342
2126,1,apache_bench,16809,window_05_12pct,1,1783707881.215086
2127,1,apache_bench,16810,window_05_12pct,1,1783707881.215726
2128,1,apache_bench,44142,window_resampled_20pct,1,1783707881.215726
2129,1,apache_bench,16811,window_05_12pct,1,1783707881.216643
2130,1,apache_bench,16812,window_05_12pct,1,1783707881.21753
2131,1,apache_bench,16813,window_05_12pct,1,1783707881.218364
2132,1,apache_bench,44143,window_resampled_20pct,1,1783707881.218364
2133,1,apache_bench,16814,window_05_12pct,1,1783707881.219366
2134,1,apache_bench,16816,window_05_12pct,1,1783707881.220165
2135,1,apache_bench,16815,window_05_12pct,1,1783707881.221066
2136,1,apache_bench,16817,window_05_12pct,1,1783707881.222243
2137,1,apache_bench,44144,window_resampled_20pct,1,1783707881.222243
2138,1,apache_bench,44145,window_resampled_20pct,1,1783707881.222994
2139,1,apache_bench,16818,window_05_12pct,1,1783707881.222994
2140,1,apache_bench,16819,window_05_12pct,1,1783707881.224076
2141,1,apache_bench,16820,window_05_12pct,1,1783707881.225154
2142,1,apache_bench,16821,window_05_12pct,1,1783707881.226157
2143,1,apache_bench,44146,window_resampled_20pct,1,1783707881.226157
2144,1,apache_bench,16822,window_05_12pct,1,1783707881.226947
2145,1,apache_bench,39307,window_resampled_15pct,1,1783707881.227844
2146,1,apache_bench,16824,window_05_12pct,1,1783707881.227844
2147,1,apache_bench,16823,window_05_12pct,1,1783707881.228821
2148,1,apache_bench,44147,window_resampled_20pct,1,1783707881.228821
2149,1,apache_bench,16825,window_05_12pct,1,1783707881.229716
2150,1,apache_bench,16826,window_05_12pct,1,1783707881.230707
2151,1,apache_bench,39308,window_resampled_15pct,1,1783707881.230707
2152,1,apache_bench,44148,window_resampled_20pct,1,1783707881.231563
2153,1,apache_bench,16827,window_05_12pct,1,1783707881.231563
2154,1,apache_bench,16828,window_05_12pct,1,1783707881.232509
2155,1,apache_bench,16829,window_05_12pct,1,1783707881.233408
2156,1,apache_bench,16830,window_05_12pct,1,1783707881.234291
2157,1,apache_bench,39309,window_resampled_15pct,1,1783707881.234291
2158,1,apache_bench,16831,window_05_12pct,1,1783707881.23519
2159,1,apache_bench,16832,window_05_12pct,1,1783707881.236102
2160,1,apache_bench,16833,window_05_12pct,1,1783707881.236957
2161,1,apache_bench,16834,window_05_12pct,1,1783707881.237789
2162,1,apache_bench,16835,window_05_12pct,1,1783707881.238775
2163,1,apache_bench,44149,window_resampled_20pct,1,1783707881.238775
2164,1,apache_bench,16836,window_05_12pct,1,1783707881.239662
2165,1,apache_bench,16837,window_05_12pct,1,1783707881.240626
2166,1,apache_bench,44150,window_resampled_20pct,1,1783707881.240626
2167,1,apache_bench,16838,window_05_12pct,1,1783707881.241585
2168,1,apache_bench,16839,window_05_12pct,1,1783707881.242515
2169,1,apache_bench,44151,window_resampled_20pct,1,1783707881.242515
2170,1,apache_bench,44152,window_resampled_20pct,1,1783707881.243469
2171,1,apache_bench,16840,window_05_12pct,1,1783707881.243469
2172,1,apache_bench,16841,window_05_12pct,1,1783707881.24425
2173,1,apache_bench,44153,window_resampled_20pct,1,1783707881.24425
2174,1,apache_bench,16842,window_05_12pct,1,1783707881.245196
2175,1,apache_bench,16843,window_05_12pct,1,1783707881.246048
2176,1,apache_bench,39310,window_resampled_15pct,1,1783707881.246048
2177,1,apache_bench,16844,window_05_12pct,1,1783707881.247025
2178,1,apache_bench,39311,window_resampled_15pct,1,1783707881.248179
2179,1,apache_bench,16846,window_05_12pct,1,1783707881.248179
2180,1,apache_bench,16845,window_05_12pct,1,1783707881.248919
2181,1,apache_bench,44154,window_resampled_20pct,1,1783707881.248919
2182,1,apache_bench,16847,window_05_12pct,1,1783707881.249852
2183,1,apache_bench,39312,window_resampled_15pct,1,1783707881.249852
2184,1,apache_bench,16848,window_05_12pct,1,1783707881.250751
2185,1,apache_bench,39313,window_resampled_15pct,1,1783707881.251686
2186,1,apache_bench,16849,window_05_12pct,1,1783707881.251686
2187,1,apache_bench,16850,window_05_12pct,1,1783707881.252568
2188,1,apache_bench,44659,window_resampled_20pct,1,1783714379.258145
2189,1,apache_bench,25841,window_07_17pct,1,1783714379.258145
2190,1,apache_bench,25842,window_07_17pct,1,1783714379.259633
2191,1,apache_bench,39830,window_resampled_15pct,1,1783714379.260264
2192,1,apache_bench,25843,window_07_17pct,1,1783714379.260264
2193,1,apache_bench,25844,window_07_17pct,1,1783714379.261088
2194,1,apache_bench,44660,window_resampled_20pct,1,1783714379.261088
2195,1,apache_bench,25845,window_07_17pct,1,1783714379.261921
2196,1,apache_bench,44661,window_resampled_20pct,1,1783714379.261921
2197,1,apache_bench,25846,window_07_17pct,1,1783714379.262737
2198,1,apache_bench,44662,window_resampled_20pct,1,1783714379.262737
2199,1,apache_bench,25847,window_07_17pct,1,1783714379.263556
2200,1,apache_bench,25848,window_07_17pct,1,1783714379.264332
2201,1,apache_bench,25849,window_07_17pct,1,1783714379.265275
2202,1,apache_bench,44663,window_resampled_20pct,1,1783714379.266195
2203,1,apache_bench,25850,window_07_17pct,1,1783714379.266195
2204,1,apache_bench,25851,window_07_17pct,1,1783714379.266979
2205,1,apache_bench,25852,window_07_17pct,1,1783714379.267993
2206,1,apache_bench,44664,window_resampled_20pct,1,1783714379.267993
2207,1,apache_bench,25853,window_07_17pct,1,1783714379.268833
2208,1,apache_bench,25854,window_07_17pct,1,1783714379.269707
2209,1,apache_bench,44665,window_resampled_20pct,1,1783714379.269707
2210,1,apache_bench,39831,window_resampled_15pct,1,1783714379.270706
2211,1,apache_bench,25855,window_07_17pct,1,1783714379.270706
2212,1,apache_bench,25856,window_07_17pct,1,1783714379.271449
2213,1,apache_bench,25857,window_07_17pct,1,1783714379.27227
2214,1,apache_bench,44666,window_resampled_20pct,1,1783714379.27227
2215,1,apache_bench,25858,window_07_17pct,1,1783714379.273127
2216,1,apache_bench,44667,window_resampled_20pct,1,1783714379.273127
2217,1,apache_bench,25859,window_07_17pct,1,1783714379.274012
2218,1,apache_bench,25860,window_07_17pct,1,1783714379.274829
2219,1,apache_bench,44668,window_resampled_20pct,1,1783714379.274829
2220,1,apache_bench,44669,window_resampled_20pct,1,1783714379.275631
2221,1,apache_bench,25861,window_07_17pct,1,1783714379.275631
2222,1,apache_bench,25862,window_07_17pct,1,1783714379.276659
2223,1,apache_bench,39832,window_resampled_15pct,1,1783714379.277497
2224,1,apache_bench,25863,window_07_17pct,1,1783714379.277497
2225,1,apache_bench,25864,window_07_17pct,1,1783714379.278497
2226,1,apache_bench,25865,window_07_17pct,1,1783714379.279259
2227,1,apache_bench,44670,window_resampled_20pct,1,1783714379.28019
2228,1,apache_bench,25866,window_07_17pct,1,1783714379.28019
2229,1,apache_bench,25867,window_07_17pct,1,1783714379.280999
2230,1,apache_bench,39833,window_resampled_15pct,1,1783714379.280999
2231,1,apache_bench,44671,window_resampled_20pct,1,1783714379.281836
2232,1,apache_bench,25868,window_07_17pct,1,1783714379.281836
2233,1,apache_bench,44672,window_resampled_20pct,1,1783714379.282739
2234,1,apache_bench,25869,window_07_17pct,1,1783714379.282739
2235,1,apache_bench,25870,window_07_17pct,1,1783714379.283702
2236,1,apache_bench,39834,window_resampled_15pct,1,1783714379.283702
2237,1,apache_bench,25871,window_07_17pct,1,1783714379.28445
2238,1,apache_bench,25872,window_07_17pct,1,1783714379.284987
2239,1,apache_bench,44673,window_resampled_20pct,1,1783714379.284987
2240,1,apache_bench,25873,window_07_17pct,1,1783714379.28608
2241,1,apache_bench,25874,window_07_17pct,1,1783714379.286987
2242,1,apache_bench,25875,window_07_17pct,1,1783714379.287803
2243,1,apache_bench,25876,window_07_17pct,1,1783714379.288794
2244,1,apache_bench,25877,window_07_17pct,1,1783714379.289772
2245,1,apache_bench,25878,window_07_17pct,1,1783714379.290626
2246,1,apache_bench,44674,window_resampled_20pct,1,1783714379.290626
2247,1,apache_bench,44675,window_resampled_20pct,1,1783714379.291464
2248,1,apache_bench,25879,window_07_17pct,1,1783714379.291464
2249,1,apache_bench,44676,window_resampled_20pct,1,1783714379.292289
2250,1,apache_bench,25880,window_07_17pct,1,1783714379.292289
2251,1,apache_bench,25881,window_07_17pct,1,1783714379.292833
2252,1,apache_bench,39835,window_resampled_15pct,1,1783714379.292833
2253,1,apache_bench,39836,window_resampled_15pct,1,1783714379.293941
2254,1,apache_bench,25882,window_07_17pct,1,1783714379.293941
2255,1,apache_bench,25883,window_07_17pct,1,1783714379.295017
2256,1,apache_bench,44677,window_resampled_20pct,1,1783714379.295988
2257,1,apache_bench,25884,window_07_17pct,1,1783714379.295988
2258,1,apache_bench,39837,window_resampled_15pct,1,1783714379.296815
2259,1,apache_bench,25885,window_07_17pct,1,1783714379.296815
2260,1,apache_bench,25886,window_07_17pct,1,1783714379.297876
2261,1,apache_bench,44678,window_resampled_20pct,1,1783714379.299039
2262,1,apache_bench,25887,window_07_17pct,1,1783714379.299039
2263,1,apache_bench,25888,window_07_17pct,1,1783714379.2999
2264,1,apache_bench,39838,window_resampled_15pct,1,1783714379.2999
2265,1,apache_bench,25889,window_07_17pct,1,1783714379.300889
2266,1,apache_bench,44679,window_resampled_20pct,1,1783714379.300889
2267,1,apache_bench,25890,window_07_17pct,1,1783714379.301949
2268,1,apache_bench,25891,window_07_17pct,1,1783714379.303993
2269,1,apache_bench,44680,window_resampled_20pct,1,1783714379.303993
2270,1,apache_bench,25892,window_07_17pct,1,1783714379.30476
2271,1,apache_bench,25893,window_07_17pct,1,1783714379.30561
2272,1,apache_bench,39839,window_resampled_15pct,1,1783714379.30658
2273,1,apache_bench,25894,window_07_17pct,1,1783714379.30658
2274,1,apache_bench,25895,window_07_17pct,1,1783714379.307619
2275,1,apache_bench,25896,window_07_17pct,1,1783714379.308511
2276,1,apache_bench,44681,window_resampled_20pct,1,1783714379.308511
2277,1,apache_bench,25897,window_07_17pct,1,1783714379.309461
2278,1,apache_bench,44682,window_resampled_20pct,1,1783714379.310375
2279,1,apache_bench,25898,window_07_17pct,1,1783714379.310375
2280,1,apache_bench,25899,window_07_17pct,1,1783714379.311296
2281,1,apache_bench,39840,window_resampled_15pct,1,1783714379.311296
2282,1,apache_bench,25900,window_07_17pct,1,1783714379.312256
2283,1,apache_bench,25901,window_07_17pct,1,1783714379.313102
2284,1,apache_bench,25902,window_07_17pct,1,1783714379.313919
2285,1,apache_bench,39841,window_resampled_15pct,1,1783714379.313919
2286,1,apache_bench,25903,window_07_17pct,1,1783714379.314938
2287,1,apache_bench,25904,window_07_17pct,1,1783714379.315826
2288,1,apache_bench,25905,window_07_17pct,1,1783714379.316677
2289,1,apache_bench,44683,window_resampled_20pct,1,1783714379.316677
2290,1,apache_bench,44684,window_resampled_20pct,1,1783714379.317547
2291,1,apache_bench,25906,window_07_17pct,1,1783714379.317547
2292,1,apache_bench,44685,window_resampled_20pct,1,1783714379.318443
2293,1,apache_bench,25907,window_07_17pct,1,1783714379.318443
2294,1,apache_bench,25908,window_07_17pct,1,1783714379.319556
2295,1,apache_bench,25909,window_07_17pct,1,1783714379.3205
2296,1,apache_bench,44686,window_resampled_20pct,1,1783714379.3205
2297,1,apache_bench,39842,window_resampled_15pct,1,1783714379.321288
2298,1,apache_bench,25910,window_07_17pct,1,1783714379.321288
2299,1,apache_bench,44687,window_resampled_20pct,1,1783714379.322139
2300,1,apache_bench,25911,window_07_17pct,1,1783714379.322139
2301,1,apache_bench,25912,window_07_17pct,1,1783714379.322983
2302,1,apache_bench,44688,window_resampled_20pct,1,1783714379.32397
2303,1,apache_bench,25913,window_07_17pct,1,1783714379.32397
2304,1,apache_bench,39843,window_resampled_15pct,1,1783714379.324816
2305,1,apache_bench,25914,window_07_17pct,1,1783714379.324816
2306,1,apache_bench,25915,window_07_17pct,1,1783714379.325759
2307,1,apache_bench,39844,window_resampled_15pct,1,1783714379.32685
2308,1,apache_bench,25916,window_07_17pct,1,1783714379.32685
2309,1,apache_bench,44689,window_resampled_20pct,1,1783714379.327618
2310,1,apache_bench,25917,window_07_17pct,1,1783714379.327618
2311,1,apache_bench,25918,window_07_17pct,1,1783714379.328422
2312,1,apache_bench,44690,window_resampled_20pct,1,1783714379.329288
2313,1,apache_bench,25919,window_07_17pct,1,1783714379.329288
2314,1,apache_bench,25920,window_07_17pct,1,1783714379.330286
2315,1,apache_bench,44691,window_resampled_20pct,1,1783714379.330286
2316,1,apache_bench,39845,window_resampled_15pct,1,1783714379.331262
2317,1,apache_bench,25921,window_07_17pct,1,1783714379.331262
2318,1,apache_bench,25922,window_07_17pct,1,1783714379.332021
2319,1,apache_bench,25923,window_07_17pct,1,1783714379.332919
2320,1,apache_bench,25924,window_07_17pct,1,1783714379.333884
2321,1,apache_bench,25925,window_07_17pct,1,1783714379.334845
2322,1,apache_bench,25926,window_07_17pct,1,1783714379.335925
2323,1,apache_bench,39846,window_resampled_15pct,1,1783714379.335925
2324,1,apache_bench,25927,window_07_17pct,1,1783714379.33689
2325,1,apache_bench,25928,window_07_17pct,1,1783714379.337714
2326,1,apache_bench,39847,window_resampled_15pct,1,1783714379.337714
2327,1,apache_bench,25929,window_07_17pct,1,1783714379.338599
2328,1,apache_bench,44692,window_resampled_20pct,1,1783714379.338599
2329,1,apache_bench,39848,window_resampled_15pct,1,1783714379.339679
2330,1,apache_bench,25930,window_07_17pct,1,1783714379.339679
2331,1,apache_bench,25931,window_07_17pct,1,1783714379.340504
2332,1,apache_bench,39849,window_resampled_15pct,1,1783714379.340504
2333,1,apache_bench,25932,window_07_17pct,1,1783714379.341194
2334,1,apache_bench,25933,window_07_17pct,1,1783714379.342309
2335,1,apache_bench,25934,window_07_17pct,1,1783714379.343424
2336,1,apache_bench,25935,window_07_17pct,1,1783714379.344232
2337,1,apache_bench,25936,window_07_17pct,1,1783714379.345316
2338,1,apache_bench,25937,window_07_17pct,1,1783714379.346171
2339,1,apache_bench,39850,window_resampled_15pct,1,1783714379.346171
2340,1,apache_bench,44693,window_resampled_20pct,1,1783714379.347062
2341,1,apache_bench,25938,window_07_17pct,1,1783714379.347062
2342,1,apache_bench,25939,window_07_17pct,1,1783714379.347832
2343,1,apache_bench,25940,window_07_17pct,1,1783714379.348853
2344,1,apache_bench,39851,window_resampled_15pct,1,1783714379.348853
2345,1,apache_bench,25941,window_07_17pct,1,1783714379.350344
2346,1,apache_bench,39852,window_resampled_15pct,1,1783714379.350344
2347,1,apache_bench,25942,window_07_17pct,1,1783714379.351066
2348,1,apache_bench,39853,window_resampled_15pct,1,1783714379.351066
2349,1,apache_bench,25943,window_07_17pct,1,1783714379.352011
2350,1,apache_bench,44694,window_resampled_20pct,1,1783714379.352011
2351,1,apache_bench,44695,window_resampled_20pct,1,1783714379.35288
2352,1,apache_bench,25944,window_07_17pct,1,1783714379.35288
2353,1,apache_bench,44696,window_resampled_20pct,1,1783714379.353786
2354,1,apache_bench,25945,window_07_17pct,1,1783714379.353786
2355,1,apache_bench,25946,window_07_17pct,1,1783714379.354724
2356,1,apache_bench,44697,window_resampled_20pct,1,1783714379.355888
2357,1,apache_bench,25947,window_07_17pct,1,1783714379.355888
2358,1,apache_bench,25948,window_07_17pct,1,1783714379.356741
2359,1,apache_bench,25949,window_07_17pct,1,1783714379.357628
2360,1,apache_bench,25950,window_07_17pct,1,1783714379.35851
2361,1,apache_bench,25951,window_07_17pct,1,1783714379.359429
2362,1,apache_bench,44698,window_resampled_20pct,1,1783714379.359429
2363,1,apache_bench,25952,window_07_17pct,1,1783714379.360491
2364,1,apache_bench,25953,window_07_17pct,1,1783714379.361405
2365,1,apache_bench,25954,window_07_17pct,1,1783714379.362344
2366,1,apache_bench,44699,window_resampled_20pct,1,1783714379.363472
2367,1,apache_bench,25955,window_07_17pct,1,1783714379.363472
2368,1,apache_bench,25956,window_07_17pct,1,1783714379.36442
2369,1,apache_bench,44700,window_resampled_20pct,1,1783714379.36442
2370,1,apache_bench,25957,window_07_17pct,1,1783714379.365247
2371,1,apache_bench,25958,window_07_17pct,1,1783714379.36623
2372,1,apache_bench,44701,window_resampled_20pct,1,1783714379.36623
2373,1,apache_bench,25959,window_07_17pct,1,1783714379.367035
2374,1,apache_bench,25960,window_07_17pct,1,1783714379.367874
2375,1,apache_bench,44702,window_resampled_20pct,1,1783714379.367874
2376,1,apache_bench,39854,window_resampled_15pct,1,1783714379.368785
2377,1,apache_bench,25961,window_07_17pct,1,1783714379.368785
2378,1,apache_bench,25962,window_07_17pct,1,1783714379.369616
2379,1,apache_bench,25963,window_07_17pct,1,1783714379.370719
2380,1,apache_bench,39855,window_resampled_15pct,1,1783714379.371536
2381,1,apache_bench,25964,window_07_17pct,1,1783714379.371536
2382,1,apache_bench,25965,window_07_17pct,1,1783714379.372466
2383,1,apache_bench,39856,window_resampled_15pct,1,1783714379.373093
2384,1,apache_bench,25966,window_07_17pct,1,1783714379.373093
2385,1,apache_bench,25967,window_07_17pct,1,1783714379.374228
2386,1,apache_bench,39857,window_resampled_15pct,1,1783714379.375095
2387,1,apache_bench,25968,window_07_17pct,1,1783714379.375095
2388,1,apache_bench,44703,window_resampled_20pct,1,1783714379.376025
2389,1,apache_bench,25969,window_07_17pct,1,1783714379.376025
2390,1,apache_bench,25970,window_07_17pct,1,1783714379.376918
2391,1,apache_bench,25971,window_07_17pct,1,1783714379.377995
2392,1,apache_bench,44704,window_resampled_20pct,1,1783714379.378781
2393,1,apache_bench,25972,window_07_17pct,1,1783714379.378781
2394,1,apache_bench,39858,window_resampled_15pct,1,1783714379.379698
2395,1,apache_bench,25973,window_07_17pct,1,1783714379.379698
2396,1,apache_bench,25974,window_07_17pct,1,1783714379.380498
2397,1,apache_bench,25975,window_07_17pct,1,1783714379.381426
2398,1,apache_bench,25976,window_07_17pct,1,1783714379.382261
2399,1,apache_bench,25977,window_07_17pct,1,1783714379.383279
2400,1,apache_bench,39859,window_resampled_15pct,1,1783714379.383279
2401,1,apache_bench,39860,window_resampled_15pct,1,1783714379.384071
2402,1,apache_bench,25978,window_07_17pct,1,1783714379.384071
2403,1,apache_bench,28136,window_07_17pct,1,1783715379.265031
2404,1,apache_bench,28137,window_07_17pct,1,1783715379.26662
2405,1,apache_bench,40221,window_resampled_15pct,1,1783715379.26662
2406,1,apache_bench,28138,window_07_17pct,1,1783715379.267267
2407,1,apache_bench,28139,window_07_17pct,1,1783715379.268173
2408,1,apache_bench,28140,window_07_17pct,1,1783715379.269228
2409,1,apache_bench,28141,window_07_17pct,1,1783715379.270129
2410,1,apache_bench,45019,window_resampled_20pct,1,1783715379.270995
2411,1,apache_bench,28142,window_07_17pct,1,1783715379.270995
2412,1,apache_bench,28143,window_07_17pct,1,1783715379.271803
2413,1,apache_bench,45020,window_resampled_20pct,1,1783715379.271803
2414,1,apache_bench,28144,window_07_17pct,1,1783715379.272696
2415,1,apache_bench,45021,window_resampled_20pct,1,1783715379.273505
2416,1,apache_bench,28145,window_07_17pct,1,1783715379.273505
2417,1,apache_bench,28146,window_07_17pct,1,1783715379.27442
2418,1,apache_bench,45022,window_resampled_20pct,1,1783715379.275295
2419,1,apache_bench,28147,window_07_17pct,1,1783715379.275295
2420,1,apache_bench,28148,window_07_17pct,1,1783715379.276188
2421,1,apache_bench,40222,window_resampled_15pct,1,1783715379.276188
2422,1,apache_bench,28149,window_07_17pct,1,1783715379.277414
2423,1,apache_bench,28150,window_07_17pct,1,1783715379.278245
2424,1,apache_bench,45023,window_resampled_20pct,1,1783715379.278245
2425,1,apache_bench,28151,window_07_17pct,1,1783715379.279044
2426,1,apache_bench,45024,window_resampled_20pct,1,1783715379.279904
2427,1,apache_bench,28152,window_07_17pct,1,1783715379.279904
2428,1,apache_bench,45025,window_resampled_20pct,1,1783715379.28088
2429,1,apache_bench,28153,window_07_17pct,1,1783715379.28088
2430,1,apache_bench,28154,window_07_17pct,1,1783715379.281738
2431,1,apache_bench,45026,window_resampled_20pct,1,1783715379.282551
2432,1,apache_bench,28155,window_07_17pct,1,1783715379.282551
2433,1,apache_bench,28156,window_07_17pct,1,1783715379.283553
2434,1,apache_bench,45027,window_resampled_20pct,1,1783715379.283553
2435,1,apache_bench,28157,window_07_17pct,1,1783715379.284369
2436,1,apache_bench,45028,window_resampled_20pct,1,1783715379.284369
2437,1,apache_bench,28158,window_07_17pct,1,1783715379.285257
2438,1,apache_bench,28159,window_07_17pct,1,1783715379.286132
2439,1,apache_bench,45029,window_resampled_20pct,1,1783715379.286132
2440,1,apache_bench,28160,window_07_17pct,1,1783715379.286923
2441,1,apache_bench,40223,window_resampled_15pct,1,1783715379.286923
2442,1,apache_bench,45030,window_resampled_20pct,1,1783715379.287812
2443,1,apache_bench,28161,window_07_17pct,1,1783715379.287812
2444,1,apache_bench,28162,window_07_17pct,1,1783715379.288629
2445,1,apache_bench,45031,window_resampled_20pct,1,1783715379.289458
2446,1,apache_bench,28163,window_07_17pct,1,1783715379.289458
2447,1,apache_bench,28164,window_07_17pct,1,1783715379.29033
2448,1,apache_bench,45032,window_resampled_20pct,1,1783715379.291295
2449,1,apache_bench,28165,window_07_17pct,1,1783715379.291295
2450,1,apache_bench,28166,window_07_17pct,1,1783715379.292056
2451,1,apache_bench,28167,window_07_17pct,1,1783715379.292646
2452,1,apache_bench,45033,window_resampled_20pct,1,1783715379.292646
2453,1,apache_bench,28168,window_07_17pct,1,1783715379.293879
2454,1,apache_bench,45034,window_resampled_20pct,1,1783715379.293879
2455,1,apache_bench,45035,window_resampled_20pct,1,1783715379.294773
2456,1,apache_bench,28169,window_07_17pct,1,1783715379.294773
2457,1,apache_bench,28170,window_07_17pct,1,1783715379.295638
2458,1,apache_bench,40224,window_resampled_15pct,1,1783715379.295638
2459,1,apache_bench,28171,window_07_17pct,1,1783715379.296445
2460,1,apache_bench,28172,window_07_17pct,1,1783715379.297355
2461,1,apache_bench,45036,window_resampled_20pct,1,1783715379.298265
2462,1,apache_bench,28173,window_07_17pct,1,1783715379.298265
2463,1,apache_bench,40225,window_resampled_15pct,1,1783715379.299074
2464,1,apache_bench,28174,window_07_17pct,1,1783715379.299074
2465,1,apache_bench,40226,window_resampled_15pct,1,1783715379.299996
2466,1,apache_bench,28175,window_07_17pct,1,1783715379.299996
2467,1,apache_bench,28176,window_07_17pct,1,1783715379.300597
2468,1,apache_bench,28177,window_07_17pct,1,1783715379.301812
2469,1,apache_bench,28178,window_07_17pct,1,1783715379.302629
2470,1,apache_bench,45037,window_resampled_20pct,1,1783715379.302629
2471,1,apache_bench,40227,window_resampled_15pct,1,1783715379.303489
2472,1,apache_bench,28179,window_07_17pct,1,1783715379.303489
2473,1,apache_bench,28180,window_07_17pct,1,1783715379.304268
2474,1,apache_bench,28181,window_07_17pct,1,1783715379.305104
2475,1,apache_bench,45038,window_resampled_20pct,1,1783715379.305104
2476,1,apache_bench,28182,window_07_17pct,1,1783715379.306116
2477,1,apache_bench,28183,window_07_17pct,1,1783715379.306934
2478,1,apache_bench,28184,window_07_17pct,1,1783715379.307738
2479,1,apache_bench,45039,window_resampled_20pct,1,1783715379.307738
2480,1,apache_bench,28185,window_07_17pct,1,1783715379.308566
2481,1,apache_bench,28186,window_07_17pct,1,1783715379.310118
2482,1,apache_bench,45040,window_resampled_20pct,1,1783715379.310118
2483,1,apache_bench,28187,window_07_17pct,1,1783715379.310749
2484,1,apache_bench,40228,window_resampled_15pct,1,1783715379.31179
2485,1,apache_bench,28188,window_07_17pct,1,1783715379.31179
2486,1,apache_bench,28189,window_07_17pct,1,1783715379.312772
2487,1,apache_bench,40229,window_resampled_15pct,1,1783715379.312772
2488,1,apache_bench,28190,window_07_17pct,1,1783715379.313528
2489,1,apache_bench,28191,window_07_17pct,1,1783715379.314408
2490,1,apache_bench,28192,window_07_17pct,1,1783715379.315358
2491,1,apache_bench,28193,window_07_17pct,1,1783715379.316107
2492,1,apache_bench,40230,window_resampled_15pct,1,1783715379.316107
2493,1,apache_bench,45041,window_resampled_20pct,1,1783715379.316727
2494,1,apache_bench,28194,window_07_17pct,1,1783715379.316727
2495,1,apache_bench,28195,window_07_17pct,1,1783715379.317827
2496,1,apache_bench,28196,window_07_17pct,1,1783715379.31874
2497,1,apache_bench,45042,window_resampled_20pct,1,1783715379.31874
2498,1,apache_bench,28197,window_07_17pct,1,1783715379.319709
2499,1,apache_bench,28198,window_07_17pct,1,1783715379.32054
2500,1,apache_bench,28199,window_07_17pct,1,1783715379.321396
2501,1,apache_bench,28200,window_07_17pct,1,1783715379.322284
2502,1,apache_bench,45043,window_resampled_20pct,1,1783715379.322284
2503,1,apache_bench,28201,window_07_17pct,1,1783715379.323268
2504,1,apache_bench,28202,window_07_17pct,1,1783715379.324275
2505,1,apache_bench,28203,window_07_17pct,1,1783715379.325038
2506,1,apache_bench,45044,window_resampled_20pct,1,1783715379.325038
2507,1,apache_bench,28204,window_07_17pct,1,1783715379.325987
2508,1,apache_bench,45045,window_resampled_20pct,1,1783715379.325987
2509,1,apache_bench,28205,window_07_17pct,1,1783715379.326983
2510,1,apache_bench,28206,window_07_17pct,1,1783715379.327748
2511,1,apache_bench,45046,window_resampled_20pct,1,1783715379.327748
2512,1,apache_bench,28207,window_07_17pct,1,1783715379.328806
2513,1,apache_bench,40231,window_resampled_15pct,1,1783715379.329784
2514,1,apache_bench,28208,window_07_17pct,1,1783715379.329784
2515,1,apache_bench,28209,window_07_17pct,1,1783715379.330658
2516,1,apache_bench,45047,window_resampled_20pct,1,1783715379.331606
2517,1,apache_bench,28210,window_07_17pct,1,1783715379.331606
2518,1,apache_bench,28211,window_07_17pct,1,1783715379.332396
2519,1,apache_bench,28212,window_07_17pct,1,1783715379.333435
2520,1,apache_bench,28213,window_07_17pct,1,1783715379.334414
2521,1,apache_bench,40232,window_resampled_15pct,1,1783715379.334414
2522,1,apache_bench,28214,window_07_17pct,1,1783715379.335234
2523,1,apache_bench,28215,window_07_17pct,1,1783715379.336114
2524,1,apache_bench,28216,window_07_17pct,1,1783715379.337021
2525,1,apache_bench,45048,window_resampled_20pct,1,1783715379.337021
2526,1,apache_bench,28217,window_07_17pct,1,1783715379.337945
2527,1,apache_bench,28218,window_07_17pct,1,1783715379.338765
2528,1,apache_bench,28219,window_07_17pct,1,1783715379.339637
2529,1,apache_bench,40233,window_resampled_15pct,1,1783715379.340548
2530,1,apache_bench,28220,window_07_17pct,1,1783715379.340548
2531,1,apache_bench,28221,window_07_17pct,1,1783715379.341423
2532,1,apache_bench,40234,window_resampled_15pct,1,1783715379.341423
2533,1,apache_bench,28222,window_07_17pct,1,1783715379.342297
2534,1,apache_bench,28223,window_07_17pct,1,1783715379.343208
2535,1,apache_bench,28224,window_07_17pct,1,1783715379.344154
2536,1,apache_bench,28225,window_07_17pct,1,1783715379.345022
2537,1,apache_bench,40235,window_resampled_15pct,1,1783715379.345656
2538,1,apache_bench,28226,window_07_17pct,1,1783715379.345656
2539,1,apache_bench,28227,window_07_17pct,1,1783715379.346719
2540,1,apache_bench,45049,window_resampled_20pct,1,1783715379.346719
2541,1,apache_bench,28228,window_07_17pct,1,1783715379.347568
2542,1,apache_bench,28230,window_07_17pct,1,1783715379.348466
2543,1,apache_bench,28229,window_07_17pct,1,1783715379.34917
2544,1,apache_bench,45050,window_resampled_20pct,1,1783715379.35014
2545,1,apache_bench,28231,window_07_17pct,1,1783715379.35014
2546,1,apache_bench,28232,window_07_17pct,1,1783715379.350995
2547,1,apache_bench,28233,window_07_17pct,1,1783715379.352021
2548,1,apache_bench,40236,window_resampled_15pct,1,1783715379.352021
2549,1,apache_bench,45051,window_resampled_20pct,1,1783715379.353004
2550,1,apache_bench,28234,window_07_17pct,1,1783715379.353004
2551,1,apache_bench,28235,window_07_17pct,1,1783715379.353796
2552,1,apache_bench,40237,window_resampled_15pct,1,1783715379.353796
2553,1,apache_bench,28236,window_07_17pct,1,1783715379.355735
2554,1,apache_bench,28237,window_07_17pct,1,1783715379.356509
2555,1,apache_bench,45052,window_resampled_20pct,1,1783715379.356509
2556,1,apache_bench,28238,window_07_17pct,1,1783715379.357316
2557,1,apache_bench,45053,window_resampled_20pct,1,1783715379.358177
2558,1,apache_bench,28239,window_07_17pct,1,1783715379.358177
2559,1,apache_bench,28240,window_07_17pct,1,1783715379.359112
2560,1,apache_bench,45054,window_resampled_20pct,1,1783715379.359112
2561,1,apache_bench,40238,window_resampled_15pct,1,1783715379.360004
2562,1,apache_bench,28241,window_07_17pct,1,1783715379.360004
2563,1,apache_bench,28242,window_07_17pct,1,1783715379.360929
2564,1,apache_bench,28243,window_07_17pct,1,1783715379.361755
2565,1,apache_bench,45055,window_resampled_20pct,1,1783715379.361755
2566,1,apache_bench,28244,window_07_17pct,1,1783715379.362609
2567,1,apache_bench,45056,window_resampled_20pct,1,1783715379.362609
2568,1,apache_bench,28245,window_07_17pct,1,1783715379.363484
2569,1,apache_bench,28246,window_07_17pct,1,1783715379.364382
2570,1,apache_bench,28247,window_07_17pct,1,1783715379.36527
2571,1,apache_bench,28248,window_07_17pct,1,1783715379.366151
2572,1,apache_bench,28249,window_07_17pct,1,1783715379.366962
2573,1,apache_bench,45057,window_resampled_20pct,1,1783715379.366962
2574,1,apache_bench,28250,window_07_17pct,1,1783715379.367889
2575,1,apache_bench,45058,window_resampled_20pct,1,1783715379.367889
2576,1,apache_bench,40239,window_resampled_15pct,1,1783715379.368742
2577,1,apache_bench,28251,window_07_17pct,1,1783715379.368742
2578,1,apache_bench,28253,window_07_17pct,1,1783715379.369599
2579,1,apache_bench,28252,window_07_17pct,1,1783715379.37043
2580,1,apache_bench,28255,window_07_17pct,1,1783715379.371283
2581,1,apache_bench,40240,window_resampled_15pct,1,1783715379.371283
2582,1,apache_bench,28254,window_07_17pct,1,1783715379.372151
2583,1,apache_bench,40241,window_resampled_15pct,1,1783715379.372151
2584,1,apache_bench,28256,window_07_17pct,1,1783715379.372953
2585,1,apache_bench,28258,window_07_17pct,1,1783715379.373817
2586,1,apache_bench,45059,window_resampled_20pct,1,1783715379.373817
2587,1,apache_bench,45060,window_resampled_20pct,1,1783715379.374888
2588,1,apache_bench,28257,window_07_17pct,1,1783715379.374888
2589,1,apache_bench,45061,window_resampled_20pct,1,1783715379.375754
2590,1,apache_bench,28259,window_07_17pct,1,1783715379.375754
2591,1,apache_bench,28260,window_07_17pct,1,1783715379.376546
2592,1,apache_bench,28261,window_07_17pct,1,1783715379.377301
2593,1,apache_bench,45062,window_resampled_20pct,1,1783715379.377301
2594,1,apache_bench,28262,window_07_17pct,1,1783715379.378225
2595,1,apache_bench,28264,window_07_17pct,1,1783715379.379137
2596,1,apache_bench,28263,window_07_17pct,1,1783715379.380026
2597,1,apache_bench,28265,window_07_17pct,1,1783715379.381017
2598,1,apache_bench,40242,window_resampled_15pct,1,1783715379.381017
2599,1,apache_bench,45063,window_resampled_20pct,1,1783715379.381854
2600,1,apache_bench,28266,window_07_17pct,1,1783715379.381854
2601,1,apache_bench,28267,window_07_17pct,1,1783715379.382711
2602,1,apache_bench,45064,window_resampled_20pct,1,1783715379.382711
2603,1,apache_bench,45065,window_resampled_20pct,1,1783715379.383706
2604,1,apache_bench,28268,window_07_17pct,1,1783715379.383706
2605,1,apache_bench,45066,window_resampled_20pct,1,1783715379.384502
2606,1,apache_bench,28269,window_07_17pct,1,1783715379.384502
2607,1,apache_bench,28270,window_07_17pct,1,1783715379.385412
2608,1,apache_bench,45067,window_resampled_20pct,1,1783715379.385412
2609,1,apache_bench,28271,window_07_17pct,1,1783715379.386457
2610,1,apache_bench,40243,window_resampled_15pct,1,1783715379.386457
2611,1,apache_bench,28272,window_07_17pct,1,1783715379.387378
2612,1,apache_bench,28273,window_07_17pct,1,1783715379.388258
2613,1,apache_bench,32057,window_08_22pct,1,1783718128.462433
2614,1,apache_bench,32058,window_08_22pct,1,1783718128.464052
2615,1,apache_bench,45668,window_resampled_20pct,1,1783718128.464052
2616,1,apache_bench,40848,window_resampled_15pct,1,1783718128.464708
2617,1,apache_bench,32059,window_08_22pct,1,1783718128.464708
2618,1,apache_bench,32060,window_08_22pct,1,1783718128.465652
2619,1,apache_bench,45669,window_resampled_20pct,1,1783718128.465652
2620,1,apache_bench,32061,window_08_22pct,1,1783718128.46657
2621,1,apache_bench,40849,window_resampled_15pct,1,1783718128.46657
2622,1,apache_bench,32062,window_08_22pct,1,1783718128.467526
2623,1,apache_bench,32063,window_08_22pct,1,1783718128.4685
2624,1,apache_bench,40850,window_resampled_15pct,1,1783718128.469505
2625,1,apache_bench,32064,window_08_22pct,1,1783718128.469505
2626,1,apache_bench,40851,window_resampled_15pct,1,1783718128.470401
2627,1,apache_bench,32065,window_08_22pct,1,1783718128.470401
2628,1,apache_bench,45670,window_resampled_20pct,1,1783718128.471281
2629,1,apache_bench,32066,window_08_22pct,1,1783718128.471281
2630,1,apache_bench,32067,window_08_22pct,1,1783718128.47208
2631,1,apache_bench,45671,window_resampled_20pct,1,1783718128.47208
2632,1,apache_bench,32068,window_08_22pct,1,1783718128.472987
2633,1,apache_bench,45672,window_resampled_20pct,1,1783718128.473833
2634,1,apache_bench,32069,window_08_22pct,1,1783718128.473833
2635,1,apache_bench,32070,window_08_22pct,1,1783718128.474656
2636,1,apache_bench,32071,window_08_22pct,1,1783718128.475567
2637,1,apache_bench,32072,window_08_22pct,1,1783718128.476471
2638,1,apache_bench,40852,window_resampled_15pct,1,1783718128.477216
2639,1,apache_bench,32073,window_08_22pct,1,1783718128.477216
2640,1,apache_bench,32074,window_08_22pct,1,1783718128.478111
2641,1,apache_bench,40853,window_resampled_15pct,1,1783718128.478111
2642,1,apache_bench,45673,window_resampled_20pct,1,1783718128.479003
2643,1,apache_bench,32075,window_08_22pct,1,1783718128.479003
2644,1,apache_bench,32076,window_08_22pct,1,1783718128.479811
2645,1,apache_bench,32077,window_08_22pct,1,1783718128.480756
2646,1,apache_bench,45674,window_resampled_20pct,1,1783718128.480756
2647,1,apache_bench,32078,window_08_22pct,1,1783718128.4816
2648,1,apache_bench,40854,window_resampled_15pct,1,1783718128.4816
2649,1,apache_bench,32079,window_08_22pct,1,1783718128.482619
2650,1,apache_bench,32080,window_08_22pct,1,1783718128.483373
2651,1,apache_bench,32081,window_08_22pct,1,1783718128.484292
2652,1,apache_bench,40855,window_resampled_15pct,1,1783718128.484292
2653,1,apache_bench,32082,window_08_22pct,1,1783718128.485071
2654,1,apache_bench,32083,window_08_22pct,1,1783718128.485898
2655,1,apache_bench,40856,window_resampled_15pct,1,1783718128.485898
2656,1,apache_bench,32084,window_08_22pct,1,1783718128.486824
2657,1,apache_bench,32085,window_08_22pct,1,1783718128.487597
2658,1,apache_bench,45675,window_resampled_20pct,1,1783718128.487597
2659,1,apache_bench,32086,window_08_22pct,1,1783718128.488604
2660,1,apache_bench,40857,window_resampled_15pct,1,1783718128.488604
2661,1,apache_bench,32087,window_08_22pct,1,1783718128.489386
2662,1,apache_bench,45676,window_resampled_20pct,1,1783718128.489386
2663,1,apache_bench,32088,window_08_22pct,1,1783718128.49025
2664,1,apache_bench,45677,window_resampled_20pct,1,1783718128.491102
2665,1,apache_bench,32089,window_08_22pct,1,1783718128.491102
2666,1,apache_bench,32090,window_08_22pct,1,1783718128.491972
2667,1,apache_bench,45678,window_resampled_20pct,1,1783718128.491972
2668,1,apache_bench,32091,window_08_22pct,1,1783718128.492804
2669,1,apache_bench,32092,window_08_22pct,1,1783718128.493838
2670,1,apache_bench,40858,window_resampled_15pct,1,1783718128.493838
2671,1,apache_bench,32093,window_08_22pct,1,1783718128.494782
2672,1,apache_bench,40859,window_resampled_15pct,1,1783718128.495657
2673,1,apache_bench,32094,window_08_22pct,1,1783718128.495657
2674,1,apache_bench,32095,window_08_22pct,1,1783718128.496484
2675,1,apache_bench,45679,window_resampled_20pct,1,1783718128.497247
2676,1,apache_bench,32096,window_08_22pct,1,1783718128.497247
2677,1,apache_bench,45680,window_resampled_20pct,1,1783718128.498092
2678,1,apache_bench,32097,window_08_22pct,1,1783718128.498092
2679,1,apache_bench,32104,window_08_22pct,1,1783718128.498953
2680,1,apache_bench,45681,window_resampled_20pct,1,1783718128.498953
2681,1,apache_bench,32105,window_08_22pct,1,1783718128.499835
2682,1,apache_bench,45682,window_resampled_20pct,1,1783718128.499835
2683,1,apache_bench,32106,window_08_22pct,1,1783718128.500721
2684,1,apache_bench,45683,window_resampled_20pct,1,1783718128.500721
2685,1,apache_bench,32107,window_08_22pct,1,1783718128.501575
2686,1,apache_bench,32108,window_08_22pct,1,1783718128.502413
2687,1,apache_bench,32109,window_08_22pct,1,1783718128.503255
2688,1,apache_bench,40860,window_resampled_15pct,1,1783718128.503255
2689,1,apache_bench,32110,window_08_22pct,1,1783718128.504044
2690,1,apache_bench,32111,window_08_22pct,1,1783718128.50496
2691,1,apache_bench,32112,window_08_22pct,1,1783718128.505933
2692,1,apache_bench,40861,window_resampled_15pct,1,1783718128.505933
2693,1,apache_bench,45684,window_resampled_20pct,1,1783718128.507673
2694,1,apache_bench,32113,window_08_22pct,1,1783718128.507673
2695,1,apache_bench,45685,window_resampled_20pct,1,1783718128.508695
2696,1,apache_bench,32114,window_08_22pct,1,1783718128.508695
2697,1,apache_bench,32115,window_08_22pct,1,1783718128.509572
2698,1,apache_bench,40862,window_resampled_15pct,1,1783718128.510394
2699,1,apache_bench,32116,window_08_22pct,1,1783718128.510394
2700,1,apache_bench,32117,window_08_22pct,1,1783718128.511205
2701,1,apache_bench,45686,window_resampled_20pct,1,1783718128.511205
2702,1,apache_bench,32118,window_08_22pct,1,1783718128.512162
2703,1,apache_bench,32119,window_08_22pct,1,1783718128.512793
2704,1,apache_bench,32120,window_08_22pct,1,1783718128.513884
2705,1,apache_bench,32121,window_08_22pct,1,1783718128.514956
2706,1,apache_bench,45687,window_resampled_20pct,1,1783718128.515662
2707,1,apache_bench,32122,window_08_22pct,1,1783718128.515662
2708,1,apache_bench,32123,window_08_22pct,1,1783718128.516681
2709,1,apache_bench,45688,window_resampled_20pct,1,1783718128.517564
2710,1,apache_bench,32124,window_08_22pct,1,1783718128.517564
2711,1,apache_bench,32125,window_08_22pct,1,1783718128.518373
2712,1,apache_bench,32126,window_08_22pct,1,1783718128.519355
2713,1,apache_bench,32127,window_08_22pct,1,1783718128.520148
2714,1,apache_bench,40863,window_resampled_15pct,1,1783718128.520148
2715,1,apache_bench,32128,window_08_22pct,1,1783718128.520788
2716,1,apache_bench,45689,window_resampled_20pct,1,1783718128.520788
2717,1,apache_bench,40864,window_resampled_15pct,1,1783718128.52203
2718,1,apache_bench,32129,window_08_22pct,1,1783718128.52203
2719,1,apache_bench,32130,window_08_22pct,1,1783718128.522816
2720,1,apache_bench,45690,window_resampled_20pct,1,1783718128.522816
2721,1,apache_bench,40865,window_resampled_15pct,1,1783718128.52361
2722,1,apache_bench,32131,window_08_22pct,1,1783718128.52361
2723,1,apache_bench,40866,window_resampled_15pct,1,1783718128.52455
2724,1,apache_bench,32132,window_08_22pct,1,1783718128.52455
2725,1,apache_bench,32133,window_08_22pct,1,1783718128.525326
2726,1,apache_bench,45691,window_resampled_20pct,1,1783718128.525326
2727,1,apache_bench,32134,window_08_22pct,1,1783718128.526245
2728,1,apache_bench,45692,window_resampled_20pct,1,1783718128.526245
2729,1,apache_bench,32135,window_08_22pct,1,1783718128.527084
2730,1,apache_bench,32136,window_08_22pct,1,1783718128.527921
2731,1,apache_bench,32137,window_08_22pct,1,1783718128.528838
2732,1,apache_bench,32138,window_08_22pct,1,1783718128.529757
2733,1,apache_bench,32139,window_08_22pct,1,1783718128.530523
2734,1,apache_bench,40867,window_resampled_15pct,1,1783718128.530523
2735,1,apache_bench,32140,window_08_22pct,1,1783718128.531508
2736,1,apache_bench,40868,window_resampled_15pct,1,1783718128.532339
2737,1,apache_bench,32141,window_08_22pct,1,1783718128.532339
2738,1,apache_bench,45693,window_resampled_20pct,1,1783718128.533315
2739,1,apache_bench,32142,window_08_22pct,1,1783718128.533315
2740,1,apache_bench,32143,window_08_22pct,1,1783718128.534137
2741,1,apache_bench,32144,window_08_22pct,1,1783718128.534971
2742,1,apache_bench,45694,window_resampled_20pct,1,1783718128.535778
2743,1,apache_bench,32145,window_08_22pct,1,1783718128.535778
2744,1,apache_bench,40869,window_resampled_15pct,1,1783718128.536707
2745,1,apache_bench,32146,window_08_22pct,1,1783718128.536707
2746,1,apache_bench,45695,window_resampled_20pct,1,1783718128.5376
2747,1,apache_bench,32147,window_08_22pct,1,1783718128.5376
2748,1,apache_bench,45696,window_resampled_20pct,1,1783718128.53847
2749,1,apache_bench,32148,window_08_22pct,1,1783718128.53847
2750,1,apache_bench,32149,window_08_22pct,1,1783718128.53938
2751,1,apache_bench,32150,window_08_22pct,1,1783718128.540224
2752,1,apache_bench,40870,window_resampled_15pct,1,1783718128.540224
2753,1,apache_bench,32151,window_08_22pct,1,1783718128.541118
2754,1,apache_bench,40871,window_resampled_15pct,1,1783718128.541118
2755,1,apache_bench,32152,window_08_22pct,1,1783718128.542006
2756,1,apache_bench,32153,window_08_22pct,1,1783718128.543094
2757,1,apache_bench,45697,window_resampled_20pct,1,1783718128.543094
2758,1,apache_bench,32154,window_08_22pct,1,1783718128.543821
2759,1,apache_bench,40872,window_resampled_15pct,1,1783718128.543821
2760,1,apache_bench,40873,window_resampled_15pct,1,1783718128.544876
2761,1,apache_bench,32155,window_08_22pct,1,1783718128.544876
2762,1,apache_bench,45698,window_resampled_20pct,1,1783718128.545673
2763,1,apache_bench,32156,window_08_22pct,1,1783718128.545673
2764,1,apache_bench,32157,window_08_22pct,1,1783718128.546545
2765,1,apache_bench,32158,window_08_22pct,1,1783718128.547455
2766,1,apache_bench,32159,window_08_22pct,1,1783718128.548338
2767,1,apache_bench,32160,window_08_22pct,1,1783718128.549218
2768,1,apache_bench,32161,window_08_22pct,1,1783718128.550181
2769,1,apache_bench,32162,window_08_22pct,1,1783718128.551924
2770,1,apache_bench,32163,window_08_22pct,1,1783718128.552566
2771,1,apache_bench,32164,window_08_22pct,1,1783718128.55318
2772,1,apache_bench,32165,window_08_22pct,1,1783718128.554398
2773,1,apache_bench,45699,window_resampled_20pct,1,1783718128.555467
2774,1,apache_bench,32166,window_08_22pct,1,1783718128.555467
2775,1,apache_bench,32167,window_08_22pct,1,1783718128.556239
2776,1,apache_bench,45700,window_resampled_20pct,1,1783718128.556239
2777,1,apache_bench,32168,window_08_22pct,1,1783718128.557133
2778,1,apache_bench,32169,window_08_22pct,1,1783718128.558033
2779,1,apache_bench,32170,window_08_22pct,1,1783718128.558895
2780,1,apache_bench,32171,window_08_22pct,1,1783718128.559782
2781,1,apache_bench,32172,window_08_22pct,1,1783718128.560647
2782,1,apache_bench,32173,window_08_22pct,1,1783718128.561237
2783,1,apache_bench,45701,window_resampled_20pct,1,1783718128.561237
2784,1,apache_bench,32174,window_08_22pct,1,1783718128.562295
2785,1,apache_bench,40874,window_resampled_15pct,1,1783718128.562295
2786,1,apache_bench,32175,window_08_22pct,1,1783718128.563191
2787,1,apache_bench,40875,window_resampled_15pct,1,1783718128.563191
2788,1,apache_bench,45702,window_resampled_20pct,1,1783718128.56406
2789,1,apache_bench,32176,window_08_22pct,1,1783718128.56406
2790,1,apache_bench,32177,window_08_22pct,1,1783718128.565002
2791,1,apache_bench,32178,window_08_22pct,1,1783718128.565893
2792,1,apache_bench,45703,window_resampled_20pct,1,1783718128.566711
2793,1,apache_bench,32179,window_08_22pct,1,1783718128.566711
2794,1,apache_bench,45704,window_resampled_20pct,1,1783718128.567547
2795,1,apache_bench,32180,window_08_22pct,1,1783718128.567547
2796,1,apache_bench,40876,window_resampled_15pct,1,1783718128.568519
2797,1,apache_bench,32181,window_08_22pct,1,1783718128.568519
2798,1,apache_bench,45705,window_resampled_20pct,1,1783718128.569119
2799,1,apache_bench,32182,window_08_22pct,1,1783718128.569119
2800,1,apache_bench,45706,window_resampled_20pct,1,1783718128.570215
2801,1,apache_bench,32183,window_08_22pct,1,1783718128.570215
2802,1,apache_bench,32184,window_08_22pct,1,1783718128.571063
2803,1,apache_bench,32185,window_08_22pct,1,1783718128.572016
2804,1,apache_bench,40877,window_resampled_15pct,1,1783718128.572016
2805,1,apache_bench,32186,window_08_22pct,1,1783718128.57291
2806,1,apache_bench,45707,window_resampled_20pct,1,1783718128.573818
2807,1,apache_bench,32187,window_08_22pct,1,1783718128.573818
2808,1,apache_bench,32188,window_08_22pct,1,1783718128.574625
2809,1,apache_bench,45708,window_resampled_20pct,1,1783718128.574625
2810,1,apache_bench,45709,window_resampled_20pct,1,1783718128.57551
2811,1,apache_bench,32189,window_08_22pct,1,1783718128.57551
2812,1,apache_bench,32190,window_08_22pct,1,1783718128.57642
2813,1,apache_bench,45710,window_resampled_20pct,1,1783718128.577214
2814,1,apache_bench,32191,window_08_22pct,1,1783718128.577214
2815,1,apache_bench,32192,window_08_22pct,1,1783718128.578089
2816,1,apache_bench,45711,window_resampled_20pct,1,1783718128.578089
2817,1,apache_bench,40878,window_resampled_15pct,1,1783718128.579049
2818,1,apache_bench,32193,window_08_22pct,1,1783718128.579049
2819,1,apache_bench,32194,window_08_22pct,1,1783718128.579905
2820,1,apache_bench,32195,window_08_22pct,1,1783718128.58101
2821,1,apache_bench,45712,window_resampled_20pct,1,1783718128.58101
2822,1,apache_bench,32196,window_08_22pct,1,1783718128.58179
2823,1,apache_bench,40879,window_resampled_15pct,1,1783718128.58179
2824,1,apache_bench,32197,window_08_22pct,1,1783718128.582697
2825,1,apache_bench,32198,window_08_22pct,1,1783718128.583582
2826,1,apache_bench,32199,window_08_22pct,1,1783718128.584473
2827,1,apache_bench,32200,window_08_22pct,1,1783718128.585252
2828,1,apache_bench,45713,window_resampled_20pct,1,1783718128.586242
2829,1,apache_bench,32201,window_08_22pct,1,1783718128.586242
2830,1,apache_bench,32202,window_08_22pct,1,1783718128.587103
2831,1,apache_bench,32203,window_08_22pct,1,1783718128.587922
2832,1,apache_bench,32204,window_08_22pct,1,1783718128.588789
2833,1,apache_bench,45714,window_resampled_20pct,1,1783718128.588789
2834,1,apache_bench,32205,window_08_22pct,1,1783718128.589743
2835,1,apache_bench,32206,window_08_22pct,1,1783718128.590894
2836,1,apache_bench,32207,window_08_22pct,1,1783718128.591757
2837,1,apache_bench,45715,window_resampled_20pct,1,1783718128.592527
2838,1,apache_bench,32208,window_08_22pct,1,1783718128.592527
2839,1,apache_bench,32209,window_08_22pct,1,1783718128.593494
2840,1,apache_bench,45716,window_resampled_20pct,1,1783718128.594266
2841,1,apache_bench,32211,window_08_22pct,1,1783718128.594266
2842,1,apache_bench,45717,window_resampled_20pct,1,1783718128.595304
2843,1,apache_bench,32210,window_08_22pct,1,1783718128.595304
2844,1,apache_bench,45718,window_resampled_20pct,1,1783718128.596842
2845,1,apache_bench,32212,window_08_22pct,1,1783718128.596842
2846,1,apache_bench,32213,window_08_22pct,1,1783718128.597428
2847,1,apache_bench,32214,window_08_22pct,1,1783718128.598413
2848,1,apache_bench,32215,window_08_22pct,1,1783718128.599296
2849,1,apache_bench,32216,window_08_22pct,1,1783718128.600116
2850,1,apache_bench,45719,window_resampled_20pct,1,1783718128.600116
2851,1,apache_bench,45720,window_resampled_20pct,1,1783718128.601008
2852,1,apache_bench,32217,window_08_22pct,1,1783718128.601008
2853,1,apache_bench,32218,window_08_22pct,1,1783718128.601851
2854,1,apache_bench,45721,window_resampled_20pct,1,1783718128.602691
2855,1,apache_bench,32219,window_08_22pct,1,1783718128.602691
2856,1,apache_bench,32220,window_08_22pct,1,1783718128.603528
2857,1,apache_bench,40880,window_resampled_15pct,1,1783718128.604509
2858,1,apache_bench,32221,window_08_22pct,1,1783718128.604509
2859,1,apache_bench,32222,window_08_22pct,1,1783718128.605584
2860,1,apache_bench,32223,window_08_22pct,1,1783718128.606295
2861,1,apache_bench,45722,window_resampled_20pct,1,1783718128.606295
2862,1,apache_bench,32224,window_08_22pct,1,1783718128.607213
2863,1,apache_bench,32226,window_08_22pct,1,1783718128.608097
2864,1,apache_bench,45723,window_resampled_20pct,1,1783718128.608097
2865,1,apache_bench,40881,window_resampled_15pct,1,1783718128.608966
2866,1,apache_bench,32225,window_08_22pct,1,1783718128.608966
2867,1,apache_bench,45724,window_resampled_20pct,1,1783718128.609663
2868,1,apache_bench,32227,window_08_22pct,1,1783718128.609663
2869,1,apache_bench,40882,window_resampled_15pct,1,1783718128.610733
2870,1,apache_bench,32228,window_08_22pct,1,1783718128.610733
2871,1,apache_bench,32229,window_08_22pct,1,1783718128.611615
2872,1,apache_bench,32230,window_08_22pct,1,1783718128.612623
2873,1,apache_bench,45725,window_resampled_20pct,1,1783718128.612623
2874,1,apache_bench,32231,window_08_22pct,1,1783718128.61329
2875,1,apache_bench,45726,window_resampled_20pct,1,1783718128.61329
2876,1,apache_bench,45727,window_resampled_20pct,1,1783718128.61429
2877,1,apache_bench,32233,window_08_22pct,1,1783718128.61429
2878,1,apache_bench,32232,window_08_22pct,1,1783718128.615144
2879,1,apache_bench,32234,window_08_22pct,1,1783718128.616067
2880,1,apache_bench,45728,window_resampled_20pct,1,1783718128.616067
2881,1,apache_bench,32235,window_08_22pct,1,1783718128.616674
2882,1,apache_bench,40883,window_resampled_15pct,1,1783718128.616674
2883,1,apache_bench,32236,window_08_22pct,1,1783718128.61772
2884,1,apache_bench,32237,window_08_22pct,1,1783718128.618532
2885,1,apache_bench,32238,window_08_22pct,1,1783718128.619596
2886,1,apache_bench,32239,window_08_22pct,1,1783718128.620499
2887,1,apache_bench,40884,window_resampled_15pct,1,1783718128.620499
2888,1,apache_bench,32240,window_08_22pct,1,1783718128.621385
2889,1,apache_bench,32241,window_08_22pct,1,1783718128.6223
2890,1,apache_bench,32242,window_08_22pct,1,1783718128.623153
2891,1,apache_bench,40885,window_resampled_15pct,1,1783718128.623153
2892,1,apache_bench,32243,window_08_22pct,1,1783718128.624003
2893,1,apache_bench,32244,window_08_22pct,1,1783718128.624547
2894,1,apache_bench,32245,window_08_22pct,1,1783718128.625673
2895,1,apache_bench,32246,window_08_22pct,1,1783718128.626564
2896,1,apache_bench,32247,window_08_22pct,1,1783718128.627392
2897,1,apache_bench,45729,window_resampled_20pct,1,1783718128.627392
2898,1,apache_bench,32248,window_08_22pct,1,1783718128.628325
2899,1,apache_bench,32249,window_08_22pct,1,1783718128.629083
2900,1,apache_bench,32250,window_08_22pct,1,1783718128.629919
2901,1,apache_bench,40886,window_resampled_15pct,1,1783718128.630749
2902,1,apache_bench,32251,window_08_22pct,1,1783718128.630749
2903,1,apache_bench,45730,window_resampled_20pct,1,1783718128.631785
2904,1,apache_bench,32252,window_08_22pct,1,1783718128.631785
2905,1,apache_bench,34369,window_08_22pct,1,1783719129.111514
2906,1,apache_bench,41237,window_resampled_15pct,1,1783719129.111514
2907,1,apache_bench,34370,window_08_22pct,1,1783719129.112494
2908,1,apache_bench,34371,window_08_22pct,1,1783719129.11332
2909,1,apache_bench,34372,window_08_22pct,1,1783719129.114584
2910,1,apache_bench,46085,window_resampled_20pct,1,1783719129.114584
2911,1,apache_bench,34373,window_08_22pct,1,1783719129.115858
2912,1,apache_bench,41238,window_resampled_15pct,1,1783719129.116687
2913,1,apache_bench,34374,window_08_22pct,1,1783719129.116687
2914,1,apache_bench,41239,window_resampled_15pct,1,1783719129.117706
2915,1,apache_bench,34375,window_08_22pct,1,1783719129.117706
2916,1,apache_bench,34376,window_08_22pct,1,1783719129.118766
2917,1,apache_bench,34377,window_08_22pct,1,1783719129.11983
2918,1,apache_bench,34378,window_08_22pct,1,1783719129.120819
2919,1,apache_bench,46086,window_resampled_20pct,1,1783719129.121869
2920,1,apache_bench,34379,window_08_22pct,1,1783719129.121869
2921,1,apache_bench,34380,window_08_22pct,1,1783719129.122818
2922,1,apache_bench,34381,window_08_22pct,1,1783719129.123809
2923,1,apache_bench,34382,window_08_22pct,1,1783719129.124979
2924,1,apache_bench,41240,window_resampled_15pct,1,1783719129.126239
2925,1,apache_bench,34383,window_08_22pct,1,1783719129.126239
2926,1,apache_bench,34384,window_08_22pct,1,1783719129.127233
2927,1,apache_bench,46087,window_resampled_20pct,1,1783719129.127233
2928,1,apache_bench,46088,window_resampled_20pct,1,1783719129.128266
2929,1,apache_bench,34385,window_08_22pct,1,1783719129.128266
2930,1,apache_bench,34386,window_08_22pct,1,1783719129.129205
2931,1,apache_bench,46089,window_resampled_20pct,1,1783719129.130216
2932,1,apache_bench,34387,window_08_22pct,1,1783719129.130216
2933,1,apache_bench,34388,window_08_22pct,1,1783719129.131156
2934,1,apache_bench,34389,window_08_22pct,1,1783719129.132152
2935,1,apache_bench,41241,window_resampled_15pct,1,1783719129.132152
2936,1,apache_bench,41242,window_resampled_15pct,1,1783719129.133263
2937,1,apache_bench,34390,window_08_22pct,1,1783719129.133263
2938,1,apache_bench,34391,window_08_22pct,1,1783719129.134189
2939,1,apache_bench,34392,window_08_22pct,1,1783719129.135196
2940,1,apache_bench,34393,window_08_22pct,1,1783719129.136409
2941,1,apache_bench,34394,window_08_22pct,1,1783719129.137296
2942,1,apache_bench,34395,window_08_22pct,1,1783719129.13846
2943,1,apache_bench,46090,window_resampled_20pct,1,1783719129.13846
2944,1,apache_bench,34396,window_08_22pct,1,1783719129.139337
2945,1,apache_bench,34397,window_08_22pct,1,1783719129.140505
2946,1,apache_bench,46091,window_resampled_20pct,1,1783719129.140505
2947,1,apache_bench,34398,window_08_22pct,1,1783719129.1413
2948,1,apache_bench,41243,window_resampled_15pct,1,1783719129.142235
2949,1,apache_bench,34399,window_08_22pct,1,1783719129.142235
2950,1,apache_bench,34400,window_08_22pct,1,1783719129.143304
2951,1,apache_bench,34401,window_08_22pct,1,1783719129.144264
2952,1,apache_bench,34402,window_08_22pct,1,1783719129.145157
2953,1,apache_bench,46092,window_resampled_20pct,1,1783719129.145157
2954,1,apache_bench,34403,window_08_22pct,1,1783719129.146113
2955,1,apache_bench,34404,window_08_22pct,1,1783719129.147027
2956,1,apache_bench,34405,window_08_22pct,1,1783719129.148282
2957,1,apache_bench,46093,window_resampled_20pct,1,1783719129.148282
2958,1,apache_bench,34406,window_08_22pct,1,1783719129.148973
2959,1,apache_bench,41244,window_resampled_15pct,1,1783719129.148973
2960,1,apache_bench,34407,window_08_22pct,1,1783719129.149768
2961,1,apache_bench,34408,window_08_22pct,1,1783719129.150591
2962,1,apache_bench,34409,window_08_22pct,1,1783719129.151446
2963,1,apache_bench,46094,window_resampled_20pct,1,1783719129.151446
2964,1,apache_bench,41245,window_resampled_15pct,1,1783719129.15232
2965,1,apache_bench,34410,window_08_22pct,1,1783719129.15232
2966,1,apache_bench,34411,window_08_22pct,1,1783719129.15315
2967,1,apache_bench,46095,window_resampled_20pct,1,1783719129.154064
2968,1,apache_bench,34412,window_08_22pct,1,1783719129.154064
2969,1,apache_bench,34413,window_08_22pct,1,1783719129.155024
2970,1,apache_bench,34414,window_08_22pct,1,1783719129.156
2971,1,apache_bench,46096,window_resampled_20pct,1,1783719129.156
2972,1,apache_bench,34415,window_08_22pct,1,1783719129.15686
2973,1,apache_bench,41246,window_resampled_15pct,1,1783719129.15686
2974,1,apache_bench,34416,window_08_22pct,1,1783719129.157468
2975,1,apache_bench,34417,window_08_22pct,1,1783719129.158739
2976,1,apache_bench,34418,window_08_22pct,1,1783719129.160485
2977,1,apache_bench,46097,window_resampled_20pct,1,1783719129.160485
2978,1,apache_bench,34419,window_08_22pct,1,1783719129.161177
2979,1,apache_bench,46098,window_resampled_20pct,1,1783719129.161177
2980,1,apache_bench,34420,window_08_22pct,1,1783719129.161779
2981,1,apache_bench,34421,window_08_22pct,1,1783719129.162926
2982,1,apache_bench,46099,window_resampled_20pct,1,1783719129.162926
2983,1,apache_bench,34422,window_08_22pct,1,1783719129.163744
2984,1,apache_bench,34423,window_08_22pct,1,1783719129.164774
2985,1,apache_bench,46100,window_resampled_20pct,1,1783719129.164774
2986,1,apache_bench,34424,window_08_22pct,1,1783719129.165558
2987,1,apache_bench,34425,window_08_22pct,1,1783719129.166694
2988,1,apache_bench,41247,window_resampled_15pct,1,1783719129.166694
2989,1,apache_bench,34426,window_08_22pct,1,1783719129.167676
2990,1,apache_bench,34427,window_08_22pct,1,1783719129.16857
2991,1,apache_bench,41248,window_resampled_15pct,1,1783719129.16857
2992,1,apache_bench,34428,window_08_22pct,1,1783719129.169254
2993,1,apache_bench,34429,window_08_22pct,1,1783719129.170297
2994,1,apache_bench,41249,window_resampled_15pct,1,1783719129.171182
2995,1,apache_bench,34430,window_08_22pct,1,1783719129.171182
2996,1,apache_bench,34431,window_08_22pct,1,1783719129.172109
2997,1,apache_bench,41250,window_resampled_15pct,1,1783719129.172937
2998,1,apache_bench,34432,window_08_22pct,1,1783719129.172937
2999,1,apache_bench,46101,window_resampled_20pct,1,1783719129.173824
3000,1,apache_bench,34433,window_08_22pct,1,1783719129.173824
3001,1,apache_bench,34434,window_08_22pct,1,1783719129.174669
3002,1,apache_bench,34435,window_08_22pct,1,1783719129.175606
3003,1,apache_bench,34436,window_08_22pct,1,1783719129.176497
3004,1,apache_bench,41251,window_resampled_15pct,1,1783719129.176497
3005,1,apache_bench,34437,window_08_22pct,1,1783719129.177239
3006,1,apache_bench,34438,window_08_22pct,1,1783719129.178286
3007,1,apache_bench,46102,window_resampled_20pct,1,1783719129.17922
3008,1,apache_bench,34439,window_08_22pct,1,1783719129.17922
3009,1,apache_bench,41252,window_resampled_15pct,1,1783719129.180071
3010,1,apache_bench,34440,window_08_22pct,1,1783719129.180071
3011,1,apache_bench,34441,window_08_22pct,1,1783719129.180932
3012,1,apache_bench,34442,window_08_22pct,1,1783719129.181823
3013,1,apache_bench,34443,window_08_22pct,1,1783719129.182612
3014,1,apache_bench,46103,window_resampled_20pct,1,1783719129.182612
3015,1,apache_bench,34444,window_08_22pct,1,1783719129.183516
3016,1,apache_bench,46104,window_resampled_20pct,1,1783719129.183516
3017,1,apache_bench,34445,window_08_22pct,1,1783719129.184415
3018,1,apache_bench,34446,window_08_22pct,1,1783719129.18539
3019,1,apache_bench,41253,window_resampled_15pct,1,1783719129.18539
3020,1,apache_bench,34447,window_08_22pct,1,1783719129.186324
3021,1,apache_bench,34448,window_08_22pct,1,1783719129.187328
3022,1,apache_bench,46105,window_resampled_20pct,1,1783719129.188294
3023,1,apache_bench,34449,window_08_22pct,1,1783719129.188294
3024,1,apache_bench,46106,window_resampled_20pct,1,1783719129.189212
3025,1,apache_bench,34450,window_08_22pct,1,1783719129.189212
3026,1,apache_bench,46107,window_resampled_20pct,1,1783719129.190001
3027,1,apache_bench,34451,window_08_22pct,1,1783719129.190001
3028,1,apache_bench,34452,window_08_22pct,1,1783719129.191075
3029,1,apache_bench,46108,window_resampled_20pct,1,1783719129.191075
3030,1,apache_bench,34453,window_08_22pct,1,1783719129.191997
3031,1,apache_bench,34454,window_08_22pct,1,1783719129.192826
3032,1,apache_bench,41254,window_resampled_15pct,1,1783719129.192826
3033,1,apache_bench,46109,window_resampled_20pct,1,1783719129.19371
3034,1,apache_bench,34455,window_08_22pct,1,1783719129.19371
3035,1,apache_bench,34456,window_08_22pct,1,1783719129.194576
3036,1,apache_bench,34457,window_08_22pct,1,1783719129.195649
3037,1,apache_bench,46110,window_resampled_20pct,1,1783719129.195649
3038,1,apache_bench,41255,window_resampled_15pct,1,1783719129.196447
3039,1,apache_bench,34458,window_08_22pct,1,1783719129.196447
3040,1,apache_bench,34459,window_08_22pct,1,1783719129.197358
3041,1,apache_bench,41256,window_resampled_15pct,1,1783719129.197358
3042,1,apache_bench,34460,window_08_22pct,1,1783719129.19826
3043,1,apache_bench,46111,window_resampled_20pct,1,1783719129.19826
3044,1,apache_bench,34461,window_08_22pct,1,1783719129.199233
3045,1,apache_bench,46112,window_resampled_20pct,1,1783719129.199233
3046,1,apache_bench,41257,window_resampled_15pct,1,1783719129.20013
3047,1,apache_bench,34462,window_08_22pct,1,1783719129.20013
3048,1,apache_bench,34463,window_08_22pct,1,1783719129.20102
3049,1,apache_bench,46113,window_resampled_20pct,1,1783719129.20102
3050,1,apache_bench,34464,window_08_22pct,1,1783719129.202139
3051,1,apache_bench,34465,window_08_22pct,1,1783719129.202953
3052,1,apache_bench,34466,window_08_22pct,1,1783719129.20385
3053,1,apache_bench,34467,window_08_22pct,1,1783719129.204803
3054,1,apache_bench,41258,window_resampled_15pct,1,1783719129.204803
3055,1,apache_bench,34468,window_08_22pct,1,1783719129.206364
3056,1,apache_bench,46114,window_resampled_20pct,1,1783719129.207172
3057,1,apache_bench,34469,window_08_22pct,1,1783719129.207172
3058,1,apache_bench,46115,window_resampled_20pct,1,1783719129.207918
3059,1,apache_bench,34470,window_08_22pct,1,1783719129.207918
3060,1,apache_bench,34471,window_08_22pct,1,1783719129.20878
3061,1,apache_bench,46116,window_resampled_20pct,1,1783719129.20878
3062,1,apache_bench,46117,window_resampled_20pct,1,1783719129.209665
3063,1,apache_bench,34472,window_08_22pct,1,1783719129.209665
3064,1,apache_bench,34473,window_08_22pct,1,1783719129.210465
3065,1,apache_bench,41259,window_resampled_15pct,1,1783719129.210465
3066,1,apache_bench,34474,window_08_22pct,1,1783719129.211274
3067,1,apache_bench,46118,window_resampled_20pct,1,1783719129.212342
3068,1,apache_bench,34475,window_08_22pct,1,1783719129.212342
3069,1,apache_bench,34476,window_08_22pct,1,1783719129.213156
3070,1,apache_bench,41260,window_resampled_15pct,1,1783719129.213156
3071,1,apache_bench,41261,window_resampled_15pct,1,1783719129.213942
3072,1,apache_bench,34477,window_08_22pct,1,1783719129.213942
3073,1,apache_bench,46119,window_resampled_20pct,1,1783719129.214755
3074,1,apache_bench,34478,window_08_22pct,1,1783719129.214755
3075,1,apache_bench,34479,window_08_22pct,1,1783719129.215707
3076,1,apache_bench,41262,window_resampled_15pct,1,1783719129.215707
3077,1,apache_bench,34480,window_08_22pct,1,1783719129.216593
3078,1,apache_bench,34481,window_08_22pct,1,1783719129.21717
3079,1,apache_bench,41263,window_resampled_15pct,1,1783719129.218256
3080,1,apache_bench,34482,window_08_22pct,1,1783719129.218256
3081,1,apache_bench,46120,window_resampled_20pct,1,1783719129.219225
3082,1,apache_bench,34483,window_08_22pct,1,1783719129.219225
3083,1,apache_bench,34484,window_08_22pct,1,1783719129.220063
3084,1,apache_bench,41264,window_resampled_15pct,1,1783719129.220063
3085,1,apache_bench,34485,window_08_22pct,1,1783719129.220925
3086,1,apache_bench,34486,window_08_22pct,1,1783719129.221891
3087,1,apache_bench,34487,window_08_22pct,1,1783719129.222693
3088,1,apache_bench,46121,window_resampled_20pct,1,1783719129.222693
3089,1,apache_bench,34488,window_08_22pct,1,1783719129.223719
3090,1,apache_bench,46122,window_resampled_20pct,1,1783719129.223719
3091,1,apache_bench,34489,window_08_22pct,1,1783719129.224683
3092,1,apache_bench,41265,window_resampled_15pct,1,1783719129.224683
3093,1,apache_bench,34490,window_08_22pct,1,1783719129.225302
3094,1,apache_bench,34491,window_08_22pct,1,1783719129.226409
3095,1,apache_bench,46123,window_resampled_20pct,1,1783719129.227285
3096,1,apache_bench,34492,window_08_22pct,1,1783719129.227285
3097,1,apache_bench,34493,window_08_22pct,1,1783719129.228161
3098,1,apache_bench,46124,window_resampled_20pct,1,1783719129.228161
3099,1,apache_bench,34494,window_08_22pct,1,1783719129.229184
3100,1,apache_bench,46125,window_resampled_20pct,1,1783719129.229184
3101,1,apache_bench,34495,window_08_22pct,1,1783719129.230012
3102,1,apache_bench,41266,window_resampled_15pct,1,1783719129.230012
3103,1,apache_bench,46126,window_resampled_20pct,1,1783719129.23093
3104,1,apache_bench,34496,window_08_22pct,1,1783719129.23093
3105,1,apache_bench,34497,window_08_22pct,1,1783719129.231788
3106,1,apache_bench,46127,window_resampled_20pct,1,1783719129.232615
3107,1,apache_bench,34498,window_08_22pct,1,1783719129.232615
3108,1,apache_bench,34499,window_08_22pct,1,1783719129.233224
3109,1,apache_bench,34500,window_08_22pct,1,1783719129.234316
3110,1,apache_bench,46128,window_resampled_20pct,1,1783719129.234316
3111,1,apache_bench,46129,window_resampled_20pct,1,1783719129.235331
3112,1,apache_bench,34501,window_08_22pct,1,1783719129.235331
3113,1,apache_bench,34502,window_08_22pct,1,1783719129.23616
3114,1,apache_bench,41267,window_resampled_15pct,1,1783719129.236942
3115,1,apache_bench,34503,window_08_22pct,1,1783719129.236942
3116,1,apache_bench,34504,window_08_22pct,1,1783719129.237808
3117,1,apache_bench,34505,window_08_22pct,1,1783719129.238742
3118,1,apache_bench,34506,window_08_22pct,1,1783719129.239787
3119,1,apache_bench,34507,window_08_22pct,1,1783719129.240557
3120,1,apache_bench,46130,window_resampled_20pct,1,1783719129.240557
3121,1,apache_bench,34508,window_08_22pct,1,1783719129.241462
3122,1,apache_bench,46131,window_resampled_20pct,1,1783719129.242315
3123,1,apache_bench,34509,window_08_22pct,1,1783719129.242315
3124,1,apache_bench,34510,window_08_22pct,1,1783719129.243216
3125,1,apache_bench,34511,window_08_22pct,1,1783719129.244154
3126,1,apache_bench,41268,window_resampled_15pct,1,1783719129.244154
3127,1,apache_bench,41269,window_resampled_15pct,1,1783719129.245022
3128,1,apache_bench,34512,window_08_22pct,1,1783719129.245022
3129,1,apache_bench,34513,window_08_22pct,1,1783719129.245895
3130,1,apache_bench,34514,window_08_22pct,1,1783719129.24672
3131,1,apache_bench,46132,window_resampled_20pct,1,1783719129.24672
3132,1,apache_bench,34515,window_08_22pct,1,1783719129.247673
3133,1,apache_bench,41270,window_resampled_15pct,1,1783719129.2486
3134,1,apache_bench,34516,window_08_22pct,1,1783719129.2486
3135,1,apache_bench,34517,window_08_22pct,1,1783719129.249404
3136,1,apache_bench,41271,window_resampled_15pct,1,1783719129.250914
3137,1,apache_bench,34518,window_08_22pct,1,1783719129.250914
3138,1,apache_bench,34519,window_08_22pct,1,1783719129.251518
3139,1,apache_bench,34520,window_08_22pct,1,1783719129.25255
3140,1,apache_bench,41272,window_resampled_15pct,1,1783719129.25347
3141,1,apache_bench,34521,window_08_22pct,1,1783719129.25347
3142,1,apache_bench,46133,window_resampled_20pct,1,1783719129.254286
3143,1,apache_bench,34522,window_08_22pct,1,1783719129.254286
3144,1,apache_bench,34523,window_08_22pct,1,1783719129.255111
3145,1,apache_bench,46134,window_resampled_20pct,1,1783719129.255965
3146,1,apache_bench,34524,window_08_22pct,1,1783719129.255965
3147,1,apache_bench,34526,window_08_22pct,1,1783719129.256984
3148,1,apache_bench,34525,window_08_22pct,1,1783719129.257921
3149,1,apache_bench,41273,window_resampled_15pct,1,1783719129.258764
3150,1,apache_bench,34527,window_08_22pct,1,1783719129.258764
3151,1,apache_bench,34528,window_08_22pct,1,1783719129.259608
3152,1,apache_bench,46135,window_resampled_20pct,1,1783719129.259608
3153,1,apache_bench,34530,window_08_22pct,1,1783719129.260424
3154,1,apache_bench,34529,window_08_22pct,1,1783719129.261268
3155,1,apache_bench,46136,window_resampled_20pct,1,1783719129.261268
3156,1,apache_bench,34531,window_08_22pct,1,1783719129.26209
3157,1,apache_bench,34532,window_08_22pct,1,1783719129.262969
3158,1,apache_bench,34533,window_08_22pct,1,1783719129.263797
3159,1,apache_bench,41274,window_resampled_15pct,1,1783719129.263797
3160,1,apache_bench,34535,window_08_22pct,1,1783719129.264734
3161,1,apache_bench,46137,window_resampled_20pct,1,1783719129.264734
3162,1,apache_bench,34534,window_08_22pct,1,1783719129.265613
3163,1,apache_bench,41275,window_resampled_15pct,1,1783719129.26646
3164,1,apache_bench,34536,window_08_22pct,1,1783719129.26646
3165,1,apache_bench,34537,window_08_22pct,1,1783719129.267395
3166,1,apache_bench,46138,window_resampled_20pct,1,1783719129.268423
3167,1,apache_bench,34538,window_08_22pct,1,1783719129.268423
3168,1,apache_bench,34539,window_08_22pct,1,1783719129.269312
3169,1,apache_bench,34540,window_08_22pct,1,1783719129.270133
3170,1,apache_bench,41276,window_resampled_15pct,1,1783719129.270133
3171,1,apache_bench,34541,window_08_22pct,1,1783719129.271098
3172,1,apache_bench,34542,window_08_22pct,1,1783719129.271949
3173,1,apache_bench,34543,window_08_22pct,1,1783719129.272887
3174,1,apache_bench,34544,window_08_22pct,1,1783719129.27358
3175,1,apache_bench,41277,window_resampled_15pct,1,1783719129.274618
3176,1,apache_bench,34545,window_08_22pct,1,1783719129.274618
3177,1,apache_bench,34546,window_08_22pct,1,1783719129.275527
3178,1,apache_bench,34547,window_08_22pct,1,1783719129.276448
3179,1,apache_bench,41278,window_resampled_15pct,1,1783719129.276448
3180,1,apache_bench,46139,window_resampled_20pct,1,1783719129.277406
3181,1,apache_bench,34548,window_08_22pct,1,1783719129.277406
3182,1,apache_bench,34549,window_08_22pct,1,1783719129.278226
3183,1,apache_bench,46140,window_resampled_20pct,1,1783719129.278226
3184,1,apache_bench,34550,window_08_22pct,1,1783719129.279178
3185,1,apache_bench,34551,window_08_22pct,1,1783719129.280088
3186,1,apache_bench,34552,window_08_22pct,1,1783719129.281034
3187,1,apache_bench,34553,window_08_22pct,1,1783719129.281802
3188,1,apache_bench,34554,window_08_22pct,1,1783719129.282704
3189,1,apache_bench,34555,window_08_22pct,1,1783719129.283596
3190,1,apache_bench,34556,window_08_22pct,1,1783719129.28451
3191,1,apache_bench,34557,window_08_22pct,1,1783719129.285128
3192,2,benign,9390,window_04_7pct,0,1783702982.712495
3193,2,benign,42984,window_resampled_20pct,0,1783702982.712495
3194,2,benign,42985,window_resampled_20pct,0,1783702983.511994
3195,2,benign,9298,window_04_7pct,0,1783702983.511994
3196,2,benign,9262,window_04_7pct,0,1783702986.847118
3197,2,benign,9474,window_04_7pct,0,1783702989.160447
3198,2,benign,9277,window_04_7pct,0,1783702999.198853
3199,2,benign,42992,window_resampled_20pct,0,1783703007.531769
3200,2,benign,9311,window_04_7pct,0,1783703007.531769
3201,2,benign,9310,window_04_7pct,0,1783703007.59398
3202,2,benign,9309,window_04_7pct,0,1783703007.595232
3203,2,benign,38122,window_resampled_15pct,0,1783703015.1433
3204,2,benign,9283,window_04_7pct,0,1783703015.1433
3205,2,benign,9294,window_04_7pct,0,1783703018.129869
3206,2,benign,9308,window_04_7pct,0,1783703023.188157
3207,2,benign,38125,window_resampled_15pct,0,1783703023.190291
3208,2,benign,9305,window_04_7pct,0,1783703023.190291
3209,2,benign,9469,window_04_7pct,0,1783703023.735851
3210,2,benign,9327,window_04_7pct,0,1783703024.885671
3211,2,benign,9421,window_04_7pct,0,1783703025.345316
3212,2,benign,42993,window_resampled_20pct,0,1783703025.345316
3213,2,benign,9373,window_04_7pct,0,1783703041.506088
3214,2,benign,9433,window_04_7pct,0,1783703041.676204
3215,2,benign,9388,window_04_7pct,0,1783703044.764378
3216,2,benign,9384,window_04_7pct,0,1783703044.766396
3217,2,benign,42999,window_resampled_20pct,0,1783703044.766396
3218,2,benign,9528,window_04_7pct,0,1783703058.379679
3219,2,benign,38133,window_resampled_15pct,0,1783703058.379679
3220,2,benign,43003,window_resampled_20pct,0,1783703058.379891
3221,2,benign,9527,window_04_7pct,0,1783703058.379891
3222,2,benign,9402,window_04_7pct,0,1783703065.926807
3223,2,benign,9478,window_04_7pct,0,1783703068.107143
3224,2,benign,9461,window_04_7pct,0,1783703068.161342
3225,2,benign,9462,window_04_7pct,0,1783703068.161517
3226,2,benign,38137,window_resampled_15pct,0,1783703068.161517
3227,2,benign,9431,window_04_7pct,0,1783703069.766
3228,2,benign,9430,window_04_7pct,0,1783703069.766081
3229,2,benign,9427,window_04_7pct,0,1783703069.767933
3230,2,benign,9698,window_04_7pct,0,1783703079.004423
3231,2,benign,9451,window_04_7pct,0,1783703083.460612
3232,2,benign,38143,window_resampled_15pct,0,1783703083.460787
3233,2,benign,9452,window_04_7pct,0,1783703083.460787
3234,2,benign,38144,window_resampled_15pct,0,1783703083.48889
3235,2,benign,9820,window_04_7pct,0,1783703083.48889
3236,2,benign,38146,window_resampled_15pct,0,1783703084.003385
3237,2,benign,9500,window_04_7pct,0,1783703084.003385
3238,2,benign,43007,window_resampled_20pct,0,1783703086.653546
3239,2,benign,9494,window_04_7pct,0,1783703086.653546
3240,2,benign,9485,window_04_7pct,0,1783703090.494985
3241,2,benign,9818,window_04_7pct,0,1783703104.392115
3242,2,benign,10088,window_04_7pct,0,1783703104.657871
3243,2,benign,10089,window_04_7pct,0,1783703104.669638
3244,2,benign,38149,window_resampled_15pct,0,1783703113.555431
3245,2,benign,9544,window_04_7pct,0,1783703113.555431
3246,2,benign,9543,window_04_7pct,0,1783703113.557095
3247,2,benign,43012,window_resampled_20pct,0,1783703120.018243
3248,2,benign,9551,window_04_7pct,0,1783703120.018243
3249,2,benign,9552,window_04_7pct,0,1783703120.019004
3250,2,benign,9547,window_04_7pct,0,1783703120.019141
3251,2,benign,9554,window_04_7pct,0,1783703123.908936
3252,2,benign,9558,window_04_7pct,0,1783703123.90921
3253,2,benign,9555,window_04_7pct,0,1783703123.909341
3254,2,benign,9700,window_04_7pct,0,1783703127.290001
3255,2,benign,9752,window_04_7pct,0,1783703127.839474
3256,2,benign,38152,window_resampled_15pct,0,1783703127.839474
3257,2,benign,9753,window_04_7pct,0,1783703127.839528
3258,2,benign,9754,window_04_7pct,0,1783703127.839645
3259,2,benign,9565,window_04_7pct,0,1783703127.994887
3260,2,benign,9566,window_04_7pct,0,1783703128.015172
3261,2,benign,9564,window_04_7pct,0,1783703128.015271
3262,2,benign,9677,window_04_7pct,0,1783703132.026714
3263,2,benign,9722,window_04_7pct,0,1783703132.538922
3264,2,benign,38189,window_resampled_15pct,0,1783703132.636923
3265,2,benign,9689,window_04_7pct,0,1783703132.636923
3266,2,benign,9687,window_04_7pct,0,1783703132.639834
3267,2,benign,43067,window_resampled_20pct,0,1783703132.639834
3268,2,benign,9838,window_04_7pct,0,1783703133.938163
3269,2,benign,9704,window_04_7pct,0,1783703139.624683
3270,2,benign,38194,window_resampled_15pct,0,1783703139.624683
3271,2,benign,9710,window_04_7pct,0,1783703141.894202
3272,2,benign,9732,window_04_7pct,0,1783703141.979741
3273,2,benign,43072,window_resampled_20pct,0,1783703141.979741
3274,2,benign,9941,window_04_7pct,0,1783703142.365128
3275,2,benign,43073,window_resampled_20pct,0,1783703142.365128
3276,2,benign,9914,window_04_7pct,0,1783703151.375635
3277,2,benign,38202,window_resampled_15pct,0,1783703151.375635
3278,2,benign,38204,window_resampled_15pct,0,1783703165.061115
3279,2,benign,9987,window_04_7pct,0,1783703165.061115
3280,2,benign,9832,window_04_7pct,0,1783703182.424325
3281,2,benign,10022,window_04_7pct,0,1783703188.703794
3282,2,benign,9928,window_04_7pct,0,1783703190.476554
3283,2,benign,9929,window_04_7pct,0,1783703190.477154
3284,2,benign,9931,window_04_7pct,0,1783703190.477717
3285,2,benign,9862,window_04_7pct,0,1783703195.301048
3286,2,benign,9863,window_04_7pct,0,1783703195.301208
3287,2,benign,9854,window_04_7pct,0,1783703197.529321
3288,2,benign,9907,window_04_7pct,0,1783703200.942807
3289,2,benign,9908,window_04_7pct,0,1783703200.942992
3290,2,benign,38209,window_resampled_15pct,0,1783703200.942992
3291,2,benign,43084,window_resampled_20pct,0,1783703200.943169
3292,2,benign,9904,window_04_7pct,0,1783703200.943169
3293,2,benign,9994,window_04_7pct,0,1783703206.290125
3294,2,benign,10012,window_04_7pct,0,1783703208.978529
3295,2,benign,9883,window_04_7pct,0,1783703212.704184
3296,2,benign,9884,window_04_7pct,0,1783703212.706038
3297,2,benign,9879,window_04_7pct,0,1783703212.707569
3298,2,benign,43090,window_resampled_20pct,0,1783703212.709864
3299,2,benign,9880,window_04_7pct,0,1783703212.709864
3300,2,benign,9894,window_04_7pct,0,1783703222.994561
3301,2,benign,38215,window_resampled_15pct,0,1783703222.994561
3302,2,benign,9892,window_04_7pct,0,1783703222.995837
3303,2,benign,9893,window_04_7pct,0,1783703222.995996
3304,2,benign,9900,window_04_7pct,0,1783703223.884818
3305,2,benign,9897,window_04_7pct,0,1783703223.886087
3306,2,benign,38216,window_resampled_15pct,0,1783703223.886087
3307,2,benign,9899,window_04_7pct,0,1783703223.88616
3308,2,benign,9915,window_04_7pct,0,1783703233.874157
3309,2,benign,38217,window_resampled_15pct,0,1783703233.876585
3310,2,benign,9916,window_04_7pct,0,1783703233.876585
3311,2,benign,9918,window_04_7pct,0,1783703233.87674
3312,2,benign,10033,window_04_7pct,0,1783703238.653475
3313,2,benign,10043,window_04_7pct,0,1783703239.330325
3314,2,benign,10041,window_04_7pct,0,1783703239.335323
3315,2,benign,10044,window_04_7pct,0,1783703239.336802
3316,2,benign,9945,window_04_7pct,0,1783703240.299686
3317,2,benign,9948,window_04_7pct,0,1783703240.301342
3318,2,benign,43097,window_resampled_20pct,0,1783703241.86421
3319,2,benign,9957,window_04_7pct,0,1783703241.86421
3320,2,benign,9958,window_04_7pct,0,1783703241.866483
3321,2,benign,9964,window_04_7pct,0,1783703250.745438
3322,2,benign,9963,window_04_7pct,0,1783703250.747002
3323,2,benign,10037,window_04_7pct,0,1783703254.008842
3324,2,benign,10038,window_04_7pct,0,1783703254.009224
3325,2,benign,9968,window_04_7pct,0,1783703262.984403
3326,2,benign,10137,window_04_7pct,0,1783703267.431168
3327,2,benign,10071,window_04_7pct,0,1783703268.194372
3328,2,benign,10073,window_04_7pct,0,1783703268.215016
3329,2,benign,10070,window_04_7pct,0,1783703268.21656
3330,2,benign,10121,window_04_7pct,0,1783703277.495034
3331,2,benign,10096,window_04_7pct,0,1783703279.380862
3332,2,benign,10080,window_04_7pct,0,1783703285.936524
3333,2,benign,10066,window_04_7pct,0,1783703288.856047
3334,2,benign,10171,window_04_7pct,0,1783703290.672498
3335,2,benign,10172,window_04_7pct,0,1783703290.673255
3336,2,benign,10052,window_04_7pct,0,1783703292.72037
3337,2,benign,10054,window_04_7pct,0,1783703292.746539
3338,2,benign,38238,window_resampled_15pct,0,1783703292.746539
3339,2,benign,10061,window_04_7pct,0,1783703297.595351
3340,2,benign,43114,window_resampled_20pct,0,1783703297.595351
3341,2,benign,10069,window_04_7pct,0,1783703299.030267
3342,2,benign,10177,window_04_7pct,0,1783703300.138867
3343,2,benign,10185,window_04_7pct,0,1783703301.133558
3344,2,benign,10182,window_04_7pct,0,1783703301.139892
3345,2,benign,10312,window_04_7pct,0,1783703302.548693
3346,2,benign,10113,window_04_7pct,0,1783703308.31735
3347,2,benign,10114,window_04_7pct,0,1783703308.317551
3348,2,benign,10213,window_04_7pct,0,1783703310.138559
3349,2,benign,10216,window_04_7pct,0,1783703310.144403
3350,2,benign,43120,window_resampled_20pct,0,1783703310.414188
3351,2,benign,10265,window_04_7pct,0,1783703310.414188
3352,2,benign,10273,window_04_7pct,0,1783703310.840836
3353,2,benign,10288,window_04_7pct,0,1783703315.300817
3354,2,benign,10224,window_04_7pct,0,1783703321.742891
3355,2,benign,10128,window_04_7pct,0,1783703332.145003
3356,2,benign,38246,window_resampled_15pct,0,1783703332.145003
3357,2,benign,10124,window_04_7pct,0,1783703332.146999
3358,2,benign,10127,window_04_7pct,0,1783703332.147136
3359,2,benign,43124,window_resampled_20pct,0,1783703333.402785
3360,2,benign,10134,window_04_7pct,0,1783703333.402785
3361,2,benign,10131,window_04_7pct,0,1783703333.405874
3362,2,benign,38250,window_resampled_15pct,0,1783703338.749434
3363,2,benign,10148,window_04_7pct,0,1783703338.749434
3364,2,benign,10147,window_04_7pct,0,1783703338.750906
3365,2,benign,10215,window_04_7pct,0,1783703341.772599
3366,2,benign,10161,window_04_7pct,0,1783703342.301407
3367,2,benign,10162,window_04_7pct,0,1783703342.301514
3368,2,benign,38255,window_resampled_15pct,0,1783703342.303201
3369,2,benign,10159,window_04_7pct,0,1783703342.303201
3370,2,benign,10164,window_04_7pct,0,1783703343.027838
3371,2,benign,10208,window_04_7pct,0,1783703343.992095
3372,2,benign,10259,window_04_7pct,0,1783703347.557067
3373,2,benign,43131,window_resampled_20pct,0,1783703366.015408
3374,2,benign,10190,window_04_7pct,0,1783703366.015408
3375,2,benign,10268,window_04_7pct,0,1783703369.574276
3376,2,benign,10286,window_04_7pct,0,1783703382.91207
3377,2,benign,10283,window_04_7pct,0,1783703382.918419
3378,2,benign,10284,window_04_7pct,0,1783703382.918724
3379,2,benign,10233,window_04_7pct,0,1783703386.133562
3380,2,benign,10232,window_04_7pct,0,1783703386.135748
3381,2,benign,10252,window_04_7pct,0,1783703388.508918
3382,2,benign,10277,window_04_7pct,0,1783703396.768383
3383,2,benign,10276,window_04_7pct,0,1783703396.791762
3384,2,benign,10314,window_04_7pct,0,1783703400.298495
3385,2,benign,10458,window_04_7pct,0,1783703402.499539
3386,2,benign,10388,window_04_7pct,0,1783703404.175543
3387,2,benign,10387,window_04_7pct,0,1783703404.175769
3388,2,benign,10301,window_04_7pct,0,1783703406.443594
3389,2,benign,10298,window_04_7pct,0,1783703406.445061
3390,2,benign,10505,window_04_7pct,0,1783703407.890441
3391,2,benign,10509,window_04_7pct,0,1783703407.890556
3392,2,benign,43138,window_resampled_20pct,0,1783703408.819043
3393,2,benign,10325,window_04_7pct,0,1783703408.819043
3394,2,benign,10326,window_04_7pct,0,1783703408.819146
3395,2,benign,43139,window_resampled_20pct,0,1783703408.819146
3396,2,benign,38270,window_resampled_15pct,0,1783703414.208793
3397,2,benign,10466,window_04_7pct,0,1783703414.208793
3398,2,benign,10363,window_04_7pct,0,1783703423.010613
3399,2,benign,38272,window_resampled_15pct,0,1783703423.010613
3400,2,benign,10329,window_04_7pct,0,1783703423.646133
3401,2,benign,10338,window_04_7pct,0,1783703423.646133
3402,2,benign,43142,window_resampled_20pct,0,1783703423.646133
3403,2,benign,10330,window_04_7pct,0,1783703423.646623
3404,2,benign,38273,window_resampled_15pct,0,1783703423.646623
3405,2,benign,43144,window_resampled_20pct,0,1783703423.648116
3406,2,benign,10563,window_04_7pct,0,1783703423.648116
3407,2,benign,10333,window_04_7pct,0,1783703423.648279
3408,2,benign,10336,window_04_7pct,0,1783703423.64861
3409,2,benign,38274,window_resampled_15pct,0,1783703423.64861
3410,2,benign,10570,window_04_7pct,0,1783703423.696594
3411,2,benign,10392,window_04_7pct,0,1783703424.382782
3412,2,benign,10393,window_04_7pct,0,1783703424.383061
3413,2,benign,10374,window_04_7pct,0,1783703425.55282
3414,2,benign,10442,window_04_7pct,0,1783703426.025069
3415,2,benign,10344,window_04_7pct,0,1783703431.740772
3416,2,benign,10341,window_04_7pct,0,1783703432.116682
3417,2,benign,10340,window_04_7pct,0,1783703432.143213
3418,2,benign,10409,window_04_7pct,0,1783703435.681862
3419,2,benign,38279,window_resampled_15pct,0,1783703435.681862
3420,2,benign,10519,window_04_7pct,0,1783703438.563846
3421,2,benign,43150,window_resampled_20pct,0,1783703438.567823
3422,2,benign,10516,window_04_7pct,0,1783703438.567823
3423,2,benign,10589,window_04_7pct,0,1783703441.900031
3424,2,benign,10588,window_04_7pct,0,1783703441.900787
3425,2,benign,10573,window_04_7pct,0,1783703449.56581
3426,2,benign,10572,window_04_7pct,0,1783703449.565885
3427,2,benign,38281,window_resampled_15pct,0,1783703451.34105
3428,2,benign,10368,window_04_7pct,0,1783703451.34105
3429,2,benign,10606,window_04_7pct,0,1783703460.040019
3430,2,benign,38283,window_resampled_15pct,0,1783703463.838563
3431,2,benign,10377,window_04_7pct,0,1783703463.838563
3432,2,benign,43158,window_resampled_20pct,0,1783703463.838914
3433,2,benign,10376,window_04_7pct,0,1783703463.838914
3434,2,benign,10643,window_04_7pct,0,1783703467.120662
3435,2,benign,43164,window_resampled_20pct,0,1783703475.160822
3436,2,benign,10422,window_04_7pct,0,1783703475.160822
3437,2,benign,10426,window_04_7pct,0,1783703475.597448
3438,2,benign,10427,window_04_7pct,0,1783703475.597668
3439,2,benign,38289,window_resampled_15pct,0,1783703475.59884
3440,2,benign,10425,window_04_7pct,0,1783703475.59884
3441,2,benign,10440,window_04_7pct,0,1783703479.815612
3442,2,benign,10436,window_04_7pct,0,1783703479.847134
3443,2,benign,38291,window_resampled_15pct,0,1783703479.847134
3444,2,benign,43172,window_resampled_20pct,0,1783703484.855874
3445,2,benign,10453,window_04_7pct,0,1783703484.855874
3446,2,benign,38294,window_resampled_15pct,0,1783703484.880737
3447,2,benign,10456,window_04_7pct,0,1783703484.880737
3448,2,benign,10500,window_04_7pct,0,1783703486.165458
3449,2,benign,10771,window_04_7pct,0,1783703489.224226
3450,2,benign,10770,window_04_7pct,0,1783703489.229426
3451,2,benign,10479,window_04_7pct,0,1783703489.920612
3452,2,benign,38297,window_resampled_15pct,0,1783703489.920612
3453,2,benign,10582,window_04_7pct,0,1783703489.972391
3454,2,benign,38298,window_resampled_15pct,0,1783703489.972391
3455,2,benign,10476,window_04_7pct,0,1783703491.110479
3456,2,benign,38300,window_resampled_15pct,0,1783703492.171796
3457,2,benign,10488,window_04_7pct,0,1783703492.171796
3458,2,benign,38301,window_resampled_15pct,0,1783703492.782814
3459,2,benign,10485,window_04_7pct,0,1783703492.782814
3460,2,benign,10486,window_04_7pct,0,1783703492.784076
3461,2,benign,10487,window_04_7pct,0,1783703492.784248
3462,2,benign,10494,window_04_7pct,0,1783703500.335231
3463,2,benign,38304,window_resampled_15pct,0,1783703510.737252
3464,2,benign,10514,window_04_7pct,0,1783703510.737252
3465,2,benign,38305,window_resampled_15pct,0,1783703510.73886
3466,2,benign,10510,window_04_7pct,0,1783703510.73886
3467,2,benign,10625,window_04_7pct,0,1783703512.168148
3468,2,benign,10526,window_04_7pct,0,1783703518.901076
3469,2,benign,10522,window_04_7pct,0,1783703518.903452
3470,2,benign,10529,window_04_7pct,0,1783703519.103715
3471,2,benign,10531,window_04_7pct,0,1783703519.103923
3472,2,benign,10527,window_04_7pct,0,1783703519.105208
3473,2,benign,43183,window_resampled_20pct,0,1783703520.316066
3474,2,benign,10537,window_04_7pct,0,1783703520.316066
3475,2,benign,10534,window_04_7pct,0,1783703520.318333
3476,2,benign,43184,window_resampled_20pct,0,1783703521.756376
3477,2,benign,10544,window_04_7pct,0,1783703521.756376
3478,2,benign,10541,window_04_7pct,0,1783703521.75787
3479,2,benign,10839,window_04_7pct,0,1783703530.827499
3480,2,benign,43188,window_resampled_20pct,0,1783703530.827499
3481,2,benign,10840,window_04_7pct,0,1783703530.827962
3482,2,benign,10712,window_04_7pct,0,1783703532.896705
3483,2,benign,10690,window_04_7pct,0,1783703541.097936
3484,2,benign,10689,window_04_7pct,0,1783703541.100244
3485,2,benign,43194,window_resampled_20pct,0,1783703541.100244
3486,2,benign,10612,window_04_7pct,0,1783703543.490047
3487,2,benign,10613,window_04_7pct,0,1783703543.5151
3488,2,benign,10615,window_04_7pct,0,1783703543.516403
3489,2,benign,10696,window_04_7pct,0,1783703543.650705
3490,2,benign,10619,window_04_7pct,0,1783703546.467204
3491,2,benign,10729,window_04_7pct,0,1783703550.570555
3492,2,benign,38319,window_resampled_15pct,0,1783703550.570555
3493,2,benign,10725,window_04_7pct,0,1783703550.571719
3494,2,benign,38321,window_resampled_15pct,0,1783703550.571719
3495,2,benign,10684,window_04_7pct,0,1783703551.365182
3496,2,benign,43201,window_resampled_20pct,0,1783703554.826193
3497,2,benign,10750,window_04_7pct,0,1783703554.826193
3498,2,benign,10637,window_04_7pct,0,1783703565.650957
3499,2,benign,10674,window_04_7pct,0,1783703576.976604
3500,2,benign,43204,window_resampled_20pct,0,1783703576.976604
3501,2,benign,10706,window_04_7pct,0,1783703587.010455
3502,2,benign,10701,window_04_7pct,0,1783703587.012568
3503,2,benign,10831,window_04_7pct,0,1783703587.238435
3504,2,benign,11026,window_04_7pct,0,1783703587.932123
3505,2,benign,10710,window_04_7pct,0,1783703592.966754
3506,2,benign,10758,window_04_7pct,0,1783703594.137854
3507,2,benign,10746,window_04_7pct,0,1783703598.58246
3508,2,benign,10747,window_04_7pct,0,1783703598.582871
3509,2,benign,10813,window_04_7pct,0,1783703599.890496
3510,2,benign,43212,window_resampled_20pct,0,1783703599.890496
3511,2,benign,10739,window_04_7pct,0,1783703603.652769
3512,2,benign,10737,window_04_7pct,0,1783703603.652883
3513,2,benign,43213,window_resampled_20pct,0,1783703603.652883
3514,2,benign,10740,window_04_7pct,0,1783703603.653919
3515,2,benign,10742,window_04_7pct,0,1783703603.654394
3516,2,benign,38333,window_resampled_15pct,0,1783703603.654394
3517,2,benign,10887,window_04_7pct,0,1783703607.404312
3518,2,benign,43214,window_resampled_20pct,0,1783703607.404312
3519,2,benign,10890,window_04_7pct,0,1783703607.404733
3520,2,benign,10891,window_04_7pct,0,1783703607.405282
3521,2,benign,10804,window_04_7pct,0,1783703607.811364
3522,2,benign,10762,window_04_7pct,0,1783703613.061912
3523,2,benign,10792,window_04_7pct,0,1783703614.125638
3524,2,benign,10927,window_04_7pct,0,1783703616.172302
3525,2,benign,10848,window_04_7pct,0,1783703621.76413
3526,2,benign,10845,window_04_7pct,0,1783703621.764719
3527,2,benign,10854,window_04_7pct,0,1783703629.87248
3528,2,benign,38339,window_resampled_15pct,0,1783703629.87248
3529,2,benign,11048,window_04_7pct,0,1783703631.924946
3530,2,benign,11049,window_04_7pct,0,1783703631.925123
3531,2,benign,11068,window_04_7pct,0,1783703638.404916
3532,2,benign,10799,window_04_7pct,0,1783703647.148972
3533,2,benign,10794,window_04_7pct,0,1783703647.150553
3534,2,benign,10796,window_04_7pct,0,1783703647.150905
3535,2,benign,10886,window_04_7pct,0,1783703647.708529
3536,2,benign,10884,window_04_7pct,0,1783703647.710963
3537,2,benign,11028,window_04_7pct,0,1783703651.466855
3538,2,benign,10915,window_04_7pct,0,1783703669.249048
3539,2,benign,38349,window_resampled_15pct,0,1783703673.499926
3540,2,benign,10853,window_04_7pct,0,1783703673.499926
3541,2,benign,10849,window_04_7pct,0,1783703673.501446
3542,2,benign,10863,window_04_7pct,0,1783703679.443107
3543,2,benign,10865,window_04_7pct,0,1783703679.443661
3544,2,benign,10869,window_04_7pct,0,1783703685.262117
3545,2,benign,10994,window_04_7pct,0,1783703688.800765
3546,2,benign,10937,window_04_7pct,0,1783703692.609983
3547,2,benign,10895,window_04_7pct,0,1783703693.476872
3548,2,benign,38364,window_resampled_15pct,0,1783703707.476653
3549,2,benign,10904,window_04_7pct,0,1783703707.476653
3550,2,benign,10908,window_04_7pct,0,1783703707.498208
3551,2,benign,10922,window_04_7pct,0,1783703724.802374
3552,2,benign,10947,window_04_7pct,0,1783703743.003318
3553,2,benign,10955,window_04_7pct,0,1783703749.232507
3554,2,benign,38375,window_resampled_15pct,0,1783703749.257222
3555,2,benign,10952,window_04_7pct,0,1783703749.257222
3556,2,benign,10953,window_04_7pct,0,1783703749.257338
3557,2,benign,11009,window_04_7pct,0,1783703750.035278
3558,2,benign,43241,window_resampled_20pct,0,1783703750.035278
3559,2,benign,11011,window_04_7pct,0,1783703750.035454
3560,2,benign,38377,window_resampled_15pct,0,1783703750.035454
3561,2,benign,11000,window_04_7pct,0,1783703765.266704
3562,2,benign,10996,window_04_7pct,0,1783703765.267127
3563,2,benign,10999,window_04_7pct,0,1783703765.2708
3564,2,benign,38380,window_resampled_15pct,0,1783703765.2708
3565,2,benign,11096,window_04_7pct,0,1783703765.277512
3566,2,benign,43246,window_resampled_20pct,0,1783703765.978584
3567,2,benign,11102,window_04_7pct,0,1783703765.978584
3568,2,benign,11006,window_04_7pct,0,1783703766.30756
3569,2,benign,11001,window_04_7pct,0,1783703766.309131
3570,2,benign,11002,window_04_7pct,0,1783703766.309502
3571,2,benign,11100,window_04_7pct,0,1783703768.362463
3572,2,benign,43247,window_resampled_20pct,0,1783703768.362463
3573,2,benign,11057,window_04_7pct,0,1783703772.501258
3574,2,benign,11335,window_04_7pct,0,1783703773.263289
3575,2,benign,11334,window_04_7pct,0,1783703773.27354
3576,2,benign,11204,window_04_7pct,0,1783703784.964747
3577,2,benign,11205,window_04_7pct,0,1783703784.966115
3578,2,benign,11047,window_04_7pct,0,1783703786.439076
3579,2,benign,11044,window_04_7pct,0,1783703786.440932
3580,2,benign,11221,window_04_7pct,0,1783703794.342528
3581,2,benign,43253,window_resampled_20pct,0,1783703800.188906
3582,2,benign,11130,window_04_7pct,0,1783703800.188906
3583,2,benign,11113,window_04_7pct,0,1783703809.916613
3584,2,benign,11218,window_04_7pct,0,1783703814.753077
3585,2,benign,11120,window_04_7pct,0,1783703831.376404
3586,2,benign,43258,window_resampled_20pct,0,1783703831.376404
3587,2,benign,11117,window_04_7pct,0,1783703831.378125
3588,2,benign,11216,window_04_7pct,0,1783703838.628301
3589,2,benign,38400,window_resampled_15pct,0,1783703838.628301
3590,2,benign,11228,window_04_7pct,0,1783703839.005294
3591,2,benign,11196,window_04_7pct,0,1783703844.683002
3592,2,benign,11147,window_04_7pct,0,1783703847.794695
3593,2,benign,11227,window_04_7pct,0,1783703857.293456
3594,2,benign,11225,window_04_7pct,0,1783703857.29541
3595,2,benign,11336,window_04_7pct,0,1783703857.987715
3596,2,benign,11305,window_04_7pct,0,1783703862.309893
3597,2,benign,11168,window_04_7pct,0,1783703864.590138
3598,2,benign,11172,window_04_7pct,0,1783703865.61367
3599,2,benign,11170,window_04_7pct,0,1783703865.613845
3600,2,benign,11177,window_04_7pct,0,1783703866.032844
3601,2,benign,43264,window_resampled_20pct,0,1783703866.032844
3602,2,benign,11654,window_04_7pct,0,1783703866.485326
3603,2,benign,11238,window_04_7pct,0,1783703866.741343
3604,2,benign,38409,window_resampled_15pct,0,1783703866.741343
3605,2,benign,11236,window_04_7pct,0,1783703867.830014
3606,2,benign,43267,window_resampled_20pct,0,1783703867.830014
3607,2,benign,11186,window_04_7pct,0,1783703868.644249
3608,2,benign,38410,window_resampled_15pct,0,1783703892.117818
3609,2,benign,11265,window_04_7pct,0,1783703892.117818
3610,2,benign,11261,window_04_7pct,0,1783703892.118338
3611,2,benign,11328,window_04_7pct,0,1783703893.039468
3612,2,benign,11326,window_04_7pct,0,1783703893.043004
3613,2,benign,38415,window_resampled_15pct,0,1783703904.078874
3614,2,benign,11230,window_04_7pct,0,1783703904.078874
3615,2,benign,11231,window_04_7pct,0,1783703904.079012
3616,2,benign,11243,window_04_7pct,0,1783703919.837059
3617,2,benign,11255,window_04_7pct,0,1783703920.078445
3618,2,benign,11258,window_04_7pct,0,1783703928.059575
3619,2,benign,43270,window_resampled_20pct,0,1783703928.059575
3620,2,benign,11257,window_04_7pct,0,1783703928.060984
3621,2,benign,11272,window_04_7pct,0,1783703938.379732
3622,2,benign,11279,window_04_7pct,0,1783703940.096138
3623,2,benign,38424,window_resampled_15pct,0,1783703940.096138
3624,2,benign,11282,window_04_7pct,0,1783703940.096297
3625,2,benign,43274,window_resampled_20pct,0,1783703944.693053
3626,2,benign,11392,window_04_7pct,0,1783703944.693053
3627,2,benign,11297,window_04_7pct,0,1783703944.794695
3628,2,benign,11303,window_04_7pct,0,1783703944.941825
3629,2,benign,11384,window_04_7pct,0,1783703947.126728
3630,2,benign,11310,window_04_7pct,0,1783703948.142722
3631,2,benign,11324,window_04_7pct,0,1783703948.364
3632,2,benign,11319,window_04_7pct,0,1783703958.467228
3633,2,benign,11342,window_04_7pct,0,1783703964.833604
3634,2,benign,11350,window_04_7pct,0,1783703976.24432
3635,2,benign,11362,window_04_7pct,0,1783703979.650218
3636,2,benign,11358,window_04_7pct,0,1783703979.653037
3637,2,benign,38436,window_resampled_15pct,0,1783703979.873983
3638,2,benign,11367,window_04_7pct,0,1783703979.873983
3639,2,benign,11365,window_04_7pct,0,1783703979.874263
3640,2,benign,11363,window_04_7pct,0,1783703979.876348
3641,2,benign,11669,window_04_7pct,0,1783703986.878313
3642,2,benign,38439,window_resampled_15pct,0,1783704007.268229
3643,2,benign,11389,window_04_7pct,0,1783704007.268229
3644,2,benign,11386,window_04_7pct,0,1783704007.270929
3645,2,benign,43292,window_resampled_20pct,0,1783704007.270929
3646,2,benign,11387,window_04_7pct,0,1783704007.271086
3647,2,benign,38441,window_resampled_15pct,0,1783704018.557833
3648,2,benign,11403,window_04_7pct,0,1783704018.557833
3649,2,benign,38442,window_resampled_15pct,0,1783704018.559341
3650,2,benign,11398,window_04_7pct,0,1783704018.559341
3651,2,benign,43295,window_resampled_20pct,0,1783704018.559545
3652,2,benign,11400,window_04_7pct,0,1783704018.559545
3653,2,benign,43296,window_resampled_20pct,0,1783704018.931955
3654,2,benign,11413,window_04_7pct,0,1783704018.931955
3655,2,benign,11415,window_04_7pct,0,1783704018.945694
3656,2,benign,11416,window_04_7pct,0,1783704018.947327
3657,2,benign,43299,window_resampled_20pct,0,1783704020.928228
3658,2,benign,11435,window_04_7pct,0,1783704020.928228
3659,2,benign,11410,window_04_7pct,0,1783704024.724781
3660,2,benign,11407,window_04_7pct,0,1783704024.726591
3661,2,benign,38447,window_resampled_15pct,0,1783704027.181476
3662,2,benign,11417,window_04_7pct,0,1783704027.181476
3663,2,benign,43301,window_resampled_20pct,0,1783704037.34524
3664,2,benign,11651,window_04_7pct,0,1783704037.34524
3665,2,benign,11652,window_04_7pct,0,1783704037.351339
3666,2,benign,11445,window_04_7pct,0,1783704037.494428
3667,2,benign,11441,window_04_7pct,0,1783704037.496555
3668,2,benign,43306,window_resampled_20pct,0,1783704055.358128
3669,2,benign,11549,window_04_7pct,0,1783704055.358128
3670,2,benign,38455,window_resampled_15pct,0,1783704055.366642
3671,2,benign,11852,window_04_7pct,0,1783704055.366642
3672,2,benign,11470,window_04_7pct,0,1783704066.696796
3673,2,benign,11484,window_04_7pct,0,1783704082.106537
3674,2,benign,11658,window_04_7pct,0,1783704082.2634
3675,2,benign,43309,window_resampled_20pct,0,1783704082.2634
3676,2,benign,11521,window_04_7pct,0,1783704082.844429
3677,2,benign,11520,window_04_7pct,0,1783704082.844553
3678,2,benign,43311,window_resampled_20pct,0,1783704082.844553
3679,2,benign,11488,window_04_7pct,0,1783704083.383626
3680,2,benign,43312,window_resampled_20pct,0,1783704083.383626
3681,2,benign,11486,window_04_7pct,0,1783704083.409675
3682,2,benign,38464,window_resampled_15pct,0,1783704083.409675
3683,2,benign,11489,window_04_7pct,0,1783704083.4099
3684,2,benign,11516,window_04_7pct,0,1783704084.805807
3685,2,benign,38465,window_resampled_15pct,0,1783704084.805807
3686,2,benign,11507,window_04_7pct,0,1783704090.724303
3687,2,benign,11506,window_04_7pct,0,1783704090.728821
3688,2,benign,11508,window_04_7pct,0,1783704090.731404
3689,2,benign,11532,window_04_7pct,0,1783704104.073187
3690,2,benign,43317,window_resampled_20pct,0,1783704104.073187
3691,2,benign,11540,window_04_7pct,0,1783704109.344469
3692,2,benign,11547,window_04_7pct,0,1783704110.05922
3693,2,benign,43319,window_resampled_20pct,0,1783704110.705254
3694,2,benign,11750,window_04_7pct,0,1783704110.705254
3695,2,benign,11676,window_04_7pct,0,1783704153.661741
3696,2,benign,11677,window_04_7pct,0,1783704153.687359
3697,2,benign,38505,window_resampled_15pct,0,1783704160.923036
3698,2,benign,11690,window_04_7pct,0,1783704160.923036
3699,2,benign,11688,window_04_7pct,0,1783704160.946122
3700,2,benign,11746,window_04_7pct,0,1783704163.524421
3701,2,benign,11745,window_04_7pct,0,1783704163.548542
3702,2,benign,11926,window_04_7pct,0,1783704163.659169
3703,2,benign,11869,window_04_7pct,0,1783704175.299098
3704,2,benign,38507,window_resampled_15pct,0,1783704175.299098
3705,2,benign,11762,window_04_7pct,0,1783704178.526848
3706,2,benign,11772,window_04_7pct,0,1783704180.189616
3707,2,benign,38512,window_resampled_15pct,0,1783704180.189616
3708,2,benign,38513,window_resampled_15pct,0,1783704180.191396
3709,2,benign,11768,window_04_7pct,0,1783704180.191396
3710,2,benign,11769,window_04_7pct,0,1783704180.191973
3711,2,benign,11778,window_04_7pct,0,1783704189.717752
3712,2,benign,11779,window_04_7pct,0,1783704189.746797
3713,2,benign,11780,window_04_7pct,0,1783704189.747068
3714,2,benign,11907,window_04_7pct,0,1783704189.767606
3715,2,benign,11909,window_04_7pct,0,1783704189.774755
3716,2,benign,11845,window_04_7pct,0,1783704191.447734
3717,2,benign,43375,window_resampled_20pct,0,1783704196.414208
3718,2,benign,11914,window_04_7pct,0,1783704196.414208
3719,2,benign,11791,window_04_7pct,0,1783704199.330494
3720,2,benign,11825,window_04_7pct,0,1783704199.344054
3721,2,benign,11802,window_04_7pct,0,1783704201.866929
3722,2,benign,11803,window_04_7pct,0,1783704201.868889
3723,2,benign,11834,window_04_7pct,0,1783704206.155609
3724,2,benign,11816,window_04_7pct,0,1783704207.322859
3725,2,benign,11933,window_04_7pct,0,1783704213.827127
3726,2,benign,38522,window_resampled_15pct,0,1783704215.47196
3727,2,benign,11843,window_04_7pct,0,1783704215.47196
3728,2,benign,11839,window_04_7pct,0,1783704215.473456
3729,2,benign,11840,window_04_7pct,0,1783704215.473716
3730,2,benign,11848,window_04_7pct,0,1783704215.698192
3731,2,benign,11858,window_04_7pct,0,1783704228.900909
3732,2,benign,38527,window_resampled_15pct,0,1783704231.981118
3733,2,benign,11874,window_04_7pct,0,1783704231.981118
3734,2,benign,11981,window_04_7pct,0,1783704232.050423
3735,2,benign,11980,window_04_7pct,0,1783704232.072367
3736,2,benign,11882,window_04_7pct,0,1783704233.199984
3737,2,benign,43387,window_resampled_20pct,0,1783704233.199984
3738,2,benign,11883,window_04_7pct,0,1783704233.200156
3739,2,benign,38529,window_resampled_15pct,0,1783704233.200156
3740,2,benign,11894,window_04_7pct,0,1783704246.165828
3741,2,benign,43390,window_resampled_20pct,0,1783704246.165828
3742,2,benign,12038,window_04_7pct,0,1783704257.091803
3743,2,benign,11903,window_04_7pct,0,1783704260.021223
3744,2,benign,38537,window_resampled_15pct,0,1783704260.022672
3745,2,benign,11901,window_04_7pct,0,1783704260.022672
3746,2,benign,11942,window_04_7pct,0,1783704263.619433
3747,2,benign,11945,window_04_7pct,0,1783704263.619732
3748,2,benign,11941,window_04_7pct,0,1783704263.619843
3749,2,benign,43398,window_resampled_20pct,0,1783704263.619843
3750,2,benign,11969,window_04_7pct,0,1783704268.139801
3751,2,benign,11970,window_04_7pct,0,1783704268.141017
3752,2,benign,43400,window_resampled_20pct,0,1783704268.847932
3753,2,benign,11965,window_04_7pct,0,1783704268.847932
3754,2,benign,38539,window_resampled_15pct,0,1783704268.848481
3755,2,benign,11964,window_04_7pct,0,1783704268.848481
3756,2,benign,11935,window_04_7pct,0,1783704275.961347
3757,2,benign,38542,window_resampled_15pct,0,1783704275.987138
3758,2,benign,11937,window_04_7pct,0,1783704275.987138
3759,2,benign,11947,window_04_7pct,0,1783704279.237671
3760,2,benign,12077,window_04_7pct,0,1783704289.348693
3761,2,benign,38548,window_resampled_15pct,0,1783704289.348693
3762,2,benign,12065,window_04_7pct,0,1783704289.682535
3763,2,benign,12051,window_04_7pct,0,1783704291.217663
3764,2,benign,12067,window_04_7pct,0,1783704293.382848
3765,2,benign,12064,window_04_7pct,0,1783704293.384141
3766,2,benign,38551,window_resampled_15pct,0,1783704293.384141
3767,2,benign,43412,window_resampled_20pct,0,1783704303.399546
3768,2,benign,11999,window_04_7pct,0,1783704303.399546
3769,2,benign,11996,window_04_7pct,0,1783704303.400438
3770,2,benign,12045,window_04_7pct,0,1783704316.910035
3771,2,benign,12082,window_04_7pct,0,1783704321.598856
3772,2,benign,12079,window_04_7pct,0,1783704321.615183
3773,2,benign,12021,window_04_7pct,0,1783704329.708047
3774,2,benign,38562,window_resampled_15pct,0,1783704334.193162
3775,2,benign,12107,window_04_7pct,0,1783704334.193162
3776,2,benign,12110,window_04_7pct,0,1783704334.195078
3777,2,benign,12142,window_04_7pct,0,1783704342.452522
3778,2,benign,12140,window_04_7pct,0,1783704342.452593
3779,2,benign,12056,window_04_7pct,0,1783704346.812105
3780,2,benign,12201,window_04_7pct,0,1783704369.643742
3781,2,benign,13323,window_04_7pct,0,1783704374.649381
3782,2,benign,12087,window_04_7pct,0,1783704388.252681
3783,2,benign,12086,window_04_7pct,0,1783704388.336529
3784,2,benign,12111,window_04_7pct,0,1783704400.077986
3785,2,benign,12130,window_04_7pct,0,1783704403.762103
3786,2,benign,38569,window_resampled_15pct,0,1783704403.762103
3787,2,benign,38573,window_resampled_15pct,0,1783704405.73171
3788,2,benign,12249,window_04_7pct,0,1783704405.73171
3789,2,benign,12248,window_04_7pct,0,1783704405.744826
3790,2,benign,38577,window_resampled_15pct,0,1783704407.628737
3791,2,benign,12151,window_04_7pct,0,1783704407.628737
3792,2,benign,12135,window_04_7pct,0,1783704409.176062
3793,2,benign,12145,window_04_7pct,0,1783704419.141326
3794,2,benign,12160,window_04_7pct,0,1783704423.801704
3795,2,benign,43433,window_resampled_20pct,0,1783704423.801704
3796,2,benign,12162,window_04_7pct,0,1783704424.354544
3797,2,benign,12182,window_04_7pct,0,1783704430.026594
3798,2,benign,12172,window_04_7pct,0,1783704438.616743
3799,2,benign,38582,window_resampled_15pct,0,1783704438.616743
3800,2,benign,12176,window_04_7pct,0,1783704439.766241
3801,2,benign,12174,window_04_7pct,0,1783704439.793887
3802,2,benign,43437,window_resampled_20pct,0,1783704439.793887
3803,2,benign,12177,window_04_7pct,0,1783704439.79436
3804,2,benign,38584,window_resampled_15pct,0,1783704439.79436
3805,2,benign,12178,window_04_7pct,0,1783704439.794654
3806,2,benign,38585,window_resampled_15pct,0,1783704439.794654
3807,2,benign,12215,window_04_7pct,0,1783704445.935491
3808,2,benign,43440,window_resampled_20pct,0,1783704448.26884
3809,2,benign,12266,window_04_7pct,0,1783704448.26884
3810,2,benign,12268,window_04_7pct,0,1783704448.270514
3811,2,benign,12187,window_04_7pct,0,1783704455.663793
3812,2,benign,12243,window_04_7pct,0,1783704460.488836
3813,2,benign,12244,window_04_7pct,0,1783704460.489568
3814,2,benign,12228,window_04_7pct,0,1783704474.330829
3815,2,benign,12225,window_04_7pct,0,1783704474.332518
3816,2,benign,12394,window_04_7pct,0,1783704481.993506
3817,2,benign,12435,window_04_7pct,0,1783704486.367208
3818,2,benign,12274,window_04_7pct,0,1783704493.766462
3819,2,benign,12271,window_04_7pct,0,1783704493.768923
3820,2,benign,12348,window_04_7pct,0,1783704500.236213
3821,2,benign,12283,window_04_7pct,0,1783704501.10639
3822,2,benign,43448,window_resampled_20pct,0,1783704501.10639
3823,2,benign,38599,window_resampled_15pct,0,1783704501.106601
3824,2,benign,12285,window_04_7pct,0,1783704501.106601
3825,2,benign,12284,window_04_7pct,0,1783704501.108615
3826,2,benign,12355,window_04_7pct,0,1783704502.607791
3827,2,benign,12357,window_04_7pct,0,1783704503.258452
3828,2,benign,12292,window_04_7pct,0,1783704504.947871
3829,2,benign,38602,window_resampled_15pct,0,1783704504.95014
3830,2,benign,12289,window_04_7pct,0,1783704504.95014
3831,2,benign,38604,window_resampled_15pct,0,1783704509.087494
3832,2,benign,12300,window_04_7pct,0,1783704509.087494
3833,2,benign,38607,window_resampled_15pct,0,1783704515.193556
3834,2,benign,12316,window_04_7pct,0,1783704515.193556
3835,2,benign,12362,window_04_7pct,0,1783704516.668518
3836,2,benign,12318,window_04_7pct,0,1783704517.098512
3837,2,benign,38608,window_resampled_15pct,0,1783704517.191
3838,2,benign,12326,window_04_7pct,0,1783704517.191
3839,2,benign,43460,window_resampled_20pct,0,1783704532.938911
3840,2,benign,12335,window_04_7pct,0,1783704532.938911
3841,2,benign,12336,window_04_7pct,0,1783704532.939058
3842,2,benign,43461,window_resampled_20pct,0,1783704532.939058
3843,2,benign,12337,window_04_7pct,0,1783704532.939134
3844,2,benign,38610,window_resampled_15pct,0,1783704532.939134
3845,2,benign,12497,window_04_7pct,0,1783704534.065494
3846,2,benign,12345,window_04_7pct,0,1783704534.534231
3847,2,benign,12343,window_04_7pct,0,1783704534.534324
3848,2,benign,12342,window_04_7pct,0,1783704534.536661
3849,2,benign,12492,window_04_7pct,0,1783704541.33143
3850,2,benign,12384,window_04_7pct,0,1783704550.524709
3851,2,benign,12386,window_04_7pct,0,1783704550.524868
3852,2,benign,12534,window_04_7pct,0,1783704550.651875
3853,2,benign,12532,window_04_7pct,0,1783704550.654169
3854,2,benign,43465,window_resampled_20pct,0,1783704551.003384
3855,2,benign,12432,window_04_7pct,0,1783704551.003384
3856,2,benign,12429,window_04_7pct,0,1783704551.003622
3857,2,benign,12399,window_04_7pct,0,1783704555.400543
3858,2,benign,12397,window_04_7pct,0,1783704555.402733
3859,2,benign,12461,window_04_7pct,0,1783704556.339479
3860,2,benign,12462,window_04_7pct,0,1783704556.341133
3861,2,benign,12475,window_04_7pct,0,1783704562.279245
3862,2,benign,12477,window_04_7pct,0,1783704562.279943
3863,2,benign,12525,window_04_7pct,0,1783704570.460676
3864,2,benign,12521,window_04_7pct,0,1783704570.470447
3865,2,benign,12452,window_04_7pct,0,1783704584.386842
3866,2,benign,12483,window_04_7pct,0,1783704584.502302
3867,2,benign,12537,window_04_7pct,0,1783704585.071343
3868,2,benign,12466,window_04_7pct,0,1783704589.870879
3869,2,benign,12472,window_04_7pct,0,1783704593.203533
3870,2,benign,12594,window_04_7pct,0,1783704596.622107
3871,2,benign,12502,window_04_7pct,0,1783704607.246645
3872,2,benign,12499,window_04_7pct,0,1783704607.249866
3873,2,benign,12507,window_04_7pct,0,1783704609.046088
3874,2,benign,12512,window_04_7pct,0,1783704609.201419
3875,2,benign,38640,window_resampled_15pct,0,1783704611.379263
3876,2,benign,12558,window_04_7pct,0,1783704611.379263
3877,2,benign,12568,window_04_7pct,0,1783704615.582926
3878,2,benign,12586,window_04_7pct,0,1783704618.27474
3879,2,benign,12585,window_04_7pct,0,1783704618.275449
3880,2,benign,12587,window_04_7pct,0,1783704618.275906
3881,2,benign,43480,window_resampled_20pct,0,1783704619.01894
3882,2,benign,12547,window_04_7pct,0,1783704619.01894
3883,2,benign,12549,window_04_7pct,0,1783704620.405544
3884,2,benign,12867,window_04_7pct,0,1783704635.354365
3885,2,benign,12657,window_04_7pct,0,1783704635.654075
3886,2,benign,12685,window_04_7pct,0,1783704641.24409
3887,2,benign,12687,window_04_7pct,0,1783704641.246523
3888,2,benign,12670,window_04_7pct,0,1783704642.138552
3889,2,benign,12667,window_04_7pct,0,1783704642.139056
3890,2,benign,38649,window_resampled_15pct,0,1783704642.139056
3891,2,benign,12578,window_04_7pct,0,1783704647.99491
3892,2,benign,12575,window_04_7pct,0,1783704647.997045
3893,2,benign,12635,window_04_7pct,0,1783704649.013999
3894,2,benign,12638,window_04_7pct,0,1783704649.014261
3895,2,benign,12677,window_04_7pct,0,1783704653.153585
3896,2,benign,12678,window_04_7pct,0,1783704653.153856
3897,2,benign,12666,window_04_7pct,0,1783704654.747335
3898,2,benign,12662,window_04_7pct,0,1783704654.748534
3899,2,benign,12617,window_04_7pct,0,1783704658.582707
3900,2,benign,12722,window_04_7pct,0,1783704659.286292
3901,2,benign,12721,window_04_7pct,0,1783704659.290095
3902,2,benign,12798,window_04_7pct,0,1783704662.536407
3903,2,benign,12640,window_04_7pct,0,1783704671.778804
3904,2,benign,12680,window_04_7pct,0,1783704671.939555
3905,2,benign,12646,window_04_7pct,0,1783704672.581501
3906,2,benign,12644,window_04_7pct,0,1783704672.582973
3907,2,benign,38657,window_resampled_15pct,0,1783704672.582973
3908,2,benign,38658,window_resampled_15pct,0,1783704672.583089
3909,2,benign,12645,window_04_7pct,0,1783704672.583089
3910,2,benign,12810,window_04_7pct,0,1783704673.504935
3911,2,benign,43498,window_resampled_20pct,0,1783704673.505204
3912,2,benign,12812,window_04_7pct,0,1783704673.505204
3913,2,benign,12650,window_04_7pct,0,1783704673.908184
3914,2,benign,13060,window_04_7pct,0,1783704675.483248
3915,2,benign,12700,window_04_7pct,0,1783704679.717587
3916,2,benign,12703,window_04_7pct,0,1783704679.717989
3917,2,benign,43501,window_resampled_20pct,0,1783704679.717989
3918,2,benign,12975,window_04_7pct,0,1783704683.612991
3919,2,benign,38663,window_resampled_15pct,0,1783704684.420051
3920,2,benign,12778,window_04_7pct,0,1783704684.420051
3921,2,benign,12692,window_04_7pct,0,1783704687.3036
3922,2,benign,12859,window_04_7pct,0,1783704698.183321
3923,2,benign,12959,window_04_7pct,0,1783704698.711082
3924,2,benign,12960,window_04_7pct,0,1783704698.711187
3925,2,benign,12961,window_04_7pct,0,1783704698.711525
3926,2,benign,12706,window_04_7pct,0,1783704699.130689
3927,2,benign,43506,window_resampled_20pct,0,1783704699.130689
3928,2,benign,12704,window_04_7pct,0,1783704699.132414
3929,2,benign,38667,window_resampled_15pct,0,1783704699.132606
3930,2,benign,12705,window_04_7pct,0,1783704699.132606
3931,2,benign,12714,window_04_7pct,0,1783704702.755906
3932,2,benign,12718,window_04_7pct,0,1783704702.756091
3933,2,benign,43508,window_resampled_20pct,0,1783704703.229082
3934,2,benign,12737,window_04_7pct,0,1783704703.229082
3935,2,benign,38670,window_resampled_15pct,0,1783704704.045106
3936,2,benign,12846,window_04_7pct,0,1783704704.045106
3937,2,benign,12783,window_04_7pct,0,1783704706.469926
3938,2,benign,12791,window_04_7pct,0,1783704712.856247
3939,2,benign,12793,window_04_7pct,0,1783704712.856412
3940,2,benign,12946,window_04_7pct,0,1783704720.327602
3941,2,benign,43514,window_resampled_20pct,0,1783704720.327602
3942,2,benign,12944,window_04_7pct,0,1783704720.328839
3943,2,benign,12751,window_04_7pct,0,1783704720.38524
3944,2,benign,12757,window_04_7pct,0,1783704721.038825
3945,2,benign,43517,window_resampled_20pct,0,1783704726.910408
3946,2,benign,12864,window_04_7pct,0,1783704726.910408
3947,2,benign,12786,window_04_7pct,0,1783704728.435644
3948,2,benign,12787,window_04_7pct,0,1783704728.436229
3949,2,benign,13040,window_04_7pct,0,1783704732.130404
3950,2,benign,38681,window_resampled_15pct,0,1783704732.131543
3951,2,benign,13037,window_04_7pct,0,1783704732.131543
3952,2,benign,12850,window_04_7pct,0,1783704733.174352
3953,2,benign,12803,window_04_7pct,0,1783704733.670774
3954,2,benign,12829,window_04_7pct,0,1783704735.396811
3955,2,benign,43521,window_resampled_20pct,0,1783704740.631534
3956,2,benign,12819,window_04_7pct,0,1783704740.631534
3957,2,benign,12834,window_04_7pct,0,1783704744.064403
3958,2,benign,12922,window_04_7pct,0,1783704747.747491
3959,2,benign,12842,window_04_7pct,0,1783704749.661972
3960,2,benign,12941,window_04_7pct,0,1783704750.255081
3961,2,benign,43523,window_resampled_20pct,0,1783704750.255081
3962,2,benign,13035,window_04_7pct,0,1783704770.165305
3963,2,benign,12866,window_04_7pct,0,1783704774.128325
3964,2,benign,12919,window_04_7pct,0,1783704774.14192
3965,2,benign,43531,window_resampled_20pct,0,1783704774.142066
3966,2,benign,12917,window_04_7pct,0,1783704774.142066
3967,2,benign,12876,window_04_7pct,0,1783704775.583691
3968,2,benign,43532,window_resampled_20pct,0,1783704775.583691
3969,2,benign,12872,window_04_7pct,0,1783704775.585482
3970,2,benign,38689,window_resampled_15pct,0,1783704775.585482
3971,2,benign,13067,window_04_7pct,0,1783704784.008979
3972,2,benign,12893,window_04_7pct,0,1783704784.7668
3973,2,benign,13078,window_04_7pct,0,1783704795.636778
3974,2,benign,43541,window_resampled_20pct,0,1783704795.636778
3975,2,benign,12926,window_04_7pct,0,1783704806.19066
3976,2,benign,12927,window_04_7pct,0,1783704806.190779
3977,2,benign,13006,window_04_7pct,0,1783704810.907357
3978,2,benign,43547,window_resampled_20pct,0,1783704814.78381
3979,2,benign,13070,window_04_7pct,0,1783704814.78381
3980,2,benign,12985,window_04_7pct,0,1783704815.112761
3981,2,benign,12996,window_04_7pct,0,1783704817.909633
3982,2,benign,12992,window_04_7pct,0,1783704817.910033
3983,2,benign,12995,window_04_7pct,0,1783704817.912727
3984,2,benign,13115,window_04_7pct,0,1783704825.96414
3985,2,benign,13013,window_04_7pct,0,1783704828.142678
3986,2,benign,38709,window_resampled_15pct,0,1783704828.145274
3987,2,benign,13009,window_04_7pct,0,1783704828.145274
3988,2,benign,13024,window_04_7pct,0,1783704830.831644
3989,2,benign,13028,window_04_7pct,0,1783704831.055169
3990,2,benign,38712,window_resampled_15pct,0,1783704831.055169
3991,2,benign,13171,window_04_7pct,0,1783704831.335998
3992,2,benign,13121,window_04_7pct,0,1783704835.941428
3993,2,benign,13044,window_04_7pct,0,1783704837.517858
3994,2,benign,13045,window_04_7pct,0,1783704837.518104
3995,2,benign,13140,window_04_7pct,0,1783704842.92578
3996,2,benign,38718,window_resampled_15pct,0,1783704844.85486
3997,2,benign,13102,window_04_7pct,0,1783704844.85486
3998,2,benign,13089,window_04_7pct,0,1783704863.22319
3999,2,benign,13100,window_04_7pct,0,1783704874.503579
4000,2,benign,13209,window_04_7pct,0,1783704875.127659
4001,2,benign,13128,window_04_7pct,0,1783704880.080195
4002,2,benign,13131,window_04_7pct,0,1783704880.091872
4003,2,benign,13178,window_04_7pct,0,1783704885.967232
4004,2,benign,43562,window_resampled_20pct,0,1783704885.967232
4005,2,benign,13149,window_04_7pct,0,1783704893.919904
4006,2,benign,13150,window_04_7pct,0,1783704893.943533
4007,2,benign,13223,window_04_7pct,0,1783704906.044779
4008,2,benign,13346,window_04_7pct,0,1783704908.704755
4009,2,benign,13242,window_04_7pct,0,1783704910.939179
4010,2,benign,13195,window_04_7pct,0,1783704915.714643
4011,2,benign,13193,window_04_7pct,0,1783704919.270558
4012,2,benign,13192,window_04_7pct,0,1783704919.271943
4013,2,benign,13197,window_04_7pct,0,1783704929.605279
4014,2,benign,13201,window_04_7pct,0,1783704929.606453
4015,2,benign,13233,window_04_7pct,0,1783704949.869529
4016,2,benign,38733,window_resampled_15pct,0,1783704950.756746
4017,2,benign,13313,window_04_7pct,0,1783704950.756746
4018,2,benign,13260,window_04_7pct,0,1783704960.472838
4019,2,benign,13259,window_04_7pct,0,1783704960.551389
4020,2,benign,13266,window_04_7pct,0,1783704965.910408
4021,2,benign,13276,window_04_7pct,0,1783704970.99874
4022,2,benign,13318,window_04_7pct,0,1783704973.011071
4023,2,benign,13502,window_04_7pct,0,1783704976.054691
4024,2,benign,43585,window_resampled_20pct,0,1783704976.054691
4025,2,benign,13298,window_04_7pct,0,1783704979.157979
4026,2,benign,43589,window_resampled_20pct,0,1783704979.157979
4027,2,benign,13290,window_04_7pct,0,1783704999.345427
4028,2,benign,13293,window_04_7pct,0,1783705000.316739
4029,2,benign,13292,window_04_7pct,0,1783705000.316903
4030,2,benign,13308,window_04_7pct,0,1783705000.414807
4031,2,benign,43595,window_resampled_20pct,0,1783705000.414807
4032,2,benign,13330,window_04_7pct,0,1783705012.515656
4033,2,benign,13328,window_04_7pct,0,1783705016.866309
4034,2,benign,38744,window_resampled_15pct,0,1783705016.866309
4035,2,benign,13324,window_04_7pct,0,1783705016.868497
4036,2,benign,13335,window_04_7pct,0,1783705020.113045
4037,2,benign,13333,window_04_7pct,0,1783705020.114486
4038,2,benign,13407,window_04_7pct,0,1783705022.021121
4039,2,benign,13410,window_04_7pct,0,1783705023.630781
4040,2,benign,13366,window_04_7pct,0,1783705040.94455
4041,2,benign,13356,window_04_7pct,0,1783705043.037299
4042,2,benign,13371,window_04_7pct,0,1783705045.678005
4043,2,benign,13379,window_04_7pct,0,1783705049.367113
4044,2,benign,43602,window_resampled_20pct,0,1783705049.367113
4045,2,benign,13375,window_04_7pct,0,1783705049.36926
4046,2,benign,13397,window_04_7pct,0,1783705049.763278
4047,2,benign,13584,window_04_7pct,0,1783705052.288134
4048,2,benign,13583,window_04_7pct,0,1783705052.288985
4049,2,benign,38752,window_resampled_15pct,0,1783705052.288985
4050,2,benign,13388,window_04_7pct,0,1783705052.872747
4051,2,benign,43605,window_resampled_20pct,0,1783705052.872747
4052,2,benign,43606,window_resampled_20pct,0,1783705052.874519
4053,2,benign,13386,window_04_7pct,0,1783705052.874519
4054,2,benign,13391,window_04_7pct,0,1783705056.318954
4055,2,benign,38754,window_resampled_15pct,0,1783705056.34275
4056,2,benign,13394,window_04_7pct,0,1783705056.34275
4057,2,benign,13392,window_04_7pct,0,1783705056.344682
4058,2,benign,13487,window_04_7pct,0,1783705076.259381
4059,2,benign,38756,window_resampled_15pct,0,1783705076.266791
4060,2,benign,13486,window_04_7pct,0,1783705076.266791
4061,2,benign,13488,window_04_7pct,0,1783705076.268277
4062,2,benign,43610,window_resampled_20pct,0,1783705076.268277
4063,2,benign,13491,window_04_7pct,0,1783705076.268459
4064,2,benign,43611,window_resampled_20pct,0,1783705076.268459
4065,2,benign,13490,window_04_7pct,0,1783705076.268581
4066,2,benign,13417,window_04_7pct,0,1783705085.998595
4067,2,benign,13463,window_04_7pct,0,1783705094.490708
4068,2,benign,13466,window_04_7pct,0,1783705094.497533
4069,2,benign,13508,window_04_7pct,0,1783705100.55837
4070,2,benign,13596,window_04_7pct,0,1783705100.757714
4071,2,benign,13561,window_04_7pct,0,1783705100.768953
4072,2,benign,13449,window_04_7pct,0,1783705107.362905
4073,2,benign,43615,window_resampled_20pct,0,1783705107.36501
4074,2,benign,13447,window_04_7pct,0,1783705107.36501
4075,2,benign,13470,window_04_7pct,0,1783705116.506691
4076,2,benign,38760,window_resampled_15pct,0,1783705116.523586
4077,2,benign,13472,window_04_7pct,0,1783705116.523586
4078,2,benign,13497,window_04_7pct,0,1783705116.709727
4079,2,benign,13499,window_04_7pct,0,1783705116.709823
4080,2,benign,13485,window_04_7pct,0,1783705131.160022
4081,2,benign,43620,window_resampled_20pct,0,1783705131.162713
4082,2,benign,13482,window_04_7pct,0,1783705131.162713
4083,2,benign,43621,window_resampled_20pct,0,1783705151.621418
4084,2,benign,13586,window_04_7pct,0,1783705151.621418
4085,2,benign,13540,window_04_7pct,0,1783705154.47106
4086,2,benign,13541,window_04_7pct,0,1783705154.472302
4087,2,benign,13514,window_04_7pct,0,1783705162.824973
4088,2,benign,13576,window_04_7pct,0,1783705164.870641
4089,2,benign,13534,window_04_7pct,0,1783705183.40883
4090,2,benign,13535,window_04_7pct,0,1783705183.412773
4091,2,benign,13580,window_04_7pct,0,1783705190.194408
4092,2,benign,13581,window_04_7pct,0,1783705190.194441
4093,2,benign,38772,window_resampled_15pct,0,1783706086.806389
4094,2,benign,13629,window_05_12pct,0,1783706086.806389
4095,2,benign,43627,window_resampled_20pct,0,1783706263.500736
4096,2,benign,13648,window_05_12pct,0,1783706263.500736
4097,2,benign,13702,window_05_12pct,0,1783706274.836411
4098,2,benign,13652,window_05_12pct,0,1783706296.55413
4099,2,benign,13703,window_05_12pct,0,1783706317.304953
4100,2,benign,13699,window_05_12pct,0,1783706317.305165
4101,2,benign,13700,window_05_12pct,0,1783706317.305378
4102,2,benign,13610,window_05_12pct,0,1783706324.782056
4103,2,benign,38777,window_resampled_15pct,0,1783706324.782056
4104,2,benign,13842,window_05_12pct,0,1783706366.823474
4105,2,benign,38779,window_resampled_15pct,0,1783706366.823474
4106,2,benign,13787,window_05_12pct,0,1783706366.824474
4107,2,benign,13619,window_05_12pct,0,1783706376.170552
4108,2,benign,13616,window_05_12pct,0,1783706376.193422
4109,2,benign,38783,window_resampled_15pct,0,1783706376.193422
4110,2,benign,13624,window_05_12pct,0,1783706400.075969
4111,2,benign,13626,window_05_12pct,0,1783706400.093459
4112,2,benign,13694,window_05_12pct,0,1783706403.848178
4113,2,benign,13696,window_05_12pct,0,1783706403.84916
4114,2,benign,13674,window_05_12pct,0,1783706404.254644
4115,2,benign,13665,window_05_12pct,0,1783706410.025567
4116,2,benign,13638,window_05_12pct,0,1783706417.990904
4117,2,benign,13636,window_05_12pct,0,1783706417.991002
4118,2,benign,13677,window_05_12pct,0,1783706438.176543
4119,2,benign,38792,window_resampled_15pct,0,1783706438.176543
4120,2,benign,13679,window_05_12pct,0,1783706438.176773
4121,2,benign,13684,window_05_12pct,0,1783706439.942282
4122,2,benign,13682,window_05_12pct,0,1783706439.944358
4123,2,benign,13771,window_05_12pct,0,1783706447.131523
4124,2,benign,43648,window_resampled_20pct,0,1783706468.650237
4125,2,benign,13716,window_05_12pct,0,1783706468.650237
4126,2,benign,38802,window_resampled_15pct,0,1783706472.630666
4127,2,benign,13800,window_05_12pct,0,1783706472.630666
4128,2,benign,13801,window_05_12pct,0,1783706472.632631
4129,2,benign,43651,window_resampled_20pct,0,1783706472.632631
4130,2,benign,13788,window_05_12pct,0,1783706483.485853
4131,2,benign,13736,window_05_12pct,0,1783706483.587202
4132,2,benign,13733,window_05_12pct,0,1783706483.588358
4133,2,benign,13735,window_05_12pct,0,1783706483.588469
4134,2,benign,13740,window_05_12pct,0,1783706484.185341
4135,2,benign,13738,window_05_12pct,0,1783706484.186985
4136,2,benign,38805,window_resampled_15pct,0,1783706484.187235
4137,2,benign,13741,window_05_12pct,0,1783706484.187235
4138,2,benign,13766,window_05_12pct,0,1783706487.28563
4139,2,benign,13763,window_05_12pct,0,1783706487.432806
4140,2,benign,38808,window_resampled_15pct,0,1783706487.432806
4141,2,benign,13782,window_05_12pct,0,1783706505.59277
4142,2,benign,13794,window_05_12pct,0,1783706517.581398
4143,2,benign,38811,window_resampled_15pct,0,1783706517.581398
4144,2,benign,13951,window_05_12pct,0,1783706521.035203
4145,2,benign,13869,window_05_12pct,0,1783706527.348384
4146,2,benign,13823,window_05_12pct,0,1783706534.906528
4147,2,benign,13829,window_05_12pct,0,1783706540.581642
4148,2,benign,13828,window_05_12pct,0,1783706540.583523
4149,2,benign,13848,window_05_12pct,0,1783706545.928301
4150,2,benign,13849,window_05_12pct,0,1783706545.958582
4151,2,benign,43661,window_resampled_20pct,0,1783706545.958582
4152,2,benign,13861,window_05_12pct,0,1783706546.618125
4153,2,benign,14145,window_05_12pct,0,1783706547.353623
4154,2,benign,13874,window_05_12pct,0,1783706547.63305
4155,2,benign,13870,window_05_12pct,0,1783706547.634404
4156,2,benign,38817,window_resampled_15pct,0,1783706547.634404
4157,2,benign,13873,window_05_12pct,0,1783706547.638397
4158,2,benign,13851,window_05_12pct,0,1783706548.159564
4159,2,benign,13853,window_05_12pct,0,1783706548.181606
4160,2,benign,43662,window_resampled_20pct,0,1783706548.181606
4161,2,benign,14009,window_05_12pct,0,1783706557.010476
4162,2,benign,13938,window_05_12pct,0,1783706557.011776
4163,2,benign,43663,window_resampled_20pct,0,1783706557.011776
4164,2,benign,13885,window_05_12pct,0,1783706560.863736
4165,2,benign,38821,window_resampled_15pct,0,1783706560.863736
4166,2,benign,13887,window_05_12pct,0,1783706560.864036
4167,2,benign,13883,window_05_12pct,0,1783706560.864177
4168,2,benign,43665,window_resampled_20pct,0,1783706560.864177
4169,2,benign,13922,window_05_12pct,0,1783706562.06971
4170,2,benign,13920,window_05_12pct,0,1783706562.076789
4171,2,benign,13919,window_05_12pct,0,1783706562.077199
4172,2,benign,43666,window_resampled_20pct,0,1783706562.077199
4173,2,benign,13881,window_05_12pct,0,1783706569.501326
4174,2,benign,13893,window_05_12pct,0,1783706582.829207
4175,2,benign,38825,window_resampled_15pct,0,1783706582.829207
4176,2,benign,13895,window_05_12pct,0,1783706582.850896
4177,2,benign,38827,window_resampled_15pct,0,1783706582.850896
4178,2,benign,13903,window_05_12pct,0,1783706583.006483
4179,2,benign,13901,window_05_12pct,0,1783706583.006589
4180,2,benign,13902,window_05_12pct,0,1783706583.00758
4181,2,benign,13904,window_05_12pct,0,1783706583.007936
4182,2,benign,13944,window_05_12pct,0,1783706598.69548
4183,2,benign,13941,window_05_12pct,0,1783706598.70152
4184,2,benign,38830,window_resampled_15pct,0,1783706598.70152
4185,2,benign,14141,window_05_12pct,0,1783706605.035897
4186,2,benign,13915,window_05_12pct,0,1783706609.0342
4187,2,benign,13925,window_05_12pct,0,1783706614.81721
4188,2,benign,13928,window_05_12pct,0,1783706614.81744
4189,2,benign,13927,window_05_12pct,0,1783706614.81782
4190,2,benign,43674,window_resampled_20pct,0,1783706614.81782
4191,2,benign,38831,window_resampled_15pct,0,1783706620.373904
4192,2,benign,13932,window_05_12pct,0,1783706620.373904
4193,2,benign,13933,window_05_12pct,0,1783706620.399096
4194,2,benign,13947,window_05_12pct,0,1783706620.649456
4195,2,benign,13945,window_05_12pct,0,1783706620.65089
4196,2,benign,13961,window_05_12pct,0,1783706629.402724
4197,2,benign,43677,window_resampled_20pct,0,1783706629.402724
4198,2,benign,13963,window_05_12pct,0,1783706629.40524
4199,2,benign,43678,window_resampled_20pct,0,1783706629.40524
4200,2,benign,13960,window_05_12pct,0,1783706629.405946
4201,2,benign,14183,window_05_12pct,0,1783706649.329813
4202,2,benign,13993,window_05_12pct,0,1783706662.577135
4203,2,benign,43682,window_resampled_20pct,0,1783706662.577135
4204,2,benign,13992,window_05_12pct,0,1783706662.579411
4205,2,benign,14000,window_05_12pct,0,1783706669.429665
4206,2,benign,13997,window_05_12pct,0,1783706669.429993
4207,2,benign,14002,window_05_12pct,0,1783706681.410886
4208,2,benign,14004,window_05_12pct,0,1783706681.411345
4209,2,benign,14007,window_05_12pct,0,1783706681.413224
4210,2,benign,14003,window_05_12pct,0,1783706681.41344
4211,2,benign,14025,window_05_12pct,0,1783706688.241549
4212,2,benign,43686,window_resampled_20pct,0,1783706688.241756
4213,2,benign,14023,window_05_12pct,0,1783706688.241756
4214,2,benign,38846,window_resampled_15pct,0,1783706688.82505
4215,2,benign,14083,window_05_12pct,0,1783706688.82505
4216,2,benign,14177,window_05_12pct,0,1783706690.419102
4217,2,benign,14144,window_05_12pct,0,1783706692.497148
4218,2,benign,43691,window_resampled_20pct,0,1783706692.497148
4219,2,benign,14143,window_05_12pct,0,1783706692.497148
4220,2,benign,14120,window_05_12pct,0,1783706696.300864
4221,2,benign,14071,window_05_12pct,0,1783706698.150197
4222,2,benign,14074,window_05_12pct,0,1783706698.159377
4223,2,benign,14072,window_05_12pct,0,1783706698.159805
4224,2,benign,14198,window_05_12pct,0,1783706698.501639
4225,2,benign,43693,window_resampled_20pct,0,1783706698.501639
4226,2,benign,14058,window_05_12pct,0,1783706699.095635
4227,2,benign,14065,window_05_12pct,0,1783706707.726612
4228,2,benign,14067,window_05_12pct,0,1783706707.730722
4229,2,benign,14066,window_05_12pct,0,1783706707.733181
4230,2,benign,38851,window_resampled_15pct,0,1783706707.733181
4231,2,benign,14199,window_05_12pct,0,1783706709.139215
4232,2,benign,14098,window_05_12pct,0,1783706714.928665
4233,2,benign,38854,window_resampled_15pct,0,1783706720.23507
4234,2,benign,14111,window_05_12pct,0,1783706720.23507
4235,2,benign,14113,window_05_12pct,0,1783706720.258416
4236,2,benign,14114,window_05_12pct,0,1783706720.25895
4237,2,benign,14115,window_05_12pct,0,1783706720.259045
4238,2,benign,14110,window_05_12pct,0,1783706720.259182
4239,2,benign,14246,window_05_12pct,0,1783706721.631318
4240,2,benign,43698,window_resampled_20pct,0,1783706721.631318
4241,2,benign,14244,window_05_12pct,0,1783706721.637487
4242,2,benign,43700,window_resampled_20pct,0,1783706721.637487
4243,2,benign,14153,window_05_12pct,0,1783706724.701763
4244,2,benign,14182,window_05_12pct,0,1783706725.925591
4245,2,benign,14135,window_05_12pct,0,1783706727.501943
4246,2,benign,14131,window_05_12pct,0,1783706727.502201
4247,2,benign,38860,window_resampled_15pct,0,1783706727.502201
4248,2,benign,14133,window_05_12pct,0,1783706727.502429
4249,2,benign,14161,window_05_12pct,0,1783706736.046588
4250,2,benign,43705,window_resampled_20pct,0,1783706736.046588
4251,2,benign,14259,window_05_12pct,0,1783706741.598434
4252,2,benign,14251,window_05_12pct,0,1783706748.06105
4253,2,benign,14159,window_05_12pct,0,1783706750.888912
4254,2,benign,14157,window_05_12pct,0,1783706750.889103
4255,2,benign,14167,window_05_12pct,0,1783706754.734411
4256,2,benign,14168,window_05_12pct,0,1783706754.734592
4257,2,benign,14203,window_05_12pct,0,1783706768.112061
4258,2,benign,14267,window_05_12pct,0,1783706772.819193
4259,2,benign,14316,window_05_12pct,0,1783706774.030599
4260,2,benign,38874,window_resampled_15pct,0,1783706780.697355
4261,2,benign,14218,window_05_12pct,0,1783706780.697355
4262,2,benign,43709,window_resampled_20pct,0,1783706780.69914
4263,2,benign,14214,window_05_12pct,0,1783706780.69914
4264,2,benign,43710,window_resampled_20pct,0,1783706780.699502
4265,2,benign,14215,window_05_12pct,0,1783706780.699502
4266,2,benign,14221,window_05_12pct,0,1783706787.733685
4267,2,benign,43712,window_resampled_20pct,0,1783706787.733685
4268,2,benign,43713,window_resampled_20pct,0,1783706787.733819
4269,2,benign,14220,window_05_12pct,0,1783706787.733819
4270,2,benign,14236,window_05_12pct,0,1783706788.154311
4271,2,benign,14226,window_05_12pct,0,1783706789.087791
4272,2,benign,38875,window_resampled_15pct,0,1783706789.089527
4273,2,benign,14229,window_05_12pct,0,1783706789.089527
4274,2,benign,43716,window_resampled_20pct,0,1783706789.08974
4275,2,benign,14227,window_05_12pct,0,1783706789.08974
4276,2,benign,14328,window_05_12pct,0,1783706800.243997
4277,2,benign,14337,window_05_12pct,0,1783706801.407146
4278,2,benign,14276,window_05_12pct,0,1783706810.958535
4279,2,benign,38884,window_resampled_15pct,0,1783706810.958535
4280,2,benign,14763,window_05_12pct,0,1783706815.575069
4281,2,benign,14766,window_05_12pct,0,1783706815.576413
4282,2,benign,14289,window_05_12pct,0,1783706819.714001
4283,2,benign,14283,window_05_12pct,0,1783706820.029687
4284,2,benign,14298,window_05_12pct,0,1783706820.529358
4285,2,benign,14306,window_05_12pct,0,1783706821.624154
4286,2,benign,14303,window_05_12pct,0,1783706821.624217
4287,2,benign,43725,window_resampled_20pct,0,1783706821.624217
4288,2,benign,14307,window_05_12pct,0,1783706821.624468
4289,2,benign,14609,window_05_12pct,0,1783706823.624785
4290,2,benign,14610,window_05_12pct,0,1783706823.629463
4291,2,benign,14291,window_05_12pct,0,1783706826.059415
4292,2,benign,43727,window_resampled_20pct,0,1783706826.059415
4293,2,benign,38891,window_resampled_15pct,0,1783706826.080758
4294,2,benign,14293,window_05_12pct,0,1783706826.080758
4295,2,benign,14292,window_05_12pct,0,1783706826.082209
4296,2,benign,43728,window_resampled_20pct,0,1783706833.17545
4297,2,benign,18489,window_05_12pct,0,1783706833.17545
4298,2,benign,14310,window_05_12pct,0,1783706838.406906
4299,2,benign,14312,window_05_12pct,0,1783706838.407157
4300,2,benign,38896,window_resampled_15pct,0,1783706838.407157
4301,2,benign,14619,window_05_12pct,0,1783706838.784357
4302,2,benign,38897,window_resampled_15pct,0,1783706838.784357
4303,2,benign,43730,window_resampled_20pct,0,1783706838.788676
4304,2,benign,14623,window_05_12pct,0,1783706838.788676
4305,2,benign,14720,window_05_12pct,0,1783706839.736655
4306,2,benign,14910,window_05_12pct,0,1783706847.208131
4307,2,benign,14825,window_05_12pct,0,1783706847.210108
4308,2,benign,14330,window_05_12pct,0,1783706848.336565
4309,2,benign,14359,window_05_12pct,0,1783706848.418533
4310,2,benign,43734,window_resampled_20pct,0,1783706848.418533
4311,2,benign,14358,window_05_12pct,0,1783706848.418635
4312,2,benign,43735,window_resampled_20pct,0,1783706848.418635
4313,2,benign,14360,window_05_12pct,0,1783706848.420276
4314,2,benign,14354,window_05_12pct,0,1783706855.095365
4315,2,benign,14975,window_05_12pct,0,1783706856.370328
4316,2,benign,43736,window_resampled_20pct,0,1783706856.370328
4317,2,benign,14816,window_05_12pct,0,1783706868.755416
4318,2,benign,43740,window_resampled_20pct,0,1783706868.838359
4319,2,benign,14371,window_05_12pct,0,1783706868.838359
4320,2,benign,14375,window_05_12pct,0,1783706868.839978
4321,2,benign,14616,window_05_12pct,0,1783706869.081619
4322,2,benign,14615,window_05_12pct,0,1783706869.081808
4323,2,benign,14725,window_05_12pct,0,1783706869.377894
4324,2,benign,14724,window_05_12pct,0,1783706869.379852
4325,2,benign,14385,window_05_12pct,0,1783706873.002267
4326,2,benign,14386,window_05_12pct,0,1783706873.00246
4327,2,benign,43742,window_resampled_20pct,0,1783706873.00246
4328,2,benign,14382,window_05_12pct,0,1783706873.002736
4329,2,benign,14730,window_05_12pct,0,1783706879.99191
4330,2,benign,38909,window_resampled_15pct,0,1783706879.99191
4331,2,benign,43823,window_resampled_20pct,0,1783706887.668599
4332,2,benign,14588,window_05_12pct,0,1783706887.668599
4333,2,benign,43824,window_resampled_20pct,0,1783706887.668871
4334,2,benign,14589,window_05_12pct,0,1783706887.668871
4335,2,benign,14767,window_05_12pct,0,1783706920.877625
4336,2,benign,38975,window_resampled_15pct,0,1783706940.501166
4337,2,benign,14893,window_05_12pct,0,1783706940.501166
4338,2,benign,14753,window_05_12pct,0,1783706942.32155
4339,2,benign,14900,window_05_12pct,0,1783706948.877797
4340,2,benign,43840,window_resampled_20pct,0,1783706959.457727
4341,2,benign,14790,window_05_12pct,0,1783706959.457727
4342,2,benign,14791,window_05_12pct,0,1783706959.457996
4343,2,benign,14874,window_05_12pct,0,1783706962.055268
4344,2,benign,14877,window_05_12pct,0,1783706962.055401
4345,2,benign,14809,window_05_12pct,0,1783706970.953339
4346,2,benign,14808,window_05_12pct,0,1783706970.957566
4347,2,benign,14810,window_05_12pct,0,1783706970.957676
4348,2,benign,43842,window_resampled_20pct,0,1783706970.957676
4349,2,benign,14823,window_05_12pct,0,1783706971.949326
4350,2,benign,38989,window_resampled_15pct,0,1783706971.949326
4351,2,benign,14820,window_05_12pct,0,1783706971.949503
4352,2,benign,38990,window_resampled_15pct,0,1783706971.949503
4353,2,benign,14841,window_05_12pct,0,1783706989.290598
4354,2,benign,14845,window_05_12pct,0,1783706989.29515
4355,2,benign,14842,window_05_12pct,0,1783706989.295419
4356,2,benign,14961,window_05_12pct,0,1783706991.056842
4357,2,benign,14862,window_05_12pct,0,1783706992.081648
4358,2,benign,14852,window_05_12pct,0,1783706995.758495
4359,2,benign,43852,window_resampled_20pct,0,1783706995.758495
4360,2,benign,14856,window_05_12pct,0,1783707000.990963
4361,2,benign,14859,window_05_12pct,0,1783707001.012638
4362,2,benign,14857,window_05_12pct,0,1783707001.012764
4363,2,benign,14883,window_05_12pct,0,1783707006.920254
4364,2,benign,43854,window_resampled_20pct,0,1783707006.920427
4365,2,benign,14880,window_05_12pct,0,1783707006.920427
4366,2,benign,15056,window_05_12pct,0,1783707011.471649
4367,2,benign,15055,window_05_12pct,0,1783707011.477477
4368,2,benign,15057,window_05_12pct,0,1783707011.478199
4369,2,benign,39001,window_resampled_15pct,0,1783707011.478199
4370,2,benign,15058,window_05_12pct,0,1783707011.478402
4371,2,benign,43858,window_resampled_20pct,0,1783707024.808733
4372,2,benign,14919,window_05_12pct,0,1783707024.808733
4373,2,benign,14920,window_05_12pct,0,1783707024.809012
4374,2,benign,39002,window_resampled_15pct,0,1783707025.493148
4375,2,benign,14991,window_05_12pct,0,1783707025.493148
4376,2,benign,14994,window_05_12pct,0,1783707025.497684
4377,2,benign,14924,window_05_12pct,0,1783707027.826317
4378,2,benign,14926,window_05_12pct,0,1783707027.850161
4379,2,benign,14951,window_05_12pct,0,1783707029.510526
4380,2,benign,14955,window_05_12pct,0,1783707039.696646
4381,2,benign,14957,window_05_12pct,0,1783707039.72265
4382,2,benign,14958,window_05_12pct,0,1783707039.722849
4383,2,benign,14978,window_05_12pct,0,1783707041.679203
4384,2,benign,39006,window_resampled_15pct,0,1783707041.679542
4385,2,benign,14981,window_05_12pct,0,1783707041.679542
4386,2,benign,14969,window_05_12pct,0,1783707047.367059
4387,2,benign,14964,window_05_12pct,0,1783707047.368986
4388,2,benign,15024,window_05_12pct,0,1783707047.590373
4389,2,benign,15339,window_05_12pct,0,1783707053.913265
4390,2,benign,15003,window_05_12pct,0,1783707068.649013
4391,2,benign,15004,window_05_12pct,0,1783707068.650845
4392,2,benign,39012,window_resampled_15pct,0,1783707068.650845
4393,2,benign,15006,window_05_12pct,0,1783707071.110478
4394,2,benign,15009,window_05_12pct,0,1783707071.111238
4395,2,benign,15010,window_05_12pct,0,1783707071.111362
4396,2,benign,39014,window_resampled_15pct,0,1783707071.111362
4397,2,benign,15007,window_05_12pct,0,1783707071.111731
4398,2,benign,15038,window_05_12pct,0,1783707076.873275
4399,2,benign,43870,window_resampled_20pct,0,1783707076.873275
4400,2,benign,15380,window_05_12pct,0,1783707082.351383
4401,2,benign,15040,window_05_12pct,0,1783707089.023566
4402,2,benign,15086,window_05_12pct,0,1783707090.110844
4403,2,benign,39021,window_resampled_15pct,0,1783707090.110844
4404,2,benign,43871,window_resampled_20pct,0,1783707090.901307
4405,2,benign,15110,window_05_12pct,0,1783707090.901307
4406,2,benign,15116,window_05_12pct,0,1783707091.338007
4407,2,benign,15619,window_05_12pct,0,1783707103.318414
4408,2,benign,15063,window_05_12pct,0,1783707104.896675
4409,2,benign,15061,window_05_12pct,0,1783707104.896853
4410,2,benign,15064,window_05_12pct,0,1783707105.429446
4411,2,benign,15065,window_05_12pct,0,1783707105.429516
4412,2,benign,43876,window_resampled_20pct,0,1783707105.429516
4413,2,benign,15215,window_05_12pct,0,1783707111.007764
4414,2,benign,39026,window_resampled_15pct,0,1783707112.907395
4415,2,benign,15071,window_05_12pct,0,1783707112.907395
4416,2,benign,39027,window_resampled_15pct,0,1783707112.914417
4417,2,benign,15073,window_05_12pct,0,1783707112.914417
4418,2,benign,15070,window_05_12pct,0,1783707112.914614
4419,2,benign,43877,window_resampled_20pct,0,1783707112.914614
4420,2,benign,43878,window_resampled_20pct,0,1783707117.283985
4421,2,benign,15221,window_05_12pct,0,1783707117.283985
4422,2,benign,15220,window_05_12pct,0,1783707117.284201
4423,2,benign,39028,window_resampled_15pct,0,1783707117.284201
4424,2,benign,15225,window_05_12pct,0,1783707127.200076
4425,2,benign,15091,window_05_12pct,0,1783707127.923823
4426,2,benign,39031,window_resampled_15pct,0,1783707127.923991
4427,2,benign,15089,window_05_12pct,0,1783707127.923991
4428,2,benign,39032,window_resampled_15pct,0,1783707130.065121
4429,2,benign,15094,window_05_12pct,0,1783707130.065121
4430,2,benign,15121,window_05_12pct,0,1783707134.385843
4431,2,benign,15122,window_05_12pct,0,1783707134.386129
4432,2,benign,15205,window_05_12pct,0,1783707135.10189
4433,2,benign,15201,window_05_12pct,0,1783707135.102684
4434,2,benign,15129,window_05_12pct,0,1783707136.159904
4435,2,benign,39038,window_resampled_15pct,0,1783707136.159904
4436,2,benign,39039,window_resampled_15pct,0,1783707136.160085
4437,2,benign,15128,window_05_12pct,0,1783707136.160085
4438,2,benign,15134,window_05_12pct,0,1783707137.626494
4439,2,benign,15132,window_05_12pct,0,1783707137.628783
4440,2,benign,39040,window_resampled_15pct,0,1783707137.628783
4441,2,benign,15147,window_05_12pct,0,1783707139.538796
4442,2,benign,15148,window_05_12pct,0,1783707139.552596
4443,2,benign,15145,window_05_12pct,0,1783707139.553509
4444,2,benign,15314,window_05_12pct,0,1783707146.260393
4445,2,benign,15171,window_05_12pct,0,1783707159.25878
4446,2,benign,15175,window_05_12pct,0,1783707159.28692
4447,2,benign,15197,window_05_12pct,0,1783707162.074567
4448,2,benign,43892,window_resampled_20pct,0,1783707162.074567
4449,2,benign,15195,window_05_12pct,0,1783707162.0748
4450,2,benign,15248,window_05_12pct,0,1783707163.822665
4451,2,benign,15249,window_05_12pct,0,1783707163.822767
4452,2,benign,39047,window_resampled_15pct,0,1783707167.768343
4453,2,benign,15191,window_05_12pct,0,1783707167.768343
4454,2,benign,15183,window_05_12pct,0,1783707175.84767
4455,2,benign,15184,window_05_12pct,0,1783707175.848002
4456,2,benign,15211,window_05_12pct,0,1783707181.053122
4457,2,benign,15210,window_05_12pct,0,1783707181.055455
4458,2,benign,15208,window_05_12pct,0,1783707181.055653
4459,2,benign,15373,window_05_12pct,0,1783707183.420147
4460,2,benign,15369,window_05_12pct,0,1783707183.421293
4461,2,benign,43897,window_resampled_20pct,0,1783707183.421293
4462,2,benign,15242,window_05_12pct,0,1783707184.052583
4463,2,benign,39049,window_resampled_15pct,0,1783707184.05266
4464,2,benign,15244,window_05_12pct,0,1783707184.05266
4465,2,benign,15243,window_05_12pct,0,1783707184.052911
4466,2,benign,15233,window_05_12pct,0,1783707187.828244
4467,2,benign,15387,window_05_12pct,0,1783707190.435882
4468,2,benign,15269,window_05_12pct,0,1783707206.211702
4469,2,benign,15279,window_05_12pct,0,1783707207.112231
4470,2,benign,15275,window_05_12pct,0,1783707207.114431
4471,2,benign,43907,window_resampled_20pct,0,1783707207.787861
4472,2,benign,15285,window_05_12pct,0,1783707207.787861
4473,2,benign,15293,window_05_12pct,0,1783707209.647962
4474,2,benign,15295,window_05_12pct,0,1783707209.664851
4475,2,benign,15292,window_05_12pct,0,1783707209.665036
4476,2,benign,15306,window_05_12pct,0,1783707210.164008
4477,2,benign,15305,window_05_12pct,0,1783707210.165337
4478,2,benign,15358,window_05_12pct,0,1783707216.106637
4479,2,benign,39064,window_resampled_15pct,0,1783707217.287572
4480,2,benign,15452,window_05_12pct,0,1783707217.287572
4481,2,benign,43916,window_resampled_20pct,0,1783707223.831194
4482,2,benign,15334,window_05_12pct,0,1783707223.831194
4483,2,benign,15569,window_05_12pct,0,1783707230.982101
4484,2,benign,15573,window_05_12pct,0,1783707230.982806
4485,2,benign,15362,window_05_12pct,0,1783707234.225419
4486,2,benign,15364,window_05_12pct,0,1783707234.225987
4487,2,benign,43919,window_resampled_20pct,0,1783707234.225987
4488,2,benign,15365,window_05_12pct,0,1783707234.226107
4489,2,benign,15361,window_05_12pct,0,1783707234.226228
4490,2,benign,15464,window_05_12pct,0,1783707234.325184
4491,2,benign,15465,window_05_12pct,0,1783707234.33198
4492,2,benign,43921,window_resampled_20pct,0,1783707234.332235
4493,2,benign,15463,window_05_12pct,0,1783707234.332235
4494,2,benign,15445,window_05_12pct,0,1783707234.74786
4495,2,benign,15443,window_05_12pct,0,1783707234.749012
4496,2,benign,15398,window_05_12pct,0,1783707235.357664
4497,2,benign,15393,window_05_12pct,0,1783707235.373766
4498,2,benign,15396,window_05_12pct,0,1783707235.374866
4499,2,benign,15412,window_05_12pct,0,1783707239.493022
4500,2,benign,15414,window_05_12pct,0,1783707239.493382
4501,2,benign,15411,window_05_12pct,0,1783707239.494995
4502,2,benign,15425,window_05_12pct,0,1783707257.513867
4503,2,benign,15385,window_05_12pct,0,1783707259.057766
4504,2,benign,15381,window_05_12pct,0,1783707259.058006
4505,2,benign,39072,window_resampled_15pct,0,1783707259.059882
4506,2,benign,15384,window_05_12pct,0,1783707259.059882
4507,2,benign,43923,window_resampled_20pct,0,1783707259.06021
4508,2,benign,15382,window_05_12pct,0,1783707259.06021
4509,2,benign,15491,window_05_12pct,0,1783707260.610934
4510,2,benign,15407,window_05_12pct,0,1783707263.304792
4511,2,benign,15409,window_05_12pct,0,1783707263.306053
4512,2,benign,15539,window_05_12pct,0,1783707264.019581
4513,2,benign,15543,window_05_12pct,0,1783707264.023605
4514,2,benign,15553,window_05_12pct,0,1783707277.975403
4515,2,benign,43931,window_resampled_20pct,0,1783707284.855173
4516,2,benign,15460,window_05_12pct,0,1783707284.855173
4517,2,benign,15690,window_05_12pct,0,1783707295.138322
4518,2,benign,15691,window_05_12pct,0,1783707295.139186
4519,2,benign,15527,window_05_12pct,0,1783707296.160296
4520,2,benign,15480,window_05_12pct,0,1783707304.780586
4521,2,benign,15479,window_05_12pct,0,1783707304.782157
4522,2,benign,15481,window_05_12pct,0,1783707304.782292
4523,2,benign,15496,window_05_12pct,0,1783707306.942429
4524,2,benign,15580,window_05_12pct,0,1783707310.467104
4525,2,benign,15602,window_05_12pct,0,1783707313.804082
4526,2,benign,43937,window_resampled_20pct,0,1783707313.804082
4527,2,benign,39089,window_resampled_15pct,0,1783707313.804589
4528,2,benign,15599,window_05_12pct,0,1783707313.804589
4529,2,benign,15655,window_05_12pct,0,1783707314.328895
4530,2,benign,15658,window_05_12pct,0,1783707314.330994
4531,2,benign,39090,window_resampled_15pct,0,1783707315.172379
4532,2,benign,15514,window_05_12pct,0,1783707315.172379
4533,2,benign,15510,window_05_12pct,0,1783707315.176253
4534,2,benign,15509,window_05_12pct,0,1783707315.176527
4535,2,benign,15511,window_05_12pct,0,1783707315.178941
4536,2,benign,15512,window_05_12pct,0,1783707315.179256
4537,2,benign,39093,window_resampled_15pct,0,1783707323.161129
4538,2,benign,15535,window_05_12pct,0,1783707323.161129
4539,2,benign,15533,window_05_12pct,0,1783707323.162625
4540,2,benign,15981,window_05_12pct,0,1783707323.519685
4541,2,benign,15550,window_05_12pct,0,1783707332.333998
4542,2,benign,39096,window_resampled_15pct,0,1783707332.980755
4543,2,benign,15567,window_05_12pct,0,1783707332.980755
4544,2,benign,15565,window_05_12pct,0,1783707332.998029
4545,2,benign,15801,window_05_12pct,0,1783707339.485032
4546,2,benign,15984,window_05_12pct,0,1783707340.714494
4547,2,benign,15594,window_05_12pct,0,1783707341.950017
4548,2,benign,15576,window_05_12pct,0,1783707343.881336
4549,2,benign,15595,window_05_12pct,0,1783707348.352299
4550,2,benign,39100,window_resampled_15pct,0,1783707348.352299
4551,2,benign,15593,window_05_12pct,0,1783707348.352514
4552,2,benign,39101,window_resampled_15pct,0,1783707348.352514
4553,2,benign,15587,window_05_12pct,0,1783707348.503641
4554,2,benign,15985,window_05_12pct,0,1783707349.137358
4555,2,benign,15610,window_05_12pct,0,1783707350.566513
4556,2,benign,15608,window_05_12pct,0,1783707356.26601
4557,2,benign,15607,window_05_12pct,0,1783707356.267406
4558,2,benign,15649,window_05_12pct,0,1783707358.849934
4559,2,benign,16011,window_05_12pct,0,1783707361.227908
4560,2,benign,15627,window_05_12pct,0,1783707363.89215
4561,2,benign,15622,window_05_12pct,0,1783707363.916973
4562,2,benign,15623,window_05_12pct,0,1783707363.917357
4563,2,benign,15625,window_05_12pct,0,1783707363.917588
4564,2,benign,15629,window_05_12pct,0,1783707364.261857
4565,2,benign,15631,window_05_12pct,0,1783707364.261969
4566,2,benign,15630,window_05_12pct,0,1783707364.263926
4567,2,benign,15633,window_05_12pct,0,1783707364.264104
4568,2,benign,15632,window_05_12pct,0,1783707364.264292
4569,2,benign,15816,window_05_12pct,0,1783707373.415387
4570,2,benign,39111,window_resampled_15pct,0,1783707373.415758
4571,2,benign,15817,window_05_12pct,0,1783707373.415758
4572,2,benign,15639,window_05_12pct,0,1783707375.80261
4573,2,benign,15998,window_05_12pct,0,1783707378.996094
4574,2,benign,15643,window_05_12pct,0,1783707382.182726
4575,2,benign,39112,window_resampled_15pct,0,1783707382.1847
4576,2,benign,15644,window_05_12pct,0,1783707382.1847
4577,2,benign,15665,window_05_12pct,0,1783707385.298479
4578,2,benign,43959,window_resampled_20pct,0,1783707385.299568
4579,2,benign,15664,window_05_12pct,0,1783707385.299568
4580,2,benign,15671,window_05_12pct,0,1783707387.756966
4581,2,benign,15668,window_05_12pct,0,1783707387.757104
4582,2,benign,15669,window_05_12pct,0,1783707387.758938
4583,2,benign,15680,window_05_12pct,0,1783707391.636235
4584,2,benign,15678,window_05_12pct,0,1783707391.659854
4585,2,benign,15677,window_05_12pct,0,1783707391.660035
4586,2,benign,39115,window_resampled_15pct,0,1783707391.660035
4587,2,benign,15767,window_05_12pct,0,1783707391.991578
4588,2,benign,39116,window_resampled_15pct,0,1783707391.991578
4589,2,benign,39118,window_resampled_15pct,0,1783707399.610192
4590,2,benign,15695,window_05_12pct,0,1783707399.610192
4591,2,benign,15697,window_05_12pct,0,1783707399.63492
4592,2,benign,39119,window_resampled_15pct,0,1783707400.018996
4593,2,benign,15731,window_05_12pct,0,1783707400.018996
4594,2,benign,15732,window_05_12pct,0,1783707400.023711
4595,2,benign,39120,window_resampled_15pct,0,1783707400.023711
4596,2,benign,15703,window_05_12pct,0,1783707400.221083
4597,2,benign,39123,window_resampled_15pct,0,1783707404.721846
4598,2,benign,16064,window_05_12pct,0,1783707404.721846
4599,2,benign,15713,window_05_12pct,0,1783707406.671848
4600,2,benign,43965,window_resampled_20pct,0,1783707406.671848
4601,2,benign,15737,window_05_12pct,0,1783707413.006421
4602,2,benign,15738,window_05_12pct,0,1783707413.006768
4603,2,benign,15742,window_05_12pct,0,1783707413.597842
4604,2,benign,15764,window_05_12pct,0,1783707418.540063
4605,2,benign,43968,window_resampled_20pct,0,1783707418.540063
4606,2,benign,15781,window_05_12pct,0,1783707424.63283
4607,2,benign,15948,window_05_12pct,0,1783707425.043113
4608,2,benign,39134,window_resampled_15pct,0,1783707427.630934
4609,2,benign,15962,window_05_12pct,0,1783707427.630934
4610,2,benign,15770,window_05_12pct,0,1783707429.005677
4611,2,benign,15784,window_05_12pct,0,1783707434.807975
4612,2,benign,39136,window_resampled_15pct,0,1783707434.810859
4613,2,benign,15782,window_05_12pct,0,1783707434.810859
4614,2,benign,43971,window_resampled_20pct,0,1783707434.810983
4615,2,benign,15785,window_05_12pct,0,1783707434.810983
4616,2,benign,16033,window_05_12pct,0,1783707434.825677
4617,2,benign,15789,window_05_12pct,0,1783707436.562139
4618,2,benign,15860,window_05_12pct,0,1783707437.474622
4619,2,benign,15858,window_05_12pct,0,1783707437.474696
4620,2,benign,15859,window_05_12pct,0,1783707437.4765
4621,2,benign,15861,window_05_12pct,0,1783707437.476927
4622,2,benign,15857,window_05_12pct,0,1783707437.477181
4623,2,benign,39139,window_resampled_15pct,0,1783707437.477181
4624,2,benign,15793,window_05_12pct,0,1783707438.553615
4625,2,benign,15795,window_05_12pct,0,1783707438.558682
4626,2,benign,15794,window_05_12pct,0,1783707438.560557
4627,2,benign,43974,window_resampled_20pct,0,1783707440.719574
4628,2,benign,16008,window_05_12pct,0,1783707440.719574
4629,2,benign,15833,window_05_12pct,0,1783707449.847946
4630,2,benign,15957,window_05_12pct,0,1783707452.493674
4631,2,benign,43978,window_resampled_20pct,0,1783707452.493674
4632,2,benign,15827,window_05_12pct,0,1783707459.959421
4633,2,benign,43980,window_resampled_20pct,0,1783707459.959421
4634,2,benign,15884,window_05_12pct,0,1783707461.153438
4635,2,benign,39143,window_resampled_15pct,0,1783707461.153438
4636,2,benign,15885,window_05_12pct,0,1783707461.153638
4637,2,benign,15841,window_05_12pct,0,1783707464.462662
4638,2,benign,15847,window_05_12pct,0,1783707465.216469
4639,2,benign,15845,window_05_12pct,0,1783707465.217967
4640,2,benign,15880,window_05_12pct,0,1783707465.830437
4641,2,benign,15870,window_05_12pct,0,1783707470.841372
4642,2,benign,15926,window_05_12pct,0,1783707471.659086
4643,2,benign,39149,window_resampled_15pct,0,1783707471.659086
4644,2,benign,15928,window_05_12pct,0,1783707471.659226
4645,2,benign,16197,window_05_12pct,0,1783707474.744277
4646,2,benign,15890,window_05_12pct,0,1783707475.921125
4647,2,benign,15891,window_05_12pct,0,1783707475.922951
4648,2,benign,15893,window_05_12pct,0,1783707476.107191
4649,2,benign,15895,window_05_12pct,0,1783707476.127109
4650,2,benign,15896,window_05_12pct,0,1783707476.127536
4651,2,benign,39153,window_resampled_15pct,0,1783707476.127536
4652,2,benign,15918,window_05_12pct,0,1783707477.662266
4653,2,benign,39154,window_resampled_15pct,0,1783707477.662266
4654,2,benign,43990,window_resampled_20pct,0,1783707478.265691
4655,2,benign,16044,window_05_12pct,0,1783707478.265691
4656,2,benign,16040,window_05_12pct,0,1783707478.265943
4657,2,benign,15906,window_05_12pct,0,1783707478.742584
4658,2,benign,43991,window_resampled_20pct,0,1783707478.742584
4659,2,benign,39155,window_resampled_15pct,0,1783707478.76906
4660,2,benign,15904,window_05_12pct,0,1783707478.76906
4661,2,benign,15921,window_05_12pct,0,1783707481.129183
4662,2,benign,15922,window_05_12pct,0,1783707481.151874
4663,2,benign,43995,window_resampled_20pct,0,1783707481.152016
4664,2,benign,15925,window_05_12pct,0,1783707481.152016
4665,2,benign,15938,window_05_12pct,0,1783707484.755957
4666,2,benign,39157,window_resampled_15pct,0,1783707485.078076
4667,2,benign,16074,window_05_12pct,0,1783707485.078076
4668,2,benign,16038,window_05_12pct,0,1783707496.60084
4669,2,benign,16217,window_05_12pct,0,1783707498.4837
4670,2,benign,39159,window_resampled_15pct,0,1783707498.4837
4671,2,benign,16111,window_05_12pct,0,1783707499.622021
4672,2,benign,16112,window_05_12pct,0,1783707499.622262
4673,2,benign,16108,window_05_12pct,0,1783707499.623434
4674,2,benign,44000,window_resampled_20pct,0,1783707499.623434
4675,2,benign,16109,window_05_12pct,0,1783707499.624262
4676,2,benign,15951,window_05_12pct,0,1783707500.137436
4677,2,benign,44002,window_resampled_20pct,0,1783707500.137579
4678,2,benign,15952,window_05_12pct,0,1783707500.137579
4679,2,benign,16023,window_05_12pct,0,1783707501.562647
4680,2,benign,15965,window_05_12pct,0,1783707503.149538
4681,2,benign,15963,window_05_12pct,0,1783707503.151252
4682,2,benign,15978,window_05_12pct,0,1783707505.34574
4683,2,benign,15975,window_05_12pct,0,1783707505.348306
4684,2,benign,15987,window_05_12pct,0,1783707511.455359
4685,2,benign,16073,window_05_12pct,0,1783707517.886229
4686,2,benign,16048,window_05_12pct,0,1783707536.630079
4687,2,benign,44009,window_resampled_20pct,0,1783707536.630079
4688,2,benign,44010,window_resampled_20pct,0,1783707536.630235
4689,2,benign,16046,window_05_12pct,0,1783707536.630235
4690,2,benign,39167,window_resampled_15pct,0,1783707538.21303
4691,2,benign,16147,window_05_12pct,0,1783707538.21303
4692,2,benign,16052,window_05_12pct,0,1783707538.946655
4693,2,benign,16184,window_05_12pct,0,1783707539.423618
4694,2,benign,16186,window_05_12pct,0,1783707539.423746
4695,2,benign,16168,window_05_12pct,0,1783707543.281817
4696,2,benign,16169,window_05_12pct,0,1783707543.282067
4697,2,benign,44012,window_resampled_20pct,0,1783707543.282067
4698,2,benign,16368,window_05_12pct,0,1783707546.793914
4699,2,benign,16090,window_05_12pct,0,1783707561.698732
4700,2,benign,16091,window_05_12pct,0,1783707561.699024
4701,2,benign,44016,window_resampled_20pct,0,1783707561.78959
4702,2,benign,16116,window_05_12pct,0,1783707561.78959
4703,2,benign,16117,window_05_12pct,0,1783707561.795335
4704,2,benign,16115,window_05_12pct,0,1783707561.795656
4705,2,benign,16097,window_05_12pct,0,1783707566.131993
4706,2,benign,39183,window_resampled_15pct,0,1783707566.131993
4707,2,benign,16095,window_05_12pct,0,1783707566.132142
4708,2,benign,16204,window_05_12pct,0,1783707568.490722
4709,2,benign,16264,window_05_12pct,0,1783707573.092987
4710,2,benign,16138,window_05_12pct,0,1783707575.955619
4711,2,benign,44018,window_resampled_20pct,0,1783707577.151254
4712,2,benign,16119,window_05_12pct,0,1783707577.151254
4713,2,benign,16120,window_05_12pct,0,1783707577.151412
4714,2,benign,39190,window_resampled_15pct,0,1783707580.452696
4715,2,benign,16132,window_05_12pct,0,1783707580.452696
4716,2,benign,16239,window_05_12pct,0,1783707583.37896
4717,2,benign,44019,window_resampled_20pct,0,1783707583.37896
4718,2,benign,16242,window_05_12pct,0,1783707583.379974
4719,2,benign,16157,window_05_12pct,0,1783707583.647922
4720,2,benign,17165,window_05_12pct,0,1783707584.846845
4721,2,benign,16162,window_05_12pct,0,1783707591.388225
4722,2,benign,16164,window_05_12pct,0,1783707591.388601
4723,2,benign,16160,window_05_12pct,0,1783707591.388788
4724,2,benign,16285,window_05_12pct,0,1783707592.703375
4725,2,benign,39198,window_resampled_15pct,0,1783707592.703375
4726,2,benign,16326,window_05_12pct,0,1783707593.107332
4727,2,benign,16307,window_05_12pct,0,1783707595.394442
4728,2,benign,39199,window_resampled_15pct,0,1783707598.313495
4729,2,benign,16273,window_05_12pct,0,1783707598.313495
4730,2,benign,16270,window_05_12pct,0,1783707598.317122
4731,2,benign,16272,window_05_12pct,0,1783707598.317419
4732,2,benign,16193,window_05_12pct,0,1783707601.616429
4733,2,benign,44030,window_resampled_20pct,0,1783707603.584707
4734,2,benign,16296,window_05_12pct,0,1783707603.584707
4735,2,benign,16215,window_05_12pct,0,1783707603.734858
4736,2,benign,44032,window_resampled_20pct,0,1783707609.728977
4737,2,benign,16380,window_05_12pct,0,1783707609.728977
4738,2,benign,16255,window_05_12pct,0,1783707611.788962
4739,2,benign,16232,window_05_12pct,0,1783707622.992809
4740,2,benign,16231,window_05_12pct,0,1783707622.994644
4741,2,benign,44040,window_resampled_20pct,0,1783707622.994644
4742,2,benign,16229,window_05_12pct,0,1783707622.994926
4743,2,benign,16279,window_05_12pct,0,1783707631.691315
4744,2,benign,16330,window_05_12pct,0,1783707639.588082
4745,2,benign,16349,window_05_12pct,0,1783707645.447817
4746,2,benign,16364,window_05_12pct,0,1783707652.401153
4747,2,benign,39212,window_resampled_15pct,0,1783707652.401153
4748,2,benign,39215,window_resampled_15pct,0,1783707658.828734
4749,2,benign,16429,window_05_12pct,0,1783707658.828734
4750,2,benign,16428,window_05_12pct,0,1783707658.834485
4751,2,benign,16426,window_05_12pct,0,1783707658.836012
4752,2,benign,39217,window_resampled_15pct,0,1783707658.836204
4753,2,benign,16427,window_05_12pct,0,1783707658.836204
4754,2,benign,39220,window_resampled_15pct,0,1783707667.457076
4755,2,benign,16313,window_05_12pct,0,1783707667.457076
4756,2,benign,44049,window_resampled_20pct,0,1783707670.116054
4757,2,benign,16560,window_05_12pct,0,1783707670.116054
4758,2,benign,16361,window_05_12pct,0,1783707689.82798
4759,2,benign,16360,window_05_12pct,0,1783707690.169187
4760,2,benign,44052,window_resampled_20pct,0,1783707690.169187
4761,2,benign,16377,window_05_12pct,0,1783707702.347889
4762,2,benign,16403,window_05_12pct,0,1783707702.952793
4763,2,benign,16385,window_05_12pct,0,1783707707.575088
4764,2,benign,44058,window_resampled_20pct,0,1783707707.575088
4765,2,benign,16390,window_05_12pct,0,1783707707.597819
4766,2,benign,44059,window_resampled_20pct,0,1783707709.125967
4767,2,benign,16396,window_05_12pct,0,1783707709.125967
4768,2,benign,16397,window_05_12pct,0,1783707709.206748
4769,2,benign,16603,window_05_12pct,0,1783707727.077601
4770,2,benign,39224,window_resampled_15pct,0,1783707734.812451
4771,2,benign,16434,window_05_12pct,0,1783707734.812451
4772,2,benign,44062,window_resampled_20pct,0,1783707734.813859
4773,2,benign,16432,window_05_12pct,0,1783707734.813859
4774,2,benign,39227,window_resampled_15pct,0,1783707753.187675
4775,2,benign,16457,window_05_12pct,0,1783707753.187675
4776,2,benign,16455,window_05_12pct,0,1783707753.188899
4777,2,benign,16460,window_05_12pct,0,1783707765.467357
4778,2,benign,16463,window_05_12pct,0,1783707765.473716
4779,2,benign,16498,window_05_12pct,0,1783707785.627667
4780,2,benign,16499,window_05_12pct,0,1783707785.651973
4781,2,benign,16614,window_05_12pct,0,1783707791.391805
4782,2,benign,16504,window_05_12pct,0,1783707795.640143
4783,2,benign,16507,window_05_12pct,0,1783707795.667302
4784,2,benign,16503,window_05_12pct,0,1783707795.667536
4785,2,benign,16505,window_05_12pct,0,1783707795.667688
4786,2,benign,16510,window_05_12pct,0,1783707796.249151
4787,2,benign,44073,window_resampled_20pct,0,1783707796.253854
4788,2,benign,16513,window_05_12pct,0,1783707796.253854
4789,2,benign,16512,window_05_12pct,0,1783707796.256154
4790,2,benign,44074,window_resampled_20pct,0,1783707796.256413
4791,2,benign,16509,window_05_12pct,0,1783707796.256413
4792,2,benign,44075,window_resampled_20pct,0,1783707796.728375
4793,2,benign,16548,window_05_12pct,0,1783707796.728375
4794,2,benign,16521,window_05_12pct,0,1783707804.55104
4795,2,benign,16522,window_05_12pct,0,1783707804.551169
4796,2,benign,16565,window_05_12pct,0,1783707807.378312
4797,2,benign,39239,window_resampled_15pct,0,1783707808.898177
4798,2,benign,16532,window_05_12pct,0,1783707808.898177
4799,2,benign,16577,window_05_12pct,0,1783707811.574133
4800,2,benign,16541,window_05_12pct,0,1783707812.641402
4801,2,benign,16540,window_05_12pct,0,1783707812.64156
4802,2,benign,16558,window_05_12pct,0,1783707819.132879
4803,2,benign,44082,window_resampled_20pct,0,1783707819.135024
4804,2,benign,16557,window_05_12pct,0,1783707819.135024
4805,2,benign,16555,window_05_12pct,0,1783707819.135315
4806,2,benign,16856,window_05_12pct,0,1783707820.758215
4807,2,benign,16585,window_05_12pct,0,1783707822.825842
4808,2,benign,39244,window_resampled_15pct,0,1783707827.474702
4809,2,benign,16576,window_05_12pct,0,1783707827.474702
4810,2,benign,16572,window_05_12pct,0,1783707827.500292
4811,2,benign,16597,window_05_12pct,0,1783707840.460706
4812,2,benign,16857,window_05_12pct,0,1783707852.073949
4813,2,benign,16623,window_05_12pct,0,1783707856.503689
4814,2,benign,16625,window_05_12pct,0,1783707856.528798
4815,2,benign,16622,window_05_12pct,0,1783707856.52915
4816,2,benign,39250,window_resampled_15pct,0,1783707856.52915
4817,2,benign,16633,window_05_12pct,0,1783707861.242863
4818,2,benign,44090,window_resampled_20pct,0,1783707862.672656
4819,2,benign,16640,window_05_12pct,0,1783707862.672656
4820,2,benign,16647,window_05_12pct,0,1783707872.432321
4821,2,benign,16650,window_05_12pct,0,1783707872.457879
4822,2,benign,16668,window_05_12pct,0,1783707876.252465
4823,2,benign,44094,window_resampled_20pct,0,1783707878.315313
4824,2,benign,16660,window_05_12pct,0,1783707878.315313
4825,2,benign,16663,window_05_12pct,0,1783707878.322232
4826,2,benign,44096,window_resampled_20pct,0,1783707878.322379
4827,2,benign,16659,window_05_12pct,0,1783707878.322379
4828,2,benign,17053,window_05_12pct,0,1783707878.725195
4829,2,benign,17070,window_05_12pct,0,1783707879.032786
4830,2,benign,17065,window_05_12pct,0,1783707879.033947
4831,2,benign,16872,window_05_12pct,0,1783707897.443914
4832,2,benign,39339,window_resampled_15pct,0,1783707897.443914
4833,2,benign,17029,window_05_12pct,0,1783707900.765525
4834,2,benign,17089,window_05_12pct,0,1783707902.654558
4835,2,benign,16885,window_05_12pct,0,1783707904.255298
4836,2,benign,16979,window_05_12pct,0,1783707914.944053
4837,2,benign,39345,window_resampled_15pct,0,1783707914.944053
4838,2,benign,16981,window_05_12pct,0,1783707914.94419
4839,2,benign,44185,window_resampled_20pct,0,1783707914.94419
4840,2,benign,16987,window_05_12pct,0,1783707915.069367
4841,2,benign,16985,window_05_12pct,0,1783707915.069552
4842,2,benign,17127,window_05_12pct,0,1783707918.432703
4843,2,benign,17128,window_05_12pct,0,1783707918.433151
4844,2,benign,16994,window_05_12pct,0,1783707920.296938
4845,2,benign,16999,window_05_12pct,0,1783707920.579069
4846,2,benign,16998,window_05_12pct,0,1783707920.58199
4847,2,benign,16996,window_05_12pct,0,1783707920.582396
4848,2,benign,17018,window_05_12pct,0,1783707920.596438
4849,2,benign,44188,window_resampled_20pct,0,1783707920.596438
4850,2,benign,17017,window_05_12pct,0,1783707920.733604
4851,2,benign,17003,window_05_12pct,0,1783707921.067969
4852,2,benign,44190,window_resampled_20pct,0,1783707921.067969
4853,2,benign,17001,window_05_12pct,0,1783707921.068091
4854,2,benign,17037,window_05_12pct,0,1783707923.677534
4855,2,benign,17044,window_05_12pct,0,1783707926.11473
4856,2,benign,17140,window_05_12pct,0,1783707927.249155
4857,2,benign,39348,window_resampled_15pct,0,1783707927.249155
4858,2,benign,17139,window_05_12pct,0,1783707927.25293
4859,2,benign,17141,window_05_12pct,0,1783707927.253033
4860,2,benign,17144,window_05_12pct,0,1783707945.913287
4861,2,benign,17145,window_05_12pct,0,1783707945.914969
4862,2,benign,17071,window_05_12pct,0,1783707951.061812
4863,2,benign,17075,window_05_12pct,0,1783707951.063276
4864,2,benign,44196,window_resampled_20pct,0,1783707951.063276
4865,2,benign,17073,window_05_12pct,0,1783707951.063719
4866,2,benign,17074,window_05_12pct,0,1783707951.063929
4867,2,benign,17111,window_05_12pct,0,1783707953.190038
4868,2,benign,39352,window_resampled_15pct,0,1783707953.190038
4869,2,benign,17113,window_05_12pct,0,1783707953.19025
4870,2,benign,44198,window_resampled_20pct,0,1783707968.136465
4871,2,benign,17234,window_05_12pct,0,1783707968.136465
4872,2,benign,17093,window_05_12pct,0,1783707970.978265
4873,2,benign,17122,window_05_12pct,0,1783707984.908605
4874,2,benign,39357,window_resampled_15pct,0,1783707984.913241
4875,2,benign,17123,window_05_12pct,0,1783707984.913241
4876,2,benign,17125,window_05_12pct,0,1783707984.913434
4877,2,benign,44203,window_resampled_20pct,0,1783707984.913734
4878,2,benign,17121,window_05_12pct,0,1783707984.913734
4879,2,benign,17170,window_05_12pct,0,1783707997.759243
4880,2,benign,39361,window_resampled_15pct,0,1783708000.678426
4881,2,benign,17176,window_05_12pct,0,1783708000.678426
4882,2,benign,17158,window_05_12pct,0,1783708002.771581
4883,2,benign,17156,window_05_12pct,0,1783708002.795266
4884,2,benign,17154,window_05_12pct,0,1783708002.797433
4885,2,benign,17157,window_05_12pct,0,1783708002.797562
4886,2,benign,39362,window_resampled_15pct,0,1783708002.797562
4887,2,benign,17162,window_05_12pct,0,1783708003.362455
4888,2,benign,17160,window_05_12pct,0,1783708003.362618
4889,2,benign,17225,window_05_12pct,0,1783708019.116442
4890,2,benign,17223,window_05_12pct,0,1783708019.116715
4891,2,benign,17291,window_05_12pct,0,1783708019.510982
4892,2,benign,17289,window_05_12pct,0,1783708019.511155
4893,2,benign,39368,window_resampled_15pct,0,1783708046.44169
4894,2,benign,17210,window_05_12pct,0,1783708046.44169
4895,2,benign,17211,window_05_12pct,0,1783708046.442129
4896,2,benign,17212,window_05_12pct,0,1783708046.442551
4897,3,slowloris,716,window_02_3pct,1,1783695632.101634
4898,3,slowloris,717,window_02_3pct,1,1783695632.102759
4899,3,slowloris,718,window_02_3pct,1,1783695632.103545
4900,3,slowloris,36815,window_resampled_15pct,1,1783695632.103545
4901,3,slowloris,719,window_02_3pct,1,1783695632.104331
4902,3,slowloris,36816,window_resampled_15pct,1,1783695632.104331
4903,3,slowloris,720,window_02_3pct,1,1783695632.105032
4904,3,slowloris,721,window_02_3pct,1,1783695632.105701
4905,3,slowloris,41721,window_resampled_20pct,1,1783695632.105701
4906,3,slowloris,722,window_02_3pct,1,1783695632.117364
4907,3,slowloris,41722,window_resampled_20pct,1,1783695632.117364
4908,3,slowloris,723,window_02_3pct,1,1783695632.118179
4909,3,slowloris,36817,window_resampled_15pct,1,1783695632.118179
4910,3,slowloris,724,window_02_3pct,1,1783695632.118836
4911,3,slowloris,725,window_02_3pct,1,1783695632.119694
4912,3,slowloris,726,window_02_3pct,1,1783695632.13333
4913,3,slowloris,36818,window_resampled_15pct,1,1783695632.13333
4914,3,slowloris,727,window_02_3pct,1,1783695632.134122
4915,3,slowloris,41723,window_resampled_20pct,1,1783695632.134122
4916,3,slowloris,41988,window_resampled_20pct,1,1783696632.175635
4917,3,slowloris,2525,window_02_3pct,1,1783696632.175635
4918,3,slowloris,2526,window_02_3pct,1,1783696632.176463
4919,3,slowloris,37109,window_resampled_15pct,1,1783696632.176463
4920,3,slowloris,5068,window_03_5pct,1,1783699382.962248
4921,3,slowloris,5071,window_03_5pct,1,1783699382.994032
4922,3,slowloris,5072,window_03_5pct,1,1783699383.010119
4923,3,slowloris,5073,window_03_5pct,1,1783699383.026729
4924,3,slowloris,42333,window_resampled_20pct,1,1783699383.026729
4925,3,slowloris,5074,window_03_5pct,1,1783699383.042936
4926,3,slowloris,5075,window_03_5pct,1,1783699383.05871
4927,3,slowloris,5076,window_03_5pct,1,1783699383.074366
4928,3,slowloris,42334,window_resampled_20pct,1,1783699383.074366
4929,3,slowloris,5077,window_03_5pct,1,1783699383.090116
4930,3,slowloris,37484,window_resampled_15pct,1,1783699383.090116
4931,3,slowloris,5079,window_03_5pct,1,1783699383.12162
4932,3,slowloris,37486,window_resampled_15pct,1,1783699383.12162
4933,3,slowloris,5080,window_03_5pct,1,1783699383.137378
4934,3,slowloris,5082,window_03_5pct,1,1783699383.169404
4935,3,slowloris,5084,window_03_5pct,1,1783699383.185073
4936,3,slowloris,5085,window_03_5pct,1,1783699383.201644
4937,3,slowloris,37487,window_resampled_15pct,1,1783699383.201644
4938,3,slowloris,37488,window_resampled_15pct,1,1783699383.203362
4939,3,slowloris,5086,window_03_5pct,1,1783699383.203362
4940,3,slowloris,7027,window_03_5pct,1,1783700382.546438
4941,3,slowloris,42635,window_resampled_20pct,1,1783700382.546438
4942,3,slowloris,7034,window_03_5pct,1,1783700382.639626
4943,3,slowloris,7035,window_03_5pct,1,1783700382.654847
4944,3,slowloris,42639,window_resampled_20pct,1,1783700382.654847
4945,3,slowloris,7036,window_03_5pct,1,1783700382.670514
4946,3,slowloris,37787,window_resampled_15pct,1,1783700382.689411
4947,3,slowloris,7037,window_03_5pct,1,1783700382.689411
4948,3,slowloris,7038,window_03_5pct,1,1783700382.702807
4949,3,slowloris,37788,window_resampled_15pct,1,1783700382.702807
4950,3,slowloris,37789,window_resampled_15pct,1,1783700382.718556
4951,3,slowloris,7039,window_03_5pct,1,1783700382.718556
4952,3,slowloris,7041,window_03_5pct,1,1783700382.750058
4953,3,slowloris,42640,window_resampled_20pct,1,1783700382.750058
4954,3,slowloris,7042,window_03_5pct,1,1783700382.765968
4955,3,slowloris,7043,window_03_5pct,1,1783700382.781683
4956,3,slowloris,7045,window_03_5pct,1,1783700382.81379
4957,3,slowloris,7047,window_03_5pct,1,1783700382.816593
4958,3,slowloris,37790,window_resampled_15pct,1,1783700382.816593
4959,3,slowloris,37791,window_resampled_15pct,1,1783700382.829858
4960,3,slowloris,7048,window_03_5pct,1,1783700382.829858
4961,3,slowloris,7049,window_03_5pct,1,1783700382.845212
4962,3,slowloris,42642,window_resampled_20pct,1,1783700382.845212
4963,3,slowloris,7050,window_03_5pct,1,1783700382.860813
4964,3,slowloris,42643,window_resampled_20pct,1,1783700382.860813
4965,3,slowloris,7051,window_03_5pct,1,1783700382.877365
4966,3,slowloris,38178,window_resampled_15pct,1,1783703132.114702
4967,3,slowloris,9769,window_04_7pct,1,1783703132.114702
4968,3,slowloris,9763,window_04_7pct,1,1783703132.130381
4969,3,slowloris,38179,window_resampled_15pct,1,1783703132.146122
4970,3,slowloris,9767,window_04_7pct,1,1783703132.146122
4971,3,slowloris,43051,window_resampled_20pct,1,1783703132.148651
4972,3,slowloris,9772,window_04_7pct,1,1783703132.148651
4973,3,slowloris,38180,window_resampled_15pct,1,1783703132.162019
4974,3,slowloris,9773,window_04_7pct,1,1783703132.162019
4975,3,slowloris,9764,window_04_7pct,1,1783703132.177943
4976,3,slowloris,9774,window_04_7pct,1,1783703132.193667
4977,3,slowloris,9775,window_04_7pct,1,1783703132.194509
4978,3,slowloris,9776,window_04_7pct,1,1783703132.209397
4979,3,slowloris,43052,window_resampled_20pct,1,1783703132.209397
4980,3,slowloris,43061,window_resampled_20pct,1,1783703132.43372
4981,3,slowloris,9795,window_04_7pct,1,1783703132.43372
4982,3,slowloris,9796,window_04_7pct,1,1783703132.449745
4983,3,slowloris,9797,window_04_7pct,1,1783703132.465472
4984,3,slowloris,43062,window_resampled_20pct,1,1783703132.465472
4985,3,slowloris,9798,window_04_7pct,1,1783703132.484063
4986,3,slowloris,43063,window_resampled_20pct,1,1783703132.484063
4987,3,slowloris,38183,window_resampled_15pct,1,1783703132.497193
4988,3,slowloris,9799,window_04_7pct,1,1783703132.497193
4989,3,slowloris,9800,window_04_7pct,1,1783703132.51349
4990,3,slowloris,43064,window_resampled_20pct,1,1783703132.51349
4991,3,slowloris,9801,window_04_7pct,1,1783703132.51497
4992,3,slowloris,38184,window_resampled_15pct,1,1783703132.51497
4993,3,slowloris,38185,window_resampled_15pct,1,1783703132.529483
4994,3,slowloris,9802,window_04_7pct,1,1783703132.529483
4995,3,slowloris,9803,window_04_7pct,1,1783703132.530997
4996,3,slowloris,38187,window_resampled_15pct,1,1783703132.560478
4997,3,slowloris,9805,window_04_7pct,1,1783703132.560478
4998,3,slowloris,38188,window_resampled_15pct,1,1783703132.577024
4999,3,slowloris,9806,window_04_7pct,1,1783703132.577024
5000,3,slowloris,9807,window_04_7pct,1,1783703132.578465
5001,3,slowloris,9808,window_04_7pct,1,1783703132.592707
5002,3,slowloris,43066,window_resampled_20pct,1,1783703132.624934
5003,3,slowloris,9809,window_04_7pct,1,1783703132.624934
5004,3,slowloris,9811,window_04_7pct,1,1783703132.640865
5005,3,slowloris,9812,window_04_7pct,1,1783703132.656869
5006,3,slowloris,11704,window_04_7pct,1,1783704132.141481
5007,3,slowloris,38493,window_resampled_15pct,1,1783704132.141481
5008,3,slowloris,11705,window_04_7pct,1,1783704132.156525
5009,3,slowloris,11706,window_04_7pct,1,1783704132.157292
5010,3,slowloris,43360,window_resampled_20pct,1,1783704132.171732
5011,3,slowloris,11707,window_04_7pct,1,1783704132.171732
5012,3,slowloris,38494,window_resampled_15pct,1,1783704132.18767
5013,3,slowloris,11708,window_04_7pct,1,1783704132.18767
5014,3,slowloris,38495,window_resampled_15pct,1,1783704132.203302
5015,3,slowloris,11709,window_04_7pct,1,1783704132.203302
5016,3,slowloris,11712,window_04_7pct,1,1783704132.205634
5017,3,slowloris,11714,window_04_7pct,1,1783704132.218971
5018,3,slowloris,43362,window_resampled_20pct,1,1783704132.218971
5019,3,slowloris,11715,window_04_7pct,1,1783704132.219833
5020,3,slowloris,11738,window_04_7pct,1,1783704132.444422
5021,3,slowloris,38502,window_resampled_15pct,1,1783704132.445962
5022,3,slowloris,11739,window_04_7pct,1,1783704132.445962
5023,3,slowloris,11740,window_04_7pct,1,1783704132.447889
5024,3,slowloris,11741,window_04_7pct,1,1783704132.475253
5025,3,slowloris,11742,window_04_7pct,1,1783704132.491409
5026,3,slowloris,38503,window_resampled_15pct,1,1783704132.507737
5027,3,slowloris,11743,window_04_7pct,1,1783704132.507737
5028,3,slowloris,14624,window_05_12pct,1,1783706881.910265
5029,3,slowloris,14627,window_05_12pct,1,1783706881.910946
5030,3,slowloris,14630,window_05_12pct,1,1783706881.911785
5031,3,slowloris,14631,window_05_12pct,1,1783706881.941692
5032,3,slowloris,14633,window_05_12pct,1,1783706881.942488
5033,3,slowloris,14625,window_05_12pct,1,1783706881.957839
5034,3,slowloris,43793,window_resampled_20pct,1,1783706881.957839
5035,3,slowloris,43794,window_resampled_20pct,1,1783706881.973957
5036,3,slowloris,14634,window_05_12pct,1,1783706881.973957
5037,3,slowloris,14635,window_05_12pct,1,1783706881.989775
5038,3,slowloris,14636,window_05_12pct,1,1783706882.005537
5039,3,slowloris,14637,window_05_12pct,1,1783706882.021232
5040,3,slowloris,43795,window_resampled_20pct,1,1783706882.021232
5041,3,slowloris,14638,window_05_12pct,1,1783706882.036938
5042,3,slowloris,43796,window_resampled_20pct,1,1783706882.036938
5043,3,slowloris,38948,window_resampled_15pct,1,1783706882.05253
5044,3,slowloris,14639,window_05_12pct,1,1783706882.05253
5045,3,slowloris,14640,window_05_12pct,1,1783706882.06862
5046,3,slowloris,38949,window_resampled_15pct,1,1783706882.069263
5047,3,slowloris,14641,window_05_12pct,1,1783706882.069263
5048,3,slowloris,43797,window_resampled_20pct,1,1783706882.084837
5049,3,slowloris,14642,window_05_12pct,1,1783706882.084837
5050,3,slowloris,14643,window_05_12pct,1,1783706882.085672
5051,3,slowloris,43798,window_resampled_20pct,1,1783706882.085672
5052,3,slowloris,14644,window_05_12pct,1,1783706882.086304
5053,3,slowloris,43799,window_resampled_20pct,1,1783706882.086304
5054,3,slowloris,14645,window_05_12pct,1,1783706882.100304
5055,3,slowloris,38950,window_resampled_15pct,1,1783706882.100304
5056,3,slowloris,14646,window_05_12pct,1,1783706882.116128
5057,3,slowloris,43800,window_resampled_20pct,1,1783706882.116128
5058,3,slowloris,14648,window_05_12pct,1,1783706882.132935
5059,3,slowloris,43802,window_resampled_20pct,1,1783706882.132935
5060,3,slowloris,14649,window_05_12pct,1,1783706882.147625
5061,3,slowloris,43803,window_resampled_20pct,1,1783706882.163515
5062,3,slowloris,14650,window_05_12pct,1,1783706882.163515
5063,3,slowloris,14651,window_05_12pct,1,1783706882.179711
5064,3,slowloris,14653,window_05_12pct,1,1783706882.211402
5065,3,slowloris,38951,window_resampled_15pct,1,1783706882.212124
5066,3,slowloris,14654,window_05_12pct,1,1783706882.212124
5067,3,slowloris,14655,window_05_12pct,1,1783706882.227067
5068,3,slowloris,43804,window_resampled_20pct,1,1783706882.243972
5069,3,slowloris,14656,window_05_12pct,1,1783706882.243972
5070,3,slowloris,38952,window_resampled_15pct,1,1783706882.25899
5071,3,slowloris,14657,window_05_12pct,1,1783706882.25899
5072,3,slowloris,14658,window_05_12pct,1,1783706882.259876
5073,3,slowloris,14660,window_05_12pct,1,1783706882.261426
5074,3,slowloris,43805,window_resampled_20pct,1,1783706882.261426
5075,3,slowloris,14662,window_05_12pct,1,1783706882.275957
5076,3,slowloris,38953,window_resampled_15pct,1,1783706882.290655
5077,3,slowloris,14663,window_05_12pct,1,1783706882.290655
5078,3,slowloris,14664,window_05_12pct,1,1783706882.306313
5079,3,slowloris,14665,window_05_12pct,1,1783706882.322329
5080,3,slowloris,38956,window_resampled_15pct,1,1783706882.386982
5081,3,slowloris,14671,window_05_12pct,1,1783706882.386982
5082,3,slowloris,14672,window_05_12pct,1,1783706882.387687
5083,3,slowloris,43807,window_resampled_20pct,1,1783706882.387687
5084,3,slowloris,14675,window_05_12pct,1,1783706882.433797
5085,3,slowloris,38957,window_resampled_15pct,1,1783706882.433797
5086,3,slowloris,14683,window_05_12pct,1,1783706882.465279
5087,3,slowloris,38958,window_resampled_15pct,1,1783706882.512775
5088,3,slowloris,14686,window_05_12pct,1,1783706882.512775
5089,3,slowloris,43814,window_resampled_20pct,1,1783706882.528764
5090,3,slowloris,14687,window_05_12pct,1,1783706882.528764
5091,3,slowloris,43816,window_resampled_20pct,1,1783706882.576578
5092,3,slowloris,14690,window_05_12pct,1,1783706882.576578
5093,3,slowloris,43817,window_resampled_20pct,1,1783706882.592149
5094,3,slowloris,14691,window_05_12pct,1,1783706882.592149
5095,3,slowloris,14700,window_05_12pct,1,1783706882.670546
5096,3,slowloris,14705,window_05_12pct,1,1783706882.702593
5097,3,slowloris,43822,window_resampled_20pct,1,1783706882.750725
5098,3,slowloris,14712,window_05_12pct,1,1783706882.750725
5099,3,slowloris,16893,window_05_12pct,1,1783707881.939313
5100,3,slowloris,16886,window_05_12pct,1,1783707881.940002
5101,3,slowloris,16894,window_05_12pct,1,1783707881.94136
5102,3,slowloris,16888,window_05_12pct,1,1783707881.941952
5103,3,slowloris,16895,window_05_12pct,1,1783707881.942563
5104,3,slowloris,16897,window_05_12pct,1,1783707881.969395
5105,3,slowloris,16898,window_05_12pct,1,1783707881.984972
5106,3,slowloris,39315,window_resampled_15pct,1,1783707881.98576
5107,3,slowloris,16899,window_05_12pct,1,1783707881.98576
5108,3,slowloris,16902,window_05_12pct,1,1783707882.017576
5109,3,slowloris,44157,window_resampled_20pct,1,1783707882.017576
5110,3,slowloris,16903,window_05_12pct,1,1783707882.032632
5111,3,slowloris,39317,window_resampled_15pct,1,1783707882.032632
5112,3,slowloris,16904,window_05_12pct,1,1783707882.048524
5113,3,slowloris,44158,window_resampled_20pct,1,1783707882.048524
5114,3,slowloris,16905,window_05_12pct,1,1783707882.049223
5115,3,slowloris,16906,window_05_12pct,1,1783707882.064432
5116,3,slowloris,16907,window_05_12pct,1,1783707882.080682
5117,3,slowloris,16908,window_05_12pct,1,1783707882.096565
5118,3,slowloris,16909,window_05_12pct,1,1783707882.097373
5119,3,slowloris,39318,window_resampled_15pct,1,1783707882.098077
5120,3,slowloris,16910,window_05_12pct,1,1783707882.098077
5121,3,slowloris,16911,window_05_12pct,1,1783707882.098741
5122,3,slowloris,44159,window_resampled_20pct,1,1783707882.098741
5123,3,slowloris,16912,window_05_12pct,1,1783707882.099534
5124,3,slowloris,39319,window_resampled_15pct,1,1783707882.099534
5125,3,slowloris,16913,window_05_12pct,1,1783707882.112414
5126,3,slowloris,39320,window_resampled_15pct,1,1783707882.128456
5127,3,slowloris,16914,window_05_12pct,1,1783707882.128456
5128,3,slowloris,16916,window_05_12pct,1,1783707882.160537
5129,3,slowloris,39321,window_resampled_15pct,1,1783707882.176162
5130,3,slowloris,16917,window_05_12pct,1,1783707882.176162
5131,3,slowloris,16918,window_05_12pct,1,1783707882.191971
5132,3,slowloris,16919,window_05_12pct,1,1783707882.207715
5133,3,slowloris,16920,window_05_12pct,1,1783707882.223665
5134,3,slowloris,44161,window_resampled_20pct,1,1783707882.223665
5135,3,slowloris,16921,window_05_12pct,1,1783707882.239467
5136,3,slowloris,16922,window_05_12pct,1,1783707882.255727
5137,3,slowloris,44162,window_resampled_20pct,1,1783707882.255727
5138,3,slowloris,16923,window_05_12pct,1,1783707882.271338
5139,3,slowloris,44164,window_resampled_20pct,1,1783707882.318941
5140,3,slowloris,16927,window_05_12pct,1,1783707882.318941
5141,3,slowloris,16934,window_05_12pct,1,1783707882.398365
5142,3,slowloris,44167,window_resampled_20pct,1,1783707882.493242
5143,3,slowloris,16942,window_05_12pct,1,1783707882.493242
5144,3,slowloris,16946,window_05_12pct,1,1783707882.51159
5145,3,slowloris,44168,window_resampled_20pct,1,1783707882.512308
5146,3,slowloris,16947,window_05_12pct,1,1783707882.512308
5147,3,slowloris,39328,window_resampled_15pct,1,1783707882.525168
5148,3,slowloris,16948,window_05_12pct,1,1783707882.525168
5149,3,slowloris,39329,window_resampled_15pct,1,1783707882.527798
5150,3,slowloris,16949,window_05_12pct,1,1783707882.527798
5151,3,slowloris,16951,window_05_12pct,1,1783707882.541927
5152,3,slowloris,39330,window_resampled_15pct,1,1783707882.541927
5153,3,slowloris,16955,window_05_12pct,1,1783707882.556831
5154,3,slowloris,39332,window_resampled_15pct,1,1783707882.556831
5155,3,slowloris,16956,window_05_12pct,1,1783707882.572809
5156,3,slowloris,44171,window_resampled_20pct,1,1783707882.572809
5157,3,slowloris,44172,window_resampled_20pct,1,1783707882.588805
5158,3,slowloris,16957,window_05_12pct,1,1783707882.588805
5159,3,slowloris,16958,window_05_12pct,1,1783707882.589439
5160,3,slowloris,16959,window_05_12pct,1,1783707882.604603
5161,3,slowloris,16960,window_05_12pct,1,1783707882.620784
5162,3,slowloris,39333,window_resampled_15pct,1,1783707882.621504
5163,3,slowloris,16961,window_05_12pct,1,1783707882.621504
5164,3,slowloris,39334,window_resampled_15pct,1,1783707882.622093
5165,3,slowloris,16962,window_05_12pct,1,1783707882.622093
5166,3,slowloris,16963,window_05_12pct,1,1783707882.622877
5167,3,slowloris,39335,window_resampled_15pct,1,1783707882.623672
5168,3,slowloris,16964,window_05_12pct,1,1783707882.623672
5169,3,slowloris,16966,window_05_12pct,1,1783707882.625438
5170,3,slowloris,16967,window_05_12pct,1,1783707882.626339
5171,3,slowloris,44174,window_resampled_20pct,1,1783707882.626339
5172,3,slowloris,16968,window_05_12pct,1,1783707882.627033
5173,3,slowloris,44175,window_resampled_20pct,1,1783707882.627033
5174,3,slowloris,16970,window_05_12pct,1,1783707882.628699
5175,3,slowloris,16971,window_05_12pct,1,1783707882.636762
5176,3,slowloris,44176,window_resampled_20pct,1,1783707882.636762
5177,3,slowloris,16972,window_05_12pct,1,1783707882.637468
5178,3,slowloris,16974,window_05_12pct,1,1783707882.653188
5179,3,slowloris,16977,window_05_12pct,1,1783707882.684198
5180,3,slowloris,19978,window_06_15pct,1,1783710630.94082
5181,3,slowloris,19982,window_06_15pct,1,1783710630.95666
5182,3,slowloris,19980,window_06_15pct,1,1783710630.957259
5183,3,slowloris,19983,window_06_15pct,1,1783710630.957943
5184,3,slowloris,19984,window_06_15pct,1,1783710630.972498
5185,3,slowloris,19986,window_06_15pct,1,1783710630.97329
5186,3,slowloris,19985,window_06_15pct,1,1783710630.987756
5187,3,slowloris,19987,window_06_15pct,1,1783710630.988544
5188,3,slowloris,19988,window_06_15pct,1,1783710631.003036
5189,3,slowloris,19989,window_06_15pct,1,1783710631.003887
5190,3,slowloris,19990,window_06_15pct,1,1783710631.019124
5191,3,slowloris,19991,window_06_15pct,1,1783710631.035142
5192,3,slowloris,19992,window_06_15pct,1,1783710631.051056
5193,3,slowloris,19993,window_06_15pct,1,1783710631.066731
5194,3,slowloris,19994,window_06_15pct,1,1783710631.067542
5195,3,slowloris,19976,window_06_15pct,1,1783710631.068253
5196,3,slowloris,19995,window_06_15pct,1,1783710631.068972
5197,3,slowloris,19977,window_06_15pct,1,1783710631.069659
5198,3,slowloris,19996,window_06_15pct,1,1783710631.070316
5199,3,slowloris,19997,window_06_15pct,1,1783710631.08271
5200,3,slowloris,19998,window_06_15pct,1,1783710631.098762
5201,3,slowloris,19999,window_06_15pct,1,1783710631.114586
5202,3,slowloris,20000,window_06_15pct,1,1783710631.130953
5203,3,slowloris,20013,window_06_15pct,1,1783710631.274179
5204,3,slowloris,20014,window_06_15pct,1,1783710631.275023
5205,3,slowloris,20020,window_06_15pct,1,1783710631.353115
5206,3,slowloris,20026,window_06_15pct,1,1783710631.448299
5207,3,slowloris,20027,window_06_15pct,1,1783710631.464275
5208,3,slowloris,20028,window_06_15pct,1,1783710631.480347
5209,3,slowloris,20029,window_06_15pct,1,1783710631.481242
5210,3,slowloris,20030,window_06_15pct,1,1783710631.482112
5211,3,slowloris,20032,window_06_15pct,1,1783710631.482801
5212,3,slowloris,20031,window_06_15pct,1,1783710631.483426
5213,3,slowloris,20034,window_06_15pct,1,1783710631.484079
5214,3,slowloris,20033,window_06_15pct,1,1783710631.496471
5215,3,slowloris,20035,window_06_15pct,1,1783710631.512278
5216,3,slowloris,20036,window_06_15pct,1,1783710631.527857
5217,3,slowloris,20037,window_06_15pct,1,1783710631.544042
5218,3,slowloris,20051,window_06_15pct,1,1783710631.65436
5219,3,slowloris,20052,window_06_15pct,1,1783710631.670057
5220,3,slowloris,20054,window_06_15pct,1,1783710631.701688
5221,3,slowloris,20055,window_06_15pct,1,1783710631.702589
5222,3,slowloris,20056,window_06_15pct,1,1783710631.703322
5223,3,slowloris,20057,window_06_15pct,1,1783710631.703971
5224,3,slowloris,20059,window_06_15pct,1,1783710631.705256
5225,3,slowloris,20062,window_06_15pct,1,1783710631.70725
5226,3,slowloris,20063,window_06_15pct,1,1783710631.707882
5227,3,slowloris,20064,window_06_15pct,1,1783710631.717801
5228,3,slowloris,20065,window_06_15pct,1,1783710631.718419
5229,3,slowloris,20066,window_06_15pct,1,1783710631.733698
5230,3,slowloris,20067,window_06_15pct,1,1783710631.73433
5231,3,slowloris,20080,window_06_15pct,1,1783710631.860752
5232,3,slowloris,20081,window_06_15pct,1,1783710631.876149
5233,3,slowloris,20082,window_06_15pct,1,1783710631.891883
5234,3,slowloris,20083,window_06_15pct,1,1783710631.907829
5235,3,slowloris,20084,window_06_15pct,1,1783710631.923778
5236,3,slowloris,20086,window_06_15pct,1,1783710631.955226
5237,3,slowloris,20089,window_06_15pct,1,1783710632.003276
5238,3,slowloris,20091,window_06_15pct,1,1783710632.005234
5239,3,slowloris,22141,window_06_15pct,1,1783711630.935497
5240,3,slowloris,22142,window_06_15pct,1,1783711630.951328
5241,3,slowloris,22137,window_06_15pct,1,1783711630.952622
5242,3,slowloris,22143,window_06_15pct,1,1783711630.966608
5243,3,slowloris,22144,window_06_15pct,1,1783711630.98251
5244,3,slowloris,22145,window_06_15pct,1,1783711630.998495
5245,3,slowloris,22146,window_06_15pct,1,1783711631.016347
5246,3,slowloris,22147,window_06_15pct,1,1783711631.031615
5247,3,slowloris,22148,window_06_15pct,1,1783711631.047904
5248,3,slowloris,22150,window_06_15pct,1,1783711631.063254
5249,3,slowloris,22151,window_06_15pct,1,1783711631.079091
5250,3,slowloris,22152,window_06_15pct,1,1783711631.094973
5251,3,slowloris,22153,window_06_15pct,1,1783711631.111274
5252,3,slowloris,22154,window_06_15pct,1,1783711631.126546
5253,3,slowloris,22161,window_06_15pct,1,1783711631.237371
5254,3,slowloris,22163,window_06_15pct,1,1783711631.253287
5255,3,slowloris,22173,window_06_15pct,1,1783711631.396555
5256,3,slowloris,22176,window_06_15pct,1,1783711631.4442
5257,3,slowloris,22177,window_06_15pct,1,1783711631.459953
5258,3,slowloris,22178,window_06_15pct,1,1783711631.475722
5259,3,slowloris,22179,window_06_15pct,1,1783711631.491731
5260,3,slowloris,22180,window_06_15pct,1,1783711631.50757
5261,3,slowloris,22181,window_06_15pct,1,1783711631.523589
5262,3,slowloris,22189,window_06_15pct,1,1783711631.651138
5263,3,slowloris,22190,window_06_15pct,1,1783711631.667401
5264,3,slowloris,22191,window_06_15pct,1,1783711631.683055
5265,3,slowloris,22192,window_06_15pct,1,1783711631.699064
5266,3,slowloris,22193,window_06_15pct,1,1783711631.716138
5267,3,slowloris,22194,window_06_15pct,1,1783711631.730692
5268,3,slowloris,22201,window_06_15pct,1,1783711631.841944
5269,3,slowloris,22202,window_06_15pct,1,1783711631.857689
5270,3,slowloris,22203,window_06_15pct,1,1783711631.873875
5271,3,slowloris,22204,window_06_15pct,1,1783711631.875311
5272,3,slowloris,22206,window_06_15pct,1,1783711631.889098
5273,3,slowloris,22205,window_06_15pct,1,1783711631.905021
5274,3,slowloris,22207,window_06_15pct,1,1783711631.920872
5275,3,slowloris,22210,window_06_15pct,1,1783711631.954963
5276,3,slowloris,22212,window_06_15pct,1,1783711631.984795
5277,3,slowloris,22213,window_06_15pct,1,1783711632.000717
5278,3,slowloris,22215,window_06_15pct,1,1783711632.032518
5279,3,slowloris,22217,window_06_15pct,1,1783711632.064299
5280,3,slowloris,22218,window_06_15pct,1,1783711632.080296
5281,3,slowloris,22221,window_06_15pct,1,1783711632.127838
5282,3,slowloris,22222,window_06_15pct,1,1783711632.144143
5283,3,slowloris,22223,window_06_15pct,1,1783711632.159441
5284,3,slowloris,22224,window_06_15pct,1,1783711632.175049
5285,3,slowloris,22225,window_06_15pct,1,1783711632.191161
5286,3,slowloris,22228,window_06_15pct,1,1783711632.238979
5287,3,slowloris,22231,window_06_15pct,1,1783711632.28701
5288,3,slowloris,22232,window_06_15pct,1,1783711632.303338
5289,3,slowloris,22233,window_06_15pct,1,1783711632.30513
5290,3,slowloris,22234,window_06_15pct,1,1783711632.306605
5291,3,slowloris,22235,window_06_15pct,1,1783711632.319098
5292,3,slowloris,22237,window_06_15pct,1,1783711632.350862
5293,3,slowloris,22238,window_06_15pct,1,1783711632.36699
5294,3,slowloris,22239,window_06_15pct,1,1783711632.383434
5295,3,slowloris,22240,window_06_15pct,1,1783711632.399366
5296,3,slowloris,22241,window_06_15pct,1,1783711632.415413
5297,3,slowloris,22242,window_06_15pct,1,1783711632.431271
5298,3,slowloris,22243,window_06_15pct,1,1783711632.447272
5299,3,slowloris,22244,window_06_15pct,1,1783711632.463177
5300,3,slowloris,22245,window_06_15pct,1,1783711632.479074
5301,3,slowloris,22246,window_06_15pct,1,1783711632.494878
5302,3,slowloris,22247,window_06_15pct,1,1783711632.510559
5303,3,slowloris,22248,window_06_15pct,1,1783711632.526874
5304,3,slowloris,22249,window_06_15pct,1,1783711632.543232
5305,3,slowloris,44710,window_resampled_20pct,1,1783714380.086907
5306,3,slowloris,26086,window_07_17pct,1,1783714380.086907
5307,3,slowloris,44711,window_resampled_20pct,1,1783714380.088173
5308,3,slowloris,26087,window_07_17pct,1,1783714380.088173
5309,3,slowloris,39863,window_resampled_15pct,1,1783714380.089937
5310,3,slowloris,26088,window_07_17pct,1,1783714380.089937
5311,3,slowloris,44712,window_resampled_20pct,1,1783714380.091691
5312,3,slowloris,26089,window_07_17pct,1,1783714380.091691
5313,3,slowloris,26090,window_07_17pct,1,1783714380.092922
5314,3,slowloris,44713,window_resampled_20pct,1,1783714380.092922
5315,3,slowloris,26091,window_07_17pct,1,1783714380.102795
5316,3,slowloris,39864,window_resampled_15pct,1,1783714380.102795
5317,3,slowloris,26092,window_07_17pct,1,1783714380.11869
5318,3,slowloris,26093,window_07_17pct,1,1783714380.134384
5319,3,slowloris,26094,window_07_17pct,1,1783714380.150104
5320,3,slowloris,26095,window_07_17pct,1,1783714380.151946
5321,3,slowloris,44714,window_resampled_20pct,1,1783714380.151946
5322,3,slowloris,26096,window_07_17pct,1,1783714380.165722
5323,3,slowloris,26100,window_07_17pct,1,1783714380.229335
5324,3,slowloris,39866,window_resampled_15pct,1,1783714380.229335
5325,3,slowloris,26106,window_07_17pct,1,1783714380.277925
5326,3,slowloris,26107,window_07_17pct,1,1783714380.294134
5327,3,slowloris,26108,window_07_17pct,1,1783714380.30996
5328,3,slowloris,44717,window_resampled_20pct,1,1783714380.30996
5329,3,slowloris,26109,window_07_17pct,1,1783714380.325782
5330,3,slowloris,26110,window_07_17pct,1,1783714380.341969
5331,3,slowloris,26112,window_07_17pct,1,1783714380.343461
5332,3,slowloris,26111,window_07_17pct,1,1783714380.35737
5333,3,slowloris,26116,window_07_17pct,1,1783714380.420401
5334,3,slowloris,44721,window_resampled_20pct,1,1783714380.467726
5335,3,slowloris,26119,window_07_17pct,1,1783714380.467726
5336,3,slowloris,26120,window_07_17pct,1,1783714380.484346
5337,3,slowloris,39867,window_resampled_15pct,1,1783714380.484346
5338,3,slowloris,39868,window_resampled_15pct,1,1783714380.499809
5339,3,slowloris,26121,window_07_17pct,1,1783714380.499809
5340,3,slowloris,26122,window_07_17pct,1,1783714380.516219
5341,3,slowloris,26123,window_07_17pct,1,1783714380.518632
5342,3,slowloris,44722,window_resampled_20pct,1,1783714380.521319
5343,3,slowloris,26124,window_07_17pct,1,1783714380.521319
5344,3,slowloris,26125,window_07_17pct,1,1783714380.526404
5345,3,slowloris,44723,window_resampled_20pct,1,1783714380.526404
5346,3,slowloris,26126,window_07_17pct,1,1783714380.529295
5347,3,slowloris,44724,window_resampled_20pct,1,1783714380.529295
5348,3,slowloris,26127,window_07_17pct,1,1783714380.530734
5349,3,slowloris,44725,window_resampled_20pct,1,1783714380.530734
5350,3,slowloris,44726,window_resampled_20pct,1,1783714380.547601
5351,3,slowloris,26128,window_07_17pct,1,1783714380.547601
5352,3,slowloris,26129,window_07_17pct,1,1783714380.562631
5353,3,slowloris,26130,window_07_17pct,1,1783714380.578833
5354,3,slowloris,44727,window_resampled_20pct,1,1783714380.578833
5355,3,slowloris,26131,window_07_17pct,1,1783714380.595243
5356,3,slowloris,39869,window_resampled_15pct,1,1783714380.595243
5357,3,slowloris,26133,window_07_17pct,1,1783714380.62695
5358,3,slowloris,26134,window_07_17pct,1,1783714380.643409
5359,3,slowloris,39870,window_resampled_15pct,1,1783714380.643409
5360,3,slowloris,26135,window_07_17pct,1,1783714380.659985
5361,3,slowloris,44729,window_resampled_20pct,1,1783714380.659985
5362,3,slowloris,39871,window_resampled_15pct,1,1783714380.661486
5363,3,slowloris,26136,window_07_17pct,1,1783714380.661486
5364,3,slowloris,26137,window_07_17pct,1,1783714380.662923
5365,3,slowloris,26139,window_07_17pct,1,1783714380.675468
5366,3,slowloris,26140,window_07_17pct,1,1783714380.691664
5367,3,slowloris,26141,window_07_17pct,1,1783714380.707354
5368,3,slowloris,39872,window_resampled_15pct,1,1783714380.723534
5369,3,slowloris,26142,window_07_17pct,1,1783714380.723534
5370,3,slowloris,26143,window_07_17pct,1,1783714380.739606
5371,3,slowloris,44731,window_resampled_20pct,1,1783714380.739606
5372,3,slowloris,26144,window_07_17pct,1,1783714380.755776
5373,3,slowloris,39873,window_resampled_15pct,1,1783714380.771493
5374,3,slowloris,26145,window_07_17pct,1,1783714380.771493
5375,3,slowloris,26148,window_07_17pct,1,1783714380.803408
5376,3,slowloris,26153,window_07_17pct,1,1783714380.854069
5377,3,slowloris,26160,window_07_17pct,1,1783714380.962475
5378,3,slowloris,44736,window_resampled_20pct,1,1783714380.962475
5379,3,slowloris,39877,window_resampled_15pct,1,1783714381.027466
5380,3,slowloris,26164,window_07_17pct,1,1783714381.027466
5381,3,slowloris,26165,window_07_17pct,1,1783714381.042651
5382,3,slowloris,44737,window_resampled_20pct,1,1783714381.05941
5383,3,slowloris,26166,window_07_17pct,1,1783714381.05941
5384,3,slowloris,26169,window_07_17pct,1,1783714381.074669
5385,3,slowloris,44738,window_resampled_20pct,1,1783714381.076166
5386,3,slowloris,26168,window_07_17pct,1,1783714381.076166
5387,3,slowloris,26170,window_07_17pct,1,1783714381.077992
5388,3,slowloris,39878,window_resampled_15pct,1,1783714381.077992
5389,3,slowloris,26172,window_07_17pct,1,1783714381.081293
5390,3,slowloris,26173,window_07_17pct,1,1783714381.107282
5391,3,slowloris,39879,window_resampled_15pct,1,1783714381.107282
5392,3,slowloris,26175,window_07_17pct,1,1783714381.122896
5393,3,slowloris,44739,window_resampled_20pct,1,1783714381.122896
5394,3,slowloris,39880,window_resampled_15pct,1,1783714381.139025
5395,3,slowloris,26174,window_07_17pct,1,1783714381.139025
5396,3,slowloris,26176,window_07_17pct,1,1783714381.155181
5397,3,slowloris,44740,window_resampled_20pct,1,1783714381.155181
5398,3,slowloris,39881,window_resampled_15pct,1,1783714381.170913
5399,3,slowloris,26177,window_07_17pct,1,1783714381.170913
5400,3,slowloris,26178,window_07_17pct,1,1783714381.186764
5401,3,slowloris,44741,window_resampled_20pct,1,1783714381.186764
5402,3,slowloris,26179,window_07_17pct,1,1783714381.188333
5403,3,slowloris,26180,window_07_17pct,1,1783714381.189942
5404,3,slowloris,26181,window_07_17pct,1,1783714381.191949
5405,3,slowloris,39882,window_resampled_15pct,1,1783714381.191949
5406,3,slowloris,26182,window_07_17pct,1,1783714381.193924
5407,3,slowloris,39883,window_resampled_15pct,1,1783714381.193924
5408,3,slowloris,26183,window_07_17pct,1,1783714381.21856
5409,3,slowloris,26184,window_07_17pct,1,1783714381.220018
5410,3,slowloris,26185,window_07_17pct,1,1783714381.234504
5411,3,slowloris,39885,window_resampled_15pct,1,1783714381.234504
5412,3,slowloris,26186,window_07_17pct,1,1783714381.250405
5413,3,slowloris,26187,window_07_17pct,1,1783714381.266517
5414,3,slowloris,26188,window_07_17pct,1,1783714381.268656
5415,3,slowloris,44743,window_resampled_20pct,1,1783714381.268656
5416,3,slowloris,39886,window_resampled_15pct,1,1783714381.270117
5417,3,slowloris,26189,window_07_17pct,1,1783714381.270117
5418,3,slowloris,26190,window_07_17pct,1,1783714381.271583
5419,3,slowloris,39887,window_resampled_15pct,1,1783714381.271583
5420,3,slowloris,26191,window_07_17pct,1,1783714381.281981
5421,3,slowloris,39888,window_resampled_15pct,1,1783714381.283468
5422,3,slowloris,26192,window_07_17pct,1,1783714381.283468
5423,3,slowloris,26193,window_07_17pct,1,1783714381.285634
5424,3,slowloris,26194,window_07_17pct,1,1783714381.287746
5425,3,slowloris,26195,window_07_17pct,1,1783714381.289229
5426,3,slowloris,44744,window_resampled_20pct,1,1783714381.289229
5427,3,slowloris,26203,window_07_17pct,1,1783714381.316933
5428,3,slowloris,44748,window_resampled_20pct,1,1783714381.316933
5429,3,slowloris,26205,window_07_17pct,1,1783714381.318607
5430,3,slowloris,44749,window_resampled_20pct,1,1783714381.318607
5431,3,slowloris,28304,window_07_17pct,1,1783715380.074175
5432,3,slowloris,28305,window_07_17pct,1,1783715380.089739
5433,3,slowloris,45069,window_resampled_20pct,1,1783715380.10598
5434,3,slowloris,28306,window_07_17pct,1,1783715380.10598
5435,3,slowloris,40244,window_resampled_15pct,1,1783715380.107298
5436,3,slowloris,28307,window_07_17pct,1,1783715380.107298
5437,3,slowloris,28308,window_07_17pct,1,1783715380.108712
5438,3,slowloris,40245,window_resampled_15pct,1,1783715380.108712
5439,3,slowloris,40246,window_resampled_15pct,1,1783715380.110144
5440,3,slowloris,28309,window_07_17pct,1,1783715380.110144
5441,3,slowloris,45070,window_resampled_20pct,1,1783715380.111582
5442,3,slowloris,28310,window_07_17pct,1,1783715380.111582
5443,3,slowloris,40247,window_resampled_15pct,1,1783715380.113035
5444,3,slowloris,28311,window_07_17pct,1,1783715380.113035
5445,3,slowloris,40248,window_resampled_15pct,1,1783715380.114927
5446,3,slowloris,28312,window_07_17pct,1,1783715380.114927
5447,3,slowloris,28313,window_07_17pct,1,1783715380.116443
5448,3,slowloris,28314,window_07_17pct,1,1783715380.138803
5449,3,slowloris,28315,window_07_17pct,1,1783715380.154694
5450,3,slowloris,28316,window_07_17pct,1,1783715380.170347
5451,3,slowloris,28322,window_07_17pct,1,1783715380.234622
5452,3,slowloris,40249,window_resampled_15pct,1,1783715380.234622
5453,3,slowloris,28324,window_07_17pct,1,1783715380.237383
5454,3,slowloris,28327,window_07_17pct,1,1783715380.282339
5455,3,slowloris,45073,window_resampled_20pct,1,1783715380.282339
5456,3,slowloris,28329,window_07_17pct,1,1783715380.317301
5457,3,slowloris,28330,window_07_17pct,1,1783715380.329724
5458,3,slowloris,28331,window_07_17pct,1,1783715380.346634
5459,3,slowloris,45074,window_resampled_20pct,1,1783715380.361719
5460,3,slowloris,28332,window_07_17pct,1,1783715380.361719
5461,3,slowloris,28336,window_07_17pct,1,1783715380.425536
5462,3,slowloris,40252,window_resampled_15pct,1,1783715380.425536
5463,3,slowloris,28340,window_07_17pct,1,1783715380.489415
5464,3,slowloris,40253,window_resampled_15pct,1,1783715380.489415
5465,3,slowloris,45077,window_resampled_20pct,1,1783715380.49091
5466,3,slowloris,28341,window_07_17pct,1,1783715380.49091
5467,3,slowloris,28342,window_07_17pct,1,1783715380.492391
5468,3,slowloris,28343,window_07_17pct,1,1783715380.494242
5469,3,slowloris,28344,window_07_17pct,1,1783715380.495672
5470,3,slowloris,28345,window_07_17pct,1,1783715380.520635
5471,3,slowloris,45078,window_resampled_20pct,1,1783715380.536485
5472,3,slowloris,28346,window_07_17pct,1,1783715380.536485
5473,3,slowloris,28347,window_07_17pct,1,1783715380.552374
5474,3,slowloris,28348,window_07_17pct,1,1783715380.568273
5475,3,slowloris,40254,window_resampled_15pct,1,1783715380.568273
5476,3,slowloris,28349,window_07_17pct,1,1783715380.599777
5477,3,slowloris,40256,window_resampled_15pct,1,1783715380.599777
5478,3,slowloris,28351,window_07_17pct,1,1783715380.615915
5479,3,slowloris,45079,window_resampled_20pct,1,1783715380.615915
5480,3,slowloris,45080,window_resampled_20pct,1,1783715380.632091
5481,3,slowloris,28352,window_07_17pct,1,1783715380.632091
5482,3,slowloris,45081,window_resampled_20pct,1,1783715380.648291
5483,3,slowloris,28353,window_07_17pct,1,1783715380.648291
5484,3,slowloris,45082,window_resampled_20pct,1,1783715380.663883
5485,3,slowloris,28354,window_07_17pct,1,1783715380.663883
5486,3,slowloris,28355,window_07_17pct,1,1783715380.679647
5487,3,slowloris,45083,window_resampled_20pct,1,1783715380.679647
5488,3,slowloris,28356,window_07_17pct,1,1783715380.69571
5489,3,slowloris,45084,window_resampled_20pct,1,1783715380.69571
5490,3,slowloris,28357,window_07_17pct,1,1783715380.71189
5491,3,slowloris,45085,window_resampled_20pct,1,1783715380.727579
5492,3,slowloris,28358,window_07_17pct,1,1783715380.727579
5493,3,slowloris,40257,window_resampled_15pct,1,1783715380.743253
5494,3,slowloris,28359,window_07_17pct,1,1783715380.743253
5495,3,slowloris,28360,window_07_17pct,1,1783715380.759451
5496,3,slowloris,28361,window_07_17pct,1,1783715380.775453
5497,3,slowloris,45086,window_resampled_20pct,1,1783715380.775453
5498,3,slowloris,28362,window_07_17pct,1,1783715380.776902
5499,3,slowloris,28363,window_07_17pct,1,1783715380.778299
5500,3,slowloris,28364,window_07_17pct,1,1783715380.791598
5501,3,slowloris,28369,window_07_17pct,1,1783715380.843299
5502,3,slowloris,28374,window_07_17pct,1,1783715380.873716
5503,3,slowloris,40260,window_resampled_15pct,1,1783715380.951101
5504,3,slowloris,28379,window_07_17pct,1,1783715380.951101
5505,3,slowloris,28382,window_07_17pct,1,1783715380.998073
5506,3,slowloris,45091,window_resampled_20pct,1,1783715380.998073
5507,3,slowloris,40262,window_resampled_15pct,1,1783715381.014989
5508,3,slowloris,28383,window_07_17pct,1,1783715381.014989
5509,3,slowloris,28384,window_07_17pct,1,1783715381.030147
5510,3,slowloris,40263,window_resampled_15pct,1,1783715381.030147
5511,3,slowloris,28385,window_07_17pct,1,1783715381.046446
5512,3,slowloris,40264,window_resampled_15pct,1,1783715381.046446
5513,3,slowloris,45092,window_resampled_20pct,1,1783715381.06201
5514,3,slowloris,28386,window_07_17pct,1,1783715381.06201
5515,3,slowloris,45093,window_resampled_20pct,1,1783715381.077755
5516,3,slowloris,28387,window_07_17pct,1,1783715381.077755
5517,3,slowloris,28388,window_07_17pct,1,1783715381.093484
5518,3,slowloris,45094,window_resampled_20pct,1,1783715381.093484
5519,3,slowloris,45095,window_resampled_20pct,1,1783715381.109787
5520,3,slowloris,28389,window_07_17pct,1,1783715381.109787
5521,3,slowloris,28390,window_07_17pct,1,1783715381.125378
5522,3,slowloris,45096,window_resampled_20pct,1,1783715381.125378
5523,3,slowloris,28391,window_07_17pct,1,1783715381.141518
5524,3,slowloris,28392,window_07_17pct,1,1783715381.173335
5525,3,slowloris,40266,window_resampled_15pct,1,1783715381.174664
5526,3,slowloris,28394,window_07_17pct,1,1783715381.174664
5527,3,slowloris,45097,window_resampled_20pct,1,1783715381.189219
5528,3,slowloris,28395,window_07_17pct,1,1783715381.189219
5529,3,slowloris,45098,window_resampled_20pct,1,1783715381.20482
5530,3,slowloris,28396,window_07_17pct,1,1783715381.20482
5531,3,slowloris,28397,window_07_17pct,1,1783715381.220579
5532,3,slowloris,45099,window_resampled_20pct,1,1783715381.236392
5533,3,slowloris,28398,window_07_17pct,1,1783715381.236392
5534,3,slowloris,28399,window_07_17pct,1,1783715381.252551
5535,3,slowloris,28400,window_07_17pct,1,1783715381.268681
5536,3,slowloris,28401,window_07_17pct,1,1783715381.285046
5537,3,slowloris,28402,window_07_17pct,1,1783715381.300923
5538,3,slowloris,40267,window_resampled_15pct,1,1783715381.300923
5539,3,slowloris,40269,window_resampled_15pct,1,1783715381.34901
5540,3,slowloris,28405,window_07_17pct,1,1783715381.34901
5541,3,slowloris,28416,window_07_17pct,1,1783715381.491684
5542,3,slowloris,45102,window_resampled_20pct,1,1783715381.491684
5543,3,slowloris,28417,window_07_17pct,1,1783715381.507671
5544,3,slowloris,28418,window_07_17pct,1,1783715381.523569
5545,3,slowloris,40272,window_resampled_15pct,1,1783715381.523569
5546,3,slowloris,28419,window_07_17pct,1,1783715381.539555
5547,3,slowloris,28420,window_07_17pct,1,1783715381.555508
5548,3,slowloris,28421,window_07_17pct,1,1783715381.571482
5549,3,slowloris,28422,window_07_17pct,1,1783715381.587335
5550,3,slowloris,45105,window_resampled_20pct,1,1783715381.795071
5551,3,slowloris,28436,window_07_17pct,1,1783715381.795071
5552,3,slowloris,28437,window_07_17pct,1,1783715381.810598
5553,3,slowloris,40278,window_resampled_15pct,1,1783715381.810598
5554,3,slowloris,32350,window_08_22pct,1,1783718129.332183
5555,3,slowloris,45739,window_resampled_20pct,1,1783718129.412554
5556,3,slowloris,32356,window_08_22pct,1,1783718129.412554
5557,3,slowloris,45741,window_resampled_20pct,1,1783718129.43052
5558,3,slowloris,32358,window_08_22pct,1,1783718129.43052
5559,3,slowloris,32360,window_08_22pct,1,1783718129.445165
5560,3,slowloris,45742,window_resampled_20pct,1,1783718129.445165
5561,3,slowloris,32361,window_08_22pct,1,1783718129.44653
5562,3,slowloris,45743,window_resampled_20pct,1,1783718129.44653
5563,3,slowloris,32362,window_08_22pct,1,1783718129.448033
5564,3,slowloris,45744,window_resampled_20pct,1,1783718129.448033
5565,3,slowloris,32363,window_08_22pct,1,1783718129.449275
5566,3,slowloris,32364,window_08_22pct,1,1783718129.450619
5567,3,slowloris,32365,window_08_22pct,1,1783718129.452067
5568,3,slowloris,40893,window_resampled_15pct,1,1783718129.492265
5569,3,slowloris,32367,window_08_22pct,1,1783718129.492265
5570,3,slowloris,32368,window_08_22pct,1,1783718129.508141
5571,3,slowloris,40894,window_resampled_15pct,1,1783718129.508141
5572,3,slowloris,32385,window_08_22pct,1,1783718129.731105
5573,3,slowloris,40899,window_resampled_15pct,1,1783718129.747466
5574,3,slowloris,32386,window_08_22pct,1,1783718129.747466
5575,3,slowloris,45748,window_resampled_20pct,1,1783718129.762894
5576,3,slowloris,32387,window_08_22pct,1,1783718129.762894
5577,3,slowloris,32388,window_08_22pct,1,1783718129.778738
5578,3,slowloris,40900,window_resampled_15pct,1,1783718129.778738
5579,3,slowloris,32389,window_08_22pct,1,1783718129.794651
5580,3,slowloris,32390,window_08_22pct,1,1783718129.810456
5581,3,slowloris,40901,window_resampled_15pct,1,1783718129.810456
5582,3,slowloris,32391,window_08_22pct,1,1783718129.826445
5583,3,slowloris,40902,window_resampled_15pct,1,1783718129.842308
5584,3,slowloris,32392,window_08_22pct,1,1783718129.842308
5585,3,slowloris,40903,window_resampled_15pct,1,1783718129.858347
5586,3,slowloris,32393,window_08_22pct,1,1783718129.858347
5587,3,slowloris,40904,window_resampled_15pct,1,1783718129.874207
5588,3,slowloris,32394,window_08_22pct,1,1783718129.874207
5589,3,slowloris,32395,window_08_22pct,1,1783718129.890385
5590,3,slowloris,45749,window_resampled_20pct,1,1783718129.890385
5591,3,slowloris,32396,window_08_22pct,1,1783718129.905832
5592,3,slowloris,45750,window_resampled_20pct,1,1783718129.921871
5593,3,slowloris,32397,window_08_22pct,1,1783718129.921871
5594,3,slowloris,32404,window_08_22pct,1,1783718130.03411
5595,3,slowloris,45751,window_resampled_20pct,1,1783718130.03411
5596,3,slowloris,32405,window_08_22pct,1,1783718130.049805
5597,3,slowloris,32406,window_08_22pct,1,1783718130.068317
5598,3,slowloris,45752,window_resampled_20pct,1,1783718130.068317
5599,3,slowloris,32408,window_08_22pct,1,1783718130.071295
5600,3,slowloris,32409,window_08_22pct,1,1783718130.072832
5601,3,slowloris,32410,window_08_22pct,1,1783718130.074215
5602,3,slowloris,40906,window_resampled_15pct,1,1783718130.074215
5603,3,slowloris,40907,window_resampled_15pct,1,1783718130.07617
5604,3,slowloris,32411,window_08_22pct,1,1783718130.07617
5605,3,slowloris,32412,window_08_22pct,1,1783718130.077649
5606,3,slowloris,40908,window_resampled_15pct,1,1783718130.077649
5607,3,slowloris,32413,window_08_22pct,1,1783718130.079076
5608,3,slowloris,45753,window_resampled_20pct,1,1783718130.079076
5609,3,slowloris,32414,window_08_22pct,1,1783718130.097082
5610,3,slowloris,45754,window_resampled_20pct,1,1783718130.113008
5611,3,slowloris,32415,window_08_22pct,1,1783718130.113008
5612,3,slowloris,32417,window_08_22pct,1,1783718130.129327
5613,3,slowloris,45755,window_resampled_20pct,1,1783718130.145057
5614,3,slowloris,32416,window_08_22pct,1,1783718130.145057
5615,3,slowloris,32418,window_08_22pct,1,1783718130.160753
5616,3,slowloris,32419,window_08_22pct,1,1783718130.1769
5617,3,slowloris,32420,window_08_22pct,1,1783718130.19329
5618,3,slowloris,32421,window_08_22pct,1,1783718130.209728
5619,3,slowloris,32448,window_08_22pct,1,1783718130.454207
5620,3,slowloris,32455,window_08_22pct,1,1783718130.528087
5621,3,slowloris,45765,window_resampled_20pct,1,1783718130.528087
5622,3,slowloris,32457,window_08_22pct,1,1783718130.559379
5623,3,slowloris,40918,window_resampled_15pct,1,1783718130.575452
5624,3,slowloris,32458,window_08_22pct,1,1783718130.575452
5625,3,slowloris,32459,window_08_22pct,1,1783718130.591569
5626,3,slowloris,45766,window_resampled_20pct,1,1783718130.623481
5627,3,slowloris,32461,window_08_22pct,1,1783718130.623481
5628,3,slowloris,45767,window_resampled_20pct,1,1783718130.639334
5629,3,slowloris,32462,window_08_22pct,1,1783718130.639334
5630,3,slowloris,32468,window_08_22pct,1,1783718130.751456
5631,3,slowloris,40920,window_resampled_15pct,1,1783718130.783271
5632,3,slowloris,32472,window_08_22pct,1,1783718130.783271
5633,3,slowloris,32471,window_08_22pct,1,1783718130.799501
5634,3,slowloris,32480,window_08_22pct,1,1783718130.92745
5635,3,slowloris,32481,window_08_22pct,1,1783718130.943577
5636,3,slowloris,45772,window_resampled_20pct,1,1783718130.943577
5637,3,slowloris,32482,window_08_22pct,1,1783718130.959655
5638,3,slowloris,45773,window_resampled_20pct,1,1783718130.959655
5639,3,slowloris,32483,window_08_22pct,1,1783718130.975775
5640,3,slowloris,40923,window_resampled_15pct,1,1783718130.975775
5641,3,slowloris,40924,window_resampled_15pct,1,1783718130.991563
5642,3,slowloris,32484,window_08_22pct,1,1783718130.991563
5643,3,slowloris,32485,window_08_22pct,1,1783718130.992936
5644,3,slowloris,45774,window_resampled_20pct,1,1783718131.007161
5645,3,slowloris,32486,window_08_22pct,1,1783718131.007161
5646,3,slowloris,32487,window_08_22pct,1,1783718131.023473
5647,3,slowloris,40925,window_resampled_15pct,1,1783718131.023473
5648,3,slowloris,32488,window_08_22pct,1,1783718131.039222
5649,3,slowloris,32489,window_08_22pct,1,1783718131.054832
5650,3,slowloris,45775,window_resampled_20pct,1,1783718131.054832
5651,3,slowloris,32490,window_08_22pct,1,1783718131.071126
5652,3,slowloris,40926,window_resampled_15pct,1,1783718131.071126
5653,3,slowloris,32491,window_08_22pct,1,1783718131.072618
5654,3,slowloris,45776,window_resampled_20pct,1,1783718131.072618
5655,3,slowloris,45777,window_resampled_20pct,1,1783718131.087378
5656,3,slowloris,32492,window_08_22pct,1,1783718131.087378
5657,3,slowloris,32493,window_08_22pct,1,1783718131.102938
5658,3,slowloris,32494,window_08_22pct,1,1783718131.118624
5659,3,slowloris,45778,window_resampled_20pct,1,1783718131.118624
5660,3,slowloris,32500,window_08_22pct,1,1783718131.198095
5661,3,slowloris,32503,window_08_22pct,1,1783718131.230224
5662,3,slowloris,32504,window_08_22pct,1,1783718131.246678
5663,3,slowloris,45780,window_resampled_20pct,1,1783718131.246678
5664,3,slowloris,32505,window_08_22pct,1,1783718131.262416
5665,3,slowloris,32506,window_08_22pct,1,1783718131.278131
5666,3,slowloris,32507,window_08_22pct,1,1783718131.293849
5667,3,slowloris,32508,window_08_22pct,1,1783718131.309501
5668,3,slowloris,45781,window_resampled_20pct,1,1783718131.309501
5669,3,slowloris,32509,window_08_22pct,1,1783718131.325736
5670,3,slowloris,32510,window_08_22pct,1,1783718131.341434
5671,3,slowloris,32511,window_08_22pct,1,1783718131.357095
5672,3,slowloris,32516,window_08_22pct,1,1783718131.42105
5673,3,slowloris,32517,window_08_22pct,1,1783718131.43731
5674,3,slowloris,45783,window_resampled_20pct,1,1783718131.43731
5675,3,slowloris,45784,window_resampled_20pct,1,1783718131.452987
5676,3,slowloris,32518,window_08_22pct,1,1783718131.452987
5677,3,slowloris,32519,window_08_22pct,1,1783718131.469826
5678,3,slowloris,32520,window_08_22pct,1,1783718131.47137
5679,3,slowloris,34594,window_08_22pct,1,1783719130.108454
5680,3,slowloris,34596,window_08_22pct,1,1783719130.118597
5681,3,slowloris,41279,window_resampled_15pct,1,1783719130.118597
5682,3,slowloris,34597,window_08_22pct,1,1783719130.134335
5683,3,slowloris,41280,window_resampled_15pct,1,1783719130.134335
5684,3,slowloris,34598,window_08_22pct,1,1783719130.150107
5685,3,slowloris,34595,window_08_22pct,1,1783719130.1508
5686,3,slowloris,34600,window_08_22pct,1,1783719130.167476
5687,3,slowloris,41281,window_resampled_15pct,1,1783719130.167476
5688,3,slowloris,46152,window_resampled_20pct,1,1783719130.405315
5689,3,slowloris,34630,window_08_22pct,1,1783719130.405315
5690,3,slowloris,46153,window_resampled_20pct,1,1783719130.406026
5691,3,slowloris,34631,window_08_22pct,1,1783719130.406026
5692,3,slowloris,34632,window_08_22pct,1,1783719130.407011
5693,3,slowloris,46154,window_resampled_20pct,1,1783719130.407011
5694,3,slowloris,34633,window_08_22pct,1,1783719130.407804
5695,3,slowloris,46155,window_resampled_20pct,1,1783719130.407804
5696,3,slowloris,41288,window_resampled_15pct,1,1783719130.408457
5697,3,slowloris,34634,window_08_22pct,1,1783719130.408457
5698,3,slowloris,34635,window_08_22pct,1,1783719130.409189
5699,3,slowloris,34636,window_08_22pct,1,1783719130.409983
5700,3,slowloris,46156,window_resampled_20pct,1,1783719130.410697
5701,3,slowloris,34637,window_08_22pct,1,1783719130.410697
5702,3,slowloris,41289,window_resampled_15pct,1,1783719130.411372
5703,3,slowloris,34638,window_08_22pct,1,1783719130.411372
5704,3,slowloris,34639,window_08_22pct,1,1783719130.412033
5705,3,slowloris,41290,window_resampled_15pct,1,1783719130.412033
5706,3,slowloris,34640,window_08_22pct,1,1783719130.412694
5707,3,slowloris,34641,window_08_22pct,1,1783719130.413349
5708,3,slowloris,41291,window_resampled_15pct,1,1783719130.413349
5709,3,slowloris,41292,window_resampled_15pct,1,1783719130.414188
5710,3,slowloris,34642,window_08_22pct,1,1783719130.414188
5711,3,slowloris,34643,window_08_22pct,1,1783719130.436728
5712,3,slowloris,34644,window_08_22pct,1,1783719130.452811
5713,3,slowloris,34645,window_08_22pct,1,1783719130.468695
5714,3,slowloris,46157,window_resampled_20pct,1,1783719130.468695
5715,3,slowloris,41293,window_resampled_15pct,1,1783719130.484629
5716,3,slowloris,34646,window_08_22pct,1,1783719130.484629
5717,3,slowloris,41294,window_resampled_15pct,1,1783719130.500563
5718,3,slowloris,34647,window_08_22pct,1,1783719130.500563
5719,3,slowloris,34648,window_08_22pct,1,1783719130.516587
5720,3,slowloris,34649,window_08_22pct,1,1783719130.517341
5721,3,slowloris,41295,window_resampled_15pct,1,1783719130.517341
5722,3,slowloris,41296,window_resampled_15pct,1,1783719130.518034
5723,3,slowloris,34650,window_08_22pct,1,1783719130.518034
5724,3,slowloris,46158,window_resampled_20pct,1,1783719130.518719
5725,3,slowloris,34651,window_08_22pct,1,1783719130.518719
5726,3,slowloris,46159,window_resampled_20pct,1,1783719130.519421
5727,3,slowloris,34652,window_08_22pct,1,1783719130.519421
5728,3,slowloris,34653,window_08_22pct,1,1783719130.520086
5729,3,slowloris,34654,window_08_22pct,1,1783719130.52073
5730,3,slowloris,34655,window_08_22pct,1,1783719130.532406
5731,3,slowloris,34656,window_08_22pct,1,1783719130.548495
5732,3,slowloris,34657,window_08_22pct,1,1783719130.549244
5733,3,slowloris,34658,window_08_22pct,1,1783719130.549896
5734,3,slowloris,34659,window_08_22pct,1,1783719130.550609
5735,3,slowloris,46160,window_resampled_20pct,1,1783719130.550609
5736,3,slowloris,34660,window_08_22pct,1,1783719130.551244
5737,3,slowloris,46161,window_resampled_20pct,1,1783719130.551244
5738,3,slowloris,34661,window_08_22pct,1,1783719130.551957
5739,3,slowloris,34663,window_08_22pct,1,1783719130.552581
5740,3,slowloris,41297,window_resampled_15pct,1,1783719130.553233
5741,3,slowloris,34662,window_08_22pct,1,1783719130.553233
5742,3,slowloris,34664,window_08_22pct,1,1783719130.564305
5743,3,slowloris,34665,window_08_22pct,1,1783719130.579937
5744,3,slowloris,41298,window_resampled_15pct,1,1783719130.580658
5745,3,slowloris,34666,window_08_22pct,1,1783719130.580658
5746,3,slowloris,46162,window_resampled_20pct,1,1783719130.581263
5747,3,slowloris,34667,window_08_22pct,1,1783719130.581263
5748,3,slowloris,34669,window_08_22pct,1,1783719130.581881
5749,3,slowloris,46163,window_resampled_20pct,1,1783719130.582556
5750,3,slowloris,34668,window_08_22pct,1,1783719130.582556
5751,3,slowloris,34670,window_08_22pct,1,1783719130.583221
5752,3,slowloris,34678,window_08_22pct,1,1783719130.602156
5753,3,slowloris,34680,window_08_22pct,1,1783719130.604083
5754,3,slowloris,46165,window_resampled_20pct,1,1783719130.604083
5755,3,slowloris,34690,window_08_22pct,1,1783719130.629575
5756,3,slowloris,34693,window_08_22pct,1,1783719130.631653
5757,3,slowloris,34702,window_08_22pct,1,1783719130.709131
5758,3,slowloris,41306,window_resampled_15pct,1,1783719130.724895
5759,3,slowloris,34703,window_08_22pct,1,1783719130.724895
5760,3,slowloris,46173,window_resampled_20pct,1,1783719130.739828
5761,3,slowloris,34704,window_08_22pct,1,1783719130.739828
5762,3,slowloris,34705,window_08_22pct,1,1783719130.755799
5763,3,slowloris,34707,window_08_22pct,1,1783719130.772888
5764,3,slowloris,46175,window_resampled_20pct,1,1783719130.772888
5765,3,slowloris,34708,window_08_22pct,1,1783719130.787847
5766,3,slowloris,46176,window_resampled_20pct,1,1783719130.787847
5767,3,slowloris,34709,window_08_22pct,1,1783719130.803626
5768,3,slowloris,46177,window_resampled_20pct,1,1783719130.803626
5769,3,slowloris,41307,window_resampled_15pct,1,1783719130.805363
5770,3,slowloris,34710,window_08_22pct,1,1783719130.805363
5771,3,slowloris,34711,window_08_22pct,1,1783719130.806919
5772,3,slowloris,46178,window_resampled_20pct,1,1783719130.806919
5773,3,slowloris,34712,window_08_22pct,1,1783719130.808907
5774,3,slowloris,46179,window_resampled_20pct,1,1783719130.808907
5775,3,slowloris,34713,window_08_22pct,1,1783719130.810456
5776,3,slowloris,34714,window_08_22pct,1,1783719130.81197
5777,3,slowloris,41308,window_resampled_15pct,1,1783719130.81197
5778,3,slowloris,34715,window_08_22pct,1,1783719130.813483
5779,3,slowloris,34716,window_08_22pct,1,1783719130.835759
5780,3,slowloris,34717,window_08_22pct,1,1783719130.837557
5781,3,slowloris,46180,window_resampled_20pct,1,1783719130.851592
5782,3,slowloris,34718,window_08_22pct,1,1783719130.851592
5783,3,slowloris,34719,window_08_22pct,1,1783719130.867715
5784,3,slowloris,34720,window_08_22pct,1,1783719130.883724
5785,3,slowloris,46181,window_resampled_20pct,1,1783719130.899112
5786,3,slowloris,34721,window_08_22pct,1,1783719130.899112
5787,3,slowloris,34738,window_08_22pct,1,1783719131.114165
5788,3,slowloris,41310,window_resampled_15pct,1,1783719131.114165
5789,3,slowloris,34743,window_08_22pct,1,1783719131.185798
5790,3,slowloris,34746,window_08_22pct,1,1783719131.216735
5791,3,slowloris,46192,window_resampled_20pct,1,1783719131.216735
5792,3,slowloris,34747,window_08_22pct,1,1783719131.249129
5793,3,slowloris,34748,window_08_22pct,1,1783719131.265281
5794,3,slowloris,41314,window_resampled_15pct,1,1783719131.265281
5795,3,slowloris,34749,window_08_22pct,1,1783719131.281513
5796,3,slowloris,46193,window_resampled_20pct,1,1783719131.281513
5797,3,slowloris,34750,window_08_22pct,1,1783719131.297526
5798,3,slowloris,34751,window_08_22pct,1,1783719131.299018
5799,3,slowloris,46194,window_resampled_20pct,1,1783719131.299018
5800,3,slowloris,46195,window_resampled_20pct,1,1783719131.300841
5801,3,slowloris,34752,window_08_22pct,1,1783719131.300841
5802,3,slowloris,34755,window_08_22pct,1,1783719131.345351
5803,3,slowloris,46198,window_resampled_20pct,1,1783719131.345351
5804,3,slowloris,34756,window_08_22pct,1,1783719131.361267
5805,3,slowloris,46199,window_resampled_20pct,1,1783719131.361267
5806,3,slowloris,34757,window_08_22pct,1,1783719131.377431
5807,3,slowloris,41315,window_resampled_15pct,1,1783719131.377431
5808,3,slowloris,34759,window_08_22pct,1,1783719131.380442
5809,3,slowloris,34768,window_08_22pct,1,1783719131.487653
5810,3,slowloris,41319,window_resampled_15pct,1,1783719131.487653
5811,3,slowloris,34769,window_08_22pct,1,1783719131.503979
5812,3,slowloris,46203,window_resampled_20pct,1,1783719131.503979
5813,3,slowloris,34777,window_08_22pct,1,1783719131.615978
5814,3,slowloris,46205,window_resampled_20pct,1,1783719131.615978
5815,3,slowloris,41321,window_resampled_15pct,1,1783719131.632614
5816,3,slowloris,34778,window_08_22pct,1,1783719131.632614
5817,3,slowloris,41322,window_resampled_15pct,1,1783719131.634234
5818,3,slowloris,34779,window_08_22pct,1,1783719131.634234
5819,3,slowloris,34780,window_08_22pct,1,1783719131.635709
5820,3,slowloris,41323,window_resampled_15pct,1,1783719131.635709
5821,3,slowloris,46206,window_resampled_20pct,1,1783719131.637827
5822,3,slowloris,34781,window_08_22pct,1,1783719131.637827
5823,3,slowloris,34782,window_08_22pct,1,1783719131.639235
5824,3,slowloris,41324,window_resampled_15pct,1,1783719131.663975
5825,3,slowloris,34783,window_08_22pct,1,1783719131.663975
5826,4,benign,17232,window_05_12pct,0,1783708053.694739
5827,4,benign,17266,window_05_12pct,0,1783708061.666055
5828,4,benign,17287,window_05_12pct,0,1783708078.058769
5829,4,benign,17438,window_05_12pct,0,1783708078.906491
5830,4,benign,17439,window_05_12pct,0,1783708078.909325
5831,4,benign,17318,window_05_12pct,0,1783708080.115049
5832,4,benign,44223,window_resampled_20pct,0,1783708087.795809
5833,4,benign,17295,window_05_12pct,0,1783708087.795809
5834,4,benign,17299,window_05_12pct,0,1783708088.240354
5835,4,benign,17300,window_05_12pct,0,1783708088.240513
5836,4,benign,17301,window_05_12pct,0,1783708088.240626
5837,4,benign,39385,window_resampled_15pct,0,1783708088.240626
5838,4,benign,17313,window_05_12pct,0,1783708088.370235
5839,4,benign,17314,window_05_12pct,0,1783708088.370412
5840,4,benign,17324,window_05_12pct,0,1783708097.250633
5841,4,benign,17327,window_05_12pct,0,1783708097.276764
5842,4,benign,17328,window_05_12pct,0,1783708097.277182
5843,4,benign,17329,window_05_12pct,0,1783708097.277378
5844,4,benign,17325,window_05_12pct,0,1783708097.277889
5845,4,benign,17343,window_05_12pct,0,1783708100.912034
5846,4,benign,17344,window_05_12pct,0,1783708100.91302
5847,4,benign,17391,window_05_12pct,0,1783708102.594107
5848,4,benign,17394,window_05_12pct,0,1783708102.606628
5849,4,benign,17392,window_05_12pct,0,1783708102.607753
5850,4,benign,39388,window_resampled_15pct,0,1783708109.660397
5851,4,benign,17421,window_05_12pct,0,1783708109.660397
5852,4,benign,17341,window_05_12pct,0,1783708109.835142
5853,4,benign,17340,window_05_12pct,0,1783708109.837231
5854,4,benign,17337,window_05_12pct,0,1783708109.837411
5855,4,benign,44228,window_resampled_20pct,0,1783708111.25658
5856,4,benign,17416,window_05_12pct,0,1783708111.25658
5857,4,benign,17462,window_05_12pct,0,1783708111.270213
5858,4,benign,17409,window_05_12pct,0,1783708112.055684
5859,4,benign,17405,window_05_12pct,0,1783708118.589982
5860,4,benign,17351,window_05_12pct,0,1783708129.926434
5861,4,benign,44231,window_resampled_20pct,0,1783708129.926579
5862,4,benign,17348,window_05_12pct,0,1783708129.926579
5863,4,benign,17356,window_05_12pct,0,1783708136.026912
5864,4,benign,39398,window_resampled_15pct,0,1783708136.026912
5865,4,benign,17385,window_05_12pct,0,1783708136.05308
5866,4,benign,17360,window_05_12pct,0,1783708136.233374
5867,4,benign,17361,window_05_12pct,0,1783708136.234534
5868,4,benign,44232,window_resampled_20pct,0,1783708136.234643
5869,4,benign,17363,window_05_12pct,0,1783708136.234643
5870,4,benign,44233,window_resampled_20pct,0,1783708136.234726
5871,4,benign,17364,window_05_12pct,0,1783708136.234726
5872,4,benign,17400,window_05_12pct,0,1783708142.393862
5873,4,benign,17401,window_05_12pct,0,1783708142.395151
5874,4,benign,17579,window_05_12pct,0,1783708143.411115
5875,4,benign,17371,window_05_12pct,0,1783708143.444752
5876,4,benign,17367,window_05_12pct,0,1783708143.444903
5877,4,benign,44234,window_resampled_20pct,0,1783708143.444903
5878,4,benign,17372,window_05_12pct,0,1783708145.657134
5879,4,benign,39403,window_resampled_15pct,0,1783708145.657134
5880,4,benign,17373,window_05_12pct,0,1783708145.661005
5881,4,benign,39404,window_resampled_15pct,0,1783708145.661005
5882,4,benign,17377,window_05_12pct,0,1783708146.970472
5883,4,benign,17380,window_05_12pct,0,1783708146.993171
5884,4,benign,17378,window_05_12pct,0,1783708146.993265
5885,4,benign,17388,window_05_12pct,0,1783708150.237733
5886,4,benign,17386,window_05_12pct,0,1783708150.238921
5887,4,benign,17479,window_05_12pct,0,1783708158.463408
5888,4,benign,17470,window_05_12pct,0,1783708170.271191
5889,4,benign,17467,window_05_12pct,0,1783708187.637416
5890,4,benign,17432,window_05_12pct,0,1783708194.283276
5891,4,benign,44244,window_resampled_20pct,0,1783708194.28457
5892,4,benign,17433,window_05_12pct,0,1783708194.28457
5893,4,benign,17527,window_05_12pct,0,1783708202.12741
5894,4,benign,17511,window_05_12pct,0,1783708204.023382
5895,4,benign,17512,window_05_12pct,0,1783708204.025975
5896,4,benign,44245,window_resampled_20pct,0,1783708204.050242
5897,4,benign,17444,window_05_12pct,0,1783708204.050242
5898,4,benign,44246,window_resampled_20pct,0,1783708204.050456
5899,4,benign,17443,window_05_12pct,0,1783708204.050456
5900,4,benign,17456,window_05_12pct,0,1783708214.698431
5901,4,benign,44248,window_resampled_20pct,0,1783708214.698756
5902,4,benign,17452,window_05_12pct,0,1783708214.698756
5903,4,benign,17457,window_05_12pct,0,1783708215.609483
5904,4,benign,44249,window_resampled_20pct,0,1783708215.73548
5905,4,benign,17487,window_05_12pct,0,1783708215.73548
5906,4,benign,17508,window_05_12pct,0,1783708218.523094
5907,4,benign,44250,window_resampled_20pct,0,1783708218.523094
5908,4,benign,17505,window_05_12pct,0,1783708218.536502
5909,4,benign,17480,window_05_12pct,0,1783708219.76369
5910,4,benign,17483,window_05_12pct,0,1783708219.789315
5911,4,benign,17481,window_05_12pct,0,1783708219.789599
5912,4,benign,17498,window_05_12pct,0,1783708220.844272
5913,4,benign,17681,window_05_12pct,0,1783708222.774212
5914,4,benign,39415,window_resampled_15pct,0,1783708224.649165
5915,4,benign,17518,window_05_12pct,0,1783708224.649165
5916,4,benign,39417,window_resampled_15pct,0,1783708233.425134
5917,4,benign,17494,window_05_12pct,0,1783708233.425134
5918,4,benign,17544,window_05_12pct,0,1783708246.573543
5919,4,benign,17551,window_05_12pct,0,1783708256.293171
5920,4,benign,39420,window_resampled_15pct,0,1783708256.294488
5921,4,benign,17556,window_05_12pct,0,1783708256.294488
5922,4,benign,39421,window_resampled_15pct,0,1783708259.736713
5923,4,benign,17577,window_05_12pct,0,1783708259.736713
5924,4,benign,17655,window_05_12pct,0,1783708276.936661
5925,4,benign,17657,window_05_12pct,0,1783708276.937157
5926,4,benign,17539,window_05_12pct,0,1783708280.458834
5927,4,benign,17653,window_05_12pct,0,1783708304.369666
5928,4,benign,39424,window_resampled_15pct,0,1783708304.369666
5929,4,benign,17562,window_05_12pct,0,1783708310.473627
5930,4,benign,44260,window_resampled_20pct,0,1783708310.473627
5931,4,benign,17557,window_05_12pct,0,1783708310.474994
5932,4,benign,17559,window_05_12pct,0,1783708310.560881
5933,4,benign,39426,window_resampled_15pct,0,1783708324.620685
5934,4,benign,17589,window_05_12pct,0,1783708324.620685
5935,4,benign,39433,window_resampled_15pct,0,1783708354.299881
5936,4,benign,17582,window_05_12pct,0,1783708354.299881
5937,4,benign,17584,window_05_12pct,0,1783708354.299988
5938,4,benign,44264,window_resampled_20pct,0,1783708354.299988
5939,4,benign,17615,window_05_12pct,0,1783708384.280913
5940,4,benign,17617,window_05_12pct,0,1783708384.306491
5941,4,benign,44268,window_resampled_20pct,0,1783708384.306491
5942,4,benign,17620,window_05_12pct,0,1783708389.418906
5943,4,benign,39436,window_resampled_15pct,0,1783708389.418906
5944,4,benign,44269,window_resampled_20pct,0,1783708389.440147
5945,4,benign,17619,window_05_12pct,0,1783708389.440147
5946,4,benign,17621,window_05_12pct,0,1783708389.440291
5947,4,benign,17648,window_05_12pct,0,1783708392.438868
5948,4,benign,17644,window_05_12pct,0,1783708392.463372
5949,4,benign,17646,window_05_12pct,0,1783708392.466495
5950,4,benign,17800,window_05_12pct,0,1783708392.558088
5951,4,benign,44274,window_resampled_20pct,0,1783708392.558088
5952,4,benign,17693,window_05_12pct,0,1783708392.623096
5953,4,benign,17689,window_05_12pct,0,1783708392.630269
5954,4,benign,17668,window_05_12pct,0,1783708414.365357
5955,4,benign,44275,window_resampled_20pct,0,1783708414.365357
5956,4,benign,17671,window_05_12pct,0,1783708414.383724
5957,4,benign,39445,window_resampled_15pct,0,1783708414.383724
5958,4,benign,17667,window_05_12pct,0,1783708414.383891
5959,4,benign,39446,window_resampled_15pct,0,1783708414.383997
5960,4,benign,17669,window_05_12pct,0,1783708414.383997
5961,4,benign,17842,window_05_12pct,0,1783708427.275086
5962,4,benign,17686,window_05_12pct,0,1783708432.395476
5963,4,benign,17684,window_05_12pct,0,1783708432.395548
5964,4,benign,17744,window_05_12pct,0,1783708433.355103
5965,4,benign,17743,window_05_12pct,0,1783708433.356383
5966,4,benign,17695,window_05_12pct,0,1783708437.795645
5967,4,benign,17697,window_05_12pct,0,1783708437.79766
5968,4,benign,17703,window_05_12pct,0,1783708442.195722
5969,4,benign,17702,window_05_12pct,0,1783708442.218146
5970,4,benign,17704,window_05_12pct,0,1783708442.218705
5971,4,benign,17706,window_05_12pct,0,1783708442.21883
5972,4,benign,17701,window_05_12pct,0,1783708442.21895
5973,4,benign,17791,window_05_12pct,0,1783708442.749929
5974,4,benign,17714,window_05_12pct,0,1783708442.848607
5975,4,benign,44284,window_resampled_20pct,0,1783708444.61803
5976,4,benign,17708,window_05_12pct,0,1783708444.61803
5977,4,benign,17833,window_05_12pct,0,1783708459.799385
5978,4,benign,17836,window_05_12pct,0,1783708459.799751
5979,4,benign,17720,window_05_12pct,0,1783708462.27406
5980,4,benign,39457,window_resampled_15pct,0,1783708462.27406
5981,4,benign,44287,window_resampled_20pct,0,1783708467.11929
5982,4,benign,18030,window_05_12pct,0,1783708467.11929
5983,4,benign,18031,window_05_12pct,0,1783708467.120122
5984,4,benign,17755,window_05_12pct,0,1783708485.310813
5985,4,benign,39463,window_resampled_15pct,0,1783708485.310813
5986,4,benign,17767,window_05_12pct,0,1783708488.174958
5987,4,benign,17769,window_05_12pct,0,1783708488.200005
5988,4,benign,17766,window_05_12pct,0,1783708488.20035
5989,4,benign,17855,window_05_12pct,0,1783708496.277243
5990,4,benign,17851,window_05_12pct,0,1783708496.277821
5991,4,benign,39469,window_resampled_15pct,0,1783708496.277821
5992,4,benign,39470,window_resampled_15pct,0,1783708498.441901
5993,4,benign,17843,window_05_12pct,0,1783708498.441901
5994,4,benign,17814,window_05_12pct,0,1783708500.068894
5995,4,benign,17803,window_05_12pct,0,1783708503.375367
5996,4,benign,17807,window_05_12pct,0,1783708503.399142
5997,4,benign,17805,window_05_12pct,0,1783708503.399562
5998,4,benign,17999,window_05_12pct,0,1783708504.844705
5999,4,benign,17885,window_05_12pct,0,1783708512.834961
6000,4,benign,39473,window_resampled_15pct,0,1783708512.834961
6001,4,benign,17818,window_05_12pct,0,1783708532.325865
6002,4,benign,18098,window_05_12pct,0,1783708535.203361
6003,4,benign,44309,window_resampled_20pct,0,1783708541.753163
6004,4,benign,17827,window_05_12pct,0,1783708541.753163
6005,4,benign,39478,window_resampled_15pct,0,1783708543.611702
6006,4,benign,17829,window_05_12pct,0,1783708543.611702
6007,4,benign,17831,window_05_12pct,0,1783708543.618412
6008,4,benign,17828,window_05_12pct,0,1783708543.618544
6009,4,benign,17858,window_05_12pct,0,1783708543.727717
6010,4,benign,17846,window_05_12pct,0,1783708549.022945
6011,4,benign,39480,window_resampled_15pct,0,1783708549.022945
6012,4,benign,17848,window_05_12pct,0,1783708549.02394
6013,4,benign,39484,window_resampled_15pct,0,1783708562.941425
6014,4,benign,17948,window_05_12pct,0,1783708562.941425
6015,4,benign,17951,window_05_12pct,0,1783708562.941821
6016,4,benign,44318,window_resampled_20pct,0,1783708562.941821
6017,4,benign,17896,window_05_12pct,0,1783708565.808811
6018,4,benign,17895,window_05_12pct,0,1783708565.810301
6019,4,benign,17879,window_05_12pct,0,1783708571.273563
6020,4,benign,39486,window_resampled_15pct,0,1783708571.273563
6021,4,benign,17878,window_05_12pct,0,1783708571.273861
6022,4,benign,18010,window_05_12pct,0,1783708578.863231
6023,4,benign,18012,window_05_12pct,0,1783708578.863375
6024,4,benign,39488,window_resampled_15pct,0,1783708578.863375
6025,4,benign,39490,window_resampled_15pct,0,1783708580.279007
6026,4,benign,17897,window_05_12pct,0,1783708580.279007
6027,4,benign,17942,window_05_12pct,0,1783708580.380777
6028,4,benign,17944,window_05_12pct,0,1783708580.385052
6029,4,benign,17945,window_05_12pct,0,1783708580.385212
6030,4,benign,39491,window_resampled_15pct,0,1783708580.385212
6031,4,benign,18154,window_05_12pct,0,1783708585.434649
6032,4,benign,18155,window_05_12pct,0,1783708585.438178
6033,4,benign,44322,window_resampled_20pct,0,1783708585.438178
6034,4,benign,18038,window_05_12pct,0,1783708588.307854
6035,4,benign,44323,window_resampled_20pct,0,1783708588.307854
6036,4,benign,17900,window_05_12pct,0,1783708589.571585
6037,4,benign,17901,window_05_12pct,0,1783708589.571778
6038,4,benign,17909,window_05_12pct,0,1783708592.194639
6039,4,benign,17907,window_05_12pct,0,1783708592.194776
6040,4,benign,17929,window_05_12pct,0,1783708593.756897
6041,4,benign,17934,window_05_12pct,0,1783708596.09254
6042,4,benign,39498,window_resampled_15pct,0,1783708596.09254
6043,4,benign,39499,window_resampled_15pct,0,1783708596.093005
6044,4,benign,17933,window_05_12pct,0,1783708596.093005
6045,4,benign,17937,window_05_12pct,0,1783708600.70391
6046,4,benign,17938,window_05_12pct,0,1783708600.704003
6047,4,benign,18058,window_05_12pct,0,1783708614.553583
6048,4,benign,18034,window_05_12pct,0,1783708620.538703
6049,4,benign,17968,window_05_12pct,0,1783708629.393002
6050,4,benign,39503,window_resampled_15pct,0,1783708629.393169
6051,4,benign,17967,window_05_12pct,0,1783708629.393169
6052,4,benign,17972,window_05_12pct,0,1783708631.158422
6053,4,benign,17974,window_05_12pct,0,1783708631.185339
6054,4,benign,44336,window_resampled_20pct,0,1783708631.185339
6055,4,benign,17976,window_05_12pct,0,1783708631.185714
6056,4,benign,17973,window_05_12pct,0,1783708631.189035
6057,4,benign,17975,window_05_12pct,0,1783708631.189328
6058,4,benign,39504,window_resampled_15pct,0,1783708633.384501
6059,4,benign,18046,window_05_12pct,0,1783708633.384501
6060,4,benign,17988,window_05_12pct,0,1783708634.606735
6061,4,benign,44337,window_resampled_20pct,0,1783708634.606735
6062,4,benign,17986,window_05_12pct,0,1783708634.606835
6063,4,benign,44339,window_resampled_20pct,0,1783708634.76536
6064,4,benign,18013,window_05_12pct,0,1783708634.76536
6065,4,benign,44340,window_resampled_20pct,0,1783708634.765473
6066,4,benign,18014,window_05_12pct,0,1783708634.765473
6067,4,benign,18059,window_05_12pct,0,1783708637.898704
6068,4,benign,18186,window_05_12pct,0,1783708638.106456
6069,4,benign,17991,window_05_12pct,0,1783708641.706034
6070,4,benign,17994,window_05_12pct,0,1783708641.732618
6071,4,benign,17990,window_05_12pct,0,1783708641.732785
6072,4,benign,18022,window_05_12pct,0,1783708655.579565
6073,4,benign,18019,window_05_12pct,0,1783708655.57973
6074,4,benign,18122,window_05_12pct,0,1783708659.271895
6075,4,benign,39512,window_resampled_15pct,0,1783708659.271895
6076,4,benign,18126,window_05_12pct,0,1783708667.684312
6077,4,benign,44347,window_resampled_20pct,0,1783708667.684312
6078,4,benign,44348,window_resampled_20pct,0,1783708667.684344
6079,4,benign,18123,window_05_12pct,0,1783708667.684344
6080,4,benign,44352,window_resampled_20pct,0,1783708675.108375
6081,4,benign,18068,window_05_12pct,0,1783708675.108375
6082,4,benign,18066,window_05_12pct,0,1783708675.108664
6083,4,benign,18110,window_05_12pct,0,1783708675.243195
6084,4,benign,44353,window_resampled_20pct,0,1783708675.243195
6085,4,benign,18078,window_05_12pct,0,1783708680.821894
6086,4,benign,18082,window_05_12pct,0,1783708680.825843
6087,4,benign,18081,window_05_12pct,0,1783708680.827938
6088,4,benign,18079,window_05_12pct,0,1783708680.828294
6089,4,benign,18485,window_05_12pct,0,1783708681.142484
6090,4,benign,18084,window_05_12pct,0,1783708688.136758
6091,4,benign,39518,window_resampled_15pct,0,1783708688.136758
6092,4,benign,18089,window_05_12pct,0,1783708688.156572
6093,4,benign,44357,window_resampled_20pct,0,1783708688.156572
6094,4,benign,44358,window_resampled_20pct,0,1783708688.156732
6095,4,benign,18086,window_05_12pct,0,1783708688.156732
6096,4,benign,18225,window_05_12pct,0,1783708697.844292
6097,4,benign,18111,window_05_12pct,0,1783708702.031434
6098,4,benign,39521,window_resampled_15pct,0,1783708702.031763
6099,4,benign,18112,window_05_12pct,0,1783708702.031763
6100,4,benign,18114,window_05_12pct,0,1783708702.032308
6101,4,benign,18138,window_05_12pct,0,1783708702.626476
6102,4,benign,18129,window_05_12pct,0,1783708709.955355
6103,4,benign,18132,window_05_12pct,0,1783708709.957606
6104,4,benign,39525,window_resampled_15pct,0,1783708709.957953
6105,4,benign,18133,window_05_12pct,0,1783708709.957953
6106,4,benign,18174,window_05_12pct,0,1783708722.004448
6107,4,benign,44364,window_resampled_20pct,0,1783708722.4426
6108,4,benign,18246,window_05_12pct,0,1783708722.4426
6109,4,benign,18322,window_05_12pct,0,1783708723.95328
6110,4,benign,39530,window_resampled_15pct,0,1783708723.95328
6111,4,benign,18177,window_05_12pct,0,1783708731.297448
6112,4,benign,39532,window_resampled_15pct,0,1783708731.301494
6113,4,benign,18178,window_05_12pct,0,1783708731.301494
6114,4,benign,18176,window_05_12pct,0,1783708731.303479
6115,4,benign,18185,window_05_12pct,0,1783708735.390683
6116,4,benign,18184,window_05_12pct,0,1783708735.392575
6117,4,benign,39536,window_resampled_15pct,0,1783708735.392575
6118,4,benign,39537,window_resampled_15pct,0,1783708735.392768
6119,4,benign,18181,window_05_12pct,0,1783708735.392768
6120,4,benign,44368,window_resampled_20pct,0,1783708738.153035
6121,4,benign,18194,window_05_12pct,0,1783708738.153035
6122,4,benign,18197,window_05_12pct,0,1783708738.158201
6123,4,benign,39538,window_resampled_15pct,0,1783708738.158201
6124,4,benign,18196,window_05_12pct,0,1783708738.160195
6125,4,benign,18193,window_05_12pct,0,1783708738.160318
6126,4,benign,18208,window_05_12pct,0,1783708751.433603
6127,4,benign,44371,window_resampled_20pct,0,1783708751.457479
6128,4,benign,18209,window_05_12pct,0,1783708751.457479
6129,4,benign,18207,window_05_12pct,0,1783708751.457937
6130,4,benign,18210,window_05_12pct,0,1783708751.458317
6131,4,benign,18267,window_05_12pct,0,1783708753.005657
6132,4,benign,18264,window_05_12pct,0,1783708753.008569
6133,4,benign,39542,window_resampled_15pct,0,1783708753.008779
6134,4,benign,18268,window_05_12pct,0,1783708753.008779
6135,4,benign,18269,window_05_12pct,0,1783708753.00893
6136,4,benign,18280,window_05_12pct,0,1783708769.422265
6137,4,benign,18238,window_05_12pct,0,1783708774.887171
6138,4,benign,18235,window_05_12pct,0,1783708774.889012
6139,4,benign,18252,window_05_12pct,0,1783708784.291835
6140,4,benign,18253,window_05_12pct,0,1783708784.291939
6141,4,benign,18408,window_05_12pct,0,1783708787.372981
6142,4,benign,18411,window_05_12pct,0,1783708787.37496
6143,4,benign,39551,window_resampled_15pct,0,1783708787.37496
6144,4,benign,18368,window_05_12pct,0,1783708802.162826
6145,4,benign,18294,window_05_12pct,0,1783708802.977405
6146,4,benign,18282,window_05_12pct,0,1783708806.32631
6147,4,benign,18316,window_05_12pct,0,1783708811.524646
6148,4,benign,44384,window_resampled_20pct,0,1783708811.524646
6149,4,benign,18311,window_05_12pct,0,1783708816.271311
6150,4,benign,18382,window_05_12pct,0,1783708823.96614
6151,4,benign,18333,window_05_12pct,0,1783708824.969625
6152,4,benign,18330,window_05_12pct,0,1783708824.972168
6153,4,benign,18363,window_05_12pct,0,1783708825.535035
6154,4,benign,18367,window_05_12pct,0,1783708825.55296
6155,4,benign,18364,window_05_12pct,0,1783708825.555048
6156,4,benign,18335,window_05_12pct,0,1783708827.998507
6157,4,benign,18334,window_05_12pct,0,1783708828.022199
6158,4,benign,18336,window_05_12pct,0,1783708828.022517
6159,4,benign,18341,window_05_12pct,0,1783708836.795704
6160,4,benign,44388,window_resampled_20pct,0,1783708836.795704
6161,4,benign,18344,window_05_12pct,0,1783708836.796405
6162,4,benign,18345,window_05_12pct,0,1783708836.796524
6163,4,benign,18342,window_05_12pct,0,1783708836.79689
6164,4,benign,44389,window_resampled_20pct,0,1783708836.79689
6165,4,benign,18412,window_05_12pct,0,1783708842.918361
6166,4,benign,18417,window_05_12pct,0,1783708842.919088
6167,4,benign,18416,window_05_12pct,0,1783708842.919444
6168,4,benign,18495,window_05_12pct,0,1783708843.255732
6169,4,benign,44391,window_resampled_20pct,0,1783708843.255732
6170,4,benign,18378,window_05_12pct,0,1783708846.589269
6171,4,benign,18377,window_05_12pct,0,1783708846.591799
6172,4,benign,18375,window_05_12pct,0,1783708846.592046
6173,4,benign,18447,window_05_12pct,0,1783708847.266732
6174,4,benign,18387,window_05_12pct,0,1783708847.803514
6175,4,benign,39568,window_resampled_15pct,0,1783708850.93213
6176,4,benign,18419,window_05_12pct,0,1783708850.93213
6177,4,benign,18395,window_05_12pct,0,1783708877.427198
6178,4,benign,18396,window_05_12pct,0,1783708877.444403
6179,4,benign,18434,window_05_12pct,0,1783708877.641563
6180,4,benign,18466,window_05_12pct,0,1783708903.942452
6181,4,benign,18469,window_05_12pct,0,1783708903.942557
6182,4,benign,44400,window_resampled_20pct,0,1783708903.942557
6183,4,benign,18439,window_05_12pct,0,1783708904.508659
6184,4,benign,39576,window_resampled_15pct,0,1783708904.508659
6185,4,benign,18435,window_05_12pct,0,1783708904.509787
6186,4,benign,18475,window_05_12pct,0,1783708946.207948
6187,4,benign,18476,window_05_12pct,0,1783708946.208516
6188,4,benign,18526,window_05_12pct,0,1783708984.91534
6189,4,benign,18632,window_06_15pct,0,1783709859.364898
6190,4,benign,18698,window_06_15pct,0,1783709960.832633
6191,4,benign,18774,window_06_15pct,0,1783709988.877684
6192,4,benign,18551,window_06_15pct,0,1783709995.147998
6193,4,benign,18556,window_06_15pct,0,1783709996.67456
6194,4,benign,18701,window_06_15pct,0,1783709997.009247
6195,4,benign,18578,window_06_15pct,0,1783709998.768853
6196,4,benign,18561,window_06_15pct,0,1783709998.773249
6197,4,benign,18734,window_06_15pct,0,1783709999.671224
6198,4,benign,18643,window_06_15pct,0,1783710001.231289
6199,4,benign,18642,window_06_15pct,0,1783710001.236298
6200,4,benign,18638,window_06_15pct,0,1783710001.236438
6201,4,benign,18569,window_06_15pct,0,1783710001.799624
6202,4,benign,18666,window_06_15pct,0,1783710005.130548
6203,4,benign,18668,window_06_15pct,0,1783710008.909803
6204,4,benign,18601,window_06_15pct,0,1783710014.173169
6205,4,benign,18723,window_06_15pct,0,1783710020.810505
6206,4,benign,18604,window_06_15pct,0,1783710025.698014
6207,4,benign,18606,window_06_15pct,0,1783710025.724342
6208,4,benign,18630,window_06_15pct,0,1783710033.548856
6209,4,benign,18620,window_06_15pct,0,1783710033.577306
6210,4,benign,18746,window_06_15pct,0,1783710040.646299
6211,4,benign,18752,window_06_15pct,0,1783710049.788888
6212,4,benign,18830,window_06_15pct,0,1783710054.543623
6213,4,benign,18833,window_06_15pct,0,1783710054.544171
6214,4,benign,18784,window_06_15pct,0,1783710056.603891
6215,4,benign,18748,window_06_15pct,0,1783710056.731057
6216,4,benign,18667,window_06_15pct,0,1783710058.519306
6217,4,benign,18727,window_06_15pct,0,1783710077.048245
6218,4,benign,18708,window_06_15pct,0,1783710077.074724
6219,4,benign,18732,window_06_15pct,0,1783710083.101123
6220,4,benign,18776,window_06_15pct,0,1783710083.270243
6221,4,benign,18769,window_06_15pct,0,1783710091.900448
6222,4,benign,18761,window_06_15pct,0,1783710091.910834
6223,4,benign,18763,window_06_15pct,0,1783710091.911291
6224,4,benign,18920,window_06_15pct,0,1783710095.965169
6225,4,benign,18800,window_06_15pct,0,1783710109.302688
6226,4,benign,18970,window_06_15pct,0,1783710115.667376
6227,4,benign,18816,window_06_15pct,0,1783710118.816144
6228,4,benign,18911,window_06_15pct,0,1783710123.335142
6229,4,benign,18849,window_06_15pct,0,1783710139.303742
6230,4,benign,18933,window_06_15pct,0,1783710145.191541
6231,4,benign,18936,window_06_15pct,0,1783710145.192625
6232,4,benign,18853,window_06_15pct,0,1783710147.016432
6233,4,benign,18857,window_06_15pct,0,1783710156.211513
6234,4,benign,18873,window_06_15pct,0,1783710158.239762
6235,4,benign,18916,window_06_15pct,0,1783710161.905295
6236,4,benign,18888,window_06_15pct,0,1783710163.929319
6237,4,benign,19022,window_06_15pct,0,1783710168.267786
6238,4,benign,18942,window_06_15pct,0,1783710174.234597
6239,4,benign,18941,window_06_15pct,0,1783710174.235533
6240,4,benign,18898,window_06_15pct,0,1783710175.611826
6241,4,benign,19078,window_06_15pct,0,1783710179.657101
6242,4,benign,18944,window_06_15pct,0,1783710182.29538
6243,4,benign,18947,window_06_15pct,0,1783710189.274184
6244,4,benign,18979,window_06_15pct,0,1783710193.702041
6245,4,benign,18990,window_06_15pct,0,1783710198.216265
6246,4,benign,18989,window_06_15pct,0,1783710198.2173
6247,4,benign,19072,window_06_15pct,0,1783710206.494498
6248,4,benign,19068,window_06_15pct,0,1783710206.495627
6249,4,benign,19183,window_06_15pct,0,1783710208.568912
6250,4,benign,19007,window_06_15pct,0,1783710213.483134
6251,4,benign,19118,window_06_15pct,0,1783710218.615896
6252,4,benign,19140,window_06_15pct,0,1783710218.654109
6253,4,benign,19033,window_06_15pct,0,1783710235.322172
6254,4,benign,19037,window_06_15pct,0,1783710245.5989
6255,4,benign,19055,window_06_15pct,0,1783710252.412132
6256,4,benign,19051,window_06_15pct,0,1783710252.437302
6257,4,benign,19115,window_06_15pct,0,1783710253.314309
6258,4,benign,19080,window_06_15pct,0,1783710265.611366
6259,4,benign,19085,window_06_15pct,0,1783710266.209203
6260,4,benign,19102,window_06_15pct,0,1783710270.011754
6261,4,benign,19095,window_06_15pct,0,1783710270.149793
6262,4,benign,19104,window_06_15pct,0,1783710274.398941
6263,4,benign,19105,window_06_15pct,0,1783710274.399243
6264,4,benign,19190,window_06_15pct,0,1783710285.355789
6265,4,benign,19128,window_06_15pct,0,1783710301.332092
6266,4,benign,19173,window_06_15pct,0,1783710306.858443
6267,4,benign,19170,window_06_15pct,0,1783710306.858821
6268,4,benign,19168,window_06_15pct,0,1783710306.859636
6269,4,benign,19131,window_06_15pct,0,1783710309.288166
6270,4,benign,19155,window_06_15pct,0,1783710320.164539
6271,4,benign,19159,window_06_15pct,0,1783710320.167087
6272,4,benign,19156,window_06_15pct,0,1783710320.16844
6273,4,benign,19161,window_06_15pct,0,1783710325.297314
6274,4,benign,19226,window_06_15pct,0,1783710331.205632
6275,4,benign,19193,window_06_15pct,0,1783710340.422615
6276,4,benign,19318,window_06_15pct,0,1783710343.536797
6277,4,benign,19264,window_06_15pct,0,1783710344.281511
6278,4,benign,19262,window_06_15pct,0,1783710344.282069
6279,4,benign,19371,window_06_15pct,0,1783710352.604964
6280,4,benign,19374,window_06_15pct,0,1783710352.609017
6281,4,benign,19291,window_06_15pct,0,1783710352.610431
6282,4,benign,19230,window_06_15pct,0,1783710375.468909
6283,4,benign,19235,window_06_15pct,0,1783710381.171849
6284,4,benign,19312,window_06_15pct,0,1783710389.160389
6285,4,benign,19251,window_06_15pct,0,1783710389.861846
6286,4,benign,19244,window_06_15pct,0,1783710389.887315
6287,4,benign,19417,window_06_15pct,0,1783710391.973118
6288,4,benign,19250,window_06_15pct,0,1783710394.574447
6289,4,benign,19322,window_06_15pct,0,1783710398.262323
6290,4,benign,19294,window_06_15pct,0,1783710404.894749
6291,4,benign,19293,window_06_15pct,0,1783710404.89593
6292,4,benign,19290,window_06_15pct,0,1783710407.523362
6293,4,benign,19271,window_06_15pct,0,1783710407.54715
6294,4,benign,19394,window_06_15pct,0,1783710412.14674
6295,4,benign,19422,window_06_15pct,0,1783710412.258396
6296,4,benign,19382,window_06_15pct,0,1783710412.36744
6297,4,benign,19306,window_06_15pct,0,1783710415.545718
6298,4,benign,19307,window_06_15pct,0,1783710415.546239
6299,4,benign,19388,window_06_15pct,0,1783710417.059995
6300,4,benign,19387,window_06_15pct,0,1783710417.146892
6301,4,benign,19385,window_06_15pct,0,1783710417.148304
6302,4,benign,19404,window_06_15pct,0,1783710428.436029
6303,4,benign,19423,window_06_15pct,0,1783710433.312302
6304,4,benign,19420,window_06_15pct,0,1783710433.313484
6305,4,benign,19425,window_06_15pct,0,1783710433.313604
6306,4,benign,19338,window_06_15pct,0,1783710435.035121
6307,4,benign,19446,window_06_15pct,0,1783710435.037426
6308,4,benign,19448,window_06_15pct,0,1783710435.037426
6309,4,benign,19449,window_06_15pct,0,1783710435.037479
6310,4,benign,19447,window_06_15pct,0,1783710435.037512
6311,4,benign,19331,window_06_15pct,0,1783710436.654707
6312,4,benign,19347,window_06_15pct,0,1783710442.494674
6313,4,benign,19350,window_06_15pct,0,1783710442.494929
6314,4,benign,19527,window_06_15pct,0,1783710446.851003
6315,4,benign,19375,window_06_15pct,0,1783710452.656606
6316,4,benign,19411,window_06_15pct,0,1783710459.698633
6317,4,benign,19515,window_06_15pct,0,1783710463.998908
6318,4,benign,19518,window_06_15pct,0,1783710463.999443
6319,4,benign,19413,window_06_15pct,0,1783710473.034789
6320,4,benign,19636,window_06_15pct,0,1783710480.86158
6321,4,benign,19454,window_06_15pct,0,1783710484.283538
6322,4,benign,19442,window_06_15pct,0,1783710484.540988
6323,4,benign,19443,window_06_15pct,0,1783710484.54507
6324,4,benign,19440,window_06_15pct,0,1783710484.545246
6325,4,benign,19441,window_06_15pct,0,1783710484.546176
6326,4,benign,19444,window_06_15pct,0,1783710488.478688
6327,4,benign,19445,window_06_15pct,0,1783710488.478823
6328,4,benign,19436,window_06_15pct,0,1783710488.501406
6329,4,benign,19479,window_06_15pct,0,1783710503.798548
6330,4,benign,19681,window_06_15pct,0,1783710503.800533
6331,4,benign,19537,window_06_15pct,0,1783710509.294664
6332,4,benign,19484,window_06_15pct,0,1783710511.451759
6333,4,benign,19495,window_06_15pct,0,1783710516.207276
6334,4,benign,19535,window_06_15pct,0,1783710519.952318
6335,4,benign,19500,window_06_15pct,0,1783710523.84143
6336,4,benign,19938,window_06_15pct,0,1783710524.260203
6337,4,benign,19503,window_06_15pct,0,1783710529.741526
6338,4,benign,19608,window_06_15pct,0,1783710532.03175
6339,4,benign,19605,window_06_15pct,0,1783710532.036918
6340,4,benign,19588,window_06_15pct,0,1783710533.177272
6341,4,benign,19544,window_06_15pct,0,1783710536.403007
6342,4,benign,19523,window_06_15pct,0,1783710537.393599
6343,4,benign,19566,window_06_15pct,0,1783710537.653651
6344,4,benign,19568,window_06_15pct,0,1783710537.653783
6345,4,benign,19570,window_06_15pct,0,1783710537.654141
6346,4,benign,20199,window_06_15pct,0,1783710537.962239
6347,4,benign,19546,window_06_15pct,0,1783710539.25635
6348,4,benign,19556,window_06_15pct,0,1783710555.118982
6349,4,benign,19548,window_06_15pct,0,1783710555.119966
6350,4,benign,19561,window_06_15pct,0,1783710555.233707
6351,4,benign,19562,window_06_15pct,0,1783710555.233939
6352,4,benign,19582,window_06_15pct,0,1783710558.891028
6353,4,benign,20184,window_06_15pct,0,1783710559.54219
6354,4,benign,19574,window_06_15pct,0,1783710568.570997
6355,4,benign,19604,window_06_15pct,0,1783710570.765783
6356,4,benign,19602,window_06_15pct,0,1783710570.773509
6357,4,benign,19617,window_06_15pct,0,1783710578.202092
6358,4,benign,19632,window_06_15pct,0,1783710581.63507
6359,4,benign,19619,window_06_15pct,0,1783710583.148292
6360,4,benign,19642,window_06_15pct,0,1783710596.948031
6361,4,benign,19955,window_06_15pct,0,1783710596.964927
6362,4,benign,20105,window_06_15pct,0,1783710602.970736
6363,4,benign,19667,window_06_15pct,0,1783710612.309457
6364,4,benign,19672,window_06_15pct,0,1783710618.433783
6365,4,benign,20110,window_06_15pct,0,1783710622.762539
6366,4,benign,20107,window_06_15pct,0,1783710622.762793
6367,4,benign,19939,window_06_15pct,0,1783710629.559038
6368,4,benign,20100,window_06_15pct,0,1783710631.201372
6369,4,benign,19947,window_06_15pct,0,1783710637.040179
6370,4,benign,19950,window_06_15pct,0,1783710637.044974
6371,4,benign,19940,window_06_15pct,0,1783710640.560024
6372,4,benign,19942,window_06_15pct,0,1783710640.585213
6373,4,benign,20122,window_06_15pct,0,1783710642.956396
6374,4,benign,19963,window_06_15pct,0,1783710652.192264
6375,4,benign,20118,window_06_15pct,0,1783710672.063965
6376,4,benign,20206,window_06_15pct,0,1783710672.064929
6377,4,benign,20238,window_06_15pct,0,1783710674.552574
6378,4,benign,20131,window_06_15pct,0,1783710686.324984
6379,4,benign,20156,window_06_15pct,0,1783710688.921338
6380,4,benign,20221,window_06_15pct,0,1783710688.932907
6381,4,benign,20222,window_06_15pct,0,1783710688.935654
6382,4,benign,20219,window_06_15pct,0,1783710688.938919
6383,4,benign,20147,window_06_15pct,0,1783710690.711104
6384,4,benign,20149,window_06_15pct,0,1783710690.711363
6385,4,benign,20173,window_06_15pct,0,1783710699.755223
6386,4,benign,20196,window_06_15pct,0,1783710704.918853
6387,4,benign,20175,window_06_15pct,0,1783710704.919782
6388,4,benign,20186,window_06_15pct,0,1783710708.800723
6389,4,benign,20287,window_06_15pct,0,1783710721.617113
6390,4,benign,20289,window_06_15pct,0,1783710721.632625
6391,4,benign,20290,window_06_15pct,0,1783710721.634644
6392,4,benign,20227,window_06_15pct,0,1783710727.656708
6393,4,benign,20229,window_06_15pct,0,1783710727.65711
6394,4,benign,20212,window_06_15pct,0,1783710730.408446
6395,4,benign,20207,window_06_15pct,0,1783710730.409402
6396,4,benign,20209,window_06_15pct,0,1783710730.425709
6397,4,benign,20518,window_06_15pct,0,1783710733.017317
6398,4,benign,20277,window_06_15pct,0,1783710734.23345
6399,4,benign,20519,window_06_15pct,0,1783710745.051084
6400,4,benign,20255,window_06_15pct,0,1783710747.926297
6401,4,benign,20249,window_06_15pct,0,1783710748.075176
6402,4,benign,20236,window_06_15pct,0,1783710749.469373
6403,4,benign,20378,window_06_15pct,0,1783710755.049001
6404,4,benign,20373,window_06_15pct,0,1783710761.352336
6405,4,benign,20292,window_06_15pct,0,1783710764.848138
6406,4,benign,20310,window_06_15pct,0,1783710765.18226
6407,4,benign,20311,window_06_15pct,0,1783710765.183516
6408,4,benign,20312,window_06_15pct,0,1783710765.183779
6409,4,benign,20368,window_06_15pct,0,1783710773.941313
6410,4,benign,20308,window_06_15pct,0,1783710780.33011
6411,4,benign,20329,window_06_15pct,0,1783710793.170688
6412,4,benign,20342,window_06_15pct,0,1783710795.498387
6413,4,benign,20337,window_06_15pct,0,1783710797.131909
6414,4,benign,20339,window_06_15pct,0,1783710797.132002
6415,4,benign,20449,window_06_15pct,0,1783710799.835296
6416,4,benign,20559,window_06_15pct,0,1783710803.629357
6417,4,benign,20359,window_06_15pct,0,1783710804.991789
6418,4,benign,20470,window_06_15pct,0,1783710805.322678
6419,4,benign,20469,window_06_15pct,0,1783710805.325657
6420,4,benign,20385,window_06_15pct,0,1783710814.00739
6421,4,benign,20388,window_06_15pct,0,1783710820.283273
6422,4,benign,20389,window_06_15pct,0,1783710820.283407
6423,4,benign,20435,window_06_15pct,0,1783710823.686765
6424,4,benign,20422,window_06_15pct,0,1783710830.063015
6425,4,benign,20414,window_06_15pct,0,1783710830.088812
6426,4,benign,20443,window_06_15pct,0,1783710834.130372
6427,4,benign,20455,window_06_15pct,0,1783710835.824499
6428,4,benign,20567,window_06_15pct,0,1783710842.283149
6429,4,benign,20465,window_06_15pct,0,1783710846.049548
6430,4,benign,20535,window_06_15pct,0,1783710851.604686
6431,4,benign,20565,window_06_15pct,0,1783710852.831757
6432,4,benign,20564,window_06_15pct,0,1783710852.839015
6433,4,benign,20484,window_06_15pct,0,1783710868.270744
6434,4,benign,20598,window_06_15pct,0,1783710868.275926
6435,4,benign,20692,window_06_15pct,0,1783710878.278848
6436,4,benign,20629,window_06_15pct,0,1783710878.944227
6437,4,benign,20625,window_06_15pct,0,1783710878.959249
6438,4,benign,20497,window_06_15pct,0,1783710883.571955
6439,4,benign,20501,window_06_15pct,0,1783710888.734558
6440,4,benign,20533,window_06_15pct,0,1783710893.997922
6441,4,benign,20534,window_06_15pct,0,1783710893.999149
6442,4,benign,20542,window_06_15pct,0,1783710898.527591
6443,4,benign,20520,window_06_15pct,0,1783710898.552342
6444,4,benign,20703,window_06_15pct,0,1783710902.583443
6445,4,benign,20633,window_06_15pct,0,1783710907.925371
6446,4,benign,20586,window_06_15pct,0,1783710930.861112
6447,4,benign,20573,window_06_15pct,0,1783710930.862081
6448,4,benign,20591,window_06_15pct,0,1783710930.929955
6449,4,benign,20588,window_06_15pct,0,1783710930.930198
6450,4,benign,20584,window_06_15pct,0,1783710935.362716
6451,4,benign,20647,window_06_15pct,0,1783710936.64891
6452,4,benign,20644,window_06_15pct,0,1783710936.652658
6453,4,benign,20606,window_06_15pct,0,1783710944.108204
6454,4,benign,20604,window_06_15pct,0,1783710944.110464
6455,4,benign,20679,window_06_15pct,0,1783710956.537043
6456,4,benign,20678,window_06_15pct,0,1783710956.538413
6457,4,benign,20631,window_06_15pct,0,1783710959.361335
6458,4,benign,20650,window_06_15pct,0,1783710973.742186
6459,4,benign,20643,window_06_15pct,0,1783710976.074556
6460,4,benign,20696,window_06_15pct,0,1783710976.314808
6461,4,benign,20695,window_06_15pct,0,1783710976.320725
6462,4,benign,20668,window_06_15pct,0,1783710991.40107
6463,4,benign,20663,window_06_15pct,0,1783710993.286348
6464,4,benign,20837,window_06_15pct,0,1783711000.785966
6465,4,benign,20786,window_06_15pct,0,1783711009.664613
6466,4,benign,20781,window_06_15pct,0,1783711009.666503
6467,4,benign,20686,window_06_15pct,0,1783711010.256873
6468,4,benign,20681,window_06_15pct,0,1783711010.282732
6469,4,benign,20684,window_06_15pct,0,1783711010.284789
6470,4,benign,20917,window_06_15pct,0,1783711023.839604
6471,4,benign,20716,window_06_15pct,0,1783711027.179008
6472,4,benign,20715,window_06_15pct,0,1783711030.315089
6473,4,benign,20772,window_06_15pct,0,1783711032.220809
6474,4,benign,20771,window_06_15pct,0,1783711032.22131
6475,4,benign,20731,window_06_15pct,0,1783711040.348871
6476,4,benign,20728,window_06_15pct,0,1783711047.920562
6477,4,benign,20727,window_06_15pct,0,1783711047.946824
6478,4,benign,20801,window_06_15pct,0,1783711054.215063
6479,4,benign,20746,window_06_15pct,0,1783711059.74616
6480,4,benign,20745,window_06_15pct,0,1783711059.748329
6481,4,benign,20755,window_06_15pct,0,1783711063.757149
6482,4,benign,20750,window_06_15pct,0,1783711063.780877
6483,4,benign,20751,window_06_15pct,0,1783711063.780922
6484,4,benign,20770,window_06_15pct,0,1783711073.789044
6485,4,benign,20846,window_06_15pct,0,1783711074.534154
6486,4,benign,20804,window_06_15pct,0,1783711086.380722
6487,4,benign,20816,window_06_15pct,0,1783711089.606294
6488,4,benign,20817,window_06_15pct,0,1783711089.606463
6489,4,benign,20793,window_06_15pct,0,1783711090.991288
6490,4,benign,20833,window_06_15pct,0,1783711101.024888
6491,4,benign,20954,window_06_15pct,0,1783711101.04214
6492,4,benign,20857,window_06_15pct,0,1783711107.929826
6493,4,benign,20859,window_06_15pct,0,1783711119.447129
6494,4,benign,20860,window_06_15pct,0,1783711124.815956
6495,4,benign,20867,window_06_15pct,0,1783711124.833725
6496,4,benign,20931,window_06_15pct,0,1783711124.883884
6497,4,benign,21247,window_06_15pct,0,1783711130.84255
6498,4,benign,20982,window_06_15pct,0,1783711130.843954
6499,4,benign,21248,window_06_15pct,0,1783711134.376243
6500,4,benign,20883,window_06_15pct,0,1783711135.238059
6501,4,benign,20889,window_06_15pct,0,1783711140.133389
6502,4,benign,20903,window_06_15pct,0,1783711141.24571
6503,4,benign,21152,window_06_15pct,0,1783711153.407834
6504,4,benign,20934,window_06_15pct,0,1783711157.70016
6505,4,benign,21263,window_06_15pct,0,1783711158.320063
6506,4,benign,20958,window_06_15pct,0,1783711176.484535
6507,4,benign,21073,window_06_15pct,0,1783711181.72367
6508,4,benign,21000,window_06_15pct,0,1783711191.508143
6509,4,benign,21360,window_06_15pct,0,1783711191.51039
6510,4,benign,21006,window_06_15pct,0,1783711194.150645
6511,4,benign,21007,window_06_15pct,0,1783711194.151004
6512,4,benign,21096,window_06_15pct,0,1783711195.390788
6513,4,benign,21095,window_06_15pct,0,1783711195.395195
6514,4,benign,20995,window_06_15pct,0,1783711195.900514
6515,4,benign,21050,window_06_15pct,0,1783711202.047846
6516,4,benign,21030,window_06_15pct,0,1783711202.541857
6517,4,benign,21133,window_06_15pct,0,1783711203.967497
6518,4,benign,21036,window_06_15pct,0,1783711208.378287
6519,4,benign,21063,window_06_15pct,0,1783711213.531805
6520,4,benign,21064,window_06_15pct,0,1783711213.531913
6521,4,benign,21065,window_06_15pct,0,1783711213.532869
6522,4,benign,21067,window_06_15pct,0,1783711213.533153
6523,4,benign,21062,window_06_15pct,0,1783711213.533387
6524,4,benign,21233,window_06_15pct,0,1783711214.03838
6525,4,benign,21068,window_06_15pct,0,1783711223.326725
6526,4,benign,21213,window_06_15pct,0,1783711228.810697
6527,4,benign,21241,window_06_15pct,0,1783711231.174785
6528,4,benign,21083,window_06_15pct,0,1783711232.311598
6529,4,benign,21187,window_06_15pct,0,1783711237.635947
6530,4,benign,21109,window_06_15pct,0,1783711238.187762
6531,4,benign,21106,window_06_15pct,0,1783711238.212449
6532,4,benign,21123,window_06_15pct,0,1783711241.534371
6533,4,benign,21127,window_06_15pct,0,1783711241.534742
6534,4,benign,21169,window_06_15pct,0,1783711245.240443
6535,4,benign,21144,window_06_15pct,0,1783711249.562332
6536,4,benign,21141,window_06_15pct,0,1783711249.577761
6537,4,benign,21143,window_06_15pct,0,1783711249.579379
6538,4,benign,21294,window_06_15pct,0,1783711249.832443
6539,4,benign,21295,window_06_15pct,0,1783711249.832698
6540,4,benign,21140,window_06_15pct,0,1783711253.455614
6541,4,benign,21128,window_06_15pct,0,1783711253.456607
6542,4,benign,21139,window_06_15pct,0,1783711257.056309
6543,4,benign,21197,window_06_15pct,0,1783711259.063938
6544,4,benign,21162,window_06_15pct,0,1783711261.828595
6545,4,benign,21186,window_06_15pct,0,1783711265.897296
6546,4,benign,21327,window_06_15pct,0,1783711268.365716
6547,4,benign,21326,window_06_15pct,0,1783711268.377762
6548,4,benign,21216,window_06_15pct,0,1783711269.642026
6549,4,benign,21200,window_06_15pct,0,1783711269.642887
6550,4,benign,21405,window_06_15pct,0,1783711275.661159
6551,4,benign,21402,window_06_15pct,0,1783711275.661299
6552,4,benign,21225,window_06_15pct,0,1783711276.731476
6553,4,benign,21227,window_06_15pct,0,1783711276.756213
6554,4,benign,21407,window_06_15pct,0,1783711280.638212
6555,4,benign,21290,window_06_15pct,0,1783711283.228135
6556,4,benign,21289,window_06_15pct,0,1783711283.229369
6557,4,benign,21291,window_06_15pct,0,1783711283.229727
6558,4,benign,21287,window_06_15pct,0,1783711283.229897
6559,4,benign,21280,window_06_15pct,0,1783711290.095216
6560,4,benign,21274,window_06_15pct,0,1783711290.096311
6561,4,benign,21276,window_06_15pct,0,1783711290.121852
6562,4,benign,21324,window_06_15pct,0,1783711290.749698
6563,4,benign,21323,window_06_15pct,0,1783711290.749845
6564,4,benign,21322,window_06_15pct,0,1783711290.753871
6565,4,benign,21320,window_06_15pct,0,1783711290.754061
6566,4,benign,21366,window_06_15pct,0,1783711298.288297
6567,4,benign,21354,window_06_15pct,0,1783711300.474857
6568,4,benign,21580,window_06_15pct,0,1783711303.105595
6569,4,benign,21293,window_06_15pct,0,1783711308.576233
6570,4,benign,21318,window_06_15pct,0,1783711324.177823
6571,4,benign,21303,window_06_15pct,0,1783711326.518834
6572,4,benign,21350,window_06_15pct,0,1783711329.645822
6573,4,benign,21416,window_06_15pct,0,1783711337.259313
6574,4,benign,21445,window_06_15pct,0,1783711344.546681
6575,4,benign,21448,window_06_15pct,0,1783711344.546812
6576,4,benign,21375,window_06_15pct,0,1783711346.567901
6577,4,benign,21514,window_06_15pct,0,1783711346.568938
6578,4,benign,21583,window_06_15pct,0,1783711355.586883
6579,4,benign,21437,window_06_15pct,0,1783711356.71456
6580,4,benign,21473,window_06_15pct,0,1783711369.255827
6581,4,benign,21468,window_06_15pct,0,1783711369.257738
6582,4,benign,21419,window_06_15pct,0,1783711375.65121
6583,4,benign,21429,window_06_15pct,0,1783711383.713576
6584,4,benign,21426,window_06_15pct,0,1783711383.945326
6585,4,benign,21454,window_06_15pct,0,1783711390.485171
6586,4,benign,21460,window_06_15pct,0,1783711396.844245
6587,4,benign,21467,window_06_15pct,0,1783711405.250128
6588,4,benign,21522,window_06_15pct,0,1783711442.847286
6589,4,benign,21582,window_06_15pct,0,1783711442.848823
6590,4,benign,21521,window_06_15pct,0,1783711447.121885
6591,4,benign,21541,window_06_15pct,0,1783711459.98141
6592,4,benign,21811,window_06_15pct,0,1783711460.772913
6593,4,benign,21630,window_06_15pct,0,1783711477.708917
6594,4,benign,21628,window_06_15pct,0,1783711477.709377
6595,4,benign,21558,window_06_15pct,0,1783711477.831249
6596,4,benign,21556,window_06_15pct,0,1783711477.857439
6597,4,benign,21566,window_06_15pct,0,1783711478.2859
6598,4,benign,21620,window_06_15pct,0,1783711503.444389
6599,4,benign,21607,window_06_15pct,0,1783711505.060331
6600,4,benign,21801,window_06_15pct,0,1783711513.981141
6601,4,benign,21803,window_06_15pct,0,1783711513.986412
6602,4,benign,21770,window_06_15pct,0,1783711516.7191
6603,4,benign,21766,window_06_15pct,0,1783711518.108125
6604,4,benign,21762,window_06_15pct,0,1783711518.108252
6605,4,benign,21656,window_06_15pct,0,1783711519.075425
6606,4,benign,21824,window_06_15pct,0,1783711524.615882
6607,4,benign,21663,window_06_15pct,0,1783711526.568458
6608,4,benign,21665,window_06_15pct,0,1783711526.568588
6609,4,benign,21708,window_06_15pct,0,1783711527.364192
6610,4,benign,21822,window_06_15pct,0,1783711538.660389
6611,4,benign,21686,window_06_15pct,0,1783711541.998191
6612,4,benign,21676,window_06_15pct,0,1783711544.577635
6613,4,benign,21733,window_06_15pct,0,1783711545.16803
6614,4,benign,21737,window_06_15pct,0,1783711545.168353
6615,4,benign,21694,window_06_15pct,0,1783711560.409158
6616,4,benign,23014,window_06_15pct,0,1783711560.410298
6617,4,benign,22071,window_06_15pct,0,1783711563.799535
6618,4,benign,21702,window_06_15pct,0,1783711571.897326
6619,4,benign,21696,window_06_15pct,0,1783711571.901069
6620,4,benign,21698,window_06_15pct,0,1783711571.901204
6621,4,benign,21697,window_06_15pct,0,1783711571.923463
6622,4,benign,21701,window_06_15pct,0,1783711571.923694
6623,4,benign,21713,window_06_15pct,0,1783711572.748841
6624,4,benign,21714,window_06_15pct,0,1783711572.749066
6625,4,benign,21723,window_06_15pct,0,1783711576.085091
6626,4,benign,21751,window_06_15pct,0,1783711577.301647
6627,4,benign,21750,window_06_15pct,0,1783711577.306704
6628,4,benign,21725,window_06_15pct,0,1783711577.457881
6629,4,benign,22290,window_06_15pct,0,1783711579.506255
6630,4,benign,21720,window_06_15pct,0,1783711580.441322
6631,4,benign,21742,window_06_15pct,0,1783711585.448863
6632,4,benign,21768,window_06_15pct,0,1783711591.285012
6633,4,benign,21796,window_06_15pct,0,1783711591.291366
6634,4,benign,21823,window_06_15pct,0,1783711598.815229
6635,4,benign,21793,window_06_15pct,0,1783711604.552592
6636,4,benign,21792,window_06_15pct,0,1783711604.553731
6637,4,benign,22089,window_06_15pct,0,1783711606.778929
6638,4,benign,22103,window_06_15pct,0,1783711607.109718
6639,4,benign,21805,window_06_15pct,0,1783711607.257881
6640,4,benign,22315,window_06_15pct,0,1783711614.756738
6641,4,benign,21820,window_06_15pct,0,1783711616.349555
6642,4,benign,21819,window_06_15pct,0,1783711616.350673
6643,4,benign,22066,window_06_15pct,0,1783711626.398418
6644,4,benign,22084,window_06_15pct,0,1783711638.473709
6645,4,benign,22099,window_06_15pct,0,1783711645.876832
6646,4,benign,22107,window_06_15pct,0,1783711649.977936
6647,4,benign,22106,window_06_15pct,0,1783711649.982247
6648,4,benign,22111,window_06_15pct,0,1783711649.982344
6649,4,benign,22117,window_06_15pct,0,1783711658.310554
6650,4,benign,22125,window_06_15pct,0,1783711658.543149
6651,4,benign,22403,window_06_15pct,0,1783711658.892347
6652,4,benign,22258,window_06_15pct,0,1783711661.146438
6653,4,benign,22484,window_06_15pct,0,1783711661.162375
6654,4,benign,22357,window_06_15pct,0,1783711661.630855
6655,4,benign,22287,window_06_15pct,0,1783711663.489529
6656,4,benign,22355,window_06_15pct,0,1783711674.114404
6657,4,benign,22301,window_06_15pct,0,1783711686.365116
6658,4,benign,22300,window_06_15pct,0,1783711686.366353
6659,4,benign,22474,window_06_15pct,0,1783711689.50031
6660,4,benign,22305,window_06_15pct,0,1783711699.64965
6661,4,benign,22340,window_06_15pct,0,1783711714.750654
6662,4,benign,22429,window_06_15pct,0,1783711721.658335
6663,4,benign,22397,window_06_15pct,0,1783711724.578614
6664,4,benign,22367,window_06_15pct,0,1783711729.860823
6665,4,benign,22351,window_06_15pct,0,1783711729.861779
6666,4,benign,22346,window_06_15pct,0,1783711729.887055
6667,4,benign,22450,window_06_15pct,0,1783711737.422979
6668,4,benign,22449,window_06_15pct,0,1783711737.423882
6669,4,benign,22398,window_06_15pct,0,1783711746.151384
6670,4,benign,22489,window_06_15pct,0,1783711746.949843
6671,4,benign,22416,window_06_15pct,0,1783711766.280503
6672,4,benign,22407,window_06_15pct,0,1783711766.28145
6673,4,benign,22405,window_06_15pct,0,1783711766.306464
6674,4,benign,22436,window_06_15pct,0,1783711767.755791
6675,4,benign,22411,window_06_15pct,0,1783711769.347953
6676,4,benign,22413,window_06_15pct,0,1783711769.371522
6677,4,benign,22500,window_06_15pct,0,1783711775.521241
6678,4,benign,22501,window_06_15pct,0,1783711775.522354
6679,4,benign,22524,window_06_15pct,0,1783711778.818579
6680,4,benign,22444,window_06_15pct,0,1783711790.670903
6681,4,benign,22627,window_06_15pct,0,1783711793.992329
6682,4,benign,22626,window_06_15pct,0,1783711794.008144
6683,4,benign,22514,window_06_15pct,0,1783711795.975681
6684,4,benign,22564,window_06_15pct,0,1783711802.001519
6685,4,benign,22625,window_06_15pct,0,1783711802.025272
6686,4,benign,22550,window_06_15pct,0,1783711808.29747
6687,4,benign,22548,window_06_15pct,0,1783711808.30394
6688,4,benign,22552,window_06_15pct,0,1783711808.304213
6689,4,benign,22492,window_06_15pct,0,1783711810.011444
6690,4,benign,22708,window_06_15pct,0,1783711810.016732
6691,4,benign,22581,window_06_15pct,0,1783711812.904547
6692,4,benign,22511,window_06_15pct,0,1783711826.150448
6693,4,benign,22510,window_06_15pct,0,1783711826.172871
6694,4,benign,22621,window_06_15pct,0,1783711838.167355
6695,4,benign,22620,window_06_15pct,0,1783711838.168349
6696,4,benign,22546,window_06_15pct,0,1783711842.04008
6697,4,benign,22540,window_06_15pct,0,1783711842.047772
6698,4,benign,22558,window_06_15pct,0,1783711852.974458
6699,4,benign,22570,window_06_15pct,0,1783711865.907627
6700,4,benign,22589,window_06_15pct,0,1783711867.219504
6701,4,benign,22684,window_06_15pct,0,1783711871.460294
6702,4,benign,22685,window_06_15pct,0,1783711871.46156
6703,4,benign,22575,window_06_15pct,0,1783711871.972947
6704,4,benign,22678,window_06_15pct,0,1783711883.533053
6705,4,benign,22679,window_06_15pct,0,1783711883.535969
6706,4,benign,22597,window_06_15pct,0,1783711888.111383
6707,4,benign,22592,window_06_15pct,0,1783711890.925893
6708,4,benign,22637,window_06_15pct,0,1783711891.336115
6709,4,benign,22695,window_06_15pct,0,1783711895.158768
6710,4,benign,22693,window_06_15pct,0,1783711895.158985
6711,4,benign,22696,window_06_15pct,0,1783711895.159142
6712,4,benign,22840,window_06_15pct,0,1783711907.410838
6713,4,benign,22839,window_06_15pct,0,1783711907.412899
6714,4,benign,22656,window_06_15pct,0,1783711912.569161
6715,4,benign,22647,window_06_15pct,0,1783711912.570037
6716,4,benign,22644,window_06_15pct,0,1783711912.596746
6717,4,benign,22755,window_06_15pct,0,1783711914.401136
6718,4,benign,22758,window_06_15pct,0,1783711914.404916
6719,4,benign,22757,window_06_15pct,0,1783711914.405229
6720,4,benign,22760,window_06_15pct,0,1783711914.407075
6721,4,benign,22756,window_06_15pct,0,1783711914.407364
6722,4,benign,22746,window_06_15pct,0,1783711915.713585
6723,4,benign,22743,window_06_15pct,0,1783711915.713848
6724,4,benign,22748,window_06_15pct,0,1783711915.715076
6725,4,benign,22745,window_06_15pct,0,1783711915.71546
6726,4,benign,22724,window_06_15pct,0,1783711919.578324
6727,4,benign,22680,window_06_15pct,0,1783711930.498132
6728,4,benign,22667,window_06_15pct,0,1783711930.504096
6729,4,benign,22666,window_06_15pct,0,1783711930.576938
6730,4,benign,22702,window_06_15pct,0,1783711936.784311
6731,4,benign,22739,window_06_15pct,0,1783711944.676933
6732,4,benign,22742,window_06_15pct,0,1783711944.710502
6733,4,benign,22737,window_06_15pct,0,1783711944.711945
6734,4,benign,22715,window_06_15pct,0,1783711947.549128
6735,4,benign,22846,window_06_15pct,0,1783711949.74102
6736,4,benign,22725,window_06_15pct,0,1783711957.860985
6737,4,benign,22750,window_06_15pct,0,1783711958.037877
6738,4,benign,22752,window_06_15pct,0,1783711958.038114
6739,4,benign,22768,window_06_15pct,0,1783711963.74643
6740,4,benign,22763,window_06_15pct,0,1783711968.243824
6741,4,benign,22785,window_06_15pct,0,1783711970.948942
6742,4,benign,22919,window_06_15pct,0,1783711972.867431
6743,4,benign,22809,window_06_15pct,0,1783711973.035876
6744,4,benign,22812,window_06_15pct,0,1783711973.042166
6745,4,benign,22800,window_06_15pct,0,1783711978.232291
6746,4,benign,22910,window_06_15pct,0,1783711979.594513
6747,4,benign,23160,window_06_15pct,0,1783711980.10424
6748,4,benign,22830,window_06_15pct,0,1783711982.52079
6749,4,benign,22829,window_06_15pct,0,1783711982.521181
6750,4,benign,22828,window_06_15pct,0,1783711982.522021
6751,4,benign,22997,window_06_15pct,0,1783711986.327319
6752,4,benign,23000,window_06_15pct,0,1783711986.327439
6753,4,benign,22995,window_06_15pct,0,1783711986.329011
6754,4,benign,22824,window_06_15pct,0,1783711993.431939
6755,4,benign,22876,window_06_15pct,0,1783711994.401028
6756,4,benign,22875,window_06_15pct,0,1783711994.401449
6757,4,benign,22961,window_06_15pct,0,1783711998.768676
6758,4,benign,22969,window_06_15pct,0,1783711999.644557
6759,4,benign,22834,window_06_15pct,0,1783712001.445553
6760,4,benign,22858,window_06_15pct,0,1783712005.630657
6761,4,benign,22848,window_06_15pct,0,1783712006.846055
6762,4,benign,22878,window_06_15pct,0,1783712026.12098
6763,4,benign,22886,window_06_15pct,0,1783712031.059128
6764,4,benign,22894,window_06_15pct,0,1783712034.282082
6765,4,benign,22922,window_06_15pct,0,1783712034.748296
6766,4,benign,23052,window_06_15pct,0,1783712038.183677
6767,4,benign,22988,window_06_15pct,0,1783712038.542044
6768,4,benign,22927,window_06_15pct,0,1783712045.692931
6769,4,benign,23061,window_06_15pct,0,1783712063.454618
6770,4,benign,22976,window_06_15pct,0,1783712063.968211
6771,4,benign,24225,window_06_15pct,0,1783712063.970303
6772,4,benign,23161,window_06_15pct,0,1783712063.995131
6773,4,benign,23072,window_06_15pct,0,1783712065.134361
6774,4,benign,23069,window_06_15pct,0,1783712065.140166
6775,4,benign,23067,window_06_15pct,0,1783712065.373943
6776,4,benign,23010,window_06_15pct,0,1783712065.394021
6777,4,benign,23013,window_06_15pct,0,1783712065.394371
6778,4,benign,22980,window_06_15pct,0,1783712067.577724
6779,4,benign,22990,window_06_15pct,0,1783712076.264259
6780,4,benign,23121,window_06_15pct,0,1783712077.903037
6781,4,benign,23122,window_06_15pct,0,1783712077.916483
6782,4,benign,23119,window_06_15pct,0,1783712077.917065
6783,4,benign,23007,window_06_15pct,0,1783712080.243037
6784,4,benign,23032,window_06_15pct,0,1783712094.835672
6785,4,benign,23130,window_06_15pct,0,1783712095.34282
6786,4,benign,23126,window_06_15pct,0,1783712095.343044
6787,4,benign,23044,window_06_15pct,0,1783712099.114893
6788,4,benign,23080,window_06_15pct,0,1783712118.74272
6789,4,benign,23194,window_06_15pct,0,1783712133.223486
6790,4,benign,23196,window_06_15pct,0,1783712133.223747
6791,4,benign,23118,window_06_15pct,0,1783712137.432678
6792,4,benign,23102,window_06_15pct,0,1783712139.079347
6793,4,benign,23101,window_06_15pct,0,1783712139.102192
6794,4,benign,23229,window_06_15pct,0,1783712149.88685
6795,4,benign,23148,window_06_15pct,0,1783712152.032955
6796,4,benign,23406,window_06_15pct,0,1783712152.037043
6797,4,benign,23452,window_06_15pct,0,1783712154.919523
6798,4,benign,23209,window_06_15pct,0,1783712158.396373
6799,4,benign,23240,window_06_15pct,0,1783712165.118763
6800,4,benign,23163,window_06_15pct,0,1783712173.518812
6801,4,benign,23283,window_06_15pct,0,1783712174.574203
6802,4,benign,23216,window_06_15pct,0,1783712181.162303
6803,4,benign,23220,window_06_15pct,0,1783712181.167009
6804,4,benign,23218,window_06_15pct,0,1783712181.168046
6805,4,benign,23219,window_06_15pct,0,1783712181.16812
6806,4,benign,23212,window_06_15pct,0,1783712183.776113
6807,4,benign,23213,window_06_15pct,0,1783712183.850437
6808,4,benign,23214,window_06_15pct,0,1783712183.850538
6809,4,benign,23189,window_06_15pct,0,1783712188.240134
6810,4,benign,23199,window_06_15pct,0,1783712188.240134
6811,4,benign,23371,window_06_15pct,0,1783712188.257355
6812,4,benign,23368,window_06_15pct,0,1783712199.374852
6813,4,benign,23222,window_06_15pct,0,1783712205.464757
6814,4,benign,23259,window_06_15pct,0,1783712223.518434
6815,4,benign,23456,window_06_15pct,0,1783712231.008586
6816,4,benign,23270,window_06_15pct,0,1783712233.608442
6817,4,benign,23274,window_06_15pct,0,1783712233.630156
6818,4,benign,23300,window_06_15pct,0,1783712245.208689
6819,4,benign,23453,window_06_15pct,0,1783712245.21355
6820,4,benign,23411,window_06_15pct,0,1783712251.868444
6821,4,benign,23409,window_06_15pct,0,1783712251.88354
6822,4,benign,23408,window_06_15pct,0,1783712251.883894
6823,4,benign,23412,window_06_15pct,0,1783712251.885444
6824,4,benign,23304,window_06_15pct,0,1783712259.476524
6825,4,benign,23381,window_06_15pct,0,1783712261.571388
6826,4,benign,23345,window_06_15pct,0,1783712261.638021
6827,4,benign,23315,window_06_15pct,0,1783712261.638977
6828,4,benign,23355,window_06_15pct,0,1783712263.582653
6829,4,benign,23329,window_06_15pct,0,1783712265.481503
6830,4,benign,23445,window_06_15pct,0,1783712266.79499
6831,4,benign,23398,window_06_15pct,0,1783712272.22364
6832,4,benign,23357,window_06_15pct,0,1783712279.737896
6833,4,benign,23360,window_06_15pct,0,1783712285.064917
6834,4,benign,23394,window_06_15pct,0,1783712295.955509
6835,4,benign,23395,window_06_15pct,0,1783712295.955623
6836,4,benign,23384,window_06_15pct,0,1783712295.980981
6837,4,benign,23532,window_06_15pct,0,1783712297.096936
6838,4,benign,23417,window_06_15pct,0,1783712304.907925
6839,4,benign,23421,window_06_15pct,0,1783712305.927385
6840,4,benign,23591,window_06_15pct,0,1783712306.638237
6841,4,benign,23449,window_06_15pct,0,1783712312.794738
6842,4,benign,23579,window_06_15pct,0,1783712312.809387
6843,4,benign,23583,window_06_15pct,0,1783712312.809926
6844,4,benign,23475,window_06_15pct,0,1783712314.910692
6845,4,benign,23479,window_06_15pct,0,1783712314.910968
6846,4,benign,23491,window_06_15pct,0,1783712316.395839
6847,4,benign,23461,window_06_15pct,0,1783712320.353946
6848,4,benign,23485,window_06_15pct,0,1783712328.280929
6849,4,benign,23468,window_06_15pct,0,1783712328.967847
6850,4,benign,23490,window_06_15pct,0,1783712333.469754
6851,4,benign,23500,window_06_15pct,0,1783712338.432673
6852,4,benign,23498,window_06_15pct,0,1783712338.439242
6853,4,benign,23497,window_06_15pct,0,1783712338.439401
6854,4,benign,23621,window_06_15pct,0,1783712338.441561
6855,4,benign,23527,window_06_15pct,0,1783712340.895861
6856,4,benign,23517,window_06_15pct,0,1783712343.170699
6857,4,benign,23562,window_06_15pct,0,1783712343.172502
6858,4,benign,23535,window_06_15pct,0,1783712348.047392
6859,4,benign,23577,window_06_15pct,0,1783712364.837565
6860,4,benign,23601,window_06_15pct,0,1783712364.838468
6861,4,benign,23554,window_06_15pct,0,1783712365.585939
6862,4,benign,23692,window_06_15pct,0,1783712371.17558
6863,4,benign,23653,window_06_15pct,0,1783712371.807035
6864,4,benign,23650,window_06_15pct,0,1783712371.808058
6865,4,benign,23652,window_06_15pct,0,1783712371.808452
6866,4,benign,23619,window_06_15pct,0,1783712374.762647
6867,4,benign,23622,window_06_15pct,0,1783712374.762805
6868,4,benign,23831,window_06_15pct,0,1783712377.912957
6869,4,benign,23815,window_06_15pct,0,1783712386.195039
6870,4,benign,23615,window_06_15pct,0,1783712386.61171
6871,4,benign,23617,window_06_15pct,0,1783712386.612572
6872,4,benign,23612,window_06_15pct,0,1783712390.712836
6873,4,benign,23602,window_06_15pct,0,1783712390.739046
6874,4,benign,23608,window_06_15pct,0,1783712393.882996
6875,4,benign,23804,window_06_15pct,0,1783712402.230424
6876,4,benign,23636,window_06_15pct,0,1783712409.567285
6877,4,benign,23729,window_06_15pct,0,1783712409.573333
6878,4,benign,23713,window_06_15pct,0,1783712411.264583
6879,4,benign,23790,window_06_15pct,0,1783712413.610512
6880,4,benign,23788,window_06_15pct,0,1783712413.61152
6881,4,benign,23639,window_06_15pct,0,1783712415.643344
6882,4,benign,23677,window_06_15pct,0,1783712416.505587
6883,4,benign,23981,window_06_15pct,0,1783712420.314185
6884,4,benign,23695,window_06_15pct,0,1783712424.972106
6885,4,benign,23667,window_06_15pct,0,1783712424.973148
6886,4,benign,23668,window_06_15pct,0,1783712425.004484
6887,4,benign,23688,window_06_15pct,0,1783712426.311721
6888,4,benign,24059,window_06_15pct,0,1783712431.155793
6889,4,benign,23741,window_06_15pct,0,1783712445.782284
6890,4,benign,24219,window_06_15pct,0,1783712446.397721
6891,4,benign,23778,window_06_15pct,0,1783712447.96036
6892,4,benign,23775,window_06_15pct,0,1783712447.965731
6893,4,benign,23749,window_06_15pct,0,1783712450.159151
6894,4,benign,23758,window_06_15pct,0,1783712457.567892
6895,4,benign,24078,window_06_15pct,0,1783712457.743074
6896,4,benign,23772,window_06_15pct,0,1783712460.628711
6897,4,benign,23853,window_06_15pct,0,1783712468.242635
6898,4,benign,23827,window_06_15pct,0,1783712471.217654
6899,4,benign,23808,window_06_15pct,0,1783712475.220782
6900,4,benign,23797,window_06_15pct,0,1783712475.221041
6901,4,benign,23902,window_06_15pct,0,1783712478.437042
6902,4,benign,23903,window_06_15pct,0,1783712478.438105
6903,4,benign,23900,window_06_15pct,0,1783712478.439038
6904,4,benign,23901,window_06_15pct,0,1783712478.439857
6905,4,benign,23845,window_06_15pct,0,1783712492.303139
6906,4,benign,23842,window_06_15pct,0,1783712494.516757
6907,4,benign,23886,window_06_15pct,0,1783712503.085687
6908,4,benign,23888,window_06_15pct,0,1783712503.086299
6909,4,benign,23885,window_06_15pct,0,1783712503.089676
6910,4,benign,24135,window_06_15pct,0,1783712503.108248
6911,4,benign,24134,window_06_15pct,0,1783712503.108357
6912,4,benign,24021,window_06_15pct,0,1783712504.496043
6913,4,benign,23891,window_06_15pct,0,1783712507.003065
6914,4,benign,23991,window_06_15pct,0,1783712508.119727
6915,4,benign,23988,window_06_15pct,0,1783712508.122212
6916,4,benign,23894,window_06_15pct,0,1783712517.620716
6917,4,benign,23915,window_06_15pct,0,1783712523.798733
6918,4,benign,23906,window_06_15pct,0,1783712523.825918
6919,4,benign,23914,window_06_15pct,0,1783712527.705146
6920,4,benign,23925,window_06_15pct,0,1783712530.715852
6921,4,benign,23935,window_06_15pct,0,1783712531.746656
6922,4,benign,23938,window_06_15pct,0,1783712531.750569
6923,4,benign,23937,window_06_15pct,0,1783712531.750966
6924,4,benign,23961,window_06_15pct,0,1783712540.209
6925,4,benign,24122,window_06_15pct,0,1783712543.63859
6926,4,benign,23958,window_06_15pct,0,1783712543.936393
6927,4,benign,23985,window_06_15pct,0,1783712552.553317
6928,4,benign,23997,window_06_15pct,0,1783712553.95717
6929,4,benign,24016,window_06_15pct,0,1783712558.600984
6930,4,benign,24010,window_06_15pct,0,1783712560.755262
6931,4,benign,24009,window_06_15pct,0,1783712560.755324
6932,4,benign,24013,window_06_15pct,0,1783712562.051982
6933,4,benign,24086,window_06_15pct,0,1783712572.462289
6934,4,benign,24105,window_06_15pct,0,1783712572.540766
6935,4,benign,24094,window_06_15pct,0,1783712574.672465
6936,4,benign,24042,window_06_15pct,0,1783712574.745375
6937,4,benign,24109,window_06_15pct,0,1783712575.383838
6938,4,benign,24112,window_06_15pct,0,1783712575.38413
6939,4,benign,24114,window_06_15pct,0,1783712575.386069
6940,4,benign,24051,window_06_15pct,0,1783712587.813408
6941,4,benign,24049,window_06_15pct,0,1783712587.814362
6942,4,benign,24052,window_06_15pct,0,1783712587.815983
6943,4,benign,24071,window_06_15pct,0,1783712596.493309
6944,4,benign,24062,window_06_15pct,0,1783712596.494307
6945,4,benign,24191,window_06_15pct,0,1783712606.85348
6946,4,benign,24101,window_06_15pct,0,1783712611.630286
6947,4,benign,24099,window_06_15pct,0,1783712611.631188
6948,4,benign,24095,window_06_15pct,0,1783712611.657778
6949,4,benign,24151,window_06_15pct,0,1783712612.742194
6950,4,benign,24186,window_06_15pct,0,1783712619.938536
6951,4,benign,24172,window_06_15pct,0,1783712622.895515
6952,4,benign,24156,window_06_15pct,0,1783712636.028676
6953,4,benign,24188,window_06_15pct,0,1783712655.280271
6954,4,benign,24200,window_06_15pct,0,1783712678.01969
6955,4,benign,24243,window_06_15pct,0,1783712716.377866
6956,4,benign,24240,window_06_15pct,0,1783712716.379994
6957,4,benign,24242,window_06_15pct,0,1783712716.381097
6958,4,benign,24245,window_06_15pct,0,1783712747.667559
6959,4,benign,24257,window_06_15pct,0,1783712775.506904
6960,4,benign,24258,window_06_15pct,0,1783712775.508125
6961,4,benign,24266,window_06_15pct,0,1783713094.650442
6962,4,benign,39583,window_resampled_15pct,0,1783713521.275148
6963,4,benign,24371,window_07_17pct,0,1783713521.275148
6964,4,benign,29314,window_07_17pct,0,1783713540.85136
6965,4,benign,24321,window_07_17pct,0,1783713565.31453
6966,4,benign,44413,window_resampled_20pct,0,1783713565.31453
6967,4,benign,44414,window_resampled_20pct,0,1783713571.376813
6968,4,benign,24326,window_07_17pct,0,1783713571.376813
6969,4,benign,24268,window_07_17pct,0,1783713590.342963
6970,4,benign,24278,window_07_17pct,0,1783713601.838531
6971,4,benign,44416,window_resampled_20pct,0,1783713605.551235
6972,4,benign,24302,window_07_17pct,0,1783713605.551235
6973,4,benign,24307,window_07_17pct,0,1783713607.151218
6974,4,benign,24303,window_07_17pct,0,1783713607.154638
6975,4,benign,39594,window_resampled_15pct,0,1783713609.420953
6976,4,benign,24299,window_07_17pct,0,1783713609.420953
6977,4,benign,24297,window_07_17pct,0,1783713609.421363
6978,4,benign,39595,window_resampled_15pct,0,1783713609.421363
6979,4,benign,24305,window_07_17pct,0,1783713616.730751
6980,4,benign,39597,window_resampled_15pct,0,1783713616.731206
6981,4,benign,24306,window_07_17pct,0,1783713616.731206
6982,4,benign,24308,window_07_17pct,0,1783713616.731364
6983,4,benign,24327,window_07_17pct,0,1783713632.979678
6984,4,benign,24319,window_07_17pct,0,1783713632.999349
6985,4,benign,24343,window_07_17pct,0,1783713633.227966
6986,4,benign,24337,window_07_17pct,0,1783713641.674884
6987,4,benign,24348,window_07_17pct,0,1783713646.590342
6988,4,benign,39605,window_resampled_15pct,0,1783713646.590342
6989,4,benign,24409,window_07_17pct,0,1783713647.246564
6990,4,benign,24379,window_07_17pct,0,1783713660.528998
6991,4,benign,44427,window_resampled_20pct,0,1783713660.528998
6992,4,benign,24415,window_07_17pct,0,1783713678.846679
6993,4,benign,44432,window_resampled_20pct,0,1783713678.846679
6994,4,benign,24416,window_07_17pct,0,1783713683.86681
6995,4,benign,24436,window_07_17pct,0,1783713690.661935
6996,4,benign,24452,window_07_17pct,0,1783713693.053475
6997,4,benign,24422,window_07_17pct,0,1783713698.997607
6998,4,benign,24420,window_07_17pct,0,1783713698.998624
6999,4,benign,39610,window_resampled_15pct,0,1783713698.998624
7000,4,benign,24585,window_07_17pct,0,1783713705.01399
7001,4,benign,39615,window_resampled_15pct,0,1783713705.01399
7002,4,benign,24516,window_07_17pct,0,1783713705.020028
7003,4,benign,44438,window_resampled_20pct,0,1783713724.384964
7004,4,benign,24444,window_07_17pct,0,1783713724.384964
7005,4,benign,24441,window_07_17pct,0,1783713728.157227
7006,4,benign,24482,window_07_17pct,0,1783713736.010229
7007,4,benign,39623,window_resampled_15pct,0,1783713737.352305
7008,4,benign,24525,window_07_17pct,0,1783713737.352305
7009,4,benign,24464,window_07_17pct,0,1783713740.509348
7010,4,benign,24473,window_07_17pct,0,1783713742.358437
7011,4,benign,44440,window_resampled_20pct,0,1783713745.224908
7012,4,benign,24577,window_07_17pct,0,1783713745.224908
7013,4,benign,24579,window_07_17pct,0,1783713745.225401
7014,4,benign,24477,window_07_17pct,0,1783713745.493724
7015,4,benign,24492,window_07_17pct,0,1783713761.635293
7016,4,benign,24493,window_07_17pct,0,1783713768.646632
7017,4,benign,44443,window_resampled_20pct,0,1783713768.646632
7018,4,benign,24496,window_07_17pct,0,1783713768.6477
7019,4,benign,24497,window_07_17pct,0,1783713768.648394
7020,4,benign,24565,window_07_17pct,0,1783713777.552325
7021,4,benign,24534,window_07_17pct,0,1783713780.15769
7022,4,benign,24521,window_07_17pct,0,1783713780.177851
7023,4,benign,24553,window_07_17pct,0,1783713784.946149
7024,4,benign,24552,window_07_17pct,0,1783713784.95724
7025,4,benign,44449,window_resampled_20pct,0,1783713784.95724
7026,4,benign,24554,window_07_17pct,0,1783713784.959787
7027,4,benign,39638,window_resampled_15pct,0,1783713784.959787
7028,4,benign,24537,window_07_17pct,0,1783713788.440105
7029,4,benign,44450,window_resampled_20pct,0,1783713788.440105
7030,4,benign,24613,window_07_17pct,0,1783713788.749633
7031,4,benign,24561,window_07_17pct,0,1783713791.915779
7032,4,benign,24583,window_07_17pct,0,1783713797.350086
7033,4,benign,39643,window_resampled_15pct,0,1783713797.350086
7034,4,benign,24569,window_07_17pct,0,1783713797.351037
7035,4,benign,24591,window_07_17pct,0,1783713803.098822
7036,4,benign,24647,window_07_17pct,0,1783713803.541213
7037,4,benign,24688,window_07_17pct,0,1783713817.758859
7038,4,benign,24611,window_07_17pct,0,1783713824.447673
7039,4,benign,44463,window_resampled_20pct,0,1783713824.447673
7040,4,benign,24608,window_07_17pct,0,1783713824.469448
7041,4,benign,24612,window_07_17pct,0,1783713834.299384
7042,4,benign,24757,window_07_17pct,0,1783713838.865995
7043,4,benign,24640,window_07_17pct,0,1783713840.781788
7044,4,benign,44465,window_resampled_20pct,0,1783713840.781788
7045,4,benign,24623,window_07_17pct,0,1783713840.994923
7046,4,benign,44469,window_resampled_20pct,0,1783713841.465742
7047,4,benign,24678,window_07_17pct,0,1783713841.465742
7048,4,benign,24629,window_07_17pct,0,1783713841.841862
7049,4,benign,24643,window_07_17pct,0,1783713846.237431
7050,4,benign,39649,window_resampled_15pct,0,1783713846.237431
7051,4,benign,39650,window_resampled_15pct,0,1783713846.251916
7052,4,benign,24749,window_07_17pct,0,1783713846.251916
7053,4,benign,24667,window_07_17pct,0,1783713850.59346
7054,4,benign,44473,window_resampled_20pct,0,1783713850.59346
7055,4,benign,24670,window_07_17pct,0,1783713850.597403
7056,4,benign,24764,window_07_17pct,0,1783713854.683821
7057,4,benign,24768,window_07_17pct,0,1783713854.684121
7058,4,benign,24765,window_07_17pct,0,1783713854.685209
7059,4,benign,39653,window_resampled_15pct,0,1783713855.364259
7060,4,benign,24786,window_07_17pct,0,1783713855.364259
7061,4,benign,24666,window_07_17pct,0,1783713856.054331
7062,4,benign,26288,window_07_17pct,0,1783713858.658925
7063,4,benign,39657,window_resampled_15pct,0,1783713872.108144
7064,4,benign,24707,window_07_17pct,0,1783713872.108144
7065,4,benign,24709,window_07_17pct,0,1783713877.280936
7066,4,benign,44477,window_resampled_20pct,0,1783713877.280936
7067,4,benign,24716,window_07_17pct,0,1783713878.576986
7068,4,benign,24718,window_07_17pct,0,1783713878.577923
7069,4,benign,24802,window_07_17pct,0,1783713878.766514
7070,4,benign,25033,window_07_17pct,0,1783713886.178003
7071,4,benign,39662,window_resampled_15pct,0,1783713886.178003
7072,4,benign,39663,window_resampled_15pct,0,1783713886.178156
7073,4,benign,25037,window_07_17pct,0,1783713886.178156
7074,4,benign,25035,window_07_17pct,0,1783713886.179333
7075,4,benign,24752,window_07_17pct,0,1783713887.447945
7076,4,benign,44482,window_resampled_20pct,0,1783713887.449068
7077,4,benign,24735,window_07_17pct,0,1783713887.449068
7078,4,benign,24738,window_07_17pct,0,1783713887.453081
7079,4,benign,39664,window_resampled_15pct,0,1783713887.453081
7080,4,benign,44483,window_resampled_20pct,0,1783713887.455328
7081,4,benign,24739,window_07_17pct,0,1783713887.455328
7082,4,benign,24740,window_07_17pct,0,1783713887.823291
7083,4,benign,24779,window_07_17pct,0,1783713900.431648
7084,4,benign,39672,window_resampled_15pct,0,1783713900.431648
7085,4,benign,24805,window_07_17pct,0,1783713909.334304
7086,4,benign,24905,window_07_17pct,0,1783713912.142893
7087,4,benign,39678,window_resampled_15pct,0,1783713924.141431
7088,4,benign,24807,window_07_17pct,0,1783713924.141431
7089,4,benign,24868,window_07_17pct,0,1783713933.331983
7090,4,benign,24888,window_07_17pct,0,1783713936.271934
7091,4,benign,24844,window_07_17pct,0,1783713939.302897
7092,4,benign,24816,window_07_17pct,0,1783713939.324474
7093,4,benign,24819,window_07_17pct,0,1783713939.326549
7094,4,benign,44494,window_resampled_20pct,0,1783713939.326549
7095,4,benign,24824,window_07_17pct,0,1783713940.655806
7096,4,benign,24821,window_07_17pct,0,1783713940.681043
7097,4,benign,44495,window_resampled_20pct,0,1783713940.681043
7098,4,benign,24860,window_07_17pct,0,1783713941.435476
7099,4,benign,24858,window_07_17pct,0,1783713941.43563
7100,4,benign,44497,window_resampled_20pct,0,1783713942.830503
7101,4,benign,24850,window_07_17pct,0,1783713942.830503
7102,4,benign,24846,window_07_17pct,0,1783713942.830613
7103,4,benign,44498,window_resampled_20pct,0,1783713942.831551
7104,4,benign,24848,window_07_17pct,0,1783713942.831551
7105,4,benign,24849,window_07_17pct,0,1783713942.831832
7106,4,benign,24845,window_07_17pct,0,1783713942.832002
7107,4,benign,24855,window_07_17pct,0,1783713947.882354
7108,4,benign,24938,window_07_17pct,0,1783713948.325647
7109,4,benign,25313,window_07_17pct,0,1783713956.178373
7110,4,benign,44500,window_resampled_20pct,0,1783713960.180588
7111,4,benign,24880,window_07_17pct,0,1783713960.180588
7112,4,benign,24907,window_07_17pct,0,1783713971.366115
7113,4,benign,24906,window_07_17pct,0,1783713971.367132
7114,4,benign,24925,window_07_17pct,0,1783713982.543203
7115,4,benign,24936,window_07_17pct,0,1783713990.516019
7116,4,benign,24977,window_07_17pct,0,1783713991.269263
7117,4,benign,25039,window_07_17pct,0,1783713995.349425
7118,4,benign,25040,window_07_17pct,0,1783713995.350172
7119,4,benign,24967,window_07_17pct,0,1783714006.410378
7120,4,benign,25017,window_07_17pct,0,1783714008.497357
7121,4,benign,24989,window_07_17pct,0,1783714011.647857
7122,4,benign,24991,window_07_17pct,0,1783714011.755712
7123,4,benign,24987,window_07_17pct,0,1783714011.7574
7124,4,benign,25085,window_07_17pct,0,1783714015.591026
7125,4,benign,24968,window_07_17pct,0,1783714016.827393
7126,4,benign,25015,window_07_17pct,0,1783714026.527234
7127,4,benign,25008,window_07_17pct,0,1783714028.202684
7128,4,benign,25113,window_07_17pct,0,1783714045.909643
7129,4,benign,25038,window_07_17pct,0,1783714047.458657
7130,4,benign,39699,window_resampled_15pct,0,1783714047.458657
7131,4,benign,25107,window_07_17pct,0,1783714053.300663
7132,4,benign,25071,window_07_17pct,0,1783714065.286593
7133,4,benign,25055,window_07_17pct,0,1783714065.287476
7134,4,benign,39703,window_resampled_15pct,0,1783714065.287476
7135,4,benign,25058,window_07_17pct,0,1783714065.305926
7136,4,benign,25079,window_07_17pct,0,1783714065.354845
7137,4,benign,25662,window_07_17pct,0,1783714071.119033
7138,4,benign,25131,window_07_17pct,0,1783714075.075183
7139,4,benign,25099,window_07_17pct,0,1783714083.166222
7140,4,benign,39707,window_resampled_15pct,0,1783714083.189136
7141,4,benign,25095,window_07_17pct,0,1783714083.189136
7142,4,benign,25103,window_07_17pct,0,1783714083.339976
7143,4,benign,25139,window_07_17pct,0,1783714089.658535
7144,4,benign,25614,window_07_17pct,0,1783714091.048481
7145,4,benign,25173,window_07_17pct,0,1783714091.472947
7146,4,benign,39709,window_resampled_15pct,0,1783714091.472947
7147,4,benign,25126,window_07_17pct,0,1783714099.116745
7148,4,benign,39711,window_resampled_15pct,0,1783714099.116745
7149,4,benign,25127,window_07_17pct,0,1783714099.1169
7150,4,benign,39712,window_resampled_15pct,0,1783714099.1169
7151,4,benign,25123,window_07_17pct,0,1783714099.117595
7152,4,benign,25178,window_07_17pct,0,1783714105.495957
7153,4,benign,44531,window_resampled_20pct,0,1783714105.495957
7154,4,benign,25179,window_07_17pct,0,1783714105.500132
7155,4,benign,25145,window_07_17pct,0,1783714105.720631
7156,4,benign,25146,window_07_17pct,0,1783714105.909168
7157,4,benign,44532,window_resampled_20pct,0,1783714108.6976
7158,4,benign,25260,window_07_17pct,0,1783714108.6976
7159,4,benign,25137,window_07_17pct,0,1783714109.922347
7160,4,benign,25270,window_07_17pct,0,1783714112.293041
7161,4,benign,25271,window_07_17pct,0,1783714112.293179
7162,4,benign,25151,window_07_17pct,0,1783714118.978547
7163,4,benign,39718,window_resampled_15pct,0,1783714118.981301
7164,4,benign,25153,window_07_17pct,0,1783714118.981301
7165,4,benign,25183,window_07_17pct,0,1783714132.124689
7166,4,benign,25168,window_07_17pct,0,1783714133.379194
7167,4,benign,25164,window_07_17pct,0,1783714133.400045
7168,4,benign,44539,window_resampled_20pct,0,1783714133.400045
7169,4,benign,25205,window_07_17pct,0,1783714139.038245
7170,4,benign,44540,window_resampled_20pct,0,1783714139.038245
7171,4,benign,25190,window_07_17pct,0,1783714143.186048
7172,4,benign,25195,window_07_17pct,0,1783714145.956953
7173,4,benign,25202,window_07_17pct,0,1783714147.185061
7174,4,benign,25214,window_07_17pct,0,1783714147.803675
7175,4,benign,25288,window_07_17pct,0,1783714149.189124
7176,4,benign,25289,window_07_17pct,0,1783714149.190046
7177,4,benign,25284,window_07_17pct,0,1783714149.190653
7178,4,benign,25239,window_07_17pct,0,1783714150.248565
7179,4,benign,25217,window_07_17pct,0,1783714153.877229
7180,4,benign,25245,window_07_17pct,0,1783714168.385937
7181,4,benign,25237,window_07_17pct,0,1783714168.407512
7182,4,benign,39732,window_resampled_15pct,0,1783714168.45581
7183,4,benign,25273,window_07_17pct,0,1783714168.45581
7184,4,benign,25407,window_07_17pct,0,1783714175.477483
7185,4,benign,44553,window_resampled_20pct,0,1783714175.477483
7186,4,benign,44555,window_resampled_20pct,0,1783714180.099721
7187,4,benign,25340,window_07_17pct,0,1783714180.099721
7188,4,benign,25290,window_07_17pct,0,1783714188.686675
7189,4,benign,25297,window_07_17pct,0,1783714188.854151
7190,4,benign,25299,window_07_17pct,0,1783714197.040938
7191,4,benign,25331,window_07_17pct,0,1783714204.032179
7192,4,benign,25455,window_07_17pct,0,1783714211.495178
7193,4,benign,25369,window_07_17pct,0,1783714212.470421
7194,4,benign,25344,window_07_17pct,0,1783714212.79736
7195,4,benign,25416,window_07_17pct,0,1783714213.161804
7196,4,benign,25417,window_07_17pct,0,1783714213.16249
7197,4,benign,25387,window_07_17pct,0,1783714224.416666
7198,4,benign,39746,window_resampled_15pct,0,1783714224.416666
7199,4,benign,25376,window_07_17pct,0,1783714224.417569
7200,4,benign,39747,window_resampled_15pct,0,1783714224.440772
7201,4,benign,25379,window_07_17pct,0,1783714224.440772
7202,4,benign,39748,window_resampled_15pct,0,1783714224.440932
7203,4,benign,25378,window_07_17pct,0,1783714224.440932
7204,4,benign,25382,window_07_17pct,0,1783714224.630071
7205,4,benign,25381,window_07_17pct,0,1783714224.631378
7206,4,benign,39749,window_resampled_15pct,0,1783714224.631607
7207,4,benign,25383,window_07_17pct,0,1783714224.631607
7208,4,benign,25384,window_07_17pct,0,1783714224.631755
7209,4,benign,25482,window_07_17pct,0,1783714227.043995
7210,4,benign,44569,window_resampled_20pct,0,1783714227.043995
7211,4,benign,25485,window_07_17pct,0,1783714227.044223
7212,4,benign,39753,window_resampled_15pct,0,1783714235.564806
7213,4,benign,25397,window_07_17pct,0,1783714235.564806
7214,4,benign,39755,window_resampled_15pct,0,1783714237.587048
7215,4,benign,25618,window_07_17pct,0,1783714237.587048
7216,4,benign,25617,window_07_17pct,0,1783714237.587087
7217,4,benign,25528,window_07_17pct,0,1783714242.181348
7218,4,benign,25433,window_07_17pct,0,1783714249.785411
7219,4,benign,25520,window_07_17pct,0,1783714257.15835
7220,4,benign,25517,window_07_17pct,0,1783714257.162538
7221,4,benign,25521,window_07_17pct,0,1783714257.162887
7222,4,benign,25678,window_07_17pct,0,1783714260.749818
7223,4,benign,44579,window_resampled_20pct,0,1783714263.012119
7224,4,benign,26061,window_07_17pct,0,1783714263.012119
7225,4,benign,39760,window_resampled_15pct,0,1783714265.824537
7226,4,benign,25458,window_07_17pct,0,1783714265.824537
7227,4,benign,25469,window_07_17pct,0,1783714274.247399
7228,4,benign,25649,window_07_17pct,0,1783714275.796333
7229,4,benign,26016,window_07_17pct,0,1783714278.226409
7230,4,benign,25487,window_07_17pct,0,1783714280.356401
7231,4,benign,25535,window_07_17pct,0,1783714280.645618
7232,4,benign,25493,window_07_17pct,0,1783714281.414672
7233,4,benign,25494,window_07_17pct,0,1783714281.415233
7234,4,benign,44587,window_resampled_20pct,0,1783714281.415233
7235,4,benign,25498,window_07_17pct,0,1783714285.757324
7236,4,benign,25491,window_07_17pct,0,1783714285.83812
7237,4,benign,25635,window_07_17pct,0,1783714285.854511
7238,4,benign,44590,window_resampled_20pct,0,1783714285.854511
7239,4,benign,25506,window_07_17pct,0,1783714287.547781
7240,4,benign,44593,window_resampled_20pct,0,1783714289.878798
7241,4,benign,25645,window_07_17pct,0,1783714289.878798
7242,4,benign,25500,window_07_17pct,0,1783714291.551436
7243,4,benign,25523,window_07_17pct,0,1783714295.695087
7244,4,benign,25547,window_07_17pct,0,1783714295.927458
7245,4,benign,25530,window_07_17pct,0,1783714301.820323
7246,4,benign,26228,window_07_17pct,0,1783714301.869255
7247,4,benign,26227,window_07_17pct,0,1783714301.869887
7248,4,benign,25539,window_07_17pct,0,1783714303.575053
7249,4,benign,26023,window_07_17pct,0,1783714307.942125
7250,4,benign,25565,window_07_17pct,0,1783714311.811516
7251,4,benign,39773,window_resampled_15pct,0,1783714311.837357
7252,4,benign,25563,window_07_17pct,0,1783714311.837357
7253,4,benign,39778,window_resampled_15pct,0,1783714315.645086
7254,4,benign,25693,window_07_17pct,0,1783714315.645086
7255,4,benign,25604,window_07_17pct,0,1783714317.701335
7256,4,benign,25603,window_07_17pct,0,1783714317.70212
7257,4,benign,44602,window_resampled_20pct,0,1783714317.70212
7258,4,benign,25602,window_07_17pct,0,1783714317.702335
7259,4,benign,25576,window_07_17pct,0,1783714318.398846
7260,4,benign,25587,window_07_17pct,0,1783714322.771344
7261,4,benign,26000,window_07_17pct,0,1783714326.898135
7262,4,benign,25606,window_07_17pct,0,1783714326.927337
7263,4,benign,39784,window_resampled_15pct,0,1783714326.927337
7264,4,benign,25612,window_07_17pct,0,1783714327.013587
7265,4,benign,25611,window_07_17pct,0,1783714327.014807
7266,4,benign,25641,window_07_17pct,0,1783714352.659301
7267,4,benign,39790,window_resampled_15pct,0,1783714352.659301
7268,4,benign,25657,window_07_17pct,0,1783714352.849357
7269,4,benign,25654,window_07_17pct,0,1783714352.849519
7270,4,benign,25659,window_07_17pct,0,1783714352.850806
7271,4,benign,25666,window_07_17pct,0,1783714360.74255
7272,4,benign,26237,window_07_17pct,0,1783714377.053042
7273,4,benign,25980,window_07_17pct,0,1783714377.239253
7274,4,benign,44619,window_resampled_20pct,0,1783714377.240545
7275,4,benign,25993,window_07_17pct,0,1783714377.240545
7276,4,benign,25701,window_07_17pct,0,1783714377.840316
7277,4,benign,25697,window_07_17pct,0,1783714377.840553
7278,4,benign,25700,window_07_17pct,0,1783714377.842611
7279,4,benign,25704,window_07_17pct,0,1783714378.295157
7280,4,benign,25979,window_07_17pct,0,1783714381.196891
7281,4,benign,25985,window_07_17pct,0,1783714382.515693
7282,4,benign,39893,window_resampled_15pct,0,1783714383.01091
7283,4,benign,25986,window_07_17pct,0,1783714383.01091
7284,4,benign,25990,window_07_17pct,0,1783714383.034221
7285,4,benign,26032,window_07_17pct,0,1783714388.297274
7286,4,benign,26049,window_07_17pct,0,1783714394.308503
7287,4,benign,26276,window_07_17pct,0,1783714394.331572
7288,4,benign,26046,window_07_17pct,0,1783714399.200219
7289,4,benign,39904,window_resampled_15pct,0,1783714399.200219
7290,4,benign,26068,window_07_17pct,0,1783714400.300897
7291,4,benign,26231,window_07_17pct,0,1783714409.545222
7292,4,benign,44768,window_resampled_20pct,0,1783714409.545222
7293,4,benign,26332,window_07_17pct,0,1783714412.830589
7294,4,benign,26328,window_07_17pct,0,1783714412.836269
7295,4,benign,26331,window_07_17pct,0,1783714412.836445
7296,4,benign,26314,window_07_17pct,0,1783714414.839318
7297,4,benign,26449,window_07_17pct,0,1783714422.836627
7298,4,benign,26349,window_07_17pct,0,1783714426.283636
7299,4,benign,39910,window_resampled_15pct,0,1783714426.283636
7300,4,benign,26255,window_07_17pct,0,1783714427.522431
7301,4,benign,44773,window_resampled_20pct,0,1783714434.112978
7302,4,benign,26258,window_07_17pct,0,1783714434.112978
7303,4,benign,26266,window_07_17pct,0,1783714434.131961
7304,4,benign,26273,window_07_17pct,0,1783714436.225574
7305,4,benign,44776,window_resampled_20pct,0,1783714436.225574
7306,4,benign,39914,window_resampled_15pct,0,1783714439.736666
7307,4,benign,26285,window_07_17pct,0,1783714439.736666
7308,4,benign,26287,window_07_17pct,0,1783714444.276811
7309,4,benign,26401,window_07_17pct,0,1783714444.279064
7310,4,benign,26371,window_07_17pct,0,1783714445.5365
7311,4,benign,26369,window_07_17pct,0,1783714445.53679
7312,4,benign,26372,window_07_17pct,0,1783714445.538975
7313,4,benign,26368,window_07_17pct,0,1783714445.539073
7314,4,benign,39918,window_resampled_15pct,0,1783714445.539073
7315,4,benign,26327,window_07_17pct,0,1783714460.827935
7316,4,benign,26683,window_07_17pct,0,1783714460.829057
7317,4,benign,26681,window_07_17pct,0,1783714460.833071
7318,4,benign,26320,window_07_17pct,0,1783714463.352478
7319,4,benign,26389,window_07_17pct,0,1783714464.414992
7320,4,benign,26325,window_07_17pct,0,1783714464.750472
7321,4,benign,44784,window_resampled_20pct,0,1783714464.750472
7322,4,benign,26429,window_07_17pct,0,1783714466.464964
7323,4,benign,26564,window_07_17pct,0,1783714469.136275
7324,4,benign,26566,window_07_17pct,0,1783714469.136923
7325,4,benign,39928,window_resampled_15pct,0,1783714469.136923
7326,4,benign,26568,window_07_17pct,0,1783714469.13721
7327,4,benign,26374,window_07_17pct,0,1783714487.315924
7328,4,benign,44789,window_resampled_20pct,0,1783714487.315924
7329,4,benign,39931,window_resampled_15pct,0,1783714487.317088
7330,4,benign,26358,window_07_17pct,0,1783714487.317088
7331,4,benign,26412,window_07_17pct,0,1783714488.430503
7332,4,benign,39933,window_resampled_15pct,0,1783714488.430503
7333,4,benign,26413,window_07_17pct,0,1783714488.430798
7334,4,benign,26416,window_07_17pct,0,1783714501.002913
7335,4,benign,26600,window_07_17pct,0,1783714503.002583
7336,4,benign,39934,window_resampled_15pct,0,1783714503.002583
7337,4,benign,26598,window_07_17pct,0,1783714503.011977
7338,4,benign,26477,window_07_17pct,0,1783714503.654975
7339,4,benign,26473,window_07_17pct,0,1783714503.65573
7340,4,benign,26396,window_07_17pct,0,1783714504.641273
7341,4,benign,26601,window_07_17pct,0,1783714510.367184
7342,4,benign,44797,window_resampled_20pct,0,1783714510.367184
7343,4,benign,26698,window_07_17pct,0,1783714514.46735
7344,4,benign,44798,window_resampled_20pct,0,1783714517.490516
7345,4,benign,26465,window_07_17pct,0,1783714517.490516
7346,4,benign,26467,window_07_17pct,0,1783714517.49136
7347,4,benign,26433,window_07_17pct,0,1783714521.661476
7348,4,benign,26784,window_07_17pct,0,1783714528.934235
7349,4,benign,26461,window_07_17pct,0,1783714537.419517
7350,4,benign,26456,window_07_17pct,0,1783714539.506041
7351,4,benign,26480,window_07_17pct,0,1783714541.116842
7352,4,benign,26522,window_07_17pct,0,1783714541.867144
7353,4,benign,26521,window_07_17pct,0,1783714541.87137
7354,4,benign,44803,window_resampled_20pct,0,1783714543.426861
7355,4,benign,26499,window_07_17pct,0,1783714543.426861
7356,4,benign,26470,window_07_17pct,0,1783714548.617335
7357,4,benign,26513,window_07_17pct,0,1783714555.565438
7358,4,benign,44806,window_resampled_20pct,0,1783714555.565438
7359,4,benign,26506,window_07_17pct,0,1783714555.566603
7360,4,benign,44807,window_resampled_20pct,0,1783714555.566603
7361,4,benign,26654,window_07_17pct,0,1783714564.59588
7362,4,benign,26660,window_07_17pct,0,1783714569.552763
7363,4,benign,26751,window_07_17pct,0,1783714576.574487
7364,4,benign,26527,window_07_17pct,0,1783714581.06601
7365,4,benign,26528,window_07_17pct,0,1783714586.700433
7366,4,benign,26665,window_07_17pct,0,1783714586.992296
7367,4,benign,26661,window_07_17pct,0,1783714589.355178
7368,4,benign,26544,window_07_17pct,0,1783714601.756365
7369,4,benign,26538,window_07_17pct,0,1783714605.516976
7370,4,benign,26559,window_07_17pct,0,1783714611.082711
7371,4,benign,26679,window_07_17pct,0,1783714615.873652
7372,4,benign,26595,window_07_17pct,0,1783714619.683825
7373,4,benign,39963,window_resampled_15pct,0,1783714619.683825
7374,4,benign,26738,window_07_17pct,0,1783714619.690584
7375,4,benign,26739,window_07_17pct,0,1783714619.690662
7376,4,benign,26592,window_07_17pct,0,1783714619.954329
7377,4,benign,39966,window_resampled_15pct,0,1783714622.835588
7378,4,benign,26610,window_07_17pct,0,1783714622.835588
7379,4,benign,26612,window_07_17pct,0,1783714622.836752
7380,4,benign,26609,window_07_17pct,0,1783714622.836998
7381,4,benign,26704,window_07_17pct,0,1783714629.004187
7382,4,benign,26637,window_07_17pct,0,1783714634.651414
7383,4,benign,44819,window_resampled_20pct,0,1783714636.049075
7384,4,benign,26623,window_07_17pct,0,1783714636.049075
7385,4,benign,26643,window_07_17pct,0,1783714639.851551
7386,4,benign,26686,window_07_17pct,0,1783714644.838828
7387,4,benign,26668,window_07_17pct,0,1783714649.646294
7388,4,benign,26765,window_07_17pct,0,1783714650.067315
7389,4,benign,26691,window_07_17pct,0,1783714654.739457
7390,4,benign,26692,window_07_17pct,0,1783714654.743767
7391,4,benign,26695,window_07_17pct,0,1783714654.745564
7392,4,benign,44827,window_resampled_20pct,0,1783714654.745564
7393,4,benign,26811,window_07_17pct,0,1783714655.635276
7394,4,benign,26943,window_07_17pct,0,1783714658.960138
7395,4,benign,26719,window_07_17pct,0,1783714676.663775
7396,4,benign,26711,window_07_17pct,0,1783714676.687535
7397,4,benign,26716,window_07_17pct,0,1783714679.154111
7398,4,benign,44829,window_resampled_20pct,0,1783714679.510965
7399,4,benign,26723,window_07_17pct,0,1783714679.510965
7400,4,benign,26726,window_07_17pct,0,1783714686.456738
7401,4,benign,26727,window_07_17pct,0,1783714686.930961
7402,4,benign,39981,window_resampled_15pct,0,1783714686.930961
7403,4,benign,26733,window_07_17pct,0,1783714690.343514
7404,4,benign,26734,window_07_17pct,0,1783714690.3446
7405,4,benign,26828,window_07_17pct,0,1783714691.433959
7406,4,benign,26737,window_07_17pct,0,1783714691.433959
7407,4,benign,26829,window_07_17pct,0,1783714702.2444
7408,4,benign,26743,window_07_17pct,0,1783714702.533697
7409,4,benign,26746,window_07_17pct,0,1783714703.402422
7410,4,benign,26766,window_07_17pct,0,1783714713.810472
7411,4,benign,26901,window_07_17pct,0,1783714713.811509
7412,4,benign,26898,window_07_17pct,0,1783714713.815998
7413,4,benign,26759,window_07_17pct,0,1783714714.030337
7414,4,benign,39986,window_resampled_15pct,0,1783714714.030337
7415,4,benign,26763,window_07_17pct,0,1783714714.0313
7416,4,benign,26764,window_07_17pct,0,1783714714.031503
7417,4,benign,39987,window_resampled_15pct,0,1783714714.031503
7418,4,benign,26769,window_07_17pct,0,1783714720.109467
7419,4,benign,26803,window_07_17pct,0,1783714729.747888
7420,4,benign,39991,window_resampled_15pct,0,1783714732.758382
7421,4,benign,26810,window_07_17pct,0,1783714732.758382
7422,4,benign,26809,window_07_17pct,0,1783714737.172971
7423,4,benign,26895,window_07_17pct,0,1783714754.149693
7424,4,benign,26893,window_07_17pct,0,1783714754.149828
7425,4,benign,40001,window_resampled_15pct,0,1783714754.149828
7426,4,benign,26852,window_07_17pct,0,1783714762.256088
7427,4,benign,26849,window_07_17pct,0,1783714765.697809
7428,4,benign,26856,window_07_17pct,0,1783714769.844681
7429,4,benign,40005,window_resampled_15pct,0,1783714769.844681
7430,4,benign,26968,window_07_17pct,0,1783714769.854978
7431,4,benign,26910,window_07_17pct,0,1783714773.11661
7432,4,benign,26928,window_07_17pct,0,1783714775.511521
7433,4,benign,26885,window_07_17pct,0,1783714779.232903
7434,4,benign,26878,window_07_17pct,0,1783714782.401652
7435,4,benign,26926,window_07_17pct,0,1783714805.870235
7436,4,benign,26917,window_07_17pct,0,1783714805.892107
7437,4,benign,26935,window_07_17pct,0,1783714809.068484
7438,4,benign,40016,window_resampled_15pct,0,1783714809.068484
7439,4,benign,26956,window_07_17pct,0,1783714812.183768
7440,4,benign,27007,window_07_17pct,0,1783714820.049426
7441,4,benign,26955,window_07_17pct,0,1783714823.043501
7442,4,benign,27096,window_07_17pct,0,1783714825.953514
7443,4,benign,40023,window_resampled_15pct,0,1783714825.9537
7444,4,benign,27099,window_07_17pct,0,1783714825.9537
7445,4,benign,27097,window_07_17pct,0,1783714825.95448
7446,4,benign,27098,window_07_17pct,0,1783714825.954597
7447,4,benign,27051,window_07_17pct,0,1783714830.888263
7448,4,benign,27048,window_07_17pct,0,1783714830.888753
7449,4,benign,40024,window_resampled_15pct,0,1783714830.888753
7450,4,benign,26983,window_07_17pct,0,1783714837.285342
7451,4,benign,26998,window_07_17pct,0,1783714846.61643
7452,4,benign,26992,window_07_17pct,0,1783714846.624525
7453,4,benign,40026,window_resampled_15pct,0,1783714846.624525
7454,4,benign,26996,window_07_17pct,0,1783714846.624745
7455,4,benign,26994,window_07_17pct,0,1783714846.62592
7456,4,benign,26995,window_07_17pct,0,1783714846.625961
7457,4,benign,27013,window_07_17pct,0,1783714850.42361
7458,4,benign,40028,window_resampled_15pct,0,1783714850.42361
7459,4,benign,27094,window_07_17pct,0,1783714853.000149
7460,4,benign,27132,window_07_17pct,0,1783714853.374546
7461,4,benign,40032,window_resampled_15pct,0,1783714862.458239
7462,4,benign,27021,window_07_17pct,0,1783714862.458239
7463,4,benign,40036,window_resampled_15pct,0,1783714875.163418
7464,4,benign,27022,window_07_17pct,0,1783714875.163418
7465,4,benign,27030,window_07_17pct,0,1783714876.631721
7466,4,benign,27035,window_07_17pct,0,1783714876.674183
7467,4,benign,27047,window_07_17pct,0,1783714876.759898
7468,4,benign,27054,window_07_17pct,0,1783714882.078169
7469,4,benign,27146,window_07_17pct,0,1783714882.204792
7470,4,benign,44864,window_resampled_20pct,0,1783714882.204792
7471,4,benign,27061,window_07_17pct,0,1783714887.616627
7472,4,benign,27066,window_07_17pct,0,1783714891.48942
7473,4,benign,27085,window_07_17pct,0,1783714892.733348
7474,4,benign,27087,window_07_17pct,0,1783714892.733479
7475,4,benign,27088,window_07_17pct,0,1783714892.733802
7476,4,benign,27082,window_07_17pct,0,1783714894.676576
7477,4,benign,27108,window_07_17pct,0,1783714898.392208
7478,4,benign,27103,window_07_17pct,0,1783714898.397075
7479,4,benign,40044,window_resampled_15pct,0,1783714898.397075
7480,4,benign,27180,window_07_17pct,0,1783714900.623067
7481,4,benign,27167,window_07_17pct,0,1783714901.225715
7482,4,benign,40048,window_resampled_15pct,0,1783714901.226326
7483,4,benign,27165,window_07_17pct,0,1783714901.226326
7484,4,benign,27159,window_07_17pct,0,1783714905.414203
7485,4,benign,27127,window_07_17pct,0,1783714912.905733
7486,4,benign,27193,window_07_17pct,0,1783714920.705476
7487,4,benign,27194,window_07_17pct,0,1783714920.720921
7488,4,benign,40057,window_resampled_15pct,0,1783714920.720921
7489,4,benign,27262,window_07_17pct,0,1783714931.307556
7490,4,benign,27162,window_07_17pct,0,1783714936.408259
7491,4,benign,27183,window_07_17pct,0,1783714946.24162
7492,4,benign,27422,window_07_17pct,0,1783714949.471009
7493,4,benign,44887,window_resampled_20pct,0,1783714949.471009
7494,4,benign,27421,window_07_17pct,0,1783714949.471173
7495,4,benign,27204,window_07_17pct,0,1783714951.475296
7496,4,benign,27258,window_07_17pct,0,1783714952.546028
7497,4,benign,27323,window_07_17pct,0,1783714958.786346
7498,4,benign,40062,window_resampled_15pct,0,1783714958.786346
7499,4,benign,27232,window_07_17pct,0,1783714959.789458
7500,4,benign,27238,window_07_17pct,0,1783714960.84965
7501,4,benign,27235,window_07_17pct,0,1783714960.865658
7502,4,benign,27268,window_07_17pct,0,1783714961.135303
7503,4,benign,40064,window_resampled_15pct,0,1783714961.135303
7504,4,benign,27267,window_07_17pct,0,1783714961.136143
7505,4,benign,40066,window_resampled_15pct,0,1783714966.545605
7506,4,benign,27240,window_07_17pct,0,1783714966.545605
7507,4,benign,27342,window_07_17pct,0,1783714970.387977
7508,4,benign,27291,window_07_17pct,0,1783714970.611561
7509,4,benign,27292,window_07_17pct,0,1783714970.611724
7510,4,benign,27426,window_07_17pct,0,1783714980.144956
7511,4,benign,44895,window_resampled_20pct,0,1783714980.144956
7512,4,benign,27425,window_07_17pct,0,1783714980.145376
7513,4,benign,27428,window_07_17pct,0,1783714980.145629
7514,4,benign,27343,window_07_17pct,0,1783714980.275959
7515,4,benign,27346,window_07_17pct,0,1783714980.276219
7516,4,benign,27348,window_07_17pct,0,1783714980.276486
7517,4,benign,27269,window_07_17pct,0,1783714983.203816
7518,4,benign,27660,window_07_17pct,0,1783714990.034775
7519,4,benign,27311,window_07_17pct,0,1783714997.847598
7520,4,benign,27298,window_07_17pct,0,1783714997.868216
7521,4,benign,27304,window_07_17pct,0,1783715000.142255
7522,4,benign,27520,window_07_17pct,0,1783715005.405901
7523,4,benign,40077,window_resampled_15pct,0,1783715005.876105
7524,4,benign,27320,window_07_17pct,0,1783715005.876105
7525,4,benign,27562,window_07_17pct,0,1783715009.369755
7526,4,benign,40080,window_resampled_15pct,0,1783715009.369755
7527,4,benign,27335,window_07_17pct,0,1783715017.940342
7528,4,benign,27355,window_07_17pct,0,1783715019.573022
7529,4,benign,40082,window_resampled_15pct,0,1783715019.573022
7530,4,benign,27620,window_07_17pct,0,1783715030.731252
7531,5,portscan,599,window_02_3pct,1,1783695630.900916
7532,5,portscan,600,window_02_3pct,1,1783695630.900988
7533,5,portscan,601,window_02_3pct,1,1783695630.901194
7534,5,portscan,602,window_02_3pct,1,1783695630.901194
7535,5,portscan,41709,window_resampled_20pct,1,1783695630.901194
7536,5,portscan,603,window_02_3pct,1,1783695630.901375
7537,5,portscan,41710,window_resampled_20pct,1,1783695630.901375
7538,5,portscan,604,window_02_3pct,1,1783695630.901405
7539,5,portscan,605,window_02_3pct,1,1783695630.901564
7540,5,portscan,606,window_02_3pct,1,1783695630.901564
7541,5,portscan,41711,window_resampled_20pct,1,1783695630.901564
7542,5,portscan,607,window_02_3pct,1,1783695630.901689
7543,5,portscan,36808,window_resampled_15pct,1,1783695630.901817
7544,5,portscan,608,window_02_3pct,1,1783695630.901817
7545,5,portscan,609,window_02_3pct,1,1783695630.902253
7546,5,portscan,41712,window_resampled_20pct,1,1783695630.902253
7547,5,portscan,610,window_02_3pct,1,1783695630.902401
7548,5,portscan,611,window_02_3pct,1,1783695630.90243
7549,5,portscan,612,window_02_3pct,1,1783695630.902583
7550,5,portscan,613,window_02_3pct,1,1783695630.902583
7551,5,portscan,41713,window_resampled_20pct,1,1783695630.902733
7552,5,portscan,614,window_02_3pct,1,1783695630.902733
7553,5,portscan,615,window_02_3pct,1,1783695630.902763
7554,5,portscan,616,window_02_3pct,1,1783695630.902913
7555,5,portscan,617,window_02_3pct,1,1783695630.902997
7556,5,portscan,618,window_02_3pct,1,1783695630.903085
7557,5,portscan,619,window_02_3pct,1,1783695630.903085
7558,5,portscan,36810,window_resampled_15pct,1,1783695630.903085
7559,5,portscan,36809,window_resampled_15pct,1,1783695630.903085
7560,5,portscan,2412,window_02_3pct,1,1783696630.967909
7561,5,portscan,2413,window_02_3pct,1,1783696630.968069
7562,5,portscan,37099,window_resampled_15pct,1,1783696630.968069
7563,5,portscan,2414,window_02_3pct,1,1783696630.968317
7564,5,portscan,2415,window_02_3pct,1,1783696630.968463
7565,5,portscan,41970,window_resampled_20pct,1,1783696630.968618
7566,5,portscan,2416,window_02_3pct,1,1783696630.968618
7567,5,portscan,2417,window_02_3pct,1,1783696630.968777
7568,5,portscan,2418,window_02_3pct,1,1783696630.968878
7569,5,portscan,41971,window_resampled_20pct,1,1783696630.968878
7570,5,portscan,2419,window_02_3pct,1,1783696630.969092
7571,5,portscan,41972,window_resampled_20pct,1,1783696630.969092
7572,5,portscan,37100,window_resampled_15pct,1,1783696630.969266
7573,5,portscan,2420,window_02_3pct,1,1783696630.969266
7574,5,portscan,2421,window_02_3pct,1,1783696630.969415
7575,5,portscan,41973,window_resampled_20pct,1,1783696630.969415
7576,5,portscan,2422,window_02_3pct,1,1783696630.969863
7577,5,portscan,2423,window_02_3pct,1,1783696630.969987
7578,5,portscan,37101,window_resampled_15pct,1,1783696630.969987
7579,5,portscan,2424,window_02_3pct,1,1783696630.970114
7580,5,portscan,2425,window_02_3pct,1,1783696630.970263
7581,5,portscan,37102,window_resampled_15pct,1,1783696630.970364
7582,5,portscan,2426,window_02_3pct,1,1783696630.970364
7583,5,portscan,2427,window_02_3pct,1,1783696630.970515
7584,5,portscan,2428,window_02_3pct,1,1783696630.970642
7585,5,portscan,41974,window_resampled_20pct,1,1783696630.970642
7586,5,portscan,2429,window_02_3pct,1,1783696630.970767
7587,5,portscan,41975,window_resampled_20pct,1,1783696630.970917
7588,5,portscan,2430,window_02_3pct,1,1783696630.970917
7589,5,portscan,37103,window_resampled_15pct,1,1783696630.971019
7590,5,portscan,2431,window_02_3pct,1,1783696630.971019
7591,5,portscan,2432,window_02_3pct,1,1783696630.971143
7592,5,portscan,9569,window_04_7pct,1,1783703130.876911
7593,5,portscan,43014,window_resampled_20pct,1,1783703130.876911
7594,5,portscan,9570,window_04_7pct,1,1783703130.877134
7595,5,portscan,9571,window_04_7pct,1,1783703130.877244
7596,5,portscan,9572,window_04_7pct,1,1783703130.877344
7597,5,portscan,9573,window_04_7pct,1,1783703130.877477
7598,5,portscan,9574,window_04_7pct,1,1783703130.877508
7599,5,portscan,43016,window_resampled_20pct,1,1783703130.877661
7600,5,portscan,43015,window_resampled_20pct,1,1783703130.877661
7601,5,portscan,9576,window_04_7pct,1,1783703130.877661
7602,5,portscan,9575,window_04_7pct,1,1783703130.877661
7603,5,portscan,9577,window_04_7pct,1,1783703130.877805
7604,5,portscan,9578,window_04_7pct,1,1783703130.878247
7605,5,portscan,38153,window_resampled_15pct,1,1783703130.878247
7606,5,portscan,9579,window_04_7pct,1,1783703130.878339
7607,5,portscan,38154,window_resampled_15pct,1,1783703130.878339
7608,5,portscan,43018,window_resampled_20pct,1,1783703130.878444
7609,5,portscan,43017,window_resampled_20pct,1,1783703130.878444
7610,5,portscan,9581,window_04_7pct,1,1783703130.878444
7611,5,portscan,9580,window_04_7pct,1,1783703130.878444
7612,5,portscan,38155,window_resampled_15pct,1,1783703130.878563
7613,5,portscan,9582,window_04_7pct,1,1783703130.878563
7614,5,portscan,9583,window_04_7pct,1,1783703130.878674
7615,5,portscan,9584,window_04_7pct,1,1783703130.878801
7616,5,portscan,9585,window_04_7pct,1,1783703130.878927
7617,5,portscan,9586,window_04_7pct,1,1783703130.879026
7618,5,portscan,9587,window_04_7pct,1,1783703130.879127
7619,5,portscan,9588,window_04_7pct,1,1783703130.879223
7620,5,portscan,43019,window_resampled_20pct,1,1783703130.879323
7621,5,portscan,9589,window_04_7pct,1,1783703130.879323
7622,5,portscan,38156,window_resampled_15pct,1,1783703130.879418
7623,5,portscan,9590,window_04_7pct,1,1783703130.879418
7624,5,portscan,9591,window_04_7pct,1,1783703130.879508
7625,5,portscan,38157,window_resampled_15pct,1,1783703130.879539
7626,5,portscan,9592,window_04_7pct,1,1783703130.879539
7627,5,portscan,9593,window_04_7pct,1,1783703130.879631
7628,5,portscan,9594,window_04_7pct,1,1783703130.879792
7629,5,portscan,38158,window_resampled_15pct,1,1783703130.879823
7630,5,portscan,9595,window_04_7pct,1,1783703130.879823
7631,5,portscan,38159,window_resampled_15pct,1,1783703130.879973
7632,5,portscan,9596,window_04_7pct,1,1783703130.879973
7633,5,portscan,9597,window_04_7pct,1,1783703130.879974
7634,5,portscan,43020,window_resampled_20pct,1,1783703130.879974
7635,5,portscan,9598,window_04_7pct,1,1783703130.880284
7636,5,portscan,43021,window_resampled_20pct,1,1783703130.880284
7637,5,portscan,43022,window_resampled_20pct,1,1783703130.880385
7638,5,portscan,9599,window_04_7pct,1,1783703130.880385
7639,5,portscan,9600,window_04_7pct,1,1783703130.880484
7640,5,portscan,9601,window_04_7pct,1,1783703130.880578
7641,5,portscan,43023,window_resampled_20pct,1,1783703130.880578
7642,5,portscan,9602,window_04_7pct,1,1783703130.880673
7643,5,portscan,43024,window_resampled_20pct,1,1783703130.880673
7644,5,portscan,9603,window_04_7pct,1,1783703130.880732
7645,5,portscan,38160,window_resampled_15pct,1,1783703130.880862
7646,5,portscan,9604,window_04_7pct,1,1783703130.880862
7647,5,portscan,9605,window_04_7pct,1,1783703130.880957
7648,5,portscan,38161,window_resampled_15pct,1,1783703130.881048
7649,5,portscan,9606,window_04_7pct,1,1783703130.881048
7650,5,portscan,38162,window_resampled_15pct,1,1783703130.881106
7651,5,portscan,9607,window_04_7pct,1,1783703130.881106
7652,5,portscan,38163,window_resampled_15pct,1,1783703130.881236
7653,5,portscan,9608,window_04_7pct,1,1783703130.881236
7654,5,portscan,9609,window_04_7pct,1,1783703130.881337
7655,5,portscan,9610,window_04_7pct,1,1783703130.881405
7656,5,portscan,43025,window_resampled_20pct,1,1783703130.881405
7657,5,portscan,9611,window_04_7pct,1,1783703130.881504
7658,5,portscan,9612,window_04_7pct,1,1783703130.8816
7659,5,portscan,38164,window_resampled_15pct,1,1783703130.881643
7660,5,portscan,9613,window_04_7pct,1,1783703130.881643
7661,5,portscan,9614,window_04_7pct,1,1783703130.881773
7662,5,portscan,43026,window_resampled_20pct,1,1783703130.881826
7663,5,portscan,9615,window_04_7pct,1,1783703130.881826
7664,5,portscan,43027,window_resampled_20pct,1,1783703130.881937
7665,5,portscan,9616,window_04_7pct,1,1783703130.881937
7666,5,portscan,9617,window_04_7pct,1,1783703130.882056
7667,5,portscan,43028,window_resampled_20pct,1,1783703130.882056
7668,5,portscan,38165,window_resampled_15pct,1,1783703130.882101
7669,5,portscan,9618,window_04_7pct,1,1783703130.882101
7670,5,portscan,11550,window_04_7pct,1,1783704130.894196
7671,5,portscan,11551,window_04_7pct,1,1783704130.894345
7672,5,portscan,11552,window_04_7pct,1,1783704130.894449
7673,5,portscan,43321,window_resampled_20pct,1,1783704130.894449
7674,5,portscan,11554,window_04_7pct,1,1783704130.894606
7675,5,portscan,11553,window_04_7pct,1,1783704130.894606
7676,5,portscan,43322,window_resampled_20pct,1,1783704130.894606
7677,5,portscan,43323,window_resampled_20pct,1,1783704130.894606
7678,5,portscan,11555,window_04_7pct,1,1783704130.894977
7679,5,portscan,43324,window_resampled_20pct,1,1783704130.895198
7680,5,portscan,11556,window_04_7pct,1,1783704130.895198
7681,5,portscan,11557,window_04_7pct,1,1783704130.89523
7682,5,portscan,43325,window_resampled_20pct,1,1783704130.89523
7683,5,portscan,11558,window_04_7pct,1,1783704130.895566
7684,5,portscan,11559,window_04_7pct,1,1783704130.896159
7685,5,portscan,43326,window_resampled_20pct,1,1783704130.896159
7686,5,portscan,11560,window_04_7pct,1,1783704130.89626
7687,5,portscan,43327,window_resampled_20pct,1,1783704130.89636
7688,5,portscan,11562,window_04_7pct,1,1783704130.89636
7689,5,portscan,11561,window_04_7pct,1,1783704130.89636
7690,5,portscan,43328,window_resampled_20pct,1,1783704130.89636
7691,5,portscan,11563,window_04_7pct,1,1783704130.89636
7692,5,portscan,38474,window_resampled_15pct,1,1783704130.896488
7693,5,portscan,11564,window_04_7pct,1,1783704130.896488
7694,5,portscan,11565,window_04_7pct,1,1783704130.896605
7695,5,portscan,38475,window_resampled_15pct,1,1783704130.896605
7696,5,portscan,43329,window_resampled_20pct,1,1783704130.896736
7697,5,portscan,11566,window_04_7pct,1,1783704130.896736
7698,5,portscan,11567,window_04_7pct,1,1783704130.896852
7699,5,portscan,38476,window_resampled_15pct,1,1783704130.896852
7700,5,portscan,11568,window_04_7pct,1,1783704130.896885
7701,5,portscan,11569,window_04_7pct,1,1783704130.897044
7702,5,portscan,11570,window_04_7pct,1,1783704130.897092
7703,5,portscan,11571,window_04_7pct,1,1783704130.897187
7704,5,portscan,11572,window_04_7pct,1,1783704130.897454
7705,5,portscan,14401,window_05_12pct,1,1783706880.634122
7706,5,portscan,43743,window_resampled_20pct,1,1783706880.634122
7707,5,portscan,14402,window_05_12pct,1,1783706880.634272
7708,5,portscan,43744,window_resampled_20pct,1,1783706880.634272
7709,5,portscan,38910,window_resampled_15pct,1,1783706880.634397
7710,5,portscan,15274,window_05_12pct,1,1783706880.634397
7711,5,portscan,15273,window_05_12pct,1,1783706880.634523
7712,5,portscan,38911,window_resampled_15pct,1,1783706880.634523
7713,5,portscan,14403,window_05_12pct,1,1783706880.634649
7714,5,portscan,43745,window_resampled_20pct,1,1783706880.634792
7715,5,portscan,14404,window_05_12pct,1,1783706880.634792
7716,5,portscan,14405,window_05_12pct,1,1783706880.634898
7717,5,portscan,43746,window_resampled_20pct,1,1783706880.634898
7718,5,portscan,14406,window_05_12pct,1,1783706880.635057
7719,5,portscan,14407,window_05_12pct,1,1783706880.635087
7720,5,portscan,14408,window_05_12pct,1,1783706880.635552
7721,5,portscan,14409,window_05_12pct,1,1783706880.635637
7722,5,portscan,14410,window_05_12pct,1,1783706880.635757
7723,5,portscan,14411,window_05_12pct,1,1783706880.635757
7724,5,portscan,14412,window_05_12pct,1,1783706880.635757
7725,5,portscan,38912,window_resampled_15pct,1,1783706880.635757
7726,5,portscan,14413,window_05_12pct,1,1783706880.635803
7727,5,portscan,38913,window_resampled_15pct,1,1783706880.635803
7728,5,portscan,14414,window_05_12pct,1,1783706880.635836
7729,5,portscan,38914,window_resampled_15pct,1,1783706880.635836
7730,5,portscan,14415,window_05_12pct,1,1783706880.635865
7731,5,portscan,14416,window_05_12pct,1,1783706880.635978
7732,5,portscan,14417,window_05_12pct,1,1783706880.635978
7733,5,portscan,43747,window_resampled_20pct,1,1783706880.635978
7734,5,portscan,14418,window_05_12pct,1,1783706880.636014
7735,5,portscan,14419,window_05_12pct,1,1783706880.636097
7736,5,portscan,14421,window_05_12pct,1,1783706880.636187
7737,5,portscan,14420,window_05_12pct,1,1783706880.636187
7738,5,portscan,14422,window_05_12pct,1,1783706880.636224
7739,5,portscan,14423,window_05_12pct,1,1783706880.636318
7740,5,portscan,14424,window_05_12pct,1,1783706880.636447
7741,5,portscan,43748,window_resampled_20pct,1,1783706880.636447
7742,5,portscan,14425,window_05_12pct,1,1783706880.636562
7743,5,portscan,14426,window_05_12pct,1,1783706880.636686
7744,5,portscan,14427,window_05_12pct,1,1783706880.636794
7745,5,portscan,43749,window_resampled_20pct,1,1783706880.636794
7746,5,portscan,38915,window_resampled_15pct,1,1783706880.637048
7747,5,portscan,14428,window_05_12pct,1,1783706880.637048
7748,5,portscan,14429,window_05_12pct,1,1783706880.63714
7749,5,portscan,43750,window_resampled_20pct,1,1783706880.63714
7750,5,portscan,14430,window_05_12pct,1,1783706880.637241
7751,5,portscan,14431,window_05_12pct,1,1783706880.637338
7752,5,portscan,14432,window_05_12pct,1,1783706880.637338
7753,5,portscan,14433,window_05_12pct,1,1783706880.637373
7754,5,portscan,14434,window_05_12pct,1,1783706880.637402
7755,5,portscan,38916,window_resampled_15pct,1,1783706880.637402
7756,5,portscan,14435,window_05_12pct,1,1783706880.637608
7757,5,portscan,14436,window_05_12pct,1,1783706880.637637
7758,5,portscan,14437,window_05_12pct,1,1783706880.637786
7759,5,portscan,14438,window_05_12pct,1,1783706880.637786
7760,5,portscan,38917,window_resampled_15pct,1,1783706880.637786
7761,5,portscan,14439,window_05_12pct,1,1783706880.637935
7762,5,portscan,14440,window_05_12pct,1,1783706880.637964
7763,5,portscan,38918,window_resampled_15pct,1,1783706880.637964
7764,5,portscan,14442,window_05_12pct,1,1783706880.638115
7765,5,portscan,14441,window_05_12pct,1,1783706880.638115
7766,5,portscan,14443,window_05_12pct,1,1783706880.638259
7767,5,portscan,14444,window_05_12pct,1,1783706880.638342
7768,5,portscan,38919,window_resampled_15pct,1,1783706880.638342
7769,5,portscan,14446,window_05_12pct,1,1783706880.638429
7770,5,portscan,14445,window_05_12pct,1,1783706880.638429
7771,5,portscan,38920,window_resampled_15pct,1,1783706880.638593
7772,5,portscan,14447,window_05_12pct,1,1783706880.638593
7773,5,portscan,38921,window_resampled_15pct,1,1783706880.638622
7774,5,portscan,14448,window_05_12pct,1,1783706880.638622
7775,5,portscan,14449,window_05_12pct,1,1783706880.638757
7776,5,portscan,14450,window_05_12pct,1,1783706880.638757
7777,5,portscan,43752,window_resampled_20pct,1,1783706880.638757
7778,5,portscan,43751,window_resampled_20pct,1,1783706880.638757
7779,5,portscan,43754,window_resampled_20pct,1,1783706880.638915
7780,5,portscan,43753,window_resampled_20pct,1,1783706880.638915
7781,5,portscan,14451,window_05_12pct,1,1783706880.638915
7782,5,portscan,14452,window_05_12pct,1,1783706880.638915
7783,5,portscan,14453,window_05_12pct,1,1783706880.639069
7784,5,portscan,14454,window_05_12pct,1,1783706880.639097
7785,5,portscan,43755,window_resampled_20pct,1,1783706880.639097
7786,5,portscan,14456,window_05_12pct,1,1783706880.639247
7787,5,portscan,14455,window_05_12pct,1,1783706880.639247
7788,5,portscan,38922,window_resampled_15pct,1,1783706880.639391
7789,5,portscan,14457,window_05_12pct,1,1783706880.639391
7790,5,portscan,14458,window_05_12pct,1,1783706880.639474
7791,5,portscan,43756,window_resampled_20pct,1,1783706880.639561
7792,5,portscan,14459,window_05_12pct,1,1783706880.639561
7793,5,portscan,14460,window_05_12pct,1,1783706880.639561
7794,5,portscan,14461,window_05_12pct,1,1783706880.639727
7795,5,portscan,14462,window_05_12pct,1,1783706880.639727
7796,5,portscan,43757,window_resampled_20pct,1,1783706880.639727
7797,5,portscan,38923,window_resampled_15pct,1,1783706880.639727
7798,5,portscan,14463,window_05_12pct,1,1783706880.63988
7799,5,portscan,14464,window_05_12pct,1,1783706880.639908
7800,5,portscan,38924,window_resampled_15pct,1,1783706880.640058
7801,5,portscan,14465,window_05_12pct,1,1783706880.640058
7802,5,portscan,14466,window_05_12pct,1,1783706880.640087
7803,5,portscan,14467,window_05_12pct,1,1783706880.640205
7804,5,portscan,14468,window_05_12pct,1,1783706880.640526
7805,5,portscan,38925,window_resampled_15pct,1,1783706880.640526
7806,5,portscan,14469,window_05_12pct,1,1783706880.640617
7807,5,portscan,43758,window_resampled_20pct,1,1783706880.640718
7808,5,portscan,14471,window_05_12pct,1,1783706880.640718
7809,5,portscan,38926,window_resampled_15pct,1,1783706880.640718
7810,5,portscan,14470,window_05_12pct,1,1783706880.640718
7811,5,portscan,14472,window_05_12pct,1,1783706880.64082
7812,5,portscan,38927,window_resampled_15pct,1,1783706880.64082
7813,5,portscan,14473,window_05_12pct,1,1783706880.640949
7814,5,portscan,14474,window_05_12pct,1,1783706880.641066
7815,5,portscan,38928,window_resampled_15pct,1,1783706880.641066
7816,5,portscan,14475,window_05_12pct,1,1783706880.641193
7817,5,portscan,14476,window_05_12pct,1,1783706880.641316
7818,5,portscan,14477,window_05_12pct,1,1783706880.641345
7819,5,portscan,14479,window_05_12pct,1,1783706880.641493
7820,5,portscan,14478,window_05_12pct,1,1783706880.641493
7821,5,portscan,14480,window_05_12pct,1,1783706880.641644
7822,5,portscan,38929,window_resampled_15pct,1,1783706880.641674
7823,5,portscan,14481,window_05_12pct,1,1783706880.641674
7824,5,portscan,14482,window_05_12pct,1,1783706880.641801
7825,5,portscan,38930,window_resampled_15pct,1,1783706880.64183
7826,5,portscan,14483,window_05_12pct,1,1783706880.64183
7827,5,portscan,14485,window_05_12pct,1,1783706880.641965
7828,5,portscan,38931,window_resampled_15pct,1,1783706880.641965
7829,5,portscan,14484,window_05_12pct,1,1783706880.641965
7830,5,portscan,43759,window_resampled_20pct,1,1783706880.642121
7831,5,portscan,14486,window_05_12pct,1,1783706880.642121
7832,5,portscan,14487,window_05_12pct,1,1783706880.642122
7833,5,portscan,14488,window_05_12pct,1,1783706880.642282
7834,5,portscan,14489,window_05_12pct,1,1783706880.642311
7835,5,portscan,43760,window_resampled_20pct,1,1783706880.642311
7836,5,portscan,16670,window_05_12pct,1,1783707880.685742
7837,5,portscan,17451,window_05_12pct,1,1783707880.685956
7838,5,portscan,16671,window_05_12pct,1,1783707880.685991
7839,5,portscan,17450,window_05_12pct,1,1783707880.686208
7840,5,portscan,16672,window_05_12pct,1,1783707880.686358
7841,5,portscan,16673,window_05_12pct,1,1783707880.68649
7842,5,portscan,44097,window_resampled_20pct,1,1783707880.68649
7843,5,portscan,39268,window_resampled_15pct,1,1783707880.686638
7844,5,portscan,16674,window_05_12pct,1,1783707880.686638
7845,5,portscan,39269,window_resampled_15pct,1,1783707880.686796
7846,5,portscan,16675,window_05_12pct,1,1783707880.686796
7847,5,portscan,39270,window_resampled_15pct,1,1783707880.686898
7848,5,portscan,16676,window_05_12pct,1,1783707880.686898
7849,5,portscan,16677,window_05_12pct,1,1783707880.687364
7850,5,portscan,16678,window_05_12pct,1,1783707880.687493
7851,5,portscan,16679,window_05_12pct,1,1783707880.687603
7852,5,portscan,16680,window_05_12pct,1,1783707880.687752
7853,5,portscan,39271,window_resampled_15pct,1,1783707880.687752
7854,5,portscan,16681,window_05_12pct,1,1783707880.687853
7855,5,portscan,16682,window_05_12pct,1,1783707880.687955
7856,5,portscan,16683,window_05_12pct,1,1783707880.688084
7857,5,portscan,39272,window_resampled_15pct,1,1783707880.688084
7858,5,portscan,16684,window_05_12pct,1,1783707880.688233
7859,5,portscan,44098,window_resampled_20pct,1,1783707880.688233
7860,5,portscan,16685,window_05_12pct,1,1783707880.688362
7861,5,portscan,44099,window_resampled_20pct,1,1783707880.688478
7862,5,portscan,16686,window_05_12pct,1,1783707880.688478
7863,5,portscan,39273,window_resampled_15pct,1,1783707880.688611
7864,5,portscan,16687,window_05_12pct,1,1783707880.688611
7865,5,portscan,16688,window_05_12pct,1,1783707880.688729
7866,5,portscan,39274,window_resampled_15pct,1,1783707880.688729
7867,5,portscan,16689,window_05_12pct,1,1783707880.688858
7868,5,portscan,44100,window_resampled_20pct,1,1783707880.688989
7869,5,portscan,16690,window_05_12pct,1,1783707880.688989
7870,5,portscan,44101,window_resampled_20pct,1,1783707880.689117
7871,5,portscan,16691,window_05_12pct,1,1783707880.689117
7872,5,portscan,16692,window_05_12pct,1,1783707880.689246
7873,5,portscan,44102,window_resampled_20pct,1,1783707880.689246
7874,5,portscan,16693,window_05_12pct,1,1783707880.689373
7875,5,portscan,44103,window_resampled_20pct,1,1783707880.689373
7876,5,portscan,16694,window_05_12pct,1,1783707880.689503
7877,5,portscan,16695,window_05_12pct,1,1783707880.689631
7878,5,portscan,16696,window_05_12pct,1,1783707880.689782
7879,5,portscan,16697,window_05_12pct,1,1783707880.690074
7880,5,portscan,39275,window_resampled_15pct,1,1783707880.690074
7881,5,portscan,16698,window_05_12pct,1,1783707880.690107
7882,5,portscan,39276,window_resampled_15pct,1,1783707880.690107
7883,5,portscan,16699,window_05_12pct,1,1783707880.690262
7884,5,portscan,16700,window_05_12pct,1,1783707880.690295
7885,5,portscan,44104,window_resampled_20pct,1,1783707880.690416
7886,5,portscan,16701,window_05_12pct,1,1783707880.690416
7887,5,portscan,16702,window_05_12pct,1,1783707880.690449
7888,5,portscan,39277,window_resampled_15pct,1,1783707880.690449
7889,5,portscan,39278,window_resampled_15pct,1,1783707880.690583
7890,5,portscan,44105,window_resampled_20pct,1,1783707880.690583
7891,5,portscan,16704,window_05_12pct,1,1783707880.690583
7892,5,portscan,16703,window_05_12pct,1,1783707880.690583
7893,5,portscan,16705,window_05_12pct,1,1783707880.690738
7894,5,portscan,16706,window_05_12pct,1,1783707880.69077
7895,5,portscan,44106,window_resampled_20pct,1,1783707880.69077
7896,5,portscan,16707,window_05_12pct,1,1783707880.690901
7897,5,portscan,44107,window_resampled_20pct,1,1783707880.690901
7898,5,portscan,44108,window_resampled_20pct,1,1783707880.690933
7899,5,portscan,16708,window_05_12pct,1,1783707880.690933
7900,5,portscan,39279,window_resampled_15pct,1,1783707880.691068
7901,5,portscan,16710,window_05_12pct,1,1783707880.691068
7902,5,portscan,16709,window_05_12pct,1,1783707880.691068
7903,5,portscan,44109,window_resampled_20pct,1,1783707880.691068
7904,5,portscan,16711,window_05_12pct,1,1783707880.691226
7905,5,portscan,16712,window_05_12pct,1,1783707880.691258
7906,5,portscan,39280,window_resampled_15pct,1,1783707880.691258
7907,5,portscan,16713,window_05_12pct,1,1783707880.691392
7908,5,portscan,39281,window_resampled_15pct,1,1783707880.691392
7909,5,portscan,16714,window_05_12pct,1,1783707880.691424
7910,5,portscan,16715,window_05_12pct,1,1783707880.691548
7911,5,portscan,39282,window_resampled_15pct,1,1783707880.691548
7912,5,portscan,16716,window_05_12pct,1,1783707880.69158
7913,5,portscan,16717,window_05_12pct,1,1783707880.69171
7914,5,portscan,16718,window_05_12pct,1,1783707880.691744
7915,5,portscan,39283,window_resampled_15pct,1,1783707880.691744
7916,5,portscan,44110,window_resampled_20pct,1,1783707880.691896
7917,5,portscan,16719,window_05_12pct,1,1783707880.691896
7918,5,portscan,16720,window_05_12pct,1,1783707880.691896
7919,5,portscan,39284,window_resampled_15pct,1,1783707880.692039
7920,5,portscan,16721,window_05_12pct,1,1783707880.692039
7921,5,portscan,44111,window_resampled_20pct,1,1783707880.692153
7922,5,portscan,16722,window_05_12pct,1,1783707880.692153
7923,5,portscan,44112,window_resampled_20pct,1,1783707880.692266
7924,5,portscan,16723,window_05_12pct,1,1783707880.692266
7925,5,portscan,16724,window_05_12pct,1,1783707880.692384
7926,5,portscan,39285,window_resampled_15pct,1,1783707880.692384
7927,5,portscan,39286,window_resampled_15pct,1,1783707880.692498
7928,5,portscan,16725,window_05_12pct,1,1783707880.692498
7929,5,portscan,16726,window_05_12pct,1,1783707880.692625
7930,5,portscan,16727,window_05_12pct,1,1783707880.692745
7931,5,portscan,16728,window_05_12pct,1,1783707880.692857
7932,5,portscan,16729,window_05_12pct,1,1783707880.692974
7933,5,portscan,16730,window_05_12pct,1,1783707880.693092
7934,5,portscan,16731,window_05_12pct,1,1783707880.693211
7935,5,portscan,16732,window_05_12pct,1,1783707880.69333
7936,5,portscan,44113,window_resampled_20pct,1,1783707880.69333
7937,5,portscan,16733,window_05_12pct,1,1783707880.693425
7938,5,portscan,16734,window_05_12pct,1,1783707880.693543
7939,5,portscan,39287,window_resampled_15pct,1,1783707880.693543
7940,5,portscan,44114,window_resampled_20pct,1,1783707880.693673
7941,5,portscan,16735,window_05_12pct,1,1783707880.693673
7942,5,portscan,44115,window_resampled_20pct,1,1783707880.69379
7943,5,portscan,16736,window_05_12pct,1,1783707880.69379
7944,5,portscan,16737,window_05_12pct,1,1783707880.694126
7945,5,portscan,16738,window_05_12pct,1,1783707880.694158
7946,5,portscan,39288,window_resampled_15pct,1,1783707880.694158
7947,5,portscan,16739,window_05_12pct,1,1783707880.694315
7948,5,portscan,16740,window_05_12pct,1,1783707880.694315
7949,5,portscan,44116,window_resampled_20pct,1,1783707880.694315
7950,5,portscan,16741,window_05_12pct,1,1783707880.694467
7951,5,portscan,16742,window_05_12pct,1,1783707880.6945
7952,5,portscan,44117,window_resampled_20pct,1,1783707880.6945
7953,5,portscan,39289,window_resampled_15pct,1,1783707880.69465
7954,5,portscan,16744,window_05_12pct,1,1783707880.69465
7955,5,portscan,16743,window_05_12pct,1,1783707880.69465
7956,5,portscan,44118,window_resampled_20pct,1,1783707880.69465
7957,5,portscan,16745,window_05_12pct,1,1783707880.694796
7958,5,portscan,16746,window_05_12pct,1,1783707880.694829
7959,5,portscan,39290,window_resampled_15pct,1,1783707880.694829
7960,5,portscan,16747,window_05_12pct,1,1783707880.694979
7961,5,portscan,44119,window_resampled_20pct,1,1783707880.694979
7962,5,portscan,44120,window_resampled_20pct,1,1783707880.695011
7963,5,portscan,16748,window_05_12pct,1,1783707880.695011
7964,5,portscan,39291,window_resampled_15pct,1,1783707880.695127
7965,5,portscan,16749,window_05_12pct,1,1783707880.695127
7966,5,portscan,16750,window_05_12pct,1,1783707880.695159
7967,5,portscan,16752,window_05_12pct,1,1783707880.695309
7968,5,portscan,16751,window_05_12pct,1,1783707880.695309
7969,5,portscan,16753,window_05_12pct,1,1783707880.695453
7970,5,portscan,16754,window_05_12pct,1,1783707880.695565
7971,5,portscan,44121,window_resampled_20pct,1,1783707880.695565
7972,5,portscan,16755,window_05_12pct,1,1783707880.695693
7973,5,portscan,44122,window_resampled_20pct,1,1783707880.695693
7974,5,portscan,16756,window_05_12pct,1,1783707880.695813
7975,5,portscan,16757,window_05_12pct,1,1783707880.695922
7976,5,portscan,16758,window_05_12pct,1,1783707880.696012
7977,5,portscan,19694,window_06_15pct,1,1783710629.643247
7978,5,portscan,19695,window_06_15pct,1,1783710629.64348
7979,5,portscan,19696,window_06_15pct,1,1783710629.643636
7980,5,portscan,19697,window_06_15pct,1,1783710629.643676
7981,5,portscan,19698,window_06_15pct,1,1783710629.644174
7982,5,portscan,19699,window_06_15pct,1,1783710629.64436
7983,5,portscan,19700,window_06_15pct,1,1783710629.644808
7984,5,portscan,19701,window_06_15pct,1,1783710629.644839
7985,5,portscan,19702,window_06_15pct,1,1783710629.644988
7986,5,portscan,19703,window_06_15pct,1,1783710629.645018
7987,5,portscan,19704,window_06_15pct,1,1783710629.645139
7988,5,portscan,19705,window_06_15pct,1,1783710629.645169
7989,5,portscan,19706,window_06_15pct,1,1783710629.645295
7990,5,portscan,19707,window_06_15pct,1,1783710629.645324
7991,5,portscan,19708,window_06_15pct,1,1783710629.645504
7992,5,portscan,19709,window_06_15pct,1,1783710629.64559
7993,5,portscan,19710,window_06_15pct,1,1783710629.645688
7994,5,portscan,19711,window_06_15pct,1,1783710629.645688
7995,5,portscan,19712,window_06_15pct,1,1783710629.645813
7996,5,portscan,19713,window_06_15pct,1,1783710629.645922
7997,5,portscan,19714,window_06_15pct,1,1783710629.64605
7998,5,portscan,19715,window_06_15pct,1,1783710629.646174
7999,5,portscan,19716,window_06_15pct,1,1783710629.646281
8000,5,portscan,19717,window_06_15pct,1,1783710629.646367
8001,5,portscan,19719,window_06_15pct,1,1783710629.646474
8002,5,portscan,19718,window_06_15pct,1,1783710629.646474
8003,5,portscan,19720,window_06_15pct,1,1783710629.646789
8004,5,portscan,19721,window_06_15pct,1,1783710629.646881
8005,5,portscan,19722,window_06_15pct,1,1783710629.646983
8006,5,portscan,19723,window_06_15pct,1,1783710629.646983
8007,5,portscan,19724,window_06_15pct,1,1783710629.647018
8008,5,portscan,19725,window_06_15pct,1,1783710629.647109
8009,5,portscan,19726,window_06_15pct,1,1783710629.647251
8010,5,portscan,19727,window_06_15pct,1,1783710629.647353
8011,5,portscan,19728,window_06_15pct,1,1783710629.647443
8012,5,portscan,19730,window_06_15pct,1,1783710629.647536
8013,5,portscan,19729,window_06_15pct,1,1783710629.647536
8014,5,portscan,19731,window_06_15pct,1,1783710629.647662
8015,5,portscan,19732,window_06_15pct,1,1783710629.647788
8016,5,portscan,19733,window_06_15pct,1,1783710629.647898
8017,5,portscan,19734,window_06_15pct,1,1783710629.647986
8018,5,portscan,19735,window_06_15pct,1,1783710629.648083
8019,5,portscan,19736,window_06_15pct,1,1783710629.64818
8020,5,portscan,19737,window_06_15pct,1,1783710629.648276
8021,5,portscan,19738,window_06_15pct,1,1783710629.648372
8022,5,portscan,19739,window_06_15pct,1,1783710629.648468
8023,5,portscan,19740,window_06_15pct,1,1783710629.648565
8024,5,portscan,19743,window_06_15pct,1,1783710629.648663
8025,5,portscan,19741,window_06_15pct,1,1783710629.648663
8026,5,portscan,19742,window_06_15pct,1,1783710629.648663
8027,5,portscan,19744,window_06_15pct,1,1783710629.648763
8028,5,portscan,19745,window_06_15pct,1,1783710629.648898
8029,5,portscan,19746,window_06_15pct,1,1783710629.649008
8030,5,portscan,19747,window_06_15pct,1,1783710629.649135
8031,5,portscan,19748,window_06_15pct,1,1783710629.649258
8032,5,portscan,19749,window_06_15pct,1,1783710629.649365
8033,5,portscan,19750,window_06_15pct,1,1783710629.649455
8034,5,portscan,19751,window_06_15pct,1,1783710629.64956
8035,5,portscan,19752,window_06_15pct,1,1783710629.64965
8036,5,portscan,19753,window_06_15pct,1,1783710629.64975
8037,5,portscan,19754,window_06_15pct,1,1783710629.64975
8038,5,portscan,19755,window_06_15pct,1,1783710629.649874
8039,5,portscan,19756,window_06_15pct,1,1783710629.649984
8040,5,portscan,19757,window_06_15pct,1,1783710629.650109
8041,5,portscan,19758,window_06_15pct,1,1783710629.650233
8042,5,portscan,19759,window_06_15pct,1,1783710629.650359
8043,5,portscan,19760,window_06_15pct,1,1783710629.65068
8044,5,portscan,19761,window_06_15pct,1,1783710629.650713
8045,5,portscan,19762,window_06_15pct,1,1783710629.650863
8046,5,portscan,19763,window_06_15pct,1,1783710629.650897
8047,5,portscan,19764,window_06_15pct,1,1783710629.65101
8048,5,portscan,19765,window_06_15pct,1,1783710629.651118
8049,5,portscan,19766,window_06_15pct,1,1783710629.651233
8050,5,portscan,19767,window_06_15pct,1,1783710629.651349
8051,5,portscan,19768,window_06_15pct,1,1783710629.651473
8052,5,portscan,19769,window_06_15pct,1,1783710629.651584
8053,5,portscan,19770,window_06_15pct,1,1783710629.651711
8054,5,portscan,19771,window_06_15pct,1,1783710629.651819
8055,5,portscan,19772,window_06_15pct,1,1783710629.651859
8056,5,portscan,19773,window_06_15pct,1,1783710629.651899
8057,5,portscan,19774,window_06_15pct,1,1783710629.651934
8058,5,portscan,19775,window_06_15pct,1,1783710629.65197
8059,5,portscan,19776,window_06_15pct,1,1783710629.652008
8060,5,portscan,19777,window_06_15pct,1,1783710629.652137
8061,5,portscan,19778,window_06_15pct,1,1783710629.652137
8062,5,portscan,19779,window_06_15pct,1,1783710629.652295
8063,5,portscan,19780,window_06_15pct,1,1783710629.652334
8064,5,portscan,19781,window_06_15pct,1,1783710629.652468
8065,5,portscan,19782,window_06_15pct,1,1783710629.65251
8066,5,portscan,19783,window_06_15pct,1,1783710629.652626
8067,5,portscan,19784,window_06_15pct,1,1783710629.652664
8068,5,portscan,19785,window_06_15pct,1,1783710629.652798
8069,5,portscan,19786,window_06_15pct,1,1783710629.652837
8070,5,portscan,19787,window_06_15pct,1,1783710629.652955
8071,5,portscan,19788,window_06_15pct,1,1783710629.652993
8072,5,portscan,19790,window_06_15pct,1,1783710629.653122
8073,5,portscan,19789,window_06_15pct,1,1783710629.653122
8074,5,portscan,19791,window_06_15pct,1,1783710629.653282
8075,5,portscan,19792,window_06_15pct,1,1783710629.65332
8076,5,portscan,19793,window_06_15pct,1,1783710629.653449
8077,5,portscan,19794,window_06_15pct,1,1783710629.653487
8078,5,portscan,19795,window_06_15pct,1,1783710629.653611
8079,5,portscan,19796,window_06_15pct,1,1783710629.653649
8080,5,portscan,19797,window_06_15pct,1,1783710629.653775
8081,5,portscan,19798,window_06_15pct,1,1783710629.653775
8082,5,portscan,19799,window_06_15pct,1,1783710629.653931
8083,5,portscan,19800,window_06_15pct,1,1783710629.653969
8084,5,portscan,19801,window_06_15pct,1,1783710629.654103
8085,5,portscan,19802,window_06_15pct,1,1783710629.654142
8086,5,portscan,19803,window_06_15pct,1,1783710629.65426
8087,5,portscan,19804,window_06_15pct,1,1783710629.654298
8088,5,portscan,19806,window_06_15pct,1,1783710629.654427
8089,5,portscan,19805,window_06_15pct,1,1783710629.654427
8090,5,portscan,19807,window_06_15pct,1,1783710629.654583
8091,5,portscan,19808,window_06_15pct,1,1783710629.654613
8092,5,portscan,21832,window_06_15pct,1,1783711629.649893
8093,5,portscan,21833,window_06_15pct,1,1783711629.649979
8094,5,portscan,22718,window_06_15pct,1,1783711629.650105
8095,5,portscan,21834,window_06_15pct,1,1783711629.650256
8096,5,portscan,22717,window_06_15pct,1,1783711629.650347
8097,5,portscan,22716,window_06_15pct,1,1783711629.650578
8098,5,portscan,21835,window_06_15pct,1,1783711629.650711
8099,5,portscan,21836,window_06_15pct,1,1783711629.650818
8100,5,portscan,21837,window_06_15pct,1,1783711629.65091
8101,5,portscan,21838,window_06_15pct,1,1783711629.651349
8102,5,portscan,21839,window_06_15pct,1,1783711629.651382
8103,5,portscan,21840,window_06_15pct,1,1783711629.651531
8104,5,portscan,21841,window_06_15pct,1,1783711629.651565
8105,5,portscan,21842,window_06_15pct,1,1783711629.651679
8106,5,portscan,21843,window_06_15pct,1,1783711629.651711
8107,5,portscan,21844,window_06_15pct,1,1783711629.651892
8108,5,portscan,21845,window_06_15pct,1,1783711629.651983
8109,5,portscan,21847,window_06_15pct,1,1783711629.652088
8110,5,portscan,21846,window_06_15pct,1,1783711629.652088
8111,5,portscan,21848,window_06_15pct,1,1783711629.652237
8112,5,portscan,21849,window_06_15pct,1,1783711629.652345
8113,5,portscan,21850,window_06_15pct,1,1783711629.652475
8114,5,portscan,21851,window_06_15pct,1,1783711629.652573
8115,5,portscan,21852,window_06_15pct,1,1783711629.652674
8116,5,portscan,21853,window_06_15pct,1,1783711629.652772
8117,5,portscan,21854,window_06_15pct,1,1783711629.652871
8118,5,portscan,21856,window_06_15pct,1,1783711629.65297
8119,5,portscan,21855,window_06_15pct,1,1783711629.65297
8120,5,portscan,21857,window_06_15pct,1,1783711629.653124
8121,5,portscan,21858,window_06_15pct,1,1783711629.653417
8122,5,portscan,21859,window_06_15pct,1,1783711629.65345
8123,5,portscan,21860,window_06_15pct,1,1783711629.653606
8124,5,portscan,21861,window_06_15pct,1,1783711629.653639
8125,5,portscan,21862,window_06_15pct,1,1783711629.65376
8126,5,portscan,21863,window_06_15pct,1,1783711629.653792
8127,5,portscan,21864,window_06_15pct,1,1783711629.653943
8128,5,portscan,21865,window_06_15pct,1,1783711629.653943
8129,5,portscan,21866,window_06_15pct,1,1783711629.654088
8130,5,portscan,21867,window_06_15pct,1,1783711629.654204
8131,5,portscan,21868,window_06_15pct,1,1783711629.654319
8132,5,portscan,21869,window_06_15pct,1,1783711629.654409
8133,5,portscan,21871,window_06_15pct,1,1783711629.654517
8134,5,portscan,21870,window_06_15pct,1,1783711629.654517
8135,5,portscan,21872,window_06_15pct,1,1783711629.654631
8136,5,portscan,21873,window_06_15pct,1,1783711629.654662
8137,5,portscan,21874,window_06_15pct,1,1783711629.654696
8138,5,portscan,21875,window_06_15pct,1,1783711629.654854
8139,5,portscan,21876,window_06_15pct,1,1783711629.654854
8140,5,portscan,21877,window_06_15pct,1,1783711629.654977
8141,5,portscan,21878,window_06_15pct,1,1783711629.655126
8142,5,portscan,21879,window_06_15pct,1,1783711629.655228
8143,5,portscan,21880,window_06_15pct,1,1783711629.655324
8144,5,portscan,21881,window_06_15pct,1,1783711629.655325
8145,5,portscan,21882,window_06_15pct,1,1783711629.655365
8146,5,portscan,21883,window_06_15pct,1,1783711629.655462
8147,5,portscan,21884,window_06_15pct,1,1783711629.655592
8148,5,portscan,21885,window_06_15pct,1,1783711629.655702
8149,5,portscan,21886,window_06_15pct,1,1783711629.655793
8150,5,portscan,21887,window_06_15pct,1,1783711629.65589
8151,5,portscan,21888,window_06_15pct,1,1783711629.65589
8152,5,portscan,21889,window_06_15pct,1,1783711629.656046
8153,5,portscan,21890,window_06_15pct,1,1783711629.656079
8154,5,portscan,21891,window_06_15pct,1,1783711629.65621
8155,5,portscan,21892,window_06_15pct,1,1783711629.65621
8156,5,portscan,21893,window_06_15pct,1,1783711629.65636
8157,5,portscan,21894,window_06_15pct,1,1783711629.656393
8158,5,portscan,21895,window_06_15pct,1,1783711629.656543
8159,5,portscan,21896,window_06_15pct,1,1783711629.656575
8160,5,portscan,21897,window_06_15pct,1,1783711629.656688
8161,5,portscan,21898,window_06_15pct,1,1783711629.65704
8162,5,portscan,21899,window_06_15pct,1,1783711629.657073
8163,5,portscan,21900,window_06_15pct,1,1783711629.65723
8164,5,portscan,21901,window_06_15pct,1,1783711629.657262
8165,5,portscan,21902,window_06_15pct,1,1783711629.657386
8166,5,portscan,21903,window_06_15pct,1,1783711629.657418
8167,5,portscan,21904,window_06_15pct,1,1783711629.657546
8168,5,portscan,21905,window_06_15pct,1,1783711629.657579
8169,5,portscan,21906,window_06_15pct,1,1783711629.657713
8170,5,portscan,21907,window_06_15pct,1,1783711629.657745
8171,5,portscan,21908,window_06_15pct,1,1783711629.657873
8172,5,portscan,21909,window_06_15pct,1,1783711629.657873
8173,5,portscan,21910,window_06_15pct,1,1783711629.658032
8174,5,portscan,21911,window_06_15pct,1,1783711629.658032
8175,5,portscan,21912,window_06_15pct,1,1783711629.658192
8176,5,portscan,21913,window_06_15pct,1,1783711629.658224
8177,5,portscan,21914,window_06_15pct,1,1783711629.658358
8178,5,portscan,21915,window_06_15pct,1,1783711629.65839
8179,5,portscan,21917,window_06_15pct,1,1783711629.658518
8180,5,portscan,21916,window_06_15pct,1,1783711629.658518
8181,5,portscan,21918,window_06_15pct,1,1783711629.658672
8182,5,portscan,21919,window_06_15pct,1,1783711629.658704
8183,5,portscan,21920,window_06_15pct,1,1783711629.658834
8184,5,portscan,21921,window_06_15pct,1,1783711629.658866
8185,5,portscan,21922,window_06_15pct,1,1783711629.659001
8186,5,portscan,21923,window_06_15pct,1,1783711629.659032
8187,5,portscan,21924,window_06_15pct,1,1783711629.659182
8188,5,portscan,21925,window_06_15pct,1,1783711629.659182
8189,5,portscan,21926,window_06_15pct,1,1783711629.659326
8190,5,portscan,21927,window_06_15pct,1,1783711629.659438
8191,5,portscan,21928,window_06_15pct,1,1783711629.65947
8192,5,portscan,21929,window_06_15pct,1,1783711629.659631
8193,5,portscan,21930,window_06_15pct,1,1783711629.659631
8194,5,portscan,21931,window_06_15pct,1,1783711629.659777
8195,5,portscan,21932,window_06_15pct,1,1783711629.65981
8196,5,portscan,21933,window_06_15pct,1,1783711629.659956
8197,5,portscan,21934,window_06_15pct,1,1783711629.659956
8198,5,portscan,21935,window_06_15pct,1,1783711629.660107
8199,5,portscan,21936,window_06_15pct,1,1783711629.660139
8200,5,portscan,21937,window_06_15pct,1,1783711629.660289
8201,5,portscan,21938,window_06_15pct,1,1783711629.660289
8202,5,portscan,21939,window_06_15pct,1,1783711629.660435
8203,5,portscan,21940,window_06_15pct,1,1783711629.660466
8204,5,portscan,21941,window_06_15pct,1,1783711629.660613
8205,5,portscan,21942,window_06_15pct,1,1783711629.660613
8206,5,portscan,21943,window_06_15pct,1,1783711629.660764
8207,5,portscan,21944,window_06_15pct,1,1783711629.660798
8208,5,portscan,21945,window_06_15pct,1,1783711629.660928
8209,5,portscan,21946,window_06_15pct,1,1783711629.66096
8210,5,portscan,26758,window_07_17pct,1,1783714378.735003
8211,5,portscan,26757,window_07_17pct,1,1783714378.735177
8212,5,portscan,44622,window_resampled_20pct,1,1783714378.735177
8213,5,portscan,26756,window_07_17pct,1,1783714378.735272
8214,5,portscan,44986,window_resampled_20pct,1,1783715378.747462
8215,5,portscan,29000,window_07_17pct,1,1783715378.747462
8216,5,portscan,28999,window_07_17pct,1,1783715378.747641
8217,5,portscan,40189,window_resampled_15pct,1,1783715378.747641
8218,5,portscan,44988,window_resampled_20pct,1,1783715378.748108
8219,5,portscan,28998,window_07_17pct,1,1783715378.748108
8220,5,portscan,33011,window_08_22pct,1,1783718127.967438
8221,5,portscan,40808,window_resampled_15pct,1,1783718127.967438
8222,5,portscan,33010,window_08_22pct,1,1783718127.968261
8223,5,portscan,33009,window_08_22pct,1,1783718127.968571
8224,5,portscan,40809,window_resampled_15pct,1,1783718127.968571
8225,6,benign,27390,window_07_17pct,0,1783715031.622718
8226,6,benign,27414,window_07_17pct,0,1783715034.099937
8227,6,benign,40087,window_resampled_15pct,0,1783715034.099937
8228,6,benign,27402,window_07_17pct,0,1783715037.99522
8229,6,benign,44902,window_resampled_20pct,0,1783715037.99522
8230,6,benign,40089,window_resampled_15pct,0,1783715038.04569
8231,6,benign,27356,window_07_17pct,0,1783715038.04569
8232,6,benign,27379,window_07_17pct,0,1783715039.700104
8233,6,benign,27456,window_07_17pct,0,1783715049.711688
8234,6,benign,40092,window_resampled_15pct,0,1783715049.711688
8235,6,benign,27387,window_07_17pct,0,1783715055.609873
8236,6,benign,27444,window_07_17pct,0,1783715058.013252
8237,6,benign,44910,window_resampled_20pct,0,1783715058.014983
8238,6,benign,27441,window_07_17pct,0,1783715058.014983
8239,6,benign,27442,window_07_17pct,0,1783715058.015296
8240,6,benign,27575,window_07_17pct,0,1783715061.045441
8241,6,benign,27410,window_07_17pct,0,1783715068.547214
8242,6,benign,27440,window_07_17pct,0,1783715069.82704
8243,6,benign,27439,window_07_17pct,0,1783715069.827918
8244,6,benign,27453,window_07_17pct,0,1783715079.232069
8245,6,benign,44915,window_resampled_20pct,0,1783715079.232069
8246,6,benign,27429,window_07_17pct,0,1783715079.233128
8247,6,benign,27637,window_07_17pct,0,1783715084.879046
8248,6,benign,44920,window_resampled_20pct,0,1783715085.014542
8249,6,benign,27466,window_07_17pct,0,1783715085.014542
8250,6,benign,27605,window_07_17pct,0,1783715088.712233
8251,6,benign,27983,window_07_17pct,0,1783715097.118214
8252,6,benign,27485,window_07_17pct,0,1783715098.997051
8253,6,benign,27740,window_07_17pct,0,1783715099.00332
8254,6,benign,44922,window_resampled_20pct,0,1783715099.003565
8255,6,benign,27742,window_07_17pct,0,1783715099.003565
8256,6,benign,27683,window_07_17pct,0,1783715100.091149
8257,6,benign,27502,window_07_17pct,0,1783715112.166687
8258,6,benign,27556,window_07_17pct,0,1783715114.348643
8259,6,benign,40111,window_resampled_15pct,0,1783715114.348643
8260,6,benign,27543,window_07_17pct,0,1783715114.998394
8261,6,benign,40114,window_resampled_15pct,0,1783715115.65469
8262,6,benign,27530,window_07_17pct,0,1783715115.65469
8263,6,benign,27529,window_07_17pct,0,1783715115.676496
8264,6,benign,44928,window_resampled_20pct,0,1783715115.676496
8265,6,benign,27528,window_07_17pct,0,1783715115.67762
8266,6,benign,27537,window_07_17pct,0,1783715115.899039
8267,6,benign,27534,window_07_17pct,0,1783715115.931391
8268,6,benign,27539,window_07_17pct,0,1783715116.28544
8269,6,benign,27542,window_07_17pct,0,1783715116.286951
8270,6,benign,27540,window_07_17pct,0,1783715116.287077
8271,6,benign,27550,window_07_17pct,0,1783715118.534468
8272,6,benign,27779,window_07_17pct,0,1783715127.614731
8273,6,benign,44933,window_resampled_20pct,0,1783715127.614731
8274,6,benign,27593,window_07_17pct,0,1783715128.850611
8275,6,benign,44934,window_resampled_20pct,0,1783715128.850611
8276,6,benign,27877,window_07_17pct,0,1783715128.857005
8277,6,benign,40118,window_resampled_15pct,0,1783715128.857005
8278,6,benign,27563,window_07_17pct,0,1783715129.352101
8279,6,benign,27690,window_07_17pct,0,1783715129.35668
8280,6,benign,27689,window_07_17pct,0,1783715129.356987
8281,6,benign,27578,window_07_17pct,0,1783715132.02789
8282,6,benign,40121,window_resampled_15pct,0,1783715132.02789
8283,6,benign,27577,window_07_17pct,0,1783715132.028141
8284,6,benign,27581,window_07_17pct,0,1783715132.028543
8285,6,benign,27608,window_07_17pct,0,1783715135.10847
8286,6,benign,40124,window_resampled_15pct,0,1783715135.10847
8287,6,benign,27799,window_07_17pct,0,1783715136.612162
8288,6,benign,44942,window_resampled_20pct,0,1783715136.618382
8289,6,benign,27801,window_07_17pct,0,1783715136.618382
8290,6,benign,27798,window_07_17pct,0,1783715136.618952
8291,6,benign,44943,window_resampled_20pct,0,1783715138.283548
8292,6,benign,27808,window_07_17pct,0,1783715138.283548
8293,6,benign,27626,window_07_17pct,0,1783715145.677798
8294,6,benign,44944,window_resampled_20pct,0,1783715145.677798
8295,6,benign,27725,window_07_17pct,0,1783715147.337584
8296,6,benign,27730,window_07_17pct,0,1783715147.342432
8297,6,benign,27729,window_07_17pct,0,1783715147.34365
8298,6,benign,40130,window_resampled_15pct,0,1783715147.34365
8299,6,benign,27639,window_07_17pct,0,1783715152.219894
8300,6,benign,27638,window_07_17pct,0,1783715152.298657
8301,6,benign,27749,window_07_17pct,0,1783715154.920846
8302,6,benign,40134,window_resampled_15pct,0,1783715154.920846
8303,6,benign,27656,window_07_17pct,0,1783715161.148553
8304,6,benign,40135,window_resampled_15pct,0,1783715161.148553
8305,6,benign,27644,window_07_17pct,0,1783715161.175449
8306,6,benign,40136,window_resampled_15pct,0,1783715161.175449
8307,6,benign,27648,window_07_17pct,0,1783715161.175795
8308,6,benign,27811,window_07_17pct,0,1783715161.711238
8309,6,benign,27777,window_07_17pct,0,1783715164.185682
8310,6,benign,27688,window_07_17pct,0,1783715188.498185
8311,6,benign,27711,window_07_17pct,0,1783715191.038154
8312,6,benign,27734,window_07_17pct,0,1783715191.853558
8313,6,benign,27754,window_07_17pct,0,1783715198.743262
8314,6,benign,27758,window_07_17pct,0,1783715198.749881
8315,6,benign,27755,window_07_17pct,0,1783715198.750068
8316,6,benign,27759,window_07_17pct,0,1783715198.750341
8317,6,benign,27753,window_07_17pct,0,1783715215.113792
8318,6,benign,44961,window_resampled_20pct,0,1783715215.113792
8319,6,benign,27891,window_07_17pct,0,1783715215.11467
8320,6,benign,27818,window_07_17pct,0,1783715227.014801
8321,6,benign,44965,window_resampled_20pct,0,1783715227.014801
8322,6,benign,27791,window_07_17pct,0,1783715233.949444
8323,6,benign,27853,window_07_17pct,0,1783715236.415795
8324,6,benign,27902,window_07_17pct,0,1783715243.271642
8325,6,benign,40149,window_resampled_15pct,0,1783715243.272645
8326,6,benign,27900,window_07_17pct,0,1783715243.272645
8327,6,benign,27829,window_07_17pct,0,1783715250.274597
8328,6,benign,27929,window_07_17pct,0,1783715250.278661
8329,6,benign,27966,window_07_17pct,0,1783715250.937916
8330,6,benign,27970,window_07_17pct,0,1783715250.93845
8331,6,benign,27971,window_07_17pct,0,1783715250.942008
8332,6,benign,27852,window_07_17pct,0,1783715266.638594
8333,6,benign,27935,window_07_17pct,0,1783715278.636851
8334,6,benign,27870,window_07_17pct,0,1783715295.944239
8335,6,benign,44975,window_resampled_20pct,0,1783715295.968028
8336,6,benign,27867,window_07_17pct,0,1783715295.968028
8337,6,benign,27932,window_07_17pct,0,1783715296.812831
8338,6,benign,40167,window_resampled_15pct,0,1783715304.084188
8339,6,benign,27922,window_07_17pct,0,1783715304.084188
8340,6,benign,27883,window_07_17pct,0,1783715309.529682
8341,6,benign,40168,window_resampled_15pct,0,1783715312.140002
8342,6,benign,27907,window_07_17pct,0,1783715312.140002
8343,6,benign,44980,window_resampled_20pct,0,1783715323.241238
8344,6,benign,27915,window_07_17pct,0,1783715323.241238
8345,6,benign,40171,window_resampled_15pct,0,1783715325.954565
8346,6,benign,27959,window_07_17pct,0,1783715325.954565
8347,6,benign,40172,window_resampled_15pct,0,1783715325.955153
8348,6,benign,27957,window_07_17pct,0,1783715325.955153
8349,6,benign,28295,window_07_17pct,0,1783715327.814655
8350,6,benign,40173,window_resampled_15pct,0,1783715327.814655
8351,6,benign,27943,window_07_17pct,0,1783715346.750743
8352,6,benign,40176,window_resampled_15pct,0,1783715346.769075
8353,6,benign,28506,window_07_17pct,0,1783715346.769075
8354,6,benign,27951,window_07_17pct,0,1783715357.403057
8355,6,benign,27963,window_07_17pct,0,1783715360.960379
8356,6,benign,27991,window_07_17pct,0,1783715364.603524
8357,6,benign,27998,window_07_17pct,0,1783715366.561673
8358,6,benign,27974,window_07_17pct,0,1783715366.610109
8359,6,benign,40183,window_resampled_15pct,0,1783715366.610362
8360,6,benign,27973,window_07_17pct,0,1783715366.610362
8361,6,benign,27980,window_07_17pct,0,1783715368.546072
8362,6,benign,28280,window_07_17pct,0,1783715384.108584
8363,6,benign,40279,window_resampled_15pct,0,1783715384.108584
8364,6,benign,28555,window_07_17pct,0,1783715384.112692
8365,6,benign,28556,window_07_17pct,0,1783715384.112792
8366,6,benign,40280,window_resampled_15pct,0,1783715384.113801
8367,6,benign,28554,window_07_17pct,0,1783715384.113801
8368,6,benign,28288,window_07_17pct,0,1783715392.339525
8369,6,benign,45106,window_resampled_20pct,0,1783715392.339525
8370,6,benign,28445,window_07_17pct,0,1783715409.806624
8371,6,benign,40289,window_resampled_15pct,0,1783715409.806624
8372,6,benign,40290,window_resampled_15pct,0,1783715417.80593
8373,6,benign,28467,window_07_17pct,0,1783715417.80593
8374,6,benign,28471,window_07_17pct,0,1783715426.812328
8375,6,benign,28497,window_07_17pct,0,1783715440.121892
8376,6,benign,28521,window_07_17pct,0,1783715440.122779
8377,6,benign,28755,window_07_17pct,0,1783715443.917855
8378,6,benign,28503,window_07_17pct,0,1783715446.791244
8379,6,benign,28536,window_07_17pct,0,1783715460.247794
8380,6,benign,40297,window_resampled_15pct,0,1783715460.27057
8381,6,benign,28517,window_07_17pct,0,1783715460.27057
8382,6,benign,40298,window_resampled_15pct,0,1783715462.734732
8383,6,benign,28653,window_07_17pct,0,1783715462.734732
8384,6,benign,28663,window_07_17pct,0,1783715463.644857
8385,6,benign,28528,window_07_17pct,0,1783715464.169311
8386,6,benign,45120,window_resampled_20pct,0,1783715464.169311
8387,6,benign,28539,window_07_17pct,0,1783715471.012284
8388,6,benign,28548,window_07_17pct,0,1783715471.332551
8389,6,benign,28631,window_07_17pct,0,1783715475.04274
8390,6,benign,28638,window_07_17pct,0,1783715482.795647
8391,6,benign,28641,window_07_17pct,0,1783715482.796126
8392,6,benign,45130,window_resampled_20pct,0,1783715482.796126
8393,6,benign,28642,window_07_17pct,0,1783715482.800969
8394,6,benign,28570,window_07_17pct,0,1783715489.33025
8395,6,benign,40308,window_resampled_15pct,0,1783715489.33025
8396,6,benign,28592,window_07_17pct,0,1783715489.331214
8397,6,benign,40309,window_resampled_15pct,0,1783715489.331214
8398,6,benign,28559,window_07_17pct,0,1783715489.464556
8399,6,benign,40310,window_resampled_15pct,0,1783715489.464556
8400,6,benign,28567,window_07_17pct,0,1783715493.036039
8401,6,benign,28651,window_07_17pct,0,1783715493.052067
8402,6,benign,28713,window_07_17pct,0,1783715493.56675
8403,6,benign,28710,window_07_17pct,0,1783715493.572837
8404,6,benign,28593,window_07_17pct,0,1783715496.42316
8405,6,benign,28594,window_07_17pct,0,1783715496.423263
8406,6,benign,28599,window_07_17pct,0,1783715498.33787
8407,6,benign,28698,window_07_17pct,0,1783715503.248922
8408,6,benign,45137,window_resampled_20pct,0,1783715503.248922
8409,6,benign,28686,window_07_17pct,0,1783715522.374736
8410,6,benign,45140,window_resampled_20pct,0,1783715531.611621
8411,6,benign,28622,window_07_17pct,0,1783715531.611621
8412,6,benign,28625,window_07_17pct,0,1783715536.688985
8413,6,benign,45145,window_resampled_20pct,0,1783715540.766518
8414,6,benign,28776,window_07_17pct,0,1783715540.766518
8415,6,benign,28669,window_07_17pct,0,1783715550.809529
8416,6,benign,45147,window_resampled_20pct,0,1783715550.809529
8417,6,benign,28674,window_07_17pct,0,1783715559.173555
8418,6,benign,45151,window_resampled_20pct,0,1783715559.173555
8419,6,benign,29013,window_07_17pct,0,1783715562.709358
8420,6,benign,28815,window_07_17pct,0,1783715565.593607
8421,6,benign,45155,window_resampled_20pct,0,1783715566.651575
8422,6,benign,28719,window_07_17pct,0,1783715566.651575
8423,6,benign,28706,window_07_17pct,0,1783715566.652539
8424,6,benign,28850,window_07_17pct,0,1783715568.105991
8425,6,benign,28854,window_07_17pct,0,1783715568.10619
8426,6,benign,28765,window_07_17pct,0,1783715568.291645
8427,6,benign,28723,window_07_17pct,0,1783715574.019436
8428,6,benign,28731,window_07_17pct,0,1783715574.126154
8429,6,benign,40328,window_resampled_15pct,0,1783715574.126154
8430,6,benign,28734,window_07_17pct,0,1783715576.035668
8431,6,benign,28772,window_07_17pct,0,1783715583.884703
8432,6,benign,28754,window_07_17pct,0,1783715583.904447
8433,6,benign,28749,window_07_17pct,0,1783715583.906631
8434,6,benign,29050,window_07_17pct,0,1783715590.664601
8435,6,benign,40331,window_resampled_15pct,0,1783715590.664601
8436,6,benign,29054,window_07_17pct,0,1783715590.664966
8437,6,benign,45165,window_resampled_20pct,0,1783715590.664966
8438,6,benign,45166,window_resampled_20pct,0,1783715593.694798
8439,6,benign,29056,window_07_17pct,0,1783715593.694798
8440,6,benign,29059,window_07_17pct,0,1783715593.701418
8441,6,benign,28912,window_07_17pct,0,1783715595.85485
8442,6,benign,45168,window_resampled_20pct,0,1783715595.85485
8443,6,benign,28899,window_07_17pct,0,1783715595.860132
8444,6,benign,40333,window_resampled_15pct,0,1783715595.860132
8445,6,benign,45169,window_resampled_20pct,0,1783715595.860466
8446,6,benign,28900,window_07_17pct,0,1783715595.860466
8447,6,benign,28790,window_07_17pct,0,1783715598.437832
8448,6,benign,28787,window_07_17pct,0,1783715598.437833
8449,6,benign,40335,window_resampled_15pct,0,1783715598.437833
8450,6,benign,28962,window_07_17pct,0,1783715602.954117
8451,6,benign,28802,window_07_17pct,0,1783715603.924607
8452,6,benign,45176,window_resampled_20pct,0,1783715606.605239
8453,6,benign,28949,window_07_17pct,0,1783715606.605239
8454,6,benign,28874,window_07_17pct,0,1783715607.312169
8455,6,benign,28823,window_07_17pct,0,1783715607.41157
8456,6,benign,40340,window_resampled_15pct,0,1783715607.41157
8457,6,benign,40341,window_resampled_15pct,0,1783715607.864273
8458,6,benign,28819,window_07_17pct,0,1783715607.864273
8459,6,benign,28822,window_07_17pct,0,1783715607.865008
8460,6,benign,28824,window_07_17pct,0,1783715618.583122
8461,6,benign,28834,window_07_17pct,0,1783715626.147719
8462,6,benign,45187,window_resampled_20pct,0,1783715632.591483
8463,6,benign,28918,window_07_17pct,0,1783715632.591483
8464,6,benign,40350,window_resampled_15pct,0,1783715632.59292
8465,6,benign,28916,window_07_17pct,0,1783715632.59292
8466,6,benign,28917,window_07_17pct,0,1783715632.593528
8467,6,benign,28871,window_07_17pct,0,1783715633.527608
8468,6,benign,45189,window_resampled_20pct,0,1783715633.527608
8469,6,benign,28857,window_07_17pct,0,1783715633.531743
8470,6,benign,28862,window_07_17pct,0,1783715634.442573
8471,6,benign,28880,window_07_17pct,0,1783715641.396934
8472,6,benign,28897,window_07_17pct,0,1783715644.262963
8473,6,benign,40353,window_resampled_15pct,0,1783715652.589029
8474,6,benign,28901,window_07_17pct,0,1783715652.589029
8475,6,benign,28887,window_07_17pct,0,1783715652.590127
8476,6,benign,28925,window_07_17pct,0,1783715662.093374
8477,6,benign,28963,window_07_17pct,0,1783715681.849598
8478,6,benign,28981,window_07_17pct,0,1783715683.67071
8479,6,benign,28982,window_07_17pct,0,1783715683.671019
8480,6,benign,29101,window_07_17pct,0,1783715688.140055
8481,6,benign,40364,window_resampled_15pct,0,1783715688.141072
8482,6,benign,29103,window_07_17pct,0,1783715688.141072
8483,6,benign,29081,window_07_17pct,0,1783715688.156826
8484,6,benign,28997,window_07_17pct,0,1783715699.103955
8485,6,benign,29003,window_07_17pct,0,1783715717.312387
8486,6,benign,45206,window_resampled_20pct,0,1783715717.323235
8487,6,benign,29018,window_07_17pct,0,1783715717.323235
8488,6,benign,29204,window_07_17pct,0,1783715724.464227
8489,6,benign,40377,window_resampled_15pct,0,1783715724.464645
8490,6,benign,29201,window_07_17pct,0,1783715724.464645
8491,6,benign,29033,window_07_17pct,0,1783715740.452214
8492,6,benign,45211,window_resampled_20pct,0,1783715740.453892
8493,6,benign,29133,window_07_17pct,0,1783715740.453892
8494,6,benign,29135,window_07_17pct,0,1783715740.46747
8495,6,benign,40378,window_resampled_15pct,0,1783715740.46747
8496,6,benign,29036,window_07_17pct,0,1783715745.715962
8497,6,benign,29038,window_07_17pct,0,1783715745.743198
8498,6,benign,29364,window_07_17pct,0,1783715749.336834
8499,6,benign,45217,window_resampled_20pct,0,1783715753.087018
8500,6,benign,29070,window_07_17pct,0,1783715753.087018
8501,6,benign,29115,window_07_17pct,0,1783715766.317335
8502,6,benign,29219,window_07_17pct,0,1783715769.458191
8503,6,benign,29143,window_07_17pct,0,1783715773.467554
8504,6,benign,40390,window_resampled_15pct,0,1783715778.665606
8505,6,benign,29162,window_07_17pct,0,1783715778.665606
8506,6,benign,29161,window_07_17pct,0,1783715778.670166
8507,6,benign,29167,window_07_17pct,0,1783715785.354802
8508,6,benign,40394,window_resampled_15pct,0,1783715790.400747
8509,6,benign,29168,window_07_17pct,0,1783715790.400747
8510,6,benign,29179,window_07_17pct,0,1783715794.52925
8511,6,benign,45229,window_resampled_20pct,0,1783715794.529906
8512,6,benign,29178,window_07_17pct,0,1783715794.529906
8513,6,benign,29261,window_07_17pct,0,1783715800.088791
8514,6,benign,29264,window_07_17pct,0,1783715800.089376
8515,6,benign,29263,window_07_17pct,0,1783715800.091534
8516,6,benign,29265,window_07_17pct,0,1783715800.092536
8517,6,benign,29200,window_07_17pct,0,1783715806.296375
8518,6,benign,29317,window_07_17pct,0,1783715814.337251
8519,6,benign,29321,window_07_17pct,0,1783715814.337362
8520,6,benign,45239,window_resampled_20pct,0,1783715819.944959
8521,6,benign,29344,window_07_17pct,0,1783715819.944959
8522,6,benign,29211,window_07_17pct,0,1783715820.476626
8523,6,benign,29369,window_07_17pct,0,1783715826.525533
8524,6,benign,29366,window_07_17pct,0,1783715826.527503
8525,6,benign,29492,window_07_17pct,0,1783715831.092021
8526,6,benign,45243,window_resampled_20pct,0,1783715831.981136
8527,6,benign,29224,window_07_17pct,0,1783715831.981136
8528,6,benign,45245,window_resampled_20pct,0,1783715836.04651
8529,6,benign,29384,window_07_17pct,0,1783715836.04651
8530,6,benign,29229,window_07_17pct,0,1783715837.719825
8531,6,benign,29287,window_07_17pct,0,1783715839.364616
8532,6,benign,29233,window_07_17pct,0,1783715839.723523
8533,6,benign,45246,window_resampled_20pct,0,1783715839.747375
8534,6,benign,29230,window_07_17pct,0,1783715839.747375
8535,6,benign,40407,window_resampled_15pct,0,1783715843.36515
8536,6,benign,29245,window_07_17pct,0,1783715843.36515
8537,6,benign,29249,window_07_17pct,0,1783715843.380925
8538,6,benign,29260,window_07_17pct,0,1783715847.576162
8539,6,benign,29266,window_07_17pct,0,1783715854.620234
8540,6,benign,45251,window_resampled_20pct,0,1783715861.912463
8541,6,benign,29425,window_07_17pct,0,1783715861.912463
8542,6,benign,40416,window_resampled_15pct,0,1783715862.054095
8543,6,benign,29294,window_07_17pct,0,1783715862.054095
8544,6,benign,29278,window_07_17pct,0,1783715862.054096
8545,6,benign,29595,window_07_17pct,0,1783715869.312826
8546,6,benign,29447,window_07_17pct,0,1783715875.069319
8547,6,benign,29315,window_07_17pct,0,1783715878.202818
8548,6,benign,45255,window_resampled_20pct,0,1783715878.225761
8549,6,benign,29302,window_07_17pct,0,1783715878.225761
8550,6,benign,29352,window_07_17pct,0,1783715883.225208
8551,6,benign,45259,window_resampled_20pct,0,1783715883.225208
8552,6,benign,40422,window_resampled_15pct,0,1783715883.225631
8553,6,benign,29354,window_07_17pct,0,1783715883.225631
8554,6,benign,30339,window_07_17pct,0,1783715884.79562
8555,6,benign,29328,window_07_17pct,0,1783715889.732658
8556,6,benign,29332,window_07_17pct,0,1783715889.755724
8557,6,benign,45262,window_resampled_20pct,0,1783715889.755724
8558,6,benign,29487,window_07_17pct,0,1783715889.806189
8559,6,benign,29401,window_07_17pct,0,1783715893.744906
8560,6,benign,29476,window_07_17pct,0,1783715894.229274
8561,6,benign,29475,window_07_17pct,0,1783715894.231112
8562,6,benign,40430,window_resampled_15pct,0,1783715894.231112
8563,6,benign,29498,window_07_17pct,0,1783715894.804923
8564,6,benign,45266,window_resampled_20pct,0,1783715894.806809
8565,6,benign,29501,window_07_17pct,0,1783715894.806809
8566,6,benign,29502,window_07_17pct,0,1783715894.807761
8567,6,benign,29357,window_07_17pct,0,1783715895.315473
8568,6,benign,40431,window_resampled_15pct,0,1783715895.31625
8569,6,benign,29358,window_07_17pct,0,1783715895.31625
8570,6,benign,29768,window_07_17pct,0,1783715897.624174
8571,6,benign,29592,window_07_17pct,0,1783715897.634899
8572,6,benign,29375,window_07_17pct,0,1783715901.319451
8573,6,benign,40434,window_resampled_15pct,0,1783715908.075739
8574,6,benign,29411,window_07_17pct,0,1783715908.075739
8575,6,benign,45274,window_resampled_20pct,0,1783715908.076714
8576,6,benign,29412,window_07_17pct,0,1783715908.076714
8577,6,benign,29413,window_07_17pct,0,1783715908.078797
8578,6,benign,29407,window_07_17pct,0,1783715910.72945
8579,6,benign,45275,window_resampled_20pct,0,1783715910.73044
8580,6,benign,29522,window_07_17pct,0,1783715910.73044
8581,6,benign,29396,window_07_17pct,0,1783715912.463471
8582,6,benign,45279,window_resampled_20pct,0,1783715912.463471
8583,6,benign,29391,window_07_17pct,0,1783715912.52927
8584,6,benign,29461,window_07_17pct,0,1783715916.535637
8585,6,benign,29427,window_07_17pct,0,1783715916.687194
8586,6,benign,29799,window_07_17pct,0,1783715923.023701
8587,6,benign,29795,window_07_17pct,0,1783715923.025
8588,6,benign,40438,window_resampled_15pct,0,1783715925.266486
8589,6,benign,29438,window_07_17pct,0,1783715925.266486
8590,6,benign,29429,window_07_17pct,0,1783715925.271083
8591,6,benign,29563,window_07_17pct,0,1783715927.970691
8592,6,benign,29694,window_07_17pct,0,1783715928.183793
8593,6,benign,29442,window_07_17pct,0,1783715931.339948
8594,6,benign,29443,window_07_17pct,0,1783715931.340403
8595,6,benign,29441,window_07_17pct,0,1783715931.344776
8596,6,benign,29511,window_07_17pct,0,1783715932.673911
8597,6,benign,29463,window_07_17pct,0,1783715940.852142
8598,6,benign,29470,window_07_17pct,0,1783715943.66058
8599,6,benign,40445,window_resampled_15pct,0,1783715943.66058
8600,6,benign,29646,window_07_17pct,0,1783715944.710953
8601,6,benign,29512,window_07_17pct,0,1783715950.67829
8602,6,benign,29567,window_07_17pct,0,1783715956.72322
8603,6,benign,29564,window_07_17pct,0,1783715956.726064
8604,6,benign,29565,window_07_17pct,0,1783715956.726481
8605,6,benign,29644,window_07_17pct,0,1783715957.053812
8606,6,benign,29496,window_07_17pct,0,1783715958.771994
8607,6,benign,29627,window_07_17pct,0,1783715958.773072
8608,6,benign,29555,window_07_17pct,0,1783715968.835274
8609,6,benign,29506,window_07_17pct,0,1783715971.637481
8610,6,benign,29529,window_07_17pct,0,1783715976.465143
8611,6,benign,45293,window_resampled_20pct,0,1783715976.465143
8612,6,benign,29528,window_07_17pct,0,1783715979.342283
8613,6,benign,29621,window_07_17pct,0,1783715981.405244
8614,6,benign,45294,window_resampled_20pct,0,1783715981.405244
8615,6,benign,29611,window_07_17pct,0,1783715983.540525
8616,6,benign,29606,window_07_17pct,0,1783715983.551255
8617,6,benign,29546,window_07_17pct,0,1783715985.139438
8618,6,benign,29660,window_07_17pct,0,1783715985.564446
8619,6,benign,29656,window_07_17pct,0,1783715985.564616
8620,6,benign,29561,window_07_17pct,0,1783715990.880421
8621,6,benign,29568,window_07_17pct,0,1783715992.022466
8622,6,benign,45299,window_resampled_20pct,0,1783715997.453246
8623,6,benign,29841,window_07_17pct,0,1783715997.453246
8624,6,benign,29836,window_07_17pct,0,1783715997.458198
8625,6,benign,29838,window_07_17pct,0,1783715997.458324
8626,6,benign,29840,window_07_17pct,0,1783715997.459244
8627,6,benign,29573,window_07_17pct,0,1783716008.825703
8628,6,benign,29798,window_07_17pct,0,1783716008.8291
8629,6,benign,40464,window_resampled_15pct,0,1783716008.829134
8630,6,benign,29796,window_07_17pct,0,1783716008.829134
8631,6,benign,45301,window_resampled_20pct,0,1783716016.896051
8632,6,benign,29702,window_07_17pct,0,1783716016.896051
8633,6,benign,29703,window_07_17pct,0,1783716016.896516
8634,6,benign,40467,window_resampled_15pct,0,1783716019.134221
8635,6,benign,29580,window_07_17pct,0,1783716019.134221
8636,6,benign,29605,window_07_17pct,0,1783716024.232002
8637,6,benign,29759,window_07_17pct,0,1783716035.998945
8638,6,benign,45306,window_resampled_20pct,0,1783716035.998945
8639,6,benign,29628,window_07_17pct,0,1783716038.003635
8640,6,benign,29630,window_07_17pct,0,1783716038.020854
8641,6,benign,40474,window_resampled_15pct,0,1783716038.020854
8642,6,benign,29662,window_07_17pct,0,1783716041.102417
8643,6,benign,29641,window_07_17pct,0,1783716041.107321
8644,6,benign,29651,window_07_17pct,0,1783716044.475245
8645,6,benign,29655,window_07_17pct,0,1783716044.476467
8646,6,benign,29653,window_07_17pct,0,1783716044.476536
8647,6,benign,29764,window_07_17pct,0,1783716048.76857
8648,6,benign,29679,window_07_17pct,0,1783716053.624254
8649,6,benign,29681,window_07_17pct,0,1783716057.038269
8650,6,benign,29690,window_07_17pct,0,1783716063.062991
8651,6,benign,40486,window_resampled_15pct,0,1783716063.062991
8652,6,benign,29728,window_07_17pct,0,1783716072.11201
8653,6,benign,45315,window_resampled_20pct,0,1783716072.214271
8654,6,benign,29812,window_07_17pct,0,1783716072.214271
8655,6,benign,29734,window_07_17pct,0,1783716079.417252
8656,6,benign,29752,window_07_17pct,0,1783716087.222627
8657,6,benign,29749,window_07_17pct,0,1783716087.870232
8658,6,benign,45321,window_resampled_20pct,0,1783716087.870232
8659,6,benign,40497,window_resampled_15pct,0,1783716088.760684
8660,6,benign,29879,window_07_17pct,0,1783716088.760684
8661,6,benign,29880,window_07_17pct,0,1783716088.777682
8662,6,benign,29882,window_07_17pct,0,1783716088.777954
8663,6,benign,29970,window_07_17pct,0,1783716091.090788
8664,6,benign,45323,window_resampled_20pct,0,1783716091.090788
8665,6,benign,29969,window_07_17pct,0,1783716091.093027
8666,6,benign,40499,window_resampled_15pct,0,1783716091.093027
8667,6,benign,29967,window_07_17pct,0,1783716091.094034
8668,6,benign,29751,window_07_17pct,0,1783716091.324079
8669,6,benign,29782,window_07_17pct,0,1783716100.892154
8670,6,benign,29808,window_07_17pct,0,1783716102.962302
8671,6,benign,29804,window_07_17pct,0,1783716106.472677
8672,6,benign,30038,window_07_17pct,0,1783716111.034623
8673,6,benign,40505,window_resampled_15pct,0,1783716111.034623
8674,6,benign,29822,window_07_17pct,0,1783716116.065535
8675,6,benign,29859,window_07_17pct,0,1783716119.860263
8676,6,benign,29895,window_07_17pct,0,1783716121.28651
8677,6,benign,40513,window_resampled_15pct,0,1783716121.28666
8678,6,benign,29896,window_07_17pct,0,1783716121.28666
8679,6,benign,40514,window_resampled_15pct,0,1783716121.286858
8680,6,benign,29891,window_07_17pct,0,1783716121.286858
8681,6,benign,29853,window_07_17pct,0,1783716123.782834
8682,6,benign,40516,window_resampled_15pct,0,1783716124.352445
8683,6,benign,29854,window_07_17pct,0,1783716124.352445
8684,6,benign,29860,window_07_17pct,0,1783716126.469028
8685,6,benign,29964,window_07_17pct,0,1783716131.114914
8686,6,benign,29924,window_07_17pct,0,1783716136.364151
8687,6,benign,29923,window_07_17pct,0,1783716136.368204
8688,6,benign,45339,window_resampled_20pct,0,1783716136.368204
8689,6,benign,29926,window_07_17pct,0,1783716136.368478
8690,6,benign,29948,window_07_17pct,0,1783716137.274915
8691,6,benign,29878,window_07_17pct,0,1783716139.943385
8692,6,benign,29910,window_07_17pct,0,1783716153.439548
8693,6,benign,40520,window_resampled_15pct,0,1783716153.441401
8694,6,benign,29914,window_07_17pct,0,1783716153.441401
8695,6,benign,29940,window_07_17pct,0,1783716154.607772
8696,6,benign,29972,window_07_17pct,0,1783716168.326852
8697,6,benign,29976,window_07_17pct,0,1783716170.991437
8698,6,benign,30059,window_07_17pct,0,1783716171.004347
8699,6,benign,29982,window_07_17pct,0,1783716171.193327
8700,6,benign,30173,window_07_17pct,0,1783716179.325448
8701,6,benign,29993,window_07_17pct,0,1783716192.791181
8702,6,benign,45353,window_resampled_20pct,0,1783716192.792175
8703,6,benign,29989,window_07_17pct,0,1783716192.792175
8704,6,benign,29998,window_07_17pct,0,1783716200.276644
8705,6,benign,30023,window_07_17pct,0,1783716200.646299
8706,6,benign,30024,window_07_17pct,0,1783716200.647513
8707,6,benign,30028,window_07_17pct,0,1783716200.647876
8708,6,benign,30001,window_07_17pct,0,1783716203.576152
8709,6,benign,30000,window_07_17pct,0,1783716203.576232
8710,6,benign,30005,window_07_17pct,0,1783716203.577009
8711,6,benign,30011,window_07_17pct,0,1783716216.292203
8712,6,benign,40535,window_resampled_15pct,0,1783716232.076266
8713,6,benign,30041,window_07_17pct,0,1783716232.076266
8714,6,benign,30250,window_07_17pct,0,1783716246.337388
8715,6,benign,30248,window_07_17pct,0,1783716246.338315
8716,6,benign,45361,window_resampled_20pct,0,1783716246.338315
8717,6,benign,30067,window_07_17pct,0,1783716255.349618
8718,6,benign,30072,window_07_17pct,0,1783716265.040844
8719,6,benign,40537,window_resampled_15pct,0,1783716280.485947
8720,6,benign,30100,window_07_17pct,0,1783716280.485947
8721,6,benign,30090,window_07_17pct,0,1783716280.616006
8722,6,benign,45367,window_resampled_20pct,0,1783716280.616006
8723,6,benign,30102,window_07_17pct,0,1783716280.770434
8724,6,benign,30105,window_07_17pct,0,1783716280.774909
8725,6,benign,30123,window_07_17pct,0,1783716295.393993
8726,6,benign,30111,window_07_17pct,0,1783716295.398242
8727,6,benign,30119,window_07_17pct,0,1783716299.633932
8728,6,benign,40545,window_resampled_15pct,0,1783716299.633932
8729,6,benign,30194,window_07_17pct,0,1783716302.016002
8730,6,benign,30136,window_07_17pct,0,1783716306.578636
8731,6,benign,30139,window_07_17pct,0,1783716306.579606
8732,6,benign,30140,window_07_17pct,0,1783716306.579955
8733,6,benign,30148,window_07_17pct,0,1783716307.695476
8734,6,benign,40546,window_resampled_15pct,0,1783716307.963048
8735,6,benign,30149,window_07_17pct,0,1783716307.963048
8736,6,benign,30195,window_07_17pct,0,1783716309.515109
8737,6,benign,30229,window_07_17pct,0,1783716320.768491
8738,6,benign,30228,window_07_17pct,0,1783716320.768627
8739,6,benign,40548,window_resampled_15pct,0,1783716320.769672
8740,6,benign,30230,window_07_17pct,0,1783716320.769672
8741,6,benign,30162,window_07_17pct,0,1783716323.528614
8742,6,benign,30161,window_07_17pct,0,1783716325.783017
8743,6,benign,30182,window_07_17pct,0,1783716338.240849
8744,6,benign,45377,window_resampled_20pct,0,1783716356.353873
8745,6,benign,30214,window_07_17pct,0,1783716356.353873
8746,6,benign,30213,window_07_17pct,0,1783716356.364466
8747,6,benign,30215,window_07_17pct,0,1783716356.364914
8748,6,benign,40553,window_resampled_15pct,0,1783716356.364914
8749,6,benign,30223,window_07_17pct,0,1783716358.306322
8750,6,benign,30208,window_07_17pct,0,1783716358.307298
8751,6,benign,30217,window_07_17pct,0,1783716358.353062
8752,6,benign,30357,window_07_17pct,0,1783716367.870976
8753,6,benign,30274,window_07_17pct,0,1783716367.908217
8754,6,benign,40557,window_resampled_15pct,0,1783716367.908217
8755,6,benign,30258,window_07_17pct,0,1783716373.088822
8756,6,benign,45388,window_resampled_20pct,0,1783716387.034155
8757,6,benign,30310,window_07_17pct,0,1783716387.034155
8758,6,benign,30271,window_07_17pct,0,1783716392.275845
8759,6,benign,45390,window_resampled_20pct,0,1783716392.275845
8760,6,benign,30330,window_07_17pct,0,1783716392.443865
8761,6,benign,40568,window_resampled_15pct,0,1783716392.443865
8762,6,benign,30336,window_07_17pct,0,1783716397.121804
8763,6,benign,30292,window_07_17pct,0,1783716399.071041
8764,6,benign,45391,window_resampled_20pct,0,1783716399.071041
8765,6,benign,30364,window_07_17pct,0,1783716399.071959
8766,6,benign,40569,window_resampled_15pct,0,1783716399.071959
8767,6,benign,30352,window_07_17pct,0,1783716402.967456
8768,6,benign,30347,window_07_17pct,0,1783716402.971255
8769,6,benign,30306,window_07_17pct,0,1783716427.267481
8770,6,benign,30333,window_07_17pct,0,1783716427.276039
8771,6,benign,30331,window_07_17pct,0,1783716427.279202
8772,6,benign,40571,window_resampled_15pct,0,1783716427.279877
8773,6,benign,30332,window_07_17pct,0,1783716427.279877
8774,6,benign,45393,window_resampled_20pct,0,1783716429.144677
8775,6,benign,30374,window_07_17pct,0,1783716429.144677
8776,6,benign,40572,window_resampled_15pct,0,1783716431.861078
8777,6,benign,30350,window_07_17pct,0,1783716431.861078
8778,6,benign,45396,window_resampled_20pct,0,1783716431.866302
8779,6,benign,30349,window_07_17pct,0,1783716431.866302
8780,6,benign,30313,window_07_17pct,0,1783716435.418685
8781,6,benign,30375,window_07_17pct,0,1783716448.153997
8782,6,benign,40576,window_resampled_15pct,0,1783716448.153997
8783,6,benign,30353,window_07_17pct,0,1783716466.342459
8784,6,benign,45399,window_resampled_20pct,0,1783716466.342459
8785,6,benign,30368,window_07_17pct,0,1783716542.737668
8786,6,benign,30369,window_07_17pct,0,1783716543.660746
8787,6,benign,30379,window_07_17pct,0,1783716543.662531
8788,6,benign,30381,window_07_17pct,0,1783716693.160925
8789,6,benign,45401,window_resampled_20pct,0,1783716693.160925
8790,6,benign,30383,window_07_17pct,0,1783716994.084794
8791,6,benign,30402,window_08_22pct,0,1783717142.435246
8792,6,benign,30444,window_08_22pct,0,1783717150.780983
8793,6,benign,40580,window_resampled_15pct,0,1783717150.780983
8794,6,benign,30409,window_08_22pct,0,1783717163.18808
8795,6,benign,30509,window_08_22pct,0,1783717175.319057
8796,6,benign,30512,window_08_22pct,0,1783717175.319256
8797,6,benign,30472,window_08_22pct,0,1783717188.647654
8798,6,benign,30469,window_08_22pct,0,1783717188.647883
8799,6,benign,30473,window_08_22pct,0,1783717188.648109
8800,6,benign,30385,window_08_22pct,0,1783717195.713335
8801,6,benign,30384,window_08_22pct,0,1783717195.713642
8802,6,benign,45406,window_resampled_20pct,0,1783717195.713642
8803,6,benign,30394,window_08_22pct,0,1783717197.127209
8804,6,benign,45407,window_resampled_20pct,0,1783717197.129331
8805,6,benign,30390,window_08_22pct,0,1783717197.129331
8806,6,benign,30423,window_08_22pct,0,1783717197.184366
8807,6,benign,30416,window_08_22pct,0,1783717212.818235
8808,6,benign,40586,window_resampled_15pct,0,1783717212.818235
8809,6,benign,45410,window_resampled_20pct,0,1783717218.954888
8810,6,benign,30541,window_08_22pct,0,1783717218.954888
8811,6,benign,30537,window_08_22pct,0,1783717218.956421
8812,6,benign,30441,window_08_22pct,0,1783717228.410085
8813,6,benign,40590,window_resampled_15pct,0,1783717228.410085
8814,6,benign,30534,window_08_22pct,0,1783717234.685656
8815,6,benign,30535,window_08_22pct,0,1783717234.68615
8816,6,benign,30504,window_08_22pct,0,1783717237.479956
8817,6,benign,45417,window_resampled_20pct,0,1783717238.862522
8818,6,benign,30481,window_08_22pct,0,1783717238.862522
8819,6,benign,30467,window_08_22pct,0,1783717240.296713
8820,6,benign,45419,window_resampled_20pct,0,1783717240.296713
8821,6,benign,30487,window_08_22pct,0,1783717250.90124
8822,6,benign,40597,window_resampled_15pct,0,1783717250.90124
8823,6,benign,40598,window_resampled_15pct,0,1783717250.903822
8824,6,benign,30485,window_08_22pct,0,1783717250.903822
8825,6,benign,40599,window_resampled_15pct,0,1783717250.904373
8826,6,benign,30486,window_08_22pct,0,1783717250.904373
8827,6,benign,30750,window_08_22pct,0,1783717254.542078
8828,6,benign,45427,window_resampled_20pct,0,1783717254.542078
8829,6,benign,30635,window_08_22pct,0,1783717257.761311
8830,6,benign,45428,window_resampled_20pct,0,1783717257.761311
8831,6,benign,30514,window_08_22pct,0,1783717263.149951
8832,6,benign,30553,window_08_22pct,0,1783717263.47265
8833,6,benign,30524,window_08_22pct,0,1783717263.926757
8834,6,benign,30526,window_08_22pct,0,1783717270.362845
8835,6,benign,30564,window_08_22pct,0,1783717270.510348
8836,6,benign,30829,window_08_22pct,0,1783717281.339073
8837,6,benign,30662,window_08_22pct,0,1783717282.152208
8838,6,benign,30659,window_08_22pct,0,1783717282.152378
8839,6,benign,30661,window_08_22pct,0,1783717282.154112
8840,6,benign,30658,window_08_22pct,0,1783717282.154231
8841,6,benign,30558,window_08_22pct,0,1783717284.08827
8842,6,benign,30557,window_08_22pct,0,1783717284.091494
8843,6,benign,30610,window_08_22pct,0,1783717284.424134
8844,6,benign,30569,window_08_22pct,0,1783717284.949565
8845,6,benign,30575,window_08_22pct,0,1783717296.751894
8846,6,benign,30588,window_08_22pct,0,1783717308.235879
8847,6,benign,40613,window_resampled_15pct,0,1783717308.238576
8848,6,benign,30587,window_08_22pct,0,1783717308.238576
8849,6,benign,30593,window_08_22pct,0,1783717311.899845
8850,6,benign,30592,window_08_22pct,0,1783717311.906333
8851,6,benign,45438,window_resampled_20pct,0,1783717311.906333
8852,6,benign,30699,window_08_22pct,0,1783717313.088259
8853,6,benign,30695,window_08_22pct,0,1783717313.09651
8854,6,benign,30697,window_08_22pct,0,1783717313.096731
8855,6,benign,30696,window_08_22pct,0,1783717313.096936
8856,6,benign,45440,window_resampled_20pct,0,1783717313.096936
8857,6,benign,30599,window_08_22pct,0,1783717318.586265
8858,6,benign,30948,window_08_22pct,0,1783717324.303705
8859,6,benign,30771,window_08_22pct,0,1783717324.880758
8860,6,benign,45445,window_resampled_20pct,0,1783717330.785052
8861,6,benign,30716,window_08_22pct,0,1783717330.785052
8862,6,benign,30718,window_08_22pct,0,1783717330.78534
8863,6,benign,30644,window_08_22pct,0,1783717337.427011
8864,6,benign,45450,window_resampled_20pct,0,1783717342.367951
8865,6,benign,30779,window_08_22pct,0,1783717342.367951
8866,6,benign,45451,window_resampled_20pct,0,1783717344.359313
8867,6,benign,30654,window_08_22pct,0,1783717344.359313
8868,6,benign,30787,window_08_22pct,0,1783717344.701217
8869,6,benign,40628,window_resampled_15pct,0,1783717344.701599
8870,6,benign,30784,window_08_22pct,0,1783717344.701599
8871,6,benign,30688,window_08_22pct,0,1783717345.071032
8872,6,benign,45453,window_resampled_20pct,0,1783717345.071032
8873,6,benign,30727,window_08_22pct,0,1783717355.763228
8874,6,benign,30700,window_08_22pct,0,1783717360.205028
8875,6,benign,40634,window_resampled_15pct,0,1783717360.205028
8876,6,benign,30914,window_08_22pct,0,1783717362.37279
8877,6,benign,30705,window_08_22pct,0,1783717363.683006
8878,6,benign,30707,window_08_22pct,0,1783717368.959293
8879,6,benign,40638,window_resampled_15pct,0,1783717368.959293
8880,6,benign,30723,window_08_22pct,0,1783717371.891309
8881,6,benign,45455,window_resampled_20pct,0,1783717371.891309
8882,6,benign,30720,window_08_22pct,0,1783717371.891472
8883,6,benign,30719,window_08_22pct,0,1783717371.8929
8884,6,benign,45456,window_resampled_20pct,0,1783717371.8929
8885,6,benign,30759,window_08_22pct,0,1783717372.022409
8886,6,benign,30889,window_08_22pct,0,1783717377.122772
8887,6,benign,30893,window_08_22pct,0,1783717377.131484
8888,6,benign,30791,window_08_22pct,0,1783717388.56295
8889,6,benign,30796,window_08_22pct,0,1783717402.548975
8890,6,benign,30861,window_08_22pct,0,1783717409.869255
8891,6,benign,30946,window_08_22pct,0,1783717411.814721
8892,6,benign,30811,window_08_22pct,0,1783717413.046847
8893,6,benign,30964,window_08_22pct,0,1783717414.370875
8894,6,benign,30835,window_08_22pct,0,1783717420.412845
8895,6,benign,30912,window_08_22pct,0,1783717438.852862
8896,6,benign,31198,window_08_22pct,0,1783717442.285442
8897,6,benign,30892,window_08_22pct,0,1783717446.132581
8898,6,benign,30875,window_08_22pct,0,1783717450.629877
8899,6,benign,30870,window_08_22pct,0,1783717450.630045
8900,6,benign,30872,window_08_22pct,0,1783717450.631527
8901,6,benign,30873,window_08_22pct,0,1783717450.63167
8902,6,benign,30867,window_08_22pct,0,1783717450.631776
8903,6,benign,40658,window_resampled_15pct,0,1783717450.631776
8904,6,benign,30868,window_08_22pct,0,1783717450.631882
8905,6,benign,30904,window_08_22pct,0,1783717450.709379
8906,6,benign,30877,window_08_22pct,0,1783717451.903227
8907,6,benign,30898,window_08_22pct,0,1783717456.612836
8908,6,benign,30969,window_08_22pct,0,1783717466.270848
8909,6,benign,30978,window_08_22pct,0,1783717472.864265
8910,6,benign,45478,window_resampled_20pct,0,1783717472.864265
8911,6,benign,30979,window_08_22pct,0,1783717472.864368
8912,6,benign,30923,window_08_22pct,0,1783717478.947829
8913,6,benign,45479,window_resampled_20pct,0,1783717478.949393
8914,6,benign,30922,window_08_22pct,0,1783717478.949393
8915,6,benign,45480,window_resampled_20pct,0,1783717478.949585
8916,6,benign,30925,window_08_22pct,0,1783717478.949585
8917,6,benign,30929,window_08_22pct,0,1783717486.836715
8918,6,benign,30939,window_08_22pct,0,1783717490.140117
8919,6,benign,31071,window_08_22pct,0,1783717492.978221
8920,6,benign,40667,window_resampled_15pct,0,1783717492.978221
8921,6,benign,30957,window_08_22pct,0,1783717495.751445
8922,6,benign,40669,window_resampled_15pct,0,1783717495.751445
8923,6,benign,31051,window_08_22pct,0,1783717496.686091
8924,6,benign,31060,window_08_22pct,0,1783717501.461879
8925,6,benign,40678,window_resampled_15pct,0,1783717533.304964
8926,6,benign,31023,window_08_22pct,0,1783717533.304964
8927,6,benign,31019,window_08_22pct,0,1783717533.305117
8928,6,benign,40679,window_resampled_15pct,0,1783717533.305117
8929,6,benign,45492,window_resampled_20pct,0,1783717542.297163
8930,6,benign,31011,window_08_22pct,0,1783717542.297163
8931,6,benign,31010,window_08_22pct,0,1783717542.298211
8932,6,benign,31009,window_08_22pct,0,1783717542.298407
8933,6,benign,40686,window_resampled_15pct,0,1783717542.327239
8934,6,benign,31017,window_08_22pct,0,1783717542.327239
8935,6,benign,31095,window_08_22pct,0,1783717545.595566
8936,6,benign,31032,window_08_22pct,0,1783717547.532671
8937,6,benign,45496,window_resampled_20pct,0,1783717547.532893
8938,6,benign,31033,window_08_22pct,0,1783717547.532893
8939,6,benign,31120,window_08_22pct,0,1783717571.814879
8940,6,benign,31116,window_08_22pct,0,1783717588.790234
8941,6,benign,31090,window_08_22pct,0,1783717593.060163
8942,6,benign,40695,window_resampled_15pct,0,1783717601.184981
8943,6,benign,31164,window_08_22pct,0,1783717601.184981
8944,6,benign,31163,window_08_22pct,0,1783717601.195148
8945,6,benign,31197,window_08_22pct,0,1783717617.108678
8946,6,benign,31135,window_08_22pct,0,1783717625.142373
8947,6,benign,31134,window_08_22pct,0,1783717625.142739
8948,6,benign,40701,window_resampled_15pct,0,1783717626.340244
8949,6,benign,31333,window_08_22pct,0,1783717626.340244
8950,6,benign,31337,window_08_22pct,0,1783717626.343282
8951,6,benign,31181,window_08_22pct,0,1783717630.429932
8952,6,benign,31156,window_08_22pct,0,1783717630.971713
8953,6,benign,45510,window_resampled_20pct,0,1783717630.971713
8954,6,benign,31154,window_08_22pct,0,1783717630.992447
8955,6,benign,31153,window_08_22pct,0,1783717630.994185
8956,6,benign,31152,window_08_22pct,0,1783717630.994308
8957,6,benign,31159,window_08_22pct,0,1783717635.666939
8958,6,benign,45512,window_resampled_20pct,0,1783717635.669368
8959,6,benign,31158,window_08_22pct,0,1783717635.669368
8960,6,benign,31157,window_08_22pct,0,1783717635.669572
8961,6,benign,40708,window_resampled_15pct,0,1783717635.669572
8962,6,benign,31226,window_08_22pct,0,1783717643.023426
8963,6,benign,31208,window_08_22pct,0,1783717659.043613
8964,6,benign,31205,window_08_22pct,0,1783717659.04612
8965,6,benign,31214,window_08_22pct,0,1783717660.06007
8966,6,benign,45516,window_resampled_20pct,0,1783717660.06007
8967,6,benign,31283,window_08_22pct,0,1783717665.363399
8968,6,benign,31243,window_08_22pct,0,1783717688.742964
8969,6,benign,31271,window_08_22pct,0,1783717701.866514
8970,6,benign,31264,window_08_22pct,0,1783717706.964354
8971,6,benign,31261,window_08_22pct,0,1783717706.966645
8972,6,benign,45526,window_resampled_20pct,0,1783717706.966645
8973,6,benign,31351,window_08_22pct,0,1783717709.675401
8974,6,benign,31355,window_08_22pct,0,1783717709.690287
8975,6,benign,31366,window_08_22pct,0,1783717710.497353
8976,6,benign,45529,window_resampled_20pct,0,1783717710.497353
8977,6,benign,40720,window_resampled_15pct,0,1783717728.297022
8978,6,benign,31291,window_08_22pct,0,1783717728.297022
8979,6,benign,40724,window_resampled_15pct,0,1783717742.934655
8980,6,benign,31317,window_08_22pct,0,1783717742.934655
8981,6,benign,31343,window_08_22pct,0,1783717743.514335
8982,6,benign,45533,window_resampled_20pct,0,1783717743.514335
8983,6,benign,40730,window_resampled_15pct,0,1783717747.052184
8984,6,benign,31326,window_08_22pct,0,1783717747.052184
8985,6,benign,31379,window_08_22pct,0,1783717749.962043
8986,6,benign,45535,window_resampled_20pct,0,1783717749.962043
8987,6,benign,31409,window_08_22pct,0,1783717759.79074
8988,6,benign,40732,window_resampled_15pct,0,1783717759.79074
8989,6,benign,31346,window_08_22pct,0,1783717770.461973
8990,6,benign,31358,window_08_22pct,0,1783717776.139447
8991,6,benign,45540,window_resampled_20pct,0,1783717776.139447
8992,6,benign,31362,window_08_22pct,0,1783717776.160811
8993,6,benign,40734,window_resampled_15pct,0,1783717776.160811
8994,6,benign,31360,window_08_22pct,0,1783717776.162582
8995,6,benign,31471,window_08_22pct,0,1783717782.680555
8996,6,benign,45545,window_resampled_20pct,0,1783717794.006266
8997,6,benign,31381,window_08_22pct,0,1783717794.006266
8998,6,benign,31382,window_08_22pct,0,1783717794.012654
8999,6,benign,31624,window_08_22pct,0,1783717805.156933
9000,6,benign,31419,window_08_22pct,0,1783717812.135083
9001,6,benign,31449,window_08_22pct,0,1783717812.861265
9002,6,benign,31450,window_08_22pct,0,1783717817.752296
9003,6,benign,31451,window_08_22pct,0,1783717817.753028
9004,6,benign,40746,window_resampled_15pct,0,1783717817.753028
9005,6,benign,40749,window_resampled_15pct,0,1783717823.216191
9006,6,benign,31422,window_08_22pct,0,1783717823.216191
9007,6,benign,31460,window_08_22pct,0,1783717823.310747
9008,6,benign,31627,window_08_22pct,0,1783717827.651157
9009,6,benign,31430,window_08_22pct,0,1783717828.942946
9010,6,benign,31426,window_08_22pct,0,1783717828.944633
9011,6,benign,31575,window_08_22pct,0,1783717831.841551
9012,6,benign,31442,window_08_22pct,0,1783717833.34804
9013,6,benign,31438,window_08_22pct,0,1783717833.34939
9014,6,benign,31440,window_08_22pct,0,1783717833.349578
9015,6,benign,31445,window_08_22pct,0,1783717835.654108
9016,6,benign,31447,window_08_22pct,0,1783717835.654257
9017,6,benign,45555,window_resampled_20pct,0,1783717835.654257
9018,6,benign,31626,window_08_22pct,0,1783717864.526602
9019,6,benign,40756,window_resampled_15pct,0,1783717864.527578
9020,6,benign,31625,window_08_22pct,0,1783717864.527578
9021,6,benign,31481,window_08_22pct,0,1783717866.215463
9022,6,benign,45558,window_resampled_20pct,0,1783717866.215463
9023,6,benign,45560,window_resampled_20pct,0,1783717874.375346
9024,6,benign,31631,window_08_22pct,0,1783717874.375346
9025,6,benign,31508,window_08_22pct,0,1783717875.44169
9026,6,benign,40759,window_resampled_15pct,0,1783717875.44169
9027,6,benign,31603,window_08_22pct,0,1783717877.368134
9028,6,benign,31602,window_08_22pct,0,1783717877.36861
9029,6,benign,31513,window_08_22pct,0,1783717882.096669
9030,6,benign,31519,window_08_22pct,0,1783717882.300588
9031,6,benign,31523,window_08_22pct,0,1783717886.962553
9032,6,benign,45564,window_resampled_20pct,0,1783717895.008754
9033,6,benign,31664,window_08_22pct,0,1783717895.008754
9034,6,benign,40764,window_resampled_15pct,0,1783717900.543425
9035,6,benign,31539,window_08_22pct,0,1783717900.543425
9036,6,benign,31544,window_08_22pct,0,1783717900.567646
9037,6,benign,40765,window_resampled_15pct,0,1783717900.569208
9038,6,benign,31540,window_08_22pct,0,1783717900.569208
9039,6,benign,40766,window_resampled_15pct,0,1783717900.569428
9040,6,benign,31541,window_08_22pct,0,1783717900.569428
9041,6,benign,31557,window_08_22pct,0,1783717905.038029
9042,6,benign,31680,window_08_22pct,0,1783717907.309114
9043,6,benign,31586,window_08_22pct,0,1783717926.298255
9044,6,benign,31584,window_08_22pct,0,1783717926.298461
9045,6,benign,40771,window_resampled_15pct,0,1783717926.298461
9046,6,benign,31582,window_08_22pct,0,1783717926.299949
9047,6,benign,45568,window_resampled_20pct,0,1783717926.300397
9048,6,benign,31583,window_08_22pct,0,1783717926.300397
9049,6,benign,31638,window_08_22pct,0,1783717930.417601
9050,6,benign,31639,window_08_22pct,0,1783717930.422447
9051,6,benign,31697,window_08_22pct,0,1783717943.457022
9052,6,benign,40778,window_resampled_15pct,0,1783717943.457022
9053,6,benign,31715,window_08_22pct,0,1783717962.088958
9054,6,benign,45573,window_resampled_20pct,0,1783717962.088958
9055,6,benign,31642,window_08_22pct,0,1783717970.778511
9056,6,benign,31719,window_08_22pct,0,1783717978.110483
9057,6,benign,45575,window_resampled_20pct,0,1783717978.110483
9058,6,benign,31730,window_08_22pct,0,1783717979.157014
9059,6,benign,45576,window_resampled_20pct,0,1783717979.157014
9060,6,benign,31727,window_08_22pct,0,1783717979.163311
9061,6,benign,31807,window_08_22pct,0,1783717992.95761
9062,6,benign,31689,window_08_22pct,0,1783718012.458771
9063,6,benign,45583,window_resampled_20pct,0,1783718012.458771
9064,6,benign,31688,window_08_22pct,0,1783718012.460907
9065,6,benign,32308,window_08_22pct,0,1783718023.343614
9066,6,benign,31700,window_08_22pct,0,1783718025.602904
9067,6,benign,31751,window_08_22pct,0,1783718026.072041
9068,6,benign,31785,window_08_22pct,0,1783718026.288334
9069,6,benign,31721,window_08_22pct,0,1783718028.23097
9070,6,benign,45588,window_resampled_20pct,0,1783718028.23097
9071,6,benign,45589,window_resampled_20pct,0,1783718028.252967
9072,6,benign,31723,window_08_22pct,0,1783718028.252967
9073,6,benign,31733,window_08_22pct,0,1783718033.103499
9074,6,benign,40790,window_resampled_15pct,0,1783718046.444962
9075,6,benign,31749,window_08_22pct,0,1783718046.444962
9076,6,benign,31750,window_08_22pct,0,1783718046.445166
9077,6,benign,45592,window_resampled_20pct,0,1783718046.445166
9078,6,benign,40793,window_resampled_15pct,0,1783718051.880047
9079,6,benign,31825,window_08_22pct,0,1783718051.880047
9080,6,benign,31823,window_08_22pct,0,1783718051.88088
9081,6,benign,32102,window_08_22pct,0,1783718054.42878
9082,6,benign,40795,window_resampled_15pct,0,1783718061.272116
9083,6,benign,31755,window_08_22pct,0,1783718061.272116
9084,6,benign,40796,window_resampled_15pct,0,1783718061.273126
9085,6,benign,31754,window_08_22pct,0,1783718061.273126
9086,6,benign,32099,window_08_22pct,0,1783718061.843987
9087,6,benign,32100,window_08_22pct,0,1783718061.844116
9088,6,benign,40797,window_resampled_15pct,0,1783718061.844116
9089,6,benign,32103,window_08_22pct,0,1783718061.845297
9090,6,benign,32101,window_08_22pct,0,1783718061.846044
9091,6,benign,36662,window_08_22pct,0,1783718065.612385
9092,6,benign,32264,window_08_22pct,0,1783718074.704294
9093,6,benign,31792,window_08_22pct,0,1783718079.693631
9094,6,benign,45598,window_resampled_20pct,0,1783718079.708606
9095,6,benign,31791,window_08_22pct,0,1783718079.708606
9096,6,benign,40799,window_resampled_15pct,0,1783718079.709534
9097,6,benign,31788,window_08_22pct,0,1783718079.709534
9098,6,benign,32562,window_08_22pct,0,1783718107.342197
9099,6,benign,32561,window_08_22pct,0,1783718107.346967
9100,6,benign,40801,window_resampled_15pct,0,1783718107.346967
9101,6,benign,31852,window_08_22pct,0,1783718108.581857
9102,6,benign,31850,window_08_22pct,0,1783718108.584115
9103,6,benign,31849,window_08_22pct,0,1783718108.584276
9104,6,benign,32660,window_08_22pct,0,1783718113.119759
9105,6,benign,45605,window_resampled_20pct,0,1783718113.119759
9106,6,benign,31856,window_08_22pct,0,1783718121.95922
9107,6,benign,31855,window_08_22pct,0,1783718121.961831
9108,6,benign,32625,window_08_22pct,0,1783718124.830295
9109,6,benign,32591,window_08_22pct,0,1783718126.364232
9110,6,benign,40807,window_resampled_15pct,0,1783718126.365316
9111,6,benign,32587,window_08_22pct,0,1783718126.365316
9112,6,benign,32550,window_08_22pct,0,1783718131.941944
9113,6,benign,32548,window_08_22pct,0,1783718131.943123
9114,6,benign,32551,window_08_22pct,0,1783718131.945359
9115,6,benign,45785,window_resampled_20pct,0,1783718131.945359
9116,6,benign,32270,window_08_22pct,0,1783718132.878592
9117,6,benign,45787,window_resampled_20pct,0,1783718135.720187
9118,6,benign,32262,window_08_22pct,0,1783718135.720187
9119,6,benign,32259,window_08_22pct,0,1783718135.721451
9120,6,benign,40935,window_resampled_15pct,0,1783718135.833672
9121,6,benign,32294,window_08_22pct,0,1783718135.833672
9122,6,benign,32284,window_08_22pct,0,1783718147.6548
9123,6,benign,32296,window_08_22pct,0,1783718149.190813
9124,6,benign,32295,window_08_22pct,0,1783718149.192201
9125,6,benign,45790,window_resampled_20pct,0,1783718149.233536
9126,6,benign,32523,window_08_22pct,0,1783718149.233536
9127,6,benign,32305,window_08_22pct,0,1783718153.063668
9128,6,benign,45792,window_resampled_20pct,0,1783718153.063668
9129,6,benign,32303,window_08_22pct,0,1783718153.064035
9130,6,benign,40939,window_resampled_15pct,0,1783718153.065168
9131,6,benign,32301,window_08_22pct,0,1783718153.065168
9132,6,benign,32302,window_08_22pct,0,1783718153.065339
9133,6,benign,32608,window_08_22pct,0,1783718153.503028
9134,6,benign,32566,window_08_22pct,0,1783718154.411259
9135,6,benign,32569,window_08_22pct,0,1783718154.416716
9136,6,benign,32313,window_08_22pct,0,1783718155.061759
9137,6,benign,32311,window_08_22pct,0,1783718155.067592
9138,6,benign,32312,window_08_22pct,0,1783718155.067758
9139,6,benign,32531,window_08_22pct,0,1783718156.298039
9140,6,benign,32318,window_08_22pct,0,1783718158.462189
9141,6,benign,45794,window_resampled_20pct,0,1783718158.46728
9142,6,benign,32316,window_08_22pct,0,1783718158.46728
9143,6,benign,32317,window_08_22pct,0,1783718158.46937
9144,6,benign,32322,window_08_22pct,0,1783718158.545185
9145,6,benign,32601,window_08_22pct,0,1783718159.183176
9146,6,benign,40944,window_resampled_15pct,0,1783718159.184574
9147,6,benign,32603,window_08_22pct,0,1783718159.184574
9148,6,benign,32576,window_08_22pct,0,1783718165.18975
9149,6,benign,32543,window_08_22pct,0,1783718185.669243
9150,6,benign,32541,window_08_22pct,0,1783718185.669506
9151,6,benign,32539,window_08_22pct,0,1783718185.671336
9152,6,benign,40948,window_resampled_15pct,0,1783718185.671336
9153,6,benign,40949,window_resampled_15pct,0,1783718203.037607
9154,6,benign,32572,window_08_22pct,0,1783718203.037607
9155,6,benign,32703,window_08_22pct,0,1783718220.732172
9156,6,benign,32700,window_08_22pct,0,1783718220.733135
9157,6,benign,32701,window_08_22pct,0,1783718220.733275
9158,6,benign,32616,window_08_22pct,0,1783718222.115359
9159,6,benign,32638,window_08_22pct,0,1783718222.192534
9160,6,benign,32709,window_08_22pct,0,1783718225.064226
9161,6,benign,45807,window_resampled_20pct,0,1783718225.064226
9162,6,benign,32869,window_08_22pct,0,1783718227.141939
9163,6,benign,32655,window_08_22pct,0,1783718239.002677
9164,6,benign,32653,window_08_22pct,0,1783718239.003301
9165,6,benign,40959,window_resampled_15pct,0,1783718239.003301
9166,6,benign,32671,window_08_22pct,0,1783718247.657216
9167,6,benign,32667,window_08_22pct,0,1783718247.678765
9168,6,benign,32668,window_08_22pct,0,1783718247.67888
9169,6,benign,32666,window_08_22pct,0,1783718247.678976
9170,6,benign,32676,window_08_22pct,0,1783718247.736176
9171,6,benign,32871,window_08_22pct,0,1783718248.194956
9172,6,benign,32679,window_08_22pct,0,1783718258.652467
9173,6,benign,40964,window_resampled_15pct,0,1783718258.652467
9174,6,benign,32693,window_08_22pct,0,1783718266.54975
9175,6,benign,32691,window_08_22pct,0,1783718266.551179
9176,6,benign,32739,window_08_22pct,0,1783718276.124099
9177,6,benign,32737,window_08_22pct,0,1783718276.124957
9178,6,benign,32716,window_08_22pct,0,1783718277.225652
9179,6,benign,45823,window_resampled_20pct,0,1783718278.318989
9180,6,benign,32727,window_08_22pct,0,1783718278.318989
9181,6,benign,32728,window_08_22pct,0,1783718278.319249
9182,6,benign,32855,window_08_22pct,0,1783718285.981133
9183,6,benign,32858,window_08_22pct,0,1783718285.983338
9184,6,benign,32936,window_08_22pct,0,1783718289.770932
9185,6,benign,32934,window_08_22pct,0,1783718289.776758
9186,6,benign,32831,window_08_22pct,0,1783718289.776882
9187,6,benign,32744,window_08_22pct,0,1783718290.594192
9188,6,benign,32742,window_08_22pct,0,1783718290.596077
9189,6,benign,32807,window_08_22pct,0,1783718292.687427
9190,6,benign,32786,window_08_22pct,0,1783718295.202808
9191,6,benign,45827,window_resampled_20pct,0,1783718295.202808
9192,6,benign,40974,window_resampled_15pct,0,1783718296.10556
9193,6,benign,32748,window_08_22pct,0,1783718296.10556
9194,6,benign,40977,window_resampled_15pct,0,1783718306.695194
9195,6,benign,32776,window_08_22pct,0,1783718306.695194
9196,6,benign,32780,window_08_22pct,0,1783718306.698157
9197,6,benign,32768,window_08_22pct,0,1783718311.617056
9198,6,benign,45832,window_resampled_20pct,0,1783718311.617056
9199,6,benign,32774,window_08_22pct,0,1783718316.863889
9200,6,benign,32771,window_08_22pct,0,1783718316.865584
9201,6,benign,45833,window_resampled_20pct,0,1783718316.865584
9202,6,benign,32772,window_08_22pct,0,1783718316.865774
9203,6,benign,32791,window_08_22pct,0,1783718322.1825
9204,6,benign,32793,window_08_22pct,0,1783718322.203927
9205,6,benign,32845,window_08_22pct,0,1783718326.407011
9206,6,benign,32804,window_08_22pct,0,1783718331.033832
9207,6,benign,32800,window_08_22pct,0,1783718336.09686
9208,6,benign,32826,window_08_22pct,0,1783718342.729082
9209,6,benign,32827,window_08_22pct,0,1783718342.742337
9210,6,benign,32836,window_08_22pct,0,1783718353.225005
9211,6,benign,40982,window_resampled_15pct,0,1783718353.225005
9212,6,benign,32833,window_08_22pct,0,1783718353.226687
9213,6,benign,32854,window_08_22pct,0,1783718358.75649
9214,6,benign,32852,window_08_22pct,0,1783718358.756873
9215,6,benign,45843,window_resampled_20pct,0,1783718358.756873
9216,6,benign,32850,window_08_22pct,0,1783718358.760009
9217,6,benign,32955,window_08_22pct,0,1783718359.249831
9218,6,benign,32862,window_08_22pct,0,1783718359.687784
9219,6,benign,33041,window_08_22pct,0,1783718363.247003
9220,6,benign,33038,window_08_22pct,0,1783718363.252945
9221,6,benign,32896,window_08_22pct,0,1783718366.240093
9222,6,benign,32881,window_08_22pct,0,1783718366.657171
9223,6,benign,32892,window_08_22pct,0,1783718369.887612
9224,6,benign,40989,window_resampled_15pct,0,1783718369.887612
9225,6,benign,32901,window_08_22pct,0,1783718380.252291
9226,6,benign,33025,window_08_22pct,0,1783718382.255129
9227,6,benign,33052,window_08_22pct,0,1783718382.256336
9228,6,benign,40995,window_resampled_15pct,0,1783718382.256336
9229,6,benign,32986,window_08_22pct,0,1783718385.720765
9230,6,benign,32906,window_08_22pct,0,1783718386.084739
9231,6,benign,32922,window_08_22pct,0,1783718390.10972
9232,6,benign,32924,window_08_22pct,0,1783718390.113502
9233,6,benign,40998,window_resampled_15pct,0,1783718390.113502
9234,6,benign,32918,window_08_22pct,0,1783718396.304197
9235,6,benign,33003,window_08_22pct,0,1783718399.207861
9236,6,benign,32927,window_08_22pct,0,1783718403.521798
9237,6,benign,32976,window_08_22pct,0,1783718409.207371
9238,6,benign,41003,window_resampled_15pct,0,1783718409.213839
9239,6,benign,32973,window_08_22pct,0,1783718409.213839
9240,6,benign,32940,window_08_22pct,0,1783718415.126037
9241,6,benign,32938,window_08_22pct,0,1783718415.12738
9242,6,benign,33000,window_08_22pct,0,1783718423.519084
9243,6,benign,41006,window_resampled_15pct,0,1783718423.519084
9244,6,benign,33037,window_08_22pct,0,1783718424.258557
9245,6,benign,32960,window_08_22pct,0,1783718424.431279
9246,6,benign,32958,window_08_22pct,0,1783718424.431491
9247,6,benign,32956,window_08_22pct,0,1783718424.433492
9248,6,benign,33060,window_08_22pct,0,1783718431.950663
9249,6,benign,41009,window_resampled_15pct,0,1783718431.950663
9250,6,benign,32983,window_08_22pct,0,1783718432.435198
9251,6,benign,33018,window_08_22pct,0,1783718436.238487
9252,6,benign,45857,window_resampled_20pct,0,1783718441.662992
9253,6,benign,33145,window_08_22pct,0,1783718441.662992
9254,6,benign,33014,window_08_22pct,0,1783718464.49987
9255,6,benign,33028,window_08_22pct,0,1783718473.557291
9256,6,benign,33043,window_08_22pct,0,1783718473.875078
9257,6,benign,33167,window_08_22pct,0,1783718474.711345
9258,6,benign,33162,window_08_22pct,0,1783718474.715786
9259,6,benign,41016,window_resampled_15pct,0,1783718474.715786
9260,6,benign,33163,window_08_22pct,0,1783718474.71586
9261,6,benign,33166,window_08_22pct,0,1783718474.71709
9262,6,benign,33165,window_08_22pct,0,1783718474.717547
9263,6,benign,33074,window_08_22pct,0,1783718495.563311
9264,6,benign,41019,window_resampled_15pct,0,1783718495.564662
9265,6,benign,33073,window_08_22pct,0,1783718495.564662
9266,6,benign,45869,window_resampled_20pct,0,1783718496.948343
9267,6,benign,33081,window_08_22pct,0,1783718496.948343
9268,6,benign,33082,window_08_22pct,0,1783718496.950584
9269,6,benign,33134,window_08_22pct,0,1783718502.643481
9270,6,benign,33133,window_08_22pct,0,1783718502.644353
9271,6,benign,33086,window_08_22pct,0,1783718516.945841
9272,6,benign,33093,window_08_22pct,0,1783718523.72525
9273,6,benign,33110,window_08_22pct,0,1783718533.289743
9274,6,benign,33268,window_08_22pct,0,1783718549.394954
9275,6,benign,33158,window_08_22pct,0,1783718550.958812
9276,6,benign,33233,window_08_22pct,0,1783718554.992367
9277,6,benign,33172,window_08_22pct,0,1783718556.809727
9278,6,benign,45887,window_resampled_20pct,0,1783718556.828174
9279,6,benign,33171,window_08_22pct,0,1783718556.828174
9280,6,benign,33173,window_08_22pct,0,1783718556.828434
9281,6,benign,45888,window_resampled_20pct,0,1783718556.828434
9282,6,benign,33168,window_08_22pct,0,1783718556.828785
9283,6,benign,41036,window_resampled_15pct,0,1783718556.828785
9284,6,benign,33303,window_08_22pct,0,1783718590.613267
9285,6,benign,33299,window_08_22pct,0,1783718590.615174
9286,6,benign,33320,window_08_22pct,0,1783718593.063063
9287,6,benign,33318,window_08_22pct,0,1783718593.077697
9288,6,benign,33232,window_08_22pct,0,1783718600.343293
9289,6,benign,33243,window_08_22pct,0,1783718608.575868
9290,6,benign,33276,window_08_22pct,0,1783718611.748812
9291,6,benign,33277,window_08_22pct,0,1783718611.749005
9292,6,benign,41043,window_resampled_15pct,0,1783718611.749005
9293,6,benign,33221,window_08_22pct,0,1783718614.881476
9294,6,benign,33217,window_08_22pct,0,1783718614.882781
9295,6,benign,33220,window_08_22pct,0,1783718614.883175
9296,6,benign,33223,window_08_22pct,0,1783718616.102352
9297,6,benign,41045,window_resampled_15pct,0,1783718616.102352
9298,6,benign,33252,window_08_22pct,0,1783718616.295382
9299,6,benign,45895,window_resampled_20pct,0,1783718616.298957
9300,6,benign,33255,window_08_22pct,0,1783718616.298957
9301,6,benign,33257,window_08_22pct,0,1783718616.299097
9302,6,benign,33254,window_08_22pct,0,1783718616.3
9303,6,benign,33256,window_08_22pct,0,1783718616.300302
9304,6,benign,45896,window_resampled_20pct,0,1783718616.300302
9305,6,benign,33253,window_08_22pct,0,1783718616.300527
9306,6,benign,45898,window_resampled_20pct,0,1783718616.61974
9307,6,benign,33236,window_08_22pct,0,1783718616.61974
9308,6,benign,41048,window_resampled_15pct,0,1783718616.62012
9309,6,benign,33235,window_08_22pct,0,1783718616.62012
9310,6,benign,33251,window_08_22pct,0,1783718622.184887
9311,6,benign,33248,window_08_22pct,0,1783718622.185
9312,6,benign,41050,window_resampled_15pct,0,1783718622.186299
9313,6,benign,33247,window_08_22pct,0,1783718622.186299
9314,6,benign,33289,window_08_22pct,0,1783718622.289454
9315,6,benign,41051,window_resampled_15pct,0,1783718624.65616
9316,6,benign,33359,window_08_22pct,0,1783718624.65616
9317,6,benign,33361,window_08_22pct,0,1783718624.656465
9318,6,benign,33293,window_08_22pct,0,1783718635.021365
9319,6,benign,45904,window_resampled_20pct,0,1783718637.061986
9320,6,benign,33297,window_08_22pct,0,1783718637.061986
9321,6,benign,33503,window_08_22pct,0,1783718639.277015
9322,6,benign,33500,window_08_22pct,0,1783718639.277909
9323,6,benign,33534,window_08_22pct,0,1783718651.112306
9324,6,benign,33336,window_08_22pct,0,1783718656.271339
9325,6,benign,41056,window_resampled_15pct,0,1783718660.815125
9326,6,benign,33395,window_08_22pct,0,1783718660.815125
9327,6,benign,33343,window_08_22pct,0,1783718675.057637
9328,6,benign,41060,window_resampled_15pct,0,1783718675.057637
9329,6,benign,33344,window_08_22pct,0,1783718675.059179
9330,6,benign,33357,window_08_22pct,0,1783718677.713228
9331,6,benign,41063,window_resampled_15pct,0,1783718677.713228
9332,6,benign,33402,window_08_22pct,0,1783718685.031203
9333,6,benign,33399,window_08_22pct,0,1783718685.042675
9334,6,benign,33372,window_08_22pct,0,1783718686.00369
9335,6,benign,33367,window_08_22pct,0,1783718686.005282
9336,6,benign,33368,window_08_22pct,0,1783718686.005756
9337,6,benign,33385,window_08_22pct,0,1783718686.080486
9338,6,benign,33390,window_08_22pct,0,1783718686.200753
9339,6,benign,41065,window_resampled_15pct,0,1783718686.201023
9340,6,benign,33389,window_08_22pct,0,1783718686.201023
9341,6,benign,33623,window_08_22pct,0,1783718693.737791
9342,6,benign,33408,window_08_22pct,0,1783718701.638769
9343,6,benign,33404,window_08_22pct,0,1783718701.640448
9344,6,benign,41066,window_resampled_15pct,0,1783718701.640506
9345,6,benign,33406,window_08_22pct,0,1783718701.640506
9346,6,benign,33446,window_08_22pct,0,1783718708.977873
9347,6,benign,33412,window_08_22pct,0,1783718714.519836
9348,6,benign,45918,window_resampled_20pct,0,1783718714.522183
9349,6,benign,33410,window_08_22pct,0,1783718714.522183
9350,6,benign,41069,window_resampled_15pct,0,1783718717.286489
9351,6,benign,33424,window_08_22pct,0,1783718717.286489
9352,6,benign,33422,window_08_22pct,0,1783718723.446468
9353,6,benign,33417,window_08_22pct,0,1783718723.47866
9354,6,benign,33421,window_08_22pct,0,1783718723.479401
9355,6,benign,33468,window_08_22pct,0,1783718748.082416
9356,6,benign,33467,window_08_22pct,0,1783718748.082646
9357,6,benign,41071,window_resampled_15pct,0,1783718754.324191
9358,6,benign,33556,window_08_22pct,0,1783718754.324191
9359,6,benign,33450,window_08_22pct,0,1783718756.250578
9360,6,benign,33449,window_08_22pct,0,1783718756.252185
9361,6,benign,45923,window_resampled_20pct,0,1783718756.252185
9362,6,benign,33592,window_08_22pct,0,1783718765.60835
9363,6,benign,41074,window_resampled_15pct,0,1783718765.60835
9364,6,benign,33481,window_08_22pct,0,1783718776.640417
9365,6,benign,41076,window_resampled_15pct,0,1783718776.640417
9366,6,benign,33477,window_08_22pct,0,1783718776.642368
9367,6,benign,36663,window_08_22pct,0,1783718779.696376
9368,6,benign,45927,window_resampled_20pct,0,1783718779.696376
9369,6,benign,33492,window_08_22pct,0,1783718781.675954
9370,6,benign,33489,window_08_22pct,0,1783718781.677404
9371,6,benign,45928,window_resampled_20pct,0,1783718781.677404
9372,6,benign,33491,window_08_22pct,0,1783718781.6775
9373,6,benign,33517,window_08_22pct,0,1783718782.721487
9374,6,benign,45930,window_resampled_20pct,0,1783718782.721487
9375,6,benign,33590,window_08_22pct,0,1783718782.800502
9376,6,benign,33585,window_08_22pct,0,1783718782.800538
9377,6,benign,33618,window_08_22pct,0,1783718788.921379
9378,6,benign,41082,window_resampled_15pct,0,1783718788.921379
9379,6,benign,33599,window_08_22pct,0,1783718802.693011
9380,6,benign,41084,window_resampled_15pct,0,1783718802.693011
9381,6,benign,33600,window_08_22pct,0,1783718802.694892
9382,6,benign,33546,window_08_22pct,0,1783718804.213376
9383,6,benign,41087,window_resampled_15pct,0,1783718804.213376
9384,6,benign,41088,window_resampled_15pct,0,1783718806.366647
9385,6,benign,33563,window_08_22pct,0,1783718806.366647
9386,6,benign,33566,window_08_22pct,0,1783718806.36788
9387,6,benign,33651,window_08_22pct,0,1783718816.337655
9388,6,benign,33540,window_08_22pct,0,1783718818.116133
9389,6,benign,41089,window_resampled_15pct,0,1783718818.116133
9390,6,benign,33552,window_08_22pct,0,1783718818.918019
9391,6,benign,33577,window_08_22pct,0,1783718833.760854
9392,6,benign,33579,window_08_22pct,0,1783718837.170241
9393,6,benign,33583,window_08_22pct,0,1783718837.195456
9394,6,benign,33747,window_08_22pct,0,1783718845.672765
9395,6,benign,33738,window_08_22pct,0,1783718846.696749
9396,6,benign,33609,window_08_22pct,0,1783718851.339322
9397,6,benign,33611,window_08_22pct,0,1783718851.339567
9398,6,benign,45951,window_resampled_20pct,0,1783718851.339567
9399,6,benign,33868,window_08_22pct,0,1783718856.401715
9400,6,benign,41098,window_resampled_15pct,0,1783718856.401715
9401,6,benign,33631,window_08_22pct,0,1783718859.397341
9402,6,benign,33628,window_08_22pct,0,1783718859.397518
9403,6,benign,33627,window_08_22pct,0,1783718859.39955
9404,6,benign,33630,window_08_22pct,0,1783718859.399668
9405,6,benign,33678,window_08_22pct,0,1783718859.55133
9406,6,benign,33677,window_08_22pct,0,1783718859.552883
9407,6,benign,33635,window_08_22pct,0,1783718860.014348
9408,6,benign,33646,window_08_22pct,0,1783718865.608577
9409,6,benign,33644,window_08_22pct,0,1783718865.722899
9410,6,benign,33639,window_08_22pct,0,1783718865.724056
9411,6,benign,33672,window_08_22pct,0,1783718872.677558
9412,6,benign,33707,window_08_22pct,0,1783718873.529699
9413,6,benign,33705,window_08_22pct,0,1783718873.53074
9414,6,benign,33684,window_08_22pct,0,1783718879.893402
9415,6,benign,33696,window_08_22pct,0,1783718880.436655
9416,6,benign,33764,window_08_22pct,0,1783718881.571601
9417,6,benign,41110,window_resampled_15pct,0,1783718881.571601
9418,6,benign,33762,window_08_22pct,0,1783718881.58536
9419,6,benign,33763,window_08_22pct,0,1783718881.586429
9420,6,benign,45957,window_resampled_20pct,0,1783718883.429207
9421,6,benign,33877,window_08_22pct,0,1783718883.429207
9422,6,benign,41113,window_resampled_15pct,0,1783718883.430489
9423,6,benign,33880,window_08_22pct,0,1783718883.430489
9424,6,benign,33731,window_08_22pct,0,1783718886.740023
9425,6,benign,45959,window_resampled_20pct,0,1783718886.740023
9426,6,benign,45960,window_resampled_20pct,0,1783718886.741037
9427,6,benign,33729,window_08_22pct,0,1783718886.741037
9428,6,benign,33841,window_08_22pct,0,1783718904.671846
9429,6,benign,33843,window_08_22pct,0,1783718904.672643
9430,6,benign,41118,window_resampled_15pct,0,1783718904.672643
9431,6,benign,33844,window_08_22pct,0,1783718904.673355
9432,6,benign,45965,window_resampled_20pct,0,1783718909.336397
9433,6,benign,33802,window_08_22pct,0,1783718909.336397
9434,6,benign,33803,window_08_22pct,0,1783718909.345091
9435,6,benign,33823,window_08_22pct,0,1783718912.74461
9436,6,benign,33818,window_08_22pct,0,1783718912.744656
9437,6,benign,45967,window_resampled_20pct,0,1783718912.744656
9438,6,benign,34007,window_08_22pct,0,1783718925.025206
9439,6,benign,33770,window_08_22pct,0,1783718931.601259
9440,6,benign,33768,window_08_22pct,0,1783718931.603225
9441,6,benign,33790,window_08_22pct,0,1783718938.593087
9442,6,benign,45970,window_resampled_20pct,0,1783718938.593087
9443,6,benign,33787,window_08_22pct,0,1783718938.59327
9444,6,benign,41122,window_resampled_15pct,0,1783718938.595107
9445,6,benign,33788,window_08_22pct,0,1783718938.595107
9446,6,benign,45975,window_resampled_20pct,0,1783718940.477134
9447,6,benign,33792,window_08_22pct,0,1783718940.477134
9448,6,benign,33931,window_08_22pct,0,1783718943.071604
9449,6,benign,41125,window_resampled_15pct,0,1783718943.071604
9450,6,benign,33928,window_08_22pct,0,1783718943.07847
9451,6,benign,33916,window_08_22pct,0,1783718947.378047
9452,6,benign,45979,window_resampled_20pct,0,1783718947.378047
9453,6,benign,33913,window_08_22pct,0,1783718947.390107
9454,6,benign,33891,window_08_22pct,0,1783718962.827992
9455,6,benign,33867,window_08_22pct,0,1783718964.478345
9456,6,benign,41130,window_resampled_15pct,0,1783718964.478345
9457,6,benign,33975,window_08_22pct,0,1783718964.884277
9458,6,benign,45983,window_resampled_20pct,0,1783718964.884581
9459,6,benign,33974,window_08_22pct,0,1783718964.884581
9460,6,benign,33948,window_08_22pct,0,1783718969.728519
9461,6,benign,33905,window_08_22pct,0,1783718970.428281
9462,6,benign,33908,window_08_22pct,0,1783718970.42898
9463,6,benign,33922,window_08_22pct,0,1783718972.029855
9464,6,benign,45989,window_resampled_20pct,0,1783718973.091442
9465,6,benign,33897,window_08_22pct,0,1783718973.091442
9466,6,benign,33896,window_08_22pct,0,1783718973.091778
9467,6,benign,33873,window_08_22pct,0,1783718973.575257
9468,6,benign,34002,window_08_22pct,0,1783718985.924931
9469,6,benign,33902,window_08_22pct,0,1783718991.997099
9470,6,benign,45993,window_resampled_20pct,0,1783718991.999482
9471,6,benign,33901,window_08_22pct,0,1783718991.999482
9472,6,benign,45994,window_resampled_20pct,0,1783718996.023557
9473,6,benign,33977,window_08_22pct,0,1783718996.023557
9474,6,benign,41143,window_resampled_15pct,0,1783719003.48519
9475,6,benign,33941,window_08_22pct,0,1783719003.48519
9476,6,benign,34062,window_08_22pct,0,1783719010.103743
9477,6,benign,46000,window_resampled_20pct,0,1783719010.103743
9478,6,benign,33968,window_08_22pct,0,1783719012.589845
9479,6,benign,34043,window_08_22pct,0,1783719025.87562
9480,6,benign,34029,window_08_22pct,0,1783719040.507684
9481,6,benign,34150,window_08_22pct,0,1783719040.758622
9482,6,benign,34001,window_08_22pct,0,1783719046.865315
9483,6,benign,33997,window_08_22pct,0,1783719046.86772
9484,6,benign,34077,window_08_22pct,0,1783719051.085838
9485,6,benign,41153,window_resampled_15pct,0,1783719051.085838
9486,6,benign,34089,window_08_22pct,0,1783719051.195654
9487,6,benign,34049,window_08_22pct,0,1783719067.827401
9488,6,benign,34050,window_08_22pct,0,1783719067.827617
9489,6,benign,34059,window_08_22pct,0,1783719069.957314
9490,6,benign,34057,window_08_22pct,0,1783719069.979849
9491,6,benign,34056,window_08_22pct,0,1783719069.981899
9492,6,benign,34058,window_08_22pct,0,1783719069.982065
9493,6,benign,41164,window_resampled_15pct,0,1783719079.701849
9494,6,benign,34067,window_08_22pct,0,1783719079.701849
9495,6,benign,34068,window_08_22pct,0,1783719079.70271
9496,6,benign,46014,window_resampled_20pct,0,1783719079.70271
9497,6,benign,34080,window_08_22pct,0,1783719087.679267
9498,6,benign,41168,window_resampled_15pct,0,1783719087.679267
9499,6,benign,41169,window_resampled_15pct,0,1783719087.682524
9500,6,benign,34081,window_08_22pct,0,1783719087.682524
9501,6,benign,41170,window_resampled_15pct,0,1783719101.506715
9502,6,benign,34109,window_08_22pct,0,1783719101.506715
9503,6,benign,41171,window_resampled_15pct,0,1783719101.507537
9504,6,benign,34112,window_08_22pct,0,1783719101.507537
9505,6,benign,34113,window_08_22pct,0,1783719101.507763
9506,6,benign,34558,window_08_22pct,0,1783719102.369081
9507,6,benign,34117,window_08_22pct,0,1783719104.639564
9508,6,benign,34116,window_08_22pct,0,1783719104.641051
9509,6,benign,34577,window_08_22pct,0,1783719104.912926
9510,6,benign,46020,window_resampled_20pct,0,1783719104.912926
9511,6,benign,34578,window_08_22pct,0,1783719104.913091
9512,6,benign,34122,window_08_22pct,0,1783719105.024195
9513,6,benign,34141,window_08_22pct,0,1783719110.845119
9514,6,benign,41176,window_resampled_15pct,0,1783719110.845119
9515,6,benign,34140,window_08_22pct,0,1783719110.84633
9516,6,benign,41177,window_resampled_15pct,0,1783719110.84633
9517,6,benign,34146,window_08_22pct,0,1783719115.114648
9518,6,benign,34145,window_08_22pct,0,1783719115.114772
9519,6,benign,46023,window_resampled_20pct,0,1783719115.114772
9520,6,benign,34172,window_08_22pct,0,1783719115.180682
9521,6,benign,46024,window_resampled_20pct,0,1783719115.180848
9522,6,benign,34174,window_08_22pct,0,1783719115.180848
9523,6,benign,34955,window_08_22pct,0,1783719117.545123
9524,6,benign,34158,window_08_22pct,0,1783719121.801908
9525,6,benign,34156,window_08_22pct,0,1783719121.80397
9526,6,benign,41181,window_resampled_15pct,0,1783719121.80397
9527,6,benign,34170,window_08_22pct,0,1783719123.465288
9528,6,benign,41182,window_resampled_15pct,0,1783719123.465288
9529,6,benign,34168,window_08_22pct,0,1783719123.467839
9530,6,benign,34813,window_08_22pct,0,1783719127.979914
9531,6,benign,41184,window_resampled_15pct,0,1783719127.980836
9532,6,benign,34814,window_08_22pct,0,1783719127.980836
9533,6,benign,34568,window_08_22pct,0,1783719134.03372
9534,6,benign,34569,window_08_22pct,0,1783719134.055236
9535,6,benign,41325,window_resampled_15pct,0,1783719134.055236
9536,6,benign,34567,window_08_22pct,0,1783719134.055557
9537,6,benign,41326,window_resampled_15pct,0,1783719134.056875
9538,6,benign,34565,window_08_22pct,0,1783719134.056875
9539,6,benign,34566,window_08_22pct,0,1783719134.057011
9540,6,benign,35081,window_08_22pct,0,1783719134.663103
9541,6,benign,35010,window_08_22pct,0,1783719134.667639
9542,6,benign,46207,window_resampled_20pct,0,1783719134.667639
9543,6,benign,41328,window_resampled_15pct,0,1783719140.332978
9544,6,benign,34817,window_08_22pct,0,1783719140.332978
9545,6,benign,34795,window_08_22pct,0,1783719140.886123
9546,6,benign,34796,window_08_22pct,0,1783719140.886527
9547,6,benign,34848,window_08_22pct,0,1783719145.467668
9548,6,benign,35079,window_08_22pct,0,1783719160.579744
9549,6,benign,41333,window_resampled_15pct,0,1783719164.730861
9550,6,benign,34829,window_08_22pct,0,1783719164.730861
9551,6,benign,41334,window_resampled_15pct,0,1783719164.743865
9552,6,benign,34831,window_08_22pct,0,1783719164.743865
9553,6,benign,34798,window_08_22pct,0,1783719173.72411
9554,6,benign,46213,window_resampled_20pct,0,1783719173.72411
9555,6,benign,34808,window_08_22pct,0,1783719181.785041
9556,6,benign,34825,window_08_22pct,0,1783719189.612435
9557,6,benign,34822,window_08_22pct,0,1783719189.612495
9558,6,benign,34914,window_08_22pct,0,1783719194.658697
9559,6,benign,34833,window_08_22pct,0,1783719199.363953
9560,6,benign,34872,window_08_22pct,0,1783719201.159775
9561,6,benign,46219,window_resampled_20pct,0,1783719201.159775
9562,6,benign,34851,window_08_22pct,0,1783719203.216081
9563,6,benign,41344,window_resampled_15pct,0,1783719203.216081
9564,6,benign,34887,window_08_22pct,0,1783719220.851794
9565,6,benign,41347,window_resampled_15pct,0,1783719220.851794
9566,6,benign,34876,window_08_22pct,0,1783719221.640545
9567,6,benign,34943,window_08_22pct,0,1783719226.879812
9568,6,benign,34891,window_08_22pct,0,1783719233.263181
9569,6,benign,46229,window_resampled_20pct,0,1783719233.263181
9570,6,benign,34889,window_08_22pct,0,1783719233.270017
9571,6,benign,34910,window_08_22pct,0,1783719239.739453
9572,6,benign,34907,window_08_22pct,0,1783719239.740967
9573,6,benign,34950,window_08_22pct,0,1783719246.212679
9574,6,benign,34951,window_08_22pct,0,1783719246.222936
9575,6,benign,46233,window_resampled_20pct,0,1783719246.526259
9576,6,benign,34923,window_08_22pct,0,1783719246.526259
9577,6,benign,34937,window_08_22pct,0,1783719258.603076
9578,6,benign,46235,window_resampled_20pct,0,1783719269.195881
9579,6,benign,35017,window_08_22pct,0,1783719269.195881
9580,6,benign,34966,window_08_22pct,0,1783719288.186187
9581,6,benign,35003,window_08_22pct,0,1783719289.106341
9582,6,benign,35004,window_08_22pct,0,1783719289.110592
9583,6,benign,41361,window_resampled_15pct,0,1783719289.110592
9584,6,benign,34991,window_08_22pct,0,1783719289.154843
9585,6,benign,34994,window_08_22pct,0,1783719289.158304
9586,6,benign,41362,window_resampled_15pct,0,1783719290.973644
9587,6,benign,34973,window_08_22pct,0,1783719290.973644
9588,6,benign,41363,window_resampled_15pct,0,1783719290.975367
9589,6,benign,34971,window_08_22pct,0,1783719290.975367
9590,6,benign,34981,window_08_22pct,0,1783719291.816584
9591,6,benign,34979,window_08_22pct,0,1783719291.816739
9592,6,benign,34978,window_08_22pct,0,1783719291.819092
9593,6,benign,41365,window_resampled_15pct,0,1783719291.819092
9594,6,benign,35062,window_08_22pct,0,1783719304.005208
9595,6,benign,35042,window_08_22pct,0,1783719311.815806
9596,6,benign,41368,window_resampled_15pct,0,1783719321.670916
9597,6,benign,35032,window_08_22pct,0,1783719321.670916
9598,6,benign,35030,window_08_22pct,0,1783719321.672992
9599,6,benign,35333,window_08_22pct,0,1783719335.708265
9600,6,benign,41370,window_resampled_15pct,0,1783719335.708265
9601,6,benign,35089,window_08_22pct,0,1783719343.245976
9602,6,benign,35073,window_08_22pct,0,1783719343.252249
9603,6,benign,35168,window_08_22pct,0,1783719343.501571
9604,6,benign,35328,window_08_22pct,0,1783719349.502548
9605,6,benign,35326,window_08_22pct,0,1783719349.502672
9606,6,benign,35190,window_08_22pct,0,1783719350.223659
9607,6,benign,35192,window_08_22pct,0,1783719350.226174
9608,6,benign,35144,window_08_22pct,0,1783719352.339723
9609,6,benign,35118,window_08_22pct,0,1783719356.57611
9610,6,benign,35119,window_08_22pct,0,1783719356.577786
9611,6,benign,35115,window_08_22pct,0,1783719356.578313
9612,6,benign,41377,window_resampled_15pct,0,1783719356.57907
9613,6,benign,35117,window_08_22pct,0,1783719356.57907
9614,6,benign,35097,window_08_22pct,0,1783719358.477253
9615,6,benign,46264,window_resampled_20pct,0,1783719358.477253
9616,6,benign,35104,window_08_22pct,0,1783719359.472049
9617,6,benign,46266,window_resampled_20pct,0,1783719359.472049
9618,6,benign,35108,window_08_22pct,0,1783719359.472651
9619,6,benign,41380,window_resampled_15pct,0,1783719360.575184
9620,6,benign,35222,window_08_22pct,0,1783719360.575184
9621,6,benign,35219,window_08_22pct,0,1783719360.576361
9622,6,benign,41383,window_resampled_15pct,0,1783719375.775134
9623,6,benign,35136,window_08_22pct,0,1783719375.775134
9624,6,benign,35225,window_08_22pct,0,1783719380.7568
9625,6,benign,41385,window_resampled_15pct,0,1783719380.7568
9626,6,benign,41388,window_resampled_15pct,0,1783719389.359521
9627,6,benign,35152,window_08_22pct,0,1783719389.359521
9628,6,benign,35199,window_08_22pct,0,1783719391.57915
9629,6,benign,35263,window_08_22pct,0,1783719394.964379
9630,6,benign,41392,window_resampled_15pct,0,1783719394.964379
9631,6,benign,35176,window_08_22pct,0,1783719402.656186
9632,6,benign,35179,window_08_22pct,0,1783719402.656607
9633,6,benign,35185,window_08_22pct,0,1783719403.916656
9634,6,benign,35183,window_08_22pct,0,1783719403.918434
9635,6,benign,35346,window_08_22pct,0,1783719405.142262
9636,6,benign,35351,window_08_22pct,0,1783719430.932748
9637,6,benign,35348,window_08_22pct,0,1783719430.940148
9638,6,benign,35347,window_08_22pct,0,1783719430.941738
9639,6,benign,35252,window_08_22pct,0,1783719431.310718
9640,6,benign,35251,window_08_22pct,0,1783719431.310842
9641,6,benign,46279,window_resampled_20pct,0,1783719431.310842
9642,6,benign,35281,window_08_22pct,0,1783719433.382256
9643,6,benign,35283,window_08_22pct,0,1783719433.391944
9644,6,benign,35232,window_08_22pct,0,1783719441.043071
9645,6,benign,35230,window_08_22pct,0,1783719441.045071
9646,6,benign,35297,window_08_22pct,0,1783719443.674334
9647,6,benign,41399,window_resampled_15pct,0,1783719443.674334
9648,6,benign,35244,window_08_22pct,0,1783719448.774615
9649,6,benign,46285,window_resampled_20pct,0,1783719448.774615
9650,6,benign,35258,window_08_22pct,0,1783719454.51055
9651,6,benign,35274,window_08_22pct,0,1783719455.033708
9652,6,benign,41405,window_resampled_15pct,0,1783719455.035042
9653,6,benign,35271,window_08_22pct,0,1783719455.035042
9654,6,benign,35293,window_08_22pct,0,1783719461.611723
9655,6,benign,35672,window_08_22pct,0,1783719465.21473
9656,6,benign,46297,window_resampled_20pct,0,1783719481.907455
9657,6,benign,35709,window_08_22pct,0,1783719481.907455
9658,6,benign,35418,window_08_22pct,0,1783719483.501304
9659,6,benign,35417,window_08_22pct,0,1783719483.511921
9660,6,benign,35320,window_08_22pct,0,1783719484.83824
9661,6,benign,41414,window_resampled_15pct,0,1783719484.83824
9662,6,benign,41415,window_resampled_15pct,0,1783719490.26657
9663,6,benign,35462,window_08_22pct,0,1783719490.26657
9664,6,benign,41420,window_resampled_15pct,0,1783719493.211786
9665,6,benign,35354,window_08_22pct,0,1783719493.211786
9666,6,benign,35362,window_08_22pct,0,1783719494.262516
9667,6,benign,35360,window_08_22pct,0,1783719494.262596
9668,6,benign,35359,window_08_22pct,0,1783719494.264533
9669,6,benign,35364,window_08_22pct,0,1783719502.857328
9670,6,benign,35587,window_08_22pct,0,1783719504.592683
9671,6,benign,41425,window_resampled_15pct,0,1783719504.593238
9672,6,benign,35588,window_08_22pct,0,1783719504.593238
9673,6,benign,35710,window_08_22pct,0,1783719524.137411
9674,6,benign,35443,window_08_22pct,0,1783719524.670261
9675,6,benign,35447,window_08_22pct,0,1783719524.674941
9676,6,benign,35445,window_08_22pct,0,1783719524.67512
9677,6,benign,46313,window_resampled_20pct,0,1783719524.67512
9678,6,benign,35446,window_08_22pct,0,1783719524.676348
9679,6,benign,35433,window_08_22pct,0,1783719534.580538
9680,6,benign,35434,window_08_22pct,0,1783719534.582886
9681,6,benign,46316,window_resampled_20pct,0,1783719534.582886
9682,6,benign,35398,window_08_22pct,0,1783719538.452582
9683,6,benign,41437,window_resampled_15pct,0,1783719538.45421
9684,6,benign,35394,window_08_22pct,0,1783719538.45421
9685,6,benign,35405,window_08_22pct,0,1783719542.90238
9686,6,benign,46317,window_resampled_20pct,0,1783719542.902717
9687,6,benign,35403,window_08_22pct,0,1783719542.902717
9688,6,benign,35401,window_08_22pct,0,1783719542.903902
9689,6,benign,35402,window_08_22pct,0,1783719542.903977
9690,6,benign,35423,window_08_22pct,0,1783719550.463337
9691,6,benign,35545,window_08_22pct,0,1783719561.786293
9692,6,benign,35472,window_08_22pct,0,1783719570.950976
9693,6,benign,41443,window_resampled_15pct,0,1783719570.950976
9694,6,benign,35473,window_08_22pct,0,1783719572.056996
9695,6,benign,35478,window_08_22pct,0,1783719572.583289
9696,6,benign,35480,window_08_22pct,0,1783719572.586741
9697,6,benign,35488,window_08_22pct,0,1783719572.905757
9698,6,benign,35492,window_08_22pct,0,1783719572.906092
9699,6,benign,35580,window_08_22pct,0,1783719574.836999
9700,6,benign,46325,window_resampled_20pct,0,1783719574.836999
9701,6,benign,35579,window_08_22pct,0,1783719574.837252
9702,6,benign,35662,window_08_22pct,0,1783719576.03793
9703,6,benign,35535,window_08_22pct,0,1783719599.823519
9704,6,benign,35536,window_08_22pct,0,1783719599.824268
9705,6,benign,35620,window_08_22pct,0,1783719606.236718
9706,6,benign,41458,window_resampled_15pct,0,1783719606.236718
9707,6,benign,35757,window_08_22pct,0,1783719607.978882
9708,6,benign,35756,window_08_22pct,0,1783719607.979096
9709,6,benign,35630,window_08_22pct,0,1783719608.092674
9710,6,benign,35678,window_08_22pct,0,1783719610.097092
9711,6,benign,36076,window_08_22pct,0,1783719617.145859
9712,6,benign,35593,window_08_22pct,0,1783719617.931636
9713,6,benign,35612,window_08_22pct,0,1783719619.235548
9714,6,benign,35613,window_08_22pct,0,1783719619.235813
9715,6,benign,35615,window_08_22pct,0,1783719619.236019
9716,6,benign,35606,window_08_22pct,0,1783719619.419199
9717,6,benign,35639,window_08_22pct,0,1783719631.01148
9718,6,benign,35637,window_08_22pct,0,1783719631.011697
9719,6,benign,35635,window_08_22pct,0,1783719631.013659
9720,6,benign,35659,window_08_22pct,0,1783719635.201164
9721,6,benign,35658,window_08_22pct,0,1783719635.201276
9722,6,benign,35656,window_08_22pct,0,1783719635.203275
9723,6,benign,46345,window_resampled_20pct,0,1783719635.203275
9724,6,benign,35721,window_08_22pct,0,1783719642.204085
9725,6,benign,35767,window_08_22pct,0,1783719646.72831
9726,6,benign,35959,window_08_22pct,0,1783719650.049716
9727,6,benign,35844,window_08_22pct,0,1783719650.226746
9728,6,benign,46359,window_resampled_20pct,0,1783719650.226746
9729,6,benign,35843,window_08_22pct,0,1783719650.226885
9730,6,benign,46360,window_resampled_20pct,0,1783719650.226885
9731,6,benign,35731,window_08_22pct,0,1783719662.037361
9732,6,benign,35754,window_08_22pct,0,1783719671.256386
9733,6,benign,41478,window_resampled_15pct,0,1783719673.727145
9734,6,benign,35885,window_08_22pct,0,1783719673.727145
9735,6,benign,41479,window_resampled_15pct,0,1783719674.714666
9736,6,benign,36023,window_08_22pct,0,1783719674.714666
9737,6,benign,35896,window_08_22pct,0,1783719675.637296
9738,6,benign,35868,window_08_22pct,0,1783719685.932996
9739,6,benign,41483,window_resampled_15pct,0,1783719685.934283
9740,6,benign,35867,window_08_22pct,0,1783719685.934283
9741,6,benign,46369,window_resampled_20pct,0,1783719690.321451
9742,6,benign,35773,window_08_22pct,0,1783719690.321451
9743,6,benign,46372,window_resampled_20pct,0,1783719696.037717
9744,6,benign,35783,window_08_22pct,0,1783719696.037717
9745,6,benign,35792,window_08_22pct,0,1783719696.355591
9746,6,benign,35786,window_08_22pct,0,1783719696.450545
9747,6,benign,35787,window_08_22pct,0,1783719696.450649
9748,6,benign,46375,window_resampled_20pct,0,1783719699.883574
9749,6,benign,35907,window_08_22pct,0,1783719699.883574
9750,6,benign,35801,window_08_22pct,0,1783719702.209955
9751,6,benign,35802,window_08_22pct,0,1783719702.233669
9752,6,benign,46376,window_resampled_20pct,0,1783719702.233669
9753,6,benign,41489,window_resampled_15pct,0,1783719702.234093
9754,6,benign,35800,window_08_22pct,0,1783719702.234093
9755,6,benign,35798,window_08_22pct,0,1783719702.235308
9756,6,benign,35799,window_08_22pct,0,1783719702.235478
9757,6,benign,35807,window_08_22pct,0,1783719702.90249
9758,6,benign,35813,window_08_22pct,0,1783719705.132912
9759,6,benign,35810,window_08_22pct,0,1783719705.15686
9760,6,benign,35988,window_08_22pct,0,1783719705.810507
9761,6,benign,35830,window_08_22pct,0,1783719706.996267
9762,6,benign,35827,window_08_22pct,0,1783719706.997212
9763,6,benign,35831,window_08_22pct,0,1783719706.997422
9764,6,benign,35826,window_08_22pct,0,1783719706.997838
9765,6,benign,35837,window_08_22pct,0,1783719707.045324
9766,6,benign,35840,window_08_22pct,0,1783719707.045647
9767,6,benign,36081,window_08_22pct,0,1783719710.659222
9768,6,benign,36239,window_08_22pct,0,1783719710.659415
9769,6,benign,35853,window_08_22pct,0,1783719713.569721
9770,6,benign,35910,window_08_22pct,0,1783719714.717957
9771,6,benign,35911,window_08_22pct,0,1783719714.718797
9772,6,benign,35856,window_08_22pct,0,1783719714.892328
9773,6,benign,35857,window_08_22pct,0,1783719714.894254
9774,6,benign,35901,window_08_22pct,0,1783719715.361771
9775,6,benign,46386,window_resampled_20pct,0,1783719715.361771
9776,6,benign,35875,window_08_22pct,0,1783719722.679542
9777,6,benign,36030,window_08_22pct,0,1783719723.797512
9778,6,benign,41504,window_resampled_15pct,0,1783719723.797512
9779,6,benign,35893,window_08_22pct,0,1783719727.466792
9780,6,benign,46391,window_resampled_20pct,0,1783719727.488535
9781,6,benign,35891,window_08_22pct,0,1783719727.488535
9782,6,benign,35918,window_08_22pct,0,1783719731.436698
9783,6,benign,36017,window_08_22pct,0,1783719733.861255
9784,6,benign,35939,window_08_22pct,0,1783719735.209854
9785,6,benign,41508,window_resampled_15pct,0,1783719735.209854
9786,6,benign,35925,window_08_22pct,0,1783719738.842087
9787,6,benign,35926,window_08_22pct,0,1783719738.849299
9788,6,benign,35930,window_08_22pct,0,1783719739.530703
9789,6,benign,36113,window_08_22pct,0,1783719744.376729
9790,6,benign,36112,window_08_22pct,0,1783719744.377019
9791,6,benign,36111,window_08_22pct,0,1783719744.377282
9792,6,benign,36283,window_08_22pct,0,1783719744.400783
9793,6,benign,35975,window_08_22pct,0,1783719747.929183
9794,6,benign,35976,window_08_22pct,0,1783719747.930259
9795,6,benign,36035,window_08_22pct,0,1783719749.439058
9796,6,benign,35966,window_08_22pct,0,1783719750.849593
9797,6,benign,36319,window_08_22pct,0,1783719752.72203
9798,6,benign,35963,window_08_22pct,0,1783719756.10954
9799,6,benign,35990,window_08_22pct,0,1783719770.748315
9800,6,benign,36205,window_08_22pct,0,1783719772.925701
9801,6,benign,36078,window_08_22pct,0,1783719776.302249
9802,6,benign,36079,window_08_22pct,0,1783719776.302472
9803,6,benign,46405,window_resampled_20pct,0,1783719776.302472
9804,6,benign,36042,window_08_22pct,0,1783719776.871296
9805,6,benign,36125,window_08_22pct,0,1783719783.57359
9806,6,benign,41521,window_resampled_15pct,0,1783719783.573839
9807,6,benign,36130,window_08_22pct,0,1783719783.573839
9808,6,benign,36012,window_08_22pct,0,1783719784.180676
9809,6,benign,36011,window_08_22pct,0,1783719784.1823
9810,6,benign,36048,window_08_22pct,0,1783719784.261692
9811,6,benign,46409,window_resampled_20pct,0,1783719784.261692
9812,6,benign,36061,window_08_22pct,0,1783719814.224695
9813,6,benign,46412,window_resampled_20pct,0,1783719814.226149
9814,6,benign,36058,window_08_22pct,0,1783719814.226149
9815,6,benign,46413,window_resampled_20pct,0,1783719814.226265
9816,6,benign,36062,window_08_22pct,0,1783719814.226265
9817,6,benign,36073,window_08_22pct,0,1783719820.645327
9818,6,benign,46416,window_resampled_20pct,0,1783719820.645327
9819,6,benign,36137,window_08_22pct,0,1783719822.029069
9820,6,benign,36105,window_08_22pct,0,1783719826.113939
9821,6,benign,46418,window_resampled_20pct,0,1783719826.113939
9822,6,benign,36101,window_08_22pct,0,1783719826.126651
9823,6,benign,36193,window_08_22pct,0,1783719840.563861
9824,6,benign,41535,window_resampled_15pct,0,1783719843.659149
9825,6,benign,36095,window_08_22pct,0,1783719843.659149
9826,6,benign,36097,window_08_22pct,0,1783719843.659483
9827,6,benign,36094,window_08_22pct,0,1783719843.661193
9828,6,benign,36121,window_08_22pct,0,1783719843.913884
9829,6,benign,36123,window_08_22pct,0,1783719843.918299
9830,6,benign,36122,window_08_22pct,0,1783719843.918436
9831,6,benign,36106,window_08_22pct,0,1783719850.49485
9832,6,benign,36242,window_08_22pct,0,1783719864.161488
9833,6,benign,36143,window_08_22pct,0,1783719872.115936
9834,6,benign,36154,window_08_22pct,0,1783719881.918849
9835,6,benign,36155,window_08_22pct,0,1783719881.919051
9836,6,benign,36164,window_08_22pct,0,1783719881.986462
9837,6,benign,36162,window_08_22pct,0,1783719881.987667
9838,6,benign,36305,window_08_22pct,0,1783719893.883855
9839,6,benign,36168,window_08_22pct,0,1783719898.581907
9840,6,benign,36167,window_08_22pct,0,1783719898.5839
9841,6,benign,36175,window_08_22pct,0,1783719899.280077
9842,6,benign,36174,window_08_22pct,0,1783719899.280385
9843,6,benign,46431,window_resampled_20pct,0,1783719899.280385
9844,6,benign,36172,window_08_22pct,0,1783719899.28247
9845,6,benign,46433,window_resampled_20pct,0,1783719899.45375
9846,6,benign,36222,window_08_22pct,0,1783719899.45375
9847,6,benign,36228,window_08_22pct,0,1783719899.472605
9848,6,benign,36229,window_08_22pct,0,1783719899.48096
9849,6,benign,36202,window_08_22pct,0,1783719907.732658
9850,6,benign,36200,window_08_22pct,0,1783719907.732893
9851,6,benign,36198,window_08_22pct,0,1783719907.734403
9852,6,benign,41548,window_resampled_15pct,0,1783719907.734403
9853,6,benign,36214,window_08_22pct,0,1783719919.443192
9854,6,benign,46440,window_resampled_20pct,0,1783719919.443192
9855,6,benign,36215,window_08_22pct,0,1783719919.470281
9856,6,benign,36213,window_08_22pct,0,1783719919.470442
9857,6,benign,36211,window_08_22pct,0,1783719919.47275
9858,6,benign,36212,window_08_22pct,0,1783719919.472965
9859,6,benign,36255,window_08_22pct,0,1783719940.805094
9860,6,benign,41550,window_resampled_15pct,0,1783719940.805094
9861,6,benign,36301,window_08_22pct,0,1783719941.636804
9862,6,benign,36343,window_08_22pct,0,1783719942.379139
9863,6,benign,36261,window_08_22pct,0,1783719942.822799
9864,6,benign,36293,window_08_22pct,0,1783719945.418464
9865,6,benign,36290,window_08_22pct,0,1783719946.310211
9866,6,benign,36292,window_08_22pct,0,1783719946.334555
9867,6,benign,36288,window_08_22pct,0,1783719946.336264
9868,6,benign,46445,window_resampled_20pct,0,1783719946.336264
9869,6,benign,46448,window_resampled_20pct,0,1783719955.499805
9870,6,benign,36380,window_08_22pct,0,1783719955.499805
9871,6,benign,36387,window_08_22pct,0,1783719961.817689
9872,6,benign,36354,window_08_22pct,0,1783719987.318945
9873,6,benign,36355,window_08_22pct,0,1783719987.320177
9874,6,benign,36359,window_08_22pct,0,1783719991.226348
9875,6,benign,36361,window_08_22pct,0,1783719997.91686
9876,6,benign,36412,window_08_22pct,0,1783720011.41956
9877,6,benign,41563,window_resampled_15pct,0,1783720011.41956
9878,6,benign,36394,window_08_22pct,0,1783720014.63807
9879,6,benign,36658,window_08_22pct,0,1783720031.493405
9880,6,benign,36656,window_08_22pct,0,1783720031.507224
9881,6,benign,36660,window_08_22pct,0,1783720031.508304
9882,6,benign,36417,window_08_22pct,0,1783720034.714701
9883,6,benign,36414,window_08_22pct,0,1783720034.71666
9884,6,benign,36509,window_08_22pct,0,1783720041.759588
9885,6,benign,36507,window_08_22pct,0,1783720041.762063
9886,6,benign,46454,window_resampled_20pct,0,1783720041.762063
9887,6,benign,36613,window_08_22pct,0,1783720067.150523
9888,6,benign,46458,window_resampled_20pct,0,1783720067.150523
9889,6,benign,36435,window_08_22pct,0,1783720068.92151
9890,6,benign,36436,window_08_22pct,0,1783720068.921623
9891,6,benign,36448,window_08_22pct,0,1783720074.257673
9892,6,benign,36449,window_08_22pct,0,1783720074.258116
9893,6,benign,36445,window_08_22pct,0,1783720074.259042
9894,6,benign,41571,window_resampled_15pct,0,1783720074.259352
9895,6,benign,36446,window_08_22pct,0,1783720074.259352
9896,6,benign,36498,window_08_22pct,0,1783720074.780905
9897,6,benign,46461,window_resampled_20pct,0,1783720074.780905
9898,6,benign,36465,window_08_22pct,0,1783720077.78827
9899,6,benign,36529,window_08_22pct,0,1783720086.528581
9900,6,benign,36654,window_08_22pct,0,1783720087.041305
9901,6,benign,41578,window_resampled_15pct,0,1783720095.278903
9902,6,benign,36477,window_08_22pct,0,1783720095.278903
9903,6,benign,36604,window_08_22pct,0,1783720096.606736
9904,6,benign,36494,window_08_22pct,0,1783720098.318471
9905,6,benign,36556,window_08_22pct,0,1783720099.247293
9906,6,benign,46473,window_resampled_20pct,0,1783720099.247892
9907,6,benign,36558,window_08_22pct,0,1783720099.247892
9908,6,benign,36514,window_08_22pct,0,1783720104.500682
9909,6,benign,41583,window_resampled_15pct,0,1783720104.52431
9910,6,benign,36512,window_08_22pct,0,1783720104.52431
9911,6,benign,36519,window_08_22pct,0,1783720104.621462
9912,6,benign,36555,window_08_22pct,0,1783720105.401275
9913,6,benign,46478,window_resampled_20pct,0,1783720106.378811
9914,6,benign,36526,window_08_22pct,0,1783720106.378811
9915,6,benign,36524,window_08_22pct,0,1783720106.379387
9916,6,benign,36523,window_08_22pct,0,1783720106.381214
9917,6,benign,36624,window_08_22pct,0,1783720106.956673
9918,6,benign,36635,window_08_22pct,0,1783720117.770917
9919,6,benign,36569,window_08_22pct,0,1783720125.532168
9920,6,benign,36593,window_08_22pct,0,1783720130.093804
9921,6,benign,36595,window_08_22pct,0,1783720130.093998
9922,6,benign,36680,window_08_22pct,0,1783720143.031744
9923,6,benign,36683,window_08_22pct,0,1783720162.162858
9924,6,benign,36646,window_08_22pct,0,1783720185.552642
9925,6,benign,36701,window_08_22pct,0,1783720228.293523
9926,6,benign,41603,window_resampled_15pct,0,1783720274.430235
9927,6,benign,36699,window_08_22pct,0,1783720274.430235
9928,6,benign,36703,window_08_22pct,0,1783720593.044534
9929,6,benign,46494,window_resampled_20pct,0,1783720593.044534
9930,6,benign,36704,window_08_22pct,0,1783720743.544026
