duration_scaled,orig_bytes_scaled,resp_bytes_scaled,orig_pkts_scaled,resp_pkts_scaled,bytes_per_sec_scaled,pkts_per_sec_scaled,byte_ratio_scaled,conn_count_60s_scaled,unique_dst_ports_60s_scaled,unique_dst_ips_60s_scaled,failed_conn_ratio_60s_scaled,proto_tcp,proto_udp,service_dns,service_http,service_none,service_ssh,conn_state_REJ,conn_state_RSTO,conn_state_S1,conn_state_SF,is_attack,actual_attack_pct,window_id,ts
-0.3755709713022582,-0.193135712949175,-0.46275476070377664,-0.2477527305737651,-0.4040441742631775,-0.24097340253984884,-0.23276734957537507,-0.13108892716169593,-2.0434567948648055,-2.6801783019663556,0.0,-0.200546274577401,1.0,0.0,0.0,1.0,0.0,0.0,0.0,0.0,0.0,1.0,0,0.0,window_01_0pct,1783691996.02358
-0.37555759526303567,-0.014961599571277727,0.036860373028558484,0.0157524966094153,0.02877450348397103,-0.23209201727532025,-0.22770507113163316,-0.2667034327590226,-2.1098575111576614,-2.6801783019663556,0.0,-0.200546274577401,1.0,0.0,0.0,1.0,0.0,0.0,0.0,0.0,0.0,1.0,0,0.0,window_01_0pct,1783691996.022332
-0.37556834520038374,-0.193135712949175,-0.45166542063198994,-0.2477527305737651,-0.4040441742631775,-0.2409750410342605,-0.23276816556641466,-0.14940991841188705,-2.0766571530112334,-2.6801783019663556,0.0,-0.200546274577401,1.0,0.0,0.0,1.0,0.0,0.0,0.0,0.0,0.0,1.0,0,0.0,window_01_0pct,1783691996.023414
-0.3755547022808894,0.08497446636316348,1.548664581589146,0.5427629509757761,1.2763106922845755,-0.22711049712302597,-0.21757621096468738,-0.45754386956452053,-2.143057869304089,-2.6801783019663556,0.0,-0.200546274577401,1.0,0.0,0.0,1.0,0.0,0.0,0.0,0.0,0.0,1.0,0,0.0,window_01_0pct,1783691996.022143
-0.3755724017805151,-0.193135712949175,-0.4300815709903515,-0.23018571542821972,-0.37858425204275703,-0.24097250977059248,-0.23242878919332777,-0.18128447715615004,-2.0102564367183775,-2.6801783019663556,0.0,-0.200546274577401,1.0,0.0,0.0,1.0,0.0,0.0,0.0,0.0,0.0,1.0,0,0.0,window_01_0pct,1783691996.023807
-0.37390032215121527,0.2477096050455521,-0.12678174684303678,-0.0018145185361300583,-0.09852510761813149,-0.22221576644832858,-0.2289986277358696,0.1401467603743604,-2.176258227450517,-2.6801783019663556,0.0,-0.200546274577401,1.0,0.0,0.0,1.0,0.0,0.0,0.0,0.0,0.0,1.0,0,0.0,window_01_0pct,1783691995.867179
-0.3881167780249121,-0.28180550005175853,-0.5955506702607468,-0.3355878063014919,-0.53134378536528,-0.21084188775721116,-0.21319945813973537,-0.14862058281123522,-1.9770560785719498,-0.7306074243577496,0.0,-0.200546274577401,1.0,0.0,0.0,1.0,0.0,0.0,0.0,0.0,0.0,1.0,0,0.0,window_01_0pct,1783691998.276401
-0.38809942013203425,-0.28180550005175853,-0.6191102069266692,-0.3355878063014919,-0.5568037075857005,-0.21126097113167652,-0.21345724361964985,-0.0583203338589603,-2.0102564367183775,-0.7306074243577496,0.0,-0.200546274577401,1.0,0.0,0.0,1.0,0.0,0.0,0.0,0.0,0.0,1.0,0,0.0,window_01_0pct,1783691998.274782
-0.3879150485650643,-0.1067609085715995,-0.5306291697638502,-0.26531974571931044,-0.45496401870401854,-0.14645134515148261,-0.20525102985971622,0.3306186046302633,-2.0766571530112334,-0.7306074243577496,0.0,-0.200546274577401,1.0,0.0,0.0,1.0,0.0,0.0,0.0,0.0,0.0,1.0,0,0.0,window_01_0pct,1783691998.257523
-0.3881180056741624,-0.28180550005175853,-0.5573540544579261,-0.3180207911559465,-0.5058838631448596,-0.21081190240249456,-0.21018333907976455,-0.24495311638333006,-1.9438557204255218,-0.7306074243577496,0.0,-0.200546274577401,1.0,0.0,0.0,1.0,0.0,0.0,0.0,0.0,0.0,1.0,0,0.0,window_01_0pct,1783691998.276541
-0.3880955984065421,-0.19584796526054815,1.1531235417489236,0.3670927995203225,0.9453317034191091,-0.17381652289791277,-0.09526749544055853,-0.5362672954086435,-2.0434567948648055,-0.7306074243577496,0.0,-0.200546274577401,1.0,0.0,0.0,1.0,0.0,0.0,0.0,0.0,0.0,1.0,0,0.0,window_01_0pct,1783691998.274456
-0.33870092799261803,0.2840120590593157,0.044253266409749595,0.1035875723371421,0.054234425704391534,-0.24074590670841903,-0.23406945763363596,0.011601790696268438,-2.2758593018898003,-2.6801783019663556,0.0,-0.200546274577401,1.0,0.0,0.0,1.0,0.0,0.0,0.0,0.0,0.0,1.0,0,0.0,window_01_0pct,1783691995.662377
-0.33868934538882195,0.27274578022745805,0.5233892357183254,0.3143917540836864,0.4615931812311196,-0.24090390761607972,-0.2329457051132359,-0.22883619690179471,-2.3090596600362283,-2.6801783019663556,0.0,-0.200546274577401,1.0,0.0,0.0,1.0,0.0,0.0,0.0,0.0,0.0,1.0,0,0.0,window_01_0pct,1783691995.661299
-0.33870365017139037,-0.18666803436051596,-0.45013585648415727,-0.2477527305737651,-0.4040441742631775,-0.247262323934549,-0.23594390919339517,-0.13527558557004998,-2.209458585596945,-2.6801783019663556,0.0,-0.200546274577401,1.0,0.0,0.0,1.0,0.0,0.0,0.0,0.0,0.0,1.0,0,0.0,window_01_0pct,1783691995.662652
-0.3386878508592998,-0.0034866859462375052,-0.11318562108452437,-0.036948548827220776,-0.09852510761813149,-0.24472761866113735,-0.23481986478754605,-0.17216004673630939,-2.3422600181826563,-2.6801783019663556,0.0,-0.200546274577401,1.0,0.0,0.0,1.0,0.0,0.0,0.0,0.0,0.0,1.0,0,0.0,window_01_0pct,1783691995.661183
-0.33870156850527033,0.2840120590593157,0.12959019949091255,0.12115458748268745,0.13061419236565305,-0.24074579304037969,-0.23397569179169186,-0.04895736799126378,-2.242658943743373,-2.6801783019663556,0.0,-0.200546274577401,1.0,0.0,0.0,1.0,0.0,0.0,0.0,0.0,0.0,1.0,0,0.0,window_01_0pct,1783691995.662477
-0.338615291451003,0.6366048595378244,0.6813379779285436,0.4022268298114132,0.6143527145536426,-0.2358876224461585,-0.2324839724739114,-0.0817867501533568,-2.3754603763290842,-2.6801783019663556,0.0,-0.200546274577401,1.0,0.0,0.0,1.0,0.0,0.0,0.0,0.0,0.0,1.0,0,0.0,window_01_0pct,1783691995.654404
0.01671312697730856,-0.2738773779108217,-0.5815509095187786,-0.3004537760104012,-0.5058838631448596,-0.24963182612437262,-0.23704477126903956,-0.15205439809059174,-2.641063241500507,-2.6801783019663556,0.0,-0.200546274577401,1.0,0.0,0.0,1.0,0.0,0.0,0.0,0.0,0.0,1.0,0,0.0,window_01_0pct,1783691962.420698
0.01671577442960488,0.013412732301549005,-0.1235314230288924,-0.036948548827220776,-0.12398502983855199,-0.24913259690222989,-0.23686831509448414,-0.1446312256632187,-2.674263599646935,-2.6801783019663556,0.0,-0.200546274577401,1.0,0.0,0.0,1.0,0.0,0.0,0.0,0.0,0.0,1.0,0,0.0,window_01_0pct,1783691962.420485
0.2120733503608555,0.30070284251391965,0.19850556192937224,0.17385563291932354,0.20699395902691456,-0.24901163566381898,-0.23686844791663325,-0.0766807954819366,-3.0394675392576413,-2.6801783019663556,0.0,-0.200546274577401,1.0,0.0,0.0,1.0,0.0,0.0,0.0,0.0,0.0,1.0,0,0.0,window_01_0pct,1783691944.120375
0.21208041735045274,0.3975093865506226,1.376418663385992,0.6130310115579575,1.1744710034028936,-0.24889803348643064,-0.23666983067463782,-0.336751121513444,-3.0726678974040693,-2.6801783019663556,0.0,-0.200546274577401,1.0,0.0,0.0,1.0,0.0,0.0,0.0,0.0,0.0,1.0,0,0.0,window_01_0pct,1783691944.119727
-0.0540209803885857,-0.36984938277479446,-0.7379063557416712,-0.4058558668836733,-0.684103318687803,-0.24979859986280267,-0.23710543937948106,-0.6040302242810942,-2.4750614507683677,-2.6801783019663556,0.0,-0.200546274577401,1.0,0.0,0.0,0.0,1.0,0.0,0.0,0.0,0.0,1.0,0,0.0,window_01_0pct,1783691969.046783
0.21236755917248717,0.599259231558148,1.9166309788753852,0.8414022084500472,1.6072896811500421,-0.24866180382792072,-0.23656683208988036,-0.335172327295223,-3.1058682555504973,-2.6801783019663556,0.0,-0.200546274577401,1.0,0.0,0.0,1.0,0.0,0.0,0.0,0.0,0.0,1.0,0,0.0,window_01_0pct,1783691944.092858
-0.38747801610717636,0.06911822208128972,1.4421474338498006,0.49006190553914,1.1999309256233142,-0.11108114335335886,-0.11950248846852093,-0.4557430168771143,-1.180247483057681,-0.7306074243577496,0.0,-0.200546274577401,1.0,0.0,0.0,1.0,0.0,0.0,0.0,0.0,0.0,1.0,0,0.0,window_01_0pct,1783692001.25681
-0.38750245166486236,-0.2811795956722109,-0.5955506702607468,-0.3180207911559465,-0.53134378536528,-0.22146845558176195,-0.2176961352354709,-0.14538307351168647,-1.0806464086183973,-0.7306074243577496,0.0,-0.200546274577401,1.0,0.0,0.0,1.0,0.0,0.0,0.0,0.0,0.0,1.0,0,0.0,window_01_0pct,1783692001.259109
-0.3878286434082665,-0.36984938277479446,-0.7379063557416712,-0.4058558668836733,-0.684103318687803,-0.24979859986280267,-0.22701304851136828,-0.6040302242810942,-1.0474460504719696,-0.7306074243577496,0.0,-0.200546274577401,1.0,0.0,0.0,0.0,1.0,0.0,0.0,0.0,0.0,1.0,0,0.0,window_01_0pct,1783692001.289681
-0.38750091443449675,-0.10446592584659146,-0.29467265601416714,-0.1599176548460383,-0.276744563161075,-0.16506706854134162,-0.19825691614786095,-0.1631070598409247,-1.1138467667648253,-0.7306074243577496,0.0,-0.200546274577401,1.0,0.0,0.0,1.0,0.0,0.0,0.0,0.0,0.0,1.0,0,0.0,window_01_0pct,1783692001.258984
-0.38747919038037226,-0.016422043123555573,-0.19312659175527772,-0.10721660940940221,-0.14944495205897249,-0.13805387443094114,-0.19221409613138263,-0.1262756037634443,-1.147047124911253,-0.7306074243577496,0.0,-0.200546274577401,1.0,0.0,0.0,1.0,0.0,0.0,0.0,0.0,0.0,1.0,0,0.0,window_01_0pct,1783692001.256952
-0.3872610531214143,0.2464577962864568,-0.13646898644597685,-0.019381533681675417,-0.09852510761813149,-0.07227402870717972,-0.18646312757859856,0.15059989439356553,-1.2134478412041088,-0.7306074243577496,0.0,-0.200546274577401,1.0,0.0,0.0,1.0,0.0,0.0,0.0,0.0,0.0,1.0,0,0.0,window_01_0pct,1783692001.236522
-0.3629656823046257,-0.2790932477403854,-0.6106338722740966,-0.3355878063014919,-0.53134378536528,-0.24740218984967474,-0.23573238924698367,-0.07896694620891628,-1.678252855254099,-0.7306074243577496,0.0,-0.200546274577401,1.0,0.0,0.0,1.0,0.0,0.0,0.0,0.0,0.0,1.0,0,0.0,window_01_0pct,1783691999.30684
-0.3629976865868199,-0.2790932477403854,-0.5940211061129143,-0.3180207911559465,-0.53134378536528,-0.24739931900534487,-0.2355517093797382,-0.13958098273865396,-1.6118521389612432,-0.7306074243577496,0.0,-0.200546274577401,1.0,0.0,0.0,1.0,0.0,0.0,0.0,0.0,0.0,1.0,0,0.0,window_01_0pct,1783691999.309849
-0.3630005688937553,-0.2790932477403854,-0.5815509095187786,-0.3004537760104012,-0.5058838631448596,-0.24739906011932344,-0.23537254953680448,-0.17661830168790169,-1.5786517808148153,-0.7306074243577496,0.0,-0.200546274577401,1.0,0.0,0.0,1.0,0.0,0.0,0.0,0.0,0.0,1.0,0,0.0,window_01_0pct,1783691999.310132
-0.3629951565618433,-0.18833711270597636,-0.4149983689770018,-0.2477527305737651,-0.37858425204275703,-0.2450004925446127,-0.23483606275204713,-0.19008651502400717,-1.645052497107671,-0.7306074243577496,0.0,-0.200546274577401,1.0,0.0,0.0,1.0,0.0,0.0,0.0,0.0,0.0,1.0,0,0.0,window_01_0pct,1783691999.309631
-0.362962159485038,-0.18833711270597636,-0.48463602559638247,-0.2477527305737651,-0.42950409648359805,-0.24500641100428375,-0.2348389322986059,-0.07628063739717404,-1.7114532134005267,-0.7306074243577496,0.0,-0.200546274577401,1.0,0.0,0.0,1.0,0.0,0.0,0.0,0.0,0.0,1.0,0,0.0,window_01_0pct,1783691999.306545
-0.3628808997798805,-0.09862415163748008,-0.4488824636407944,-0.195051685137129,-0.4040441742631775,-0.2426595438824983,-0.2343114055069722,0.08701596914456444,-1.7446535715469547,-0.7306074243577496,0.0,-0.200546274577401,1.0,0.0,0.0,1.0,0.0,0.0,0.0,0.0,0.0,1.0,0,0.0,window_01_0pct,1783691999.298937
-0.38971175060608354,-0.36317306939295285,-0.7368866463097827,-0.4585569123203094,-0.7095632409082235,3.659028650031761,3.7263204300890838,4.119297628905474,-2.1098575111576614,-0.7306074243577496,0.0,-0.200546274577401,0.0,1.0,1.0,0.0,0.0,0.0,0.0,0.0,0.0,1.0,0,0.0,window_01_0pct,1783691998.256513
-0.3217700755752923,-0.36984938277479446,-0.7379063557416712,-0.4058558668836733,-0.684103318687803,-0.24979859986280267,-0.23688092975170585,-0.6040302242810942,-1.8110542878398104,-0.7306074243577496,0.0,-0.200546274577401,1.0,0.0,0.0,0.0,1.0,0.0,0.0,0.0,0.0,1.0,0,0.0,window_01_0pct,1783691998.477511
-0.3217736410957236,-0.36984938277479446,-0.7379063557416712,-0.4058558668836733,-0.684103318687803,-0.24979859986280267,-0.2368809149793528,-0.6040302242810942,-1.7778539296933826,-0.7306074243577496,0.0,-0.200546274577401,1.0,0.0,0.0,0.0,1.0,0.0,0.0,0.0,0.0,1.0,0,0.0,window_01_0pct,1783691998.477853
0.07142231234610594,0.09123351015863997,-0.45166542063198994,-0.195051685137129,-0.37858425204275703,-0.24909241998432827,-0.2369965187262153,0.5821691570305325,-2.7074639577933626,-2.6801783019663556,0.0,-0.200546274577401,1.0,0.0,0.0,1.0,0.0,0.0,0.0,0.0,0.0,1.0,0,0.0,window_01_0pct,1783691961.645251
-0.3217580766382722,-0.18458168642869047,-0.4767545214457448,-0.2477527305737651,-0.42950409648359805,-0.24787309899276763,-0.2362477607323563,-0.08161725467230654,-1.877455004132666,-0.7306074243577496,0.0,-0.200546274577401,1.0,0.0,0.0,1.0,0.0,0.0,0.0,0.0,0.0,1.0,0,0.0,window_01_0pct,1783691998.476417
-0.32176754555031567,-0.2772155346017425,-0.5573540544579261,-0.3180207911559465,-0.5058838631448596,-0.2488357152583246,-0.23652910302925462,-0.22623345672989212,-1.8442546459862383,-0.7306074243577496,0.0,-0.200546274577401,1.0,0.0,0.0,1.0,0.0,0.0,0.0,0.0,0.0,1.0,0,0.0,window_01_0pct,1783691998.477319
-0.32175677426254584,-0.2778414389812901,1.1454757210097604,0.27925772379259567,0.9198717811986885,-0.24884237282467092,-0.23413708964382451,-0.568053248815704,-1.910655362279094,-0.7306074243577496,0.0,-0.200546274577401,1.0,0.0,0.0,1.0,0.0,0.0,0.0,0.0,0.0,1.0,0,0.0,window_01_0pct,1783691998.476323
-0.3068232324489456,-0.1833298776695952,-0.4682781867931723,-0.26531974571931044,-0.4040441742631775,-0.2482093644718543,-0.23647024052785312,-0.09462026422266935,-1.3462492737898202,-0.7306074243577496,0.0,-0.200546274577401,1.0,0.0,0.0,1.0,0.0,0.0,0.0,0.0,0.0,1.0,0,0.0,window_01_0pct,1783692000.512383
-0.18942965719874563,0.004650070987881926,0.09419778462578496,0.03331951175496066,0.07969434792481203,-0.24847800038848414,-0.2364701246345914,-0.2725901064238178,-2.4418610926219397,-2.6801783019663556,0.0,-0.200546274577401,1.0,0.0,0.0,1.0,0.0,0.0,0.0,0.0,0.0,1.0,0,0.0,window_01_0pct,1783691989.515555
-0.18938692432962512,0.0159163498197396,-0.33463251937629496,-0.1599176548460383,-0.3022044853814955,-0.24843856222826347,-0.23673280729464932,0.10040875529801888,-2.4750614507683677,-2.6801783019663556,0.0,-0.200546274577401,1.0,0.0,0.0,1.0,0.0,0.0,0.0,0.0,0.0,1.0,0,0.0,window_01_0pct,1783691989.511557
-0.3068339823862937,-0.2765896302221948,-0.5573540544579261,-0.3180207911559465,-0.5058838631448596,-0.24900387910029018,-0.23664321556073176,-0.2236807758680597,-1.2466481993505367,-0.7306074243577496,0.0,-0.200546274577401,1.0,0.0,0.0,1.0,0.0,0.0,0.0,0.0,0.0,1.0,0,0.0,window_01_0pct,1783692000.513415
-0.3068310467033039,-0.2765896302221948,-0.5940211061129143,-0.3355878063014919,-0.53134378536528,-0.2490039072493545,-0.23670092017788585,-0.12676858986851766,-1.3130489156433924,-0.7306074243577496,0.0,-0.200546274577401,1.0,0.0,0.0,1.0,0.0,0.0,0.0,0.0,0.0,1.0,0,0.0,window_01_0pct,1783692000.513153
-0.306832541232826,-0.2765896302221948,-0.5815509095187786,-0.3180207911559465,-0.5058838631448596,-0.24900389291917094,-0.23664322458866505,-0.16482762796119288,-1.2798485574969645,-0.7306074243577496,0.0,-0.200546274577401,1.0,0.0,0.0,1.0,0.0,0.0,0.0,0.0,0.0,1.0,0,0.0,window_01_0pct,1783692000.513303
-0.25654504955762397,-0.016422043123555573,-0.2055967883494133,-0.054515563972766135,-0.174904874279393,-0.24792418708621214,-0.23630073487272568,-0.11508389004950623,-0.9478449760326859,-0.7306074243577496,0.0,-0.200546274577401,1.0,0.0,0.0,1.0,0.0,0.0,0.0,0.0,0.0,1.0,0,0.0,window_01_0pct,1783692001.93334
-0.2565565147341005,-0.0911132990829083,-0.45327996056581327,-0.21261870028267438,-0.4040441742631775,-0.24832018717677698,-0.23662381667337662,0.11712418691798186,-0.8814442597398302,-0.7306074243577496,0.0,-0.200546274577401,1.0,0.0,0.0,1.0,0.0,0.0,0.0,0.0,0.0,1.0,0,0.0,window_01_0pct,1783692001.934448
-0.2565005552787096,-0.01809112146901597,-0.39615498843356356,-0.17748466999158366,-0.327664407601916,-0.2479336622106194,-0.23655226064774804,0.15393574271129748,-1.0142456923255416,-0.7306074243577496,0.0,-0.200546274577401,1.0,0.0,0.0,1.0,0.0,0.0,0.0,0.0,0.0,1.0,0,0.0,window_01_0pct,1783692001.929218
-0.2565433308486736,-0.017465217089468323,1.3696418444532334,0.4549278752480493,1.1235511589620526,-0.24792974371153,-0.2352595686575933,-0.4808964622427589,-0.9810453341791138,-0.7306074243577496,0.0,-0.200546274577401,1.0,0.0,0.0,1.0,0.0,0.0,0.0,0.0,0.0,1.0,0,0.0,window_01_0pct,1783692001.933245
-0.256559727972573,-0.2811795956722109,-0.5815509095187786,-0.3355878063014919,-0.5058838631448596,-0.2493282850766969,-0.23687515329200695,-0.18644386312682565,-0.8482439015934023,-0.7306074243577496,0.0,-0.200546274577401,1.0,0.0,0.0,1.0,0.0,0.0,0.0,0.0,0.0,1.0,0,0.0,window_01_0pct,1783692001.934806
-0.2565539526834912,-0.013292521225817332,1.0227919299856838,0.3143917540836864,0.8180320923170066,-0.24790746313590173,-0.2355466611168108,-0.45489464218383413,-0.9146446178862581,-0.7306074243577496,0.0,-0.200546274577401,1.0,0.0,0.0,1.0,0.0,0.0,0.0,0.0,0.0,1.0,0,0.0,window_01_0pct,1783692001.93428
-0.28846180569787694,-0.1856248603946032,-0.6589426066098109,-0.3355878063014919,-0.582263629806121,-0.24851357320009543,-0.23678464483274175,1.1136626400261884,-0.8482439015934023,-0.7306074243577496,0.0,-0.200546274577401,1.0,0.0,0.0,1.0,0.0,0.0,0.0,0.0,0.0,1.0,0,0.0,window_01_0pct,1783692008.081176
-0.38698096761376616,-0.36984938277479446,-0.7379063557416712,-0.4058558668836733,-0.684103318687803,-0.24979859986280267,-0.23016217068690192,-0.6040302242810942,-0.3502385293969843,-0.7306074243577496,0.0,-0.200546274577401,1.0,0.0,0.0,0.0,1.0,0.0,0.0,0.0,0.0,1.0,0,0.0,window_01_0pct,1783692018.398187
-0.38698253686976436,-0.36984938277479446,-0.7379063557416712,-0.4058558668836733,-0.684103318687803,-0.24979859986280267,-0.23015814743502747,-0.6040302242810942,-0.31703817125055644,-0.7306074243577496,0.0,-0.200546274577401,1.0,0.0,0.0,0.0,1.0,0.0,0.0,0.0,0.0,1.0,0,0.0,window_01_0pct,1783692018.398352
-0.38697741276854575,-0.27679826501537735,-0.5955506702607468,-0.3355878063014919,-0.53134378536528,-0.22577475373913997,-0.22318012502861037,-0.12272050841484512,-0.3834388875434122,-0.7306074243577496,0.0,-0.200546274577401,1.0,0.0,0.0,1.0,0.0,0.0,0.0,0.0,0.0,1.0,0,0.0,window_01_0pct,1783692018.397936
-0.3869697052662962,-0.27679826501537735,-0.6106338722740966,-0.3355878063014919,-0.53134378536528,-0.22584225168407324,-0.22321940997473871,-0.06568948400479219,-0.41663924568984007,-0.7306074243577496,0.0,-0.200546274577401,1.0,0.0,0.0,1.0,0.0,0.0,0.0,0.0,0.0,1.0,0,0.0,window_01_0pct,1783692018.397228
-0.3868142848712111,0.0013119142969611336,-0.35855320313267774,-0.1599176548460383,-0.327664407601916,-0.15936532200562759,-0.20747274392682558,0.11647531296083921,-0.4830399619826958,-0.7306074243577496,0.0,-0.200546274577401,1.0,0.0,0.0,1.0,0.0,0.0,0.0,0.0,0.0,1.0,0,0.0,window_01_0pct,1783692018.382683
-0.38696379119947316,-0.18583349518778577,1.1531235417489236,0.3495257843747771,0.9453317034191091,-0.20252495671914553,-0.1554235025229557,-0.5323672707253371,-0.4498396038362679,-0.7306074243577496,0.0,-0.200546274577401,1.0,0.0,0.0,1.0,0.0,0.0,0.0,0.0,0.0,1.0,0,0.0,window_01_0pct,1783692018.396697
-0.3887589880357595,-0.1067609085715995,-0.5306291697638502,-0.2477527305737651,-0.45496401870401854,-0.05502401428235198,-0.1720084168210378,0.3306186046302633,-0.2838378131041286,-0.7306074243577496,0.0,-0.200546274577401,1.0,0.0,0.0,1.0,0.0,0.0,0.0,0.0,0.0,1.0,0,0.0,window_01_0pct,1783692020.024347
-0.38897781918342417,-0.36984938277479446,-0.7379063557416712,-0.4058558668836733,-0.684103318687803,-0.24979859986280267,-0.21114744944004063,-0.6040302242810942,-0.1510363805184171,-0.7306074243577496,0.0,-0.200546274577401,1.0,0.0,0.0,0.0,1.0,0.0,0.0,0.0,0.0,1.0,0,0.0,window_01_0pct,1783692020.044868
-0.38896175299106184,-0.19376161732872266,-0.4767545214457448,-0.23018571542821972,-0.42950409648359805,-0.08424599836349886,-0.14805740846092388,-0.10750258199526445,-0.21743709681127285,-0.7306074243577496,0.0,-0.200546274577401,1.0,0.0,0.0,1.0,0.0,0.0,0.0,0.0,0.0,1.0,0,0.0,window_01_0pct,1783692020.043377
-0.38897525713281483,-0.28180550005175853,-0.5573540544579261,-0.3180207911559465,-0.5058838631448596,-0.1655070175021252,-0.17883203768218858,-0.24495311638333006,-0.184236738664845,-0.7306074243577496,0.0,-0.200546274577401,1.0,0.0,0.0,1.0,0.0,0.0,0.0,0.0,0.0,1.0,0,0.0,window_01_0pct,1783692020.044653
-0.38895998090605705,-0.19584796526054815,1.1531235417489236,0.3319587692292318,0.9453317034191091,-0.08659252411824171,0.05492214097541947,-0.5362672954086435,-0.25063745495770073,-0.7306074243577496,0.0,-0.200546274577401,1.0,0.0,0.0,1.0,0.0,0.0,0.0,0.0,0.0,1.0,0,0.0,window_01_0pct,1783692020.043232
0.613467993854895,0.07120457001311521,1.5501941457369788,0.5603299661213215,1.2763106922845755,-0.24948808877607745,-0.23688121691951822,-0.4620737361349594,-3.2718700462826367,-2.6801783019663556,0.0,-0.200546274577401,1.0,0.0,0.0,1.0,0.0,0.0,0.0,0.0,0.0,1.0,0,0.0,window_01_0pct,1783691926.409991
0.6135110683307635,0.2489614138046474,0.20249942387093525,0.1914226480648689,0.20699395902691456,-0.24936296299423055,-0.23698131036680767,-0.11943911853384408,-3.338270762575492,-2.6801783019663556,0.0,-0.200546274577401,1.0,0.0,0.0,1.0,0.0,0.0,0.0,0.0,0.0,1.0,0,0.0,window_01_0pct,1783691926.405962
0.6135198326788894,0.1592484527361511,1.6423291416973977,0.6657320569945936,1.3781503811662577,-0.249426123312814,-0.23685263702079404,-0.4403279029976097,-3.37147112072192,-2.6801783019663556,0.0,-0.200546274577401,1.0,0.0,0.0,1.0,0.0,0.0,0.0,0.0,0.0,1.0,0,0.0,window_01_0pct,1783691926.405159
0.6134775481686255,0.1609175310816115,0.28369378738505147,0.20898966321041426,0.23245388124733507,-0.2494249325585001,-0.23697653837667057,-0.22142004228716047,-3.305070404429064,-2.6801783019663556,0.0,-0.200546274577401,1.0,0.0,0.0,1.0,0.0,0.0,0.0,0.0,0.0,1.0,0,0.0,window_01_0pct,1783691926.409132
0.6136360750500744,0.6860513055220886,0.36087304501110695,0.38465981466586785,0.3597534923494376,-0.24905534851344344,-0.23692891588449772,0.10366591125331731,-3.404671478868348,-2.6801783019663556,0.0,-0.200546274577401,1.0,0.0,0.0,1.0,0.0,0.0,0.0,0.0,0.0,1.0,0,0.0,window_01_0pct,1783691926.394898
-0.38971227369141626,-0.36317306939295285,-0.7368866463097827,-0.4585569123203094,-0.7095632409082235,6.651724513232287,6.760861979529146,4.119297628905474,-0.682242110861263,-0.7306074243577496,0.0,-0.200546274577401,0.0,1.0,1.0,0.0,0.0,0.0,0.0,0.0,0.0,1.0,0,0.0,window_01_0pct,1783692015.874215
-0.3876541997874075,-0.36984938277479446,-0.7379063557416712,-0.4058558668836733,-0.684103318687803,-0.24979859986280267,-0.22787302920152072,-0.6040302242810942,-0.1510363805184171,-0.7306074243577496,0.0,-0.200546274577401,1.0,0.0,0.0,0.0,1.0,0.0,0.0,0.0,0.0,1.0,0,0.0,window_01_0pct,1783692021.216804
-0.38742263311317254,-0.10050186477612302,-0.5306291697638502,-0.23018571542821972,-0.45496401870401854,-0.1667407349852868,-0.2079368366782183,0.3528545006392568,-0.2838378131041286,-0.7306074243577496,0.0,-0.200546274577401,1.0,0.0,0.0,1.0,0.0,0.0,0.0,0.0,0.0,1.0,0,0.0,window_01_0pct,1783692021.195122
-0.3876360946297686,-0.18958892146507167,-0.4767545214457448,-0.2477527305737651,-0.42950409648359805,-0.18849902679969133,-0.20723510959967462,-0.0957365241211927,-0.21743709681127285,-0.7306074243577496,0.0,-0.200546274577401,1.0,0.0,0.0,1.0,0.0,0.0,0.0,0.0,0.0,1.0,0,0.0,window_01_0pct,1783692021.21513
-0.38764959877152166,-0.27971915211993303,-0.5573540544579261,-0.3004537760104012,-0.5058838631448596,-0.2189482184585853,-0.21399074323802,-0.23644418017722194,-0.184236738664845,-0.7306074243577496,0.0,-0.200546274577401,1.0,0.0,0.0,1.0,0.0,0.0,0.0,0.0,0.0,1.0,0,0.0,window_01_0pct,1783692021.216405
-0.3876340876901247,-0.19167526939689716,1.1531235417489236,0.3495257843747771,0.9453317034191091,-0.18926700624899126,-0.1290681635535408,-0.5346422851239325,-0.25063745495770073,-0.7306074243577496,0.0,-0.200546274577401,1.0,0.0,0.0,1.0,0.0,0.0,0.0,0.0,0.0,1.0,0,0.0,window_01_0pct,1783692021.214956
0.25140364546889543,-0.36984938277479446,-0.7379063557416712,-0.38828885173812794,-0.6331834742469621,-0.24979859986280267,-0.23712512235828664,-0.6040302242810942,-2.5082618089147957,-2.6801783019663556,0.0,-0.200546274577401,1.0,0.0,0.0,0.0,1.0,0.0,0.0,0.0,0.0,1.0,0,0.0,window_01_0pct,1783691966.46824
0.10771304398735647,0.08580900553589368,1.5135270940819905,0.5603299661213215,1.2508507700641551,-0.24915164265376044,-0.23659531551912633,-0.45498474279838336,-2.4086607344755118,-2.6801783019663556,0.0,-0.200546274577401,1.0,0.0,0.0,1.0,0.0,0.0,0.0,0.0,0.0,1.0,0,0.0,window_01_0pct,1783691980.528249
0.1077099481762036,-0.004112590325785153,-0.1925317612533428,-0.019381533681675417,-0.12398502983855199,-0.2492793127538974,-0.23691250239994519,-0.11017518615109556,-2.3754603763290842,-2.6801783019663556,0.0,-0.200546274577401,1.0,0.0,0.0,1.0,0.0,0.0,0.0,0.0,0.0,1.0,0,0.0,window_01_0pct,1783691980.528549
0.10772751957329889,-0.004112590325785153,-0.0968702701743095,0.0157524966094153,-0.09852510761813149,-0.24927933109699651,-0.23689328824540778,-0.18387048164086833,-2.4418610926219397,-2.6801783019663556,0.0,-0.200546274577401,1.0,0.0,0.0,1.0,0.0,0.0,0.0,0.0,0.0,1.0,0,0.0,window_01_0pct,1783691980.526907
0.10772982541884725,0.2675299103978943,-0.07220604829050813,0.0157524966094153,-0.07306518539771098,-0.24889366048681938,-0.23689328949289437,0.10106535261558867,-2.4750614507683677,-2.6801783019663556,0.0,-0.200546274577401,1.0,0.0,0.0,1.0,0.0,0.0,0.0,0.0,0.0,1.0,0,0.0,window_01_0pct,1783691980.526705
0.1078228385311748,0.17802558412258057,-0.10022681372094225,0.05088652690050602,-0.07306518539771098,-0.2490208824996064,-0.2368741205049226,0.028683364420818445,-2.5082618089147957,-2.6801783019663556,0.0,-0.200546274577401,1.0,0.0,0.0,1.0,0.0,0.0,0.0,0.0,0.0,1.0,0,0.0,window_01_0pct,1783691980.517997
0.10770797326219234,-0.09570326453292438,-0.2822024594200316,-0.12478362455494757,-0.2512846409406545,-0.24940935515646265,-0.23697017262038764,-0.16101181813704246,-2.3422600181826563,-2.6801783019663556,0.0,-0.200546274577401,1.0,0.0,0.0,1.0,0.0,0.0,0.0,0.0,0.0,1.0,0,0.0,window_01_0pct,1783691980.528769
0.13221444637397425,0.4682365814395069,0.1889457860054182,0.17385563291932354,0.15607411458607354,-0.24866452131061734,-0.23682346945925367,0.06187253136745016,-2.4086607344755118,-2.6801783019663556,0.0,-0.200546274577401,1.0,0.0,0.0,1.0,0.0,0.0,0.0,0.0,0.0,1.0,0,0.0,window_01_0pct,1783691992.063909
-0.04521955725533278,0.09999617147230705,0.5262146806025163,0.20898966321041426,0.4361332590106991,-0.2488353501553732,-0.23662113796061426,-0.33031319262492126,-0.7154424690076908,-0.7306074243577496,0.0,-0.200546274577401,1.0,0.0,0.0,1.0,0.0,0.0,0.0,0.0,0.0,1.0,0,0.0,window_01_0pct,1783692008.685044
-0.04519500427032726,0.004232801401516826,-0.1831206929548725,-0.019381533681675417,-0.12398502983855199,-0.24903173323820998,-0.23680158768916557,-0.10747469414940734,-0.7818431853005465,-0.7306074243577496,0.0,-0.200546274577401,1.0,0.0,0.0,1.0,0.0,0.0,0.0,0.0,0.0,1.0,0,0.0,window_01_0pct,1783692008.68276
-0.045203789968874857,0.004232801401516826,-0.1899187558341287,-0.054515563972766135,-0.14944495205897249,-0.24903171368151994,-0.23682933475732867,-0.10131491086354365,-0.7486428271541187,-0.7306074243577496,0.0,-0.200546274577401,1.0,0.0,0.0,1.0,0.0,0.0,0.0,0.0,0.0,1.0,0,0.0,window_01_0pct,1783692008.683587
-0.0452277024412281,0.11126245030416472,-0.18027400412418396,-0.036948548827220776,-0.174904874279393,-0.2488122293717742,-0.23681543253859133,0.0313360941033856,-0.682242110861263,-0.7306074243577496,0.0,-0.200546274577401,1.0,0.0,0.0,1.0,0.0,0.0,0.0,0.0,0.0,1.0,0,0.0,window_01_0pct,1783692008.685833
-0.045171241250926225,0.09624074519502115,1.5768552985915616,0.6305980267035028,1.301770614504996,-0.24884318330874478,-0.23628817009155378,-0.45574349164238737,-0.8150435434469744,-0.7306074243577496,0.0,-0.200546274577401,1.0,0.0,0.0,1.0,0.0,0.0,0.0,0.0,0.0,1.0,0,0.0,window_01_0pct,1783692008.680552
0.48365771788232703,0.3526529060163745,0.24041986836928622,0.20898966321041426,0.23245388124733507,-0.24921434102420933,-0.23694890999074072,-0.060168170354321544,-2.5414621670612236,-2.6801783019663556,0.0,-0.200546274577401,1.0,0.0,0.0,1.0,0.0,0.0,0.0,0.0,0.0,1.0,0,0.0,window_01_0pct,1783691966.462115
-0.15792374722411168,-0.27971915211993303,-0.5955506702607468,-0.3355878063014919,-0.53134378536528,-0.2495239736820747,-0.2369973930060716,-0.1378288851460726,0.014965410213722202,-0.7306074243577496,0.0,-0.200546274577401,1.0,0.0,0.0,1.0,0.0,0.0,0.0,0.0,0.0,1.0,0,0.0,window_01_0pct,1783692026.562338
-0.15792081154112186,-0.27971915211993303,-0.6106338722740966,-0.3180207911559465,-0.53134378536528,-0.24952397716025734,-0.23697676823355465,-0.08258807226458642,-0.018234947932705664,-0.7306074243577496,0.0,-0.200546274577401,1.0,0.0,0.0,1.0,0.0,0.0,0.0,0.0,0.0,1.0,0,0.0,window_01_0pct,1783692026.562205
-0.34556661513845505,-0.36984938277479446,-0.7379063557416712,-0.4058558668836733,-0.684103318687803,-0.24979859986280267,-0.23672920130719394,-0.6040302242810942,0.6789725731422795,-0.7306074243577496,0.0,-0.200546274577401,1.0,0.0,0.0,0.0,1.0,0.0,0.0,0.0,0.0,1.0,0,0.0,window_01_0pct,1783692044.1402
0.48366547876063093,0.26127086660241783,1.8477368603834232,0.8062681781589565,1.5563698367092011,-0.24928824257672016,-0.2367627853322318,-0.4242745513459468,-2.574662525207651,-2.6801783019663556,0.0,-0.200546274577401,1.0,0.0,0.0,1.0,0.0,0.0,0.0,0.0,0.0,1.0,0,0.0,window_01_0pct,1783691966.461947
0.48378214814025083,0.26127086660241783,1.785938220021685,0.7184331024312297,1.5563698367092011,-0.24928831074317878,-0.23679020660495304,-0.4198731065076557,-2.607862883354079,-2.6801783019663556,0.0,-0.200546274577401,1.0,0.0,0.0,1.0,0.0,0.0,0.0,0.0,0.0,1.0,0,0.0,window_01_0pct,1783691966.451187
0.6191567283268856,-0.006824842637158297,-0.17591899509216047,-0.0720825791183115,-0.12398502983855199,-0.24954446421926302,-0.23705341045921768,-0.1283274592524054,-2.939866464818358,-2.6801783019663556,0.0,-0.200546274577401,1.0,0.0,0.0,1.0,0.0,0.0,0.0,0.0,0.0,1.0,0,0.0,window_01_0pct,1783691954.766703
0.6191658449569704,0.17406152305211212,0.12978139500939162,0.08602055719159674,0.13061419236565305,-0.24941783800314254,-0.23701075983698805,-0.14239778001801756,-2.973066822964786,-2.6801783019663556,0.0,-0.200546274577401,1.0,0.0,0.0,1.0,0.0,0.0,0.0,0.0,0.0,1.0,0,0.0,window_01_0pct,1783691954.765884
0.6192123355003178,0.7183896984653838,2.821007025227934,1.2630105719431357,2.3965472699830777,-0.2490368191401059,-0.23669326393568016,-0.3788413319628344,-3.0726678974040693,-2.6801783019663556,0.0,-0.200546274577401,1.0,0.0,0.0,1.0,0.0,0.0,0.0,0.0,0.0,1.0,0,0.0,window_01_0pct,1783691954.761542
0.6192104673384151,0.26481765808652113,0.2291180888325228,0.15628861777377817,0.23245388124733507,-0.24935432431653828,-0.2369918111126577,-0.12070260959482072,-3.0394675392576413,-2.6801783019663556,0.0,-0.200546274577401,1.0,0.0,0.0,1.0,0.0,0.0,0.0,0.0,0.0,1.0,0,0.0,window_01_0pct,1783691954.761772
0.6193102698848573,1.1074935877508385,1.4307606785270464,0.7887011630134111,1.2508507700641551,-0.2487645420125571,-0.23682124597731066,-0.1023501470500214,-3.1058682555504973,-2.6801783019663556,0.0,-0.200546274577401,1.0,0.0,0.0,1.0,0.0,0.0,0.0,0.0,0.0,1.0,0,0.0,window_01_0pct,1783691954.752516
0.6191698908618908,0.6407775554014754,0.9279801967665574,0.47249489039359466,0.8180320923170066,-0.24909111883035642,-0.23690650137900882,-0.1572617025765147,-3.0062671811112134,-2.6801783019663556,0.0,-0.200546274577401,1.0,0.0,0.0,1.0,0.0,0.0,0.0,0.0,0.0,1.0,0,0.0,window_01_0pct,1783691954.765694
-0.3893275390915901,-0.36984938277479446,-0.7379063557416712,-0.4058558668836733,-0.684103318687803,-0.24979859986280267,-0.18754202877169873,-0.6040302242810942,0.9777757964601304,-0.7306074243577496,0.0,-0.200546274577401,1.0,0.0,0.0,0.0,1.0,0.0,0.0,0.0,0.0,1.0,0,0.0,window_01_0pct,1783692050.687109
-0.38913823557719734,-0.10050186477612302,-0.5306291697638502,-0.2477527305737651,-0.45496401870401854,0.08119556173631166,-0.12901455086398217,0.3528545006392568,0.8449743638744188,-0.7306074243577496,0.0,-0.200546274577401,1.0,0.0,0.0,1.0,0.0,0.0,0.0,0.0,0.0,1.0,0,0.0,window_01_0pct,1783692050.669387
-0.38931464343685684,-0.18958892146507167,-0.4767545214457448,-0.26531974571931044,-0.42950409648359805,0.06982596969734725,-0.09312074160086921,-0.0957365241211927,0.9113750801672745,-0.7306074243577496,0.0,-0.200546274577401,1.0,0.0,0.0,1.0,0.0,0.0,0.0,0.0,0.0,1.0,0,0.0,window_01_0pct,1783692050.685915
-0.3893130528304369,-0.19167526939689716,1.1531235417489236,0.3319587692292318,0.9453317034191091,0.06487002823485653,0.3128011201491009,-0.5346422851239325,0.8781747220208467,-0.7306074243577496,0.0,-0.200546274577401,1.0,0.0,0.0,1.0,0.0,0.0,0.0,0.0,0.0,1.0,0,0.0,window_01_0pct,1783692050.685775
-0.3893307096292192,-0.36984938277479446,-0.7379063557416712,-0.4058558668836733,-0.684103318687803,-0.24979859986280267,-0.18713045412921023,-0.6040302242810942,1.010976154606558,-0.7306074243577496,0.0,-0.200546274577401,1.0,0.0,0.0,0.0,1.0,0.0,0.0,0.0,0.0,1.0,0,0.0,window_01_0pct,1783692050.687436
-0.38932524392125273,-0.27971915211993303,-0.5573540544579261,-0.3004537760104012,-0.5058838631448596,-0.08561687763162457,-0.11384580961328541,-0.23644418017722194,0.9445754383137024,-0.7306074243577496,0.0,-0.200546274577401,1.0,0.0,0.0,1.0,0.0,0.0,0.0,0.0,0.0,1.0,0,0.0,window_01_0pct,1783692050.686935
-0.38971214558888584,-0.36317306939295285,-0.7368866463097827,-0.4585569123203094,-0.7095632409082235,5.56201033748043,5.655910760130454,4.119297628905474,0.7121729312887074,-0.7306074243577496,0.0,-0.200546274577401,0.0,1.0,1.0,0.0,0.0,0.0,0.0,0.0,0.0,1.0,0,0.0,window_01_0pct,1783692046.326866
-0.3890819238398477,-0.36984938277479446,-0.7379063557416712,-0.4058558668836733,-0.684103318687803,-0.24979859986280267,-0.20685563229054985,-0.6040302242810942,1.2433786616315532,-0.7306074243577496,0.0,-0.200546274577401,1.0,0.0,0.0,0.0,1.0,0.0,0.0,0.0,0.0,1.0,0,0.0,window_01_0pct,1783692051.456857
-0.38906819551866634,-0.18958892146507167,-0.4767545214457448,-0.23018571542821972,-0.42950409648359805,-0.05234451298197361,-0.1333472198734673,-0.0957365241211927,1.1769779453386975,-0.7306074243577496,0.0,-0.200546274577401,1.0,0.0,0.0,1.0,0.0,0.0,0.0,0.0,0.0,1.0,0,0.0,window_01_0pct,1783692051.455594
-0.38876698376870256,-0.10050186477612302,-0.5306291697638502,-0.26531974571931044,-0.45496401870401854,-0.04870472442538285,-0.17651191762273546,0.3528545006392568,1.1105772290458418,-0.7306074243577496,0.0,-0.200546274577401,1.0,0.0,0.0,1.0,0.0,0.0,0.0,0.0,0.0,1.0,0,0.0,window_01_0pct,1783692051.427385
-0.38908035458384954,-0.27971915211993303,-0.5573540544579261,-0.3180207911559465,-0.5058838631448596,-0.1491739526410447,-0.16914131533742327,-0.23644418017722194,1.2101783034851255,-0.7306074243577496,0.0,-0.200546274577401,1.0,0.0,0.0,1.0,0.0,0.0,0.0,0.0,0.0,1.0,0,0.0,window_01_0pct,1783692051.456752
-0.3890652705108874,-0.19167526939689716,1.1531235417489236,0.29682473893814104,0.9453317034191091,-0.05551126011520226,0.08764040977108924,-0.5346422851239325,1.1437775871922695,-0.7306074243577496,0.0,-0.200546274577401,1.0,0.0,0.0,1.0,0.0,0.0,0.0,0.0,0.0,1.0,0,0.0,window_01_0pct,1783692051.455342
-0.3712870305297549,-0.36984938277479446,-0.7379063557416712,-0.4058558668836733,-0.684103318687803,-0.24979859986280267,-0.2361244931803041,-0.6040302242810942,1.3761800942172646,-0.7306074243577496,0.0,-0.200546274577401,1.0,0.0,0.0,0.0,1.0,0.0,0.0,0.0,0.0,1.0,0,0.0,window_01_0pct,1783692052.402636
-0.3712330673387971,-0.009119825362166342,1.3696418444532334,0.5076289206846853,1.1235511589620526,-0.23601232202429,-0.2226740061215696,-0.4779803281506727,1.2765790197779812,-0.7306074243577496,0.0,-0.200546274577401,1.0,0.0,0.0,1.0,0.0,0.0,0.0,0.0,0.0,1.0,0,0.0,window_01_0pct,1783692052.397594
-0.3631297282700954,0.35119246246409663,-0.055869453433795575,0.1035875723371421,-0.02214534095686998,-0.230642044799294,-0.2312271725010302,0.17451120096849515,1.2765790197779812,-0.7306074243577496,0.0,-0.200546274577401,1.0,0.0,0.0,1.0,0.0,0.0,0.0,0.0,0.0,1.0,0,0.0,window_01_0pct,1783692051.638523
-0.37127886399343785,0.005901879746977223,-0.33616208352412763,-0.10721660940940221,-0.3022044853814955,-0.23540254988323425,-0.23171576071799385,0.08473378751674152,1.3429797360708369,-0.7306074243577496,0.0,-0.200546274577401,1.0,0.0,0.0,1.0,0.0,0.0,0.0,0.0,0.0,1.0,0,0.0,window_01_0pct,1783692052.401904
-0.3712475963007938,0.17593923619075508,0.6229171250599357,0.3319587692292318,0.5379729478923811,-0.22892336591015916,-0.22525185697540967,-0.3086655462096263,1.309779377924409,-0.7306074243577496,0.0,-0.200546274577401,1.0,0.0,0.0,1.0,0.0,0.0,0.0,0.0,0.0,1.0,0,0.0,window_01_0pct,1783692052.398983
-0.27835028866078215,-0.16976861611272945,-0.6606421223296249,-0.3355878063014919,-0.582263629806121,-0.24852969113626497,-0.23681894518620383,1.3025281452651023,0.7453732894351353,-0.7306074243577496,0.0,-0.200546274577401,1.0,0.0,0.0,1.0,0.0,0.0,0.0,0.0,0.0,1.0,0,0.0,window_01_0pct,1783692046.327902
-0.2783868085571752,-0.2736687431176391,-0.12208683466705046,-0.12478362455494757,-0.12398502983855199,-0.24918842382741632,-0.23630346629257587,-0.48901326431822967,0.7785736475815631,-0.7306074243577496,0.0,-0.200546274577401,1.0,0.0,0.0,1.0,0.0,0.0,0.0,0.0,0.0,1.0,0,0.0,window_01_0pct,1783692046.331343
0.22756013497789596,0.08539173594952858,0.20536735664812145,0.08602055719159674,0.18153403680649405,-0.24927773050916974,-0.23691455109416665,-0.24861450954405406,-1.412649990082676,-0.7306074243577496,0.0,-0.200546274577401,1.0,0.0,0.0,1.0,0.0,0.0,0.0,0.0,0.0,1.0,0,0.0,window_01_0pct,1783691999.762871
0.22757476001679058,-0.09758097767156733,-0.2695410673074169,-0.1599176548460383,-0.2512846409406545,-0.2494870882212185,-0.23702299266688512,-0.17593980852340774,-1.5122510645219596,-0.7306074243577496,0.0,-0.200546274577401,1.0,0.0,0.0,1.0,0.0,0.0,0.0,0.0,0.0,1.0,0,0.0,window_01_0pct,1783691999.76151
0.22755791453403457,-0.18833711270597636,-0.3501406003195982,-0.195051685137129,-0.327664407601916,-0.24959091976759074,-0.2370384800992328,-0.2593190199194759,-1.3794496319362481,-0.7306074243577496,0.0,-0.200546274577401,1.0,0.0,0.0,1.0,0.0,0.0,0.0,0.0,0.0,1.0,0,0.0,window_01_0pct,1783691999.763112
0.2275637859000142,-0.09758097767156733,-0.3103931764224471,-0.10721660940940221,-0.2512846409406545,-0.24948708268307834,-0.2369997535536835,-0.13503457277175404,-1.4458503482291039,-0.7306074243577496,0.0,-0.200546274577401,1.0,0.0,0.0,1.0,0.0,0.0,0.0,0.0,0.0,1.0,0,0.0,window_01_0pct,1783691999.762664
0.22763356975348434,0.18637097584988255,-0.2638901775390352,-0.08964959426385685,-0.225824718720234,-0.24916226965420127,-0.2369920272707814,0.260095451826358,-1.5454514226683875,-0.7306074243577496,0.0,-0.200546274577401,1.0,0.0,0.0,1.0,0.0,0.0,0.0,0.0,0.0,1.0,0,0.0,window_01_0pct,1783691999.756155
0.22757521905085804,0.2806739023683949,0.4319977778853249,0.26169070864705035,0.3852134145698581,-0.24905431436381684,-0.236837103136779,-0.19453641398078295,-1.4790507063755318,-0.7306074243577496,0.0,-0.200546274577401,1.0,0.0,0.0,1.0,0.0,0.0,0.0,0.0,0.0,1.0,0,0.0,window_01_0pct,1783691999.761645
0.12413522260663239,0.3336671398367625,-0.048157900855139324,0.06845354204605138,-0.02214534095686998,-0.24883164957111684,-0.23687396782207118,0.14709586380129805,-0.5826410364219794,-0.7306074243577496,0.0,-0.200546274577401,1.0,0.0,0.0,1.0,0.0,0.0,0.0,0.0,0.0,1.0,0,0.0,window_01_0pct,1783692011.813536
-0.012124385937343838,-0.017465217089468323,1.3711714086010662,0.4549278752480493,1.1235511589620526,-0.24913948331650432,-0.23649130740182958,-0.4809857615061227,-0.21743709681127285,-0.7306074243577496,0.0,-0.200546274577401,1.0,0.0,0.0,1.0,0.0,0.0,0.0,0.0,0.0,1.0,0,0.0,window_01_0pct,1783692024.577662
-0.012143601316913355,-0.016422043123555573,-0.15492997595245697,-0.054515563972766135,-0.12398502983855199,-0.24913749846972255,-0.23685849901565464,-0.1575769486488699,-0.184236738664845,-0.7306074243577496,0.0,-0.200546274577401,1.0,0.0,0.0,1.0,0.0,0.0,0.0,0.0,0.0,1.0,0,0.0,window_01_0pct,1783692024.57948
-0.01218731630543418,-0.0024435119803247573,-0.3456156397155933,-0.1599176548460383,-0.3022044853814955,-0.24911127143312584,-0.23693445036754401,0.08566497039660069,-0.1510363805184171,-0.7306074243577496,0.0,-0.200546274577401,1.0,0.0,0.0,1.0,0.0,0.0,0.0,0.0,0.0,1.0,0,0.0,window_01_0pct,1783692024.583592
-0.012202475104872346,-0.19000619105143676,0.08512661947127748,-0.019381533681675417,0.054234425704391534,-0.24946214279460882,-0.23683312175524387,-0.44311089541612647,-0.11783602237198926,-0.7306074243577496,0.0,-0.200546274577401,1.0,0.0,0.0,1.0,0.0,0.0,0.0,0.0,0.0,1.0,0,0.0,window_01_0pct,1783692024.585024
-0.049526300278258634,-0.36984938277479446,-0.7379063557416712,-0.4058558668836733,-0.684103318687803,-0.24979859986280267,-0.2371061920977064,-0.6040302242810942,0.04816576836015007,-0.7306074243577496,0.0,-0.200546274577401,1.0,0.0,0.0,0.0,1.0,0.0,0.0,0.0,0.0,1.0,0,0.0,window_01_0pct,1783692028.081343
-0.3890232101800518,-0.10050186477612302,-0.5306291697638502,-0.2477527305737651,-0.45496401870401854,0.0259974237552794,-0.14704979481474006,0.3528545006392568,0.1145664846530058,-0.7306074243577496,0.0,-0.200546274577401,1.0,0.0,0.0,1.0,0.0,0.0,0.0,0.0,0.0,1.0,0,0.0,window_01_0pct,1783692060.621974
-0.38919002102513733,-0.36984938277479446,-0.7379063557416712,-0.4058558668836733,-0.684103318687803,-0.24979859986280267,-0.2005908539652256,-0.6040302242810942,0.24736791723871726,-0.7306074243577496,0.0,-0.200546274577401,1.0,0.0,0.0,0.0,1.0,0.0,0.0,0.0,0.0,1.0,0,0.0,window_01_0pct,1783692060.63761
-0.3891602692124372,-0.18958892146507167,-0.4767545214457448,-0.2477527305737651,-0.42950409648359805,-0.01945011823283506,-0.12470309158504778,-0.0957365241211927,0.18096720094586152,-0.7306074243577496,0.0,-0.200546274577401,1.0,0.0,0.0,1.0,0.0,0.0,0.0,0.0,0.0,1.0,0,0.0,window_01_0pct,1783692060.634832
-0.3891587853581259,-0.19167526939689716,1.1531235417489236,0.3670927995203225,0.9453317034191091,-0.022725832927095832,0.1769601613675833,-0.5346422851239325,0.14776684279943367,-0.7306074243577496,0.0,-0.200546274577401,1.0,0.0,0.0,1.0,0.0,0.0,0.0,0.0,0.0,1.0,0,0.0,window_01_0pct,1783692060.634708
-0.38918548406051673,-0.27971915211993303,-0.5573540544579261,-0.3180207911559465,-0.5058838631448596,-0.12911867090540136,-0.15558417744916686,-0.23644418017722194,0.2141675590922894,-0.7306074243577496,0.0,-0.200546274577401,1.0,0.0,0.0,1.0,0.0,0.0,0.0,0.0,0.0,1.0,0,0.0,window_01_0pct,1783692060.637218
0.2662878784834779,-0.36984938277479446,-0.7379063557416712,-0.38828885173812794,-0.6331834742469621,-0.24979859986280267,-0.23712596839057315,-0.6040302242810942,-0.4830399619826958,-0.7306074243577496,0.0,-0.200546274577401,1.0,0.0,0.0,0.0,1.0,0.0,0.0,0.0,0.0,1.0,0,0.0,window_01_0pct,1783692012.281201
0.2662830212625312,-0.36984938277479446,-0.7379063557416712,-0.38828885173812794,-0.6331834742469621,-0.24979859986280267,-0.23712596812074696,-0.6040302242810942,-0.4498396038362679,-0.7306074243577496,0.0,-0.200546274577401,1.0,0.0,0.0,0.0,1.0,0.0,0.0,0.0,0.0,1.0,0,0.0,window_01_0pct,1783692012.281717
0.2289109121103709,-0.09007012511699555,-0.3479524738303376,-0.14235063970049294,-0.276744563161075,-0.2494791861845177,-0.2370155651132762,-0.07568076987501582,-0.5826410364219794,-0.7306074243577496,0.0,-0.200546274577401,1.0,0.0,0.0,1.0,0.0,0.0,0.0,0.0,0.0,1.0,0,0.0,window_01_0pct,1783692015.876498
0.22891456303248917,-0.27617236063582973,-0.6034321744113845,-0.3180207911559465,-0.5058838631448596,-0.24969165288655004,-0.23709285230410979,-0.09108827149935719,-0.6490417527148351,-0.7306074243577496,0.0,-0.200546274577401,1.0,0.0,0.0,1.0,0.0,0.0,0.0,0.0,0.0,1.0,0,0.0,window_01_0pct,1783692015.876167
0.22891227853736257,-0.27617236063582973,-0.5306929016033433,-0.26531974571931044,-0.45496401870401854,-0.24969165249161004,-0.23706966606435886,-0.2711306340134184,-0.6158413945684073,-0.7306074243577496,0.0,-0.200546274577401,1.0,0.0,0.0,1.0,0.0,0.0,0.0,0.0,0.0,1.0,0,0.0,window_01_0pct,1783692015.87639
0.2289107733326296,0.0981184583336641,0.25662899954701274,0.12115458748268745,0.23245388124733507,-0.24926433808717588,-0.2368996348838379,-0.25750954067387655,-0.5494406782755515,-0.7306074243577496,0.0,-0.200546274577401,1.0,0.0,0.0,1.0,0.0,0.0,0.0,0.0,0.0,1.0,0,0.0,window_01_0pct,1783692015.876539
0.8713462126079831,0.28213434592067277,-0.07947147799271317,0.06845354204605138,0.003314581263550526,-0.24943345435480788,-0.23704487745698138,0.1251797062714074,-2.90666610667193,-2.6801783019663556,0.0,-0.200546274577401,1.0,0.0,0.0,1.0,0.0,0.0,0.0,0.0,0.0,1.0,0,0.0,window_01_0pct,1783691955.696435
0.22891002606786856,0.0163336194061047,1.4032922557055518,0.47249489039359466,1.1490110811824732,-0.24935770831521106,-0.2367450607843739,-0.4712068377039823,-0.5162403201291237,-0.7306074243577496,0.0,-0.200546274577401,1.0,0.0,0.0,1.0,0.0,0.0,0.0,0.0,0.0,1.0,0,0.0,window_01_0pct,1783692015.876626
-0.3878105702762602,-0.09299101222155125,-0.5306291697638502,-0.23018571542821972,-0.45496401870401854,-0.14701506652411395,-0.20197711964083237,0.3795375758500489,-0.31703817125055644,-0.7306074243577496,0.0,-0.200546274577401,1.0,0.0,0.0,1.0,0.0,0.0,0.0,0.0,0.0,1.0,0,0.0,window_01_0pct,1783692076.119147
-0.38788834986267345,-0.36984938277479446,-0.7379063557416712,-0.4058558668836733,-0.684103318687803,-0.24979859986280267,-0.22668093185572255,-0.6040302242810942,-0.184236738664845,-0.7306074243577496,0.0,-0.200546274577401,1.0,0.0,0.0,0.0,1.0,0.0,0.0,0.0,0.0,1.0,0,0.0,window_01_0pct,1783692076.126456
-0.3878588969558777,-0.18458168642869047,-0.4767545214457448,-0.23018571542821972,-0.42950409648359805,-0.17922527177560227,-0.201060003527558,-0.08161725467230654,-0.25063745495770073,-0.7306074243577496,0.0,-0.200546274577401,1.0,0.0,0.0,1.0,0.0,0.0,0.0,0.0,0.0,1.0,0,0.0,window_01_0pct,1783692076.123706
-0.3878821262147351,-0.2772155346017425,-0.5573540544579261,-0.3180207911559465,-0.5058838631448596,-0.21406422481147158,-0.21365925233470956,-0.22623345672989212,-0.21743709681127285,-0.7306074243577496,0.0,-0.200546274577401,1.0,0.0,0.0,1.0,0.0,0.0,0.0,0.0,0.0,1.0,0,0.0,window_01_0pct,1783692076.125889
-0.38785762660578393,-0.18666803436051596,1.1531235417489236,0.3319587692292318,0.9453317034191091,-0.18006779406184423,-0.11862143827722402,-0.5326922727822792,-0.2838378131041286,-0.7306074243577496,0.0,-0.200546274577401,1.0,0.0,0.0,1.0,0.0,0.0,0.0,0.0,0.0,1.0,0,0.0,window_01_0pct,1783692076.123605
-0.38866476862460336,-0.18249533849686497,-0.4682781867931723,-0.2477527305737651,-0.4040441742631775,-0.12356108332715428,-0.17786497044477667,-0.09234102502777702,-0.08463566422556139,-0.7306074243577496,0.0,-0.200546274577401,1.0,0.0,0.0,1.0,0.0,0.0,0.0,0.0,0.0,1.0,0,0.0,window_01_0pct,1783692078.03258
-0.3886837171239011,-0.36984938277479446,-0.7379063557416712,-0.4058558668836733,-0.684103318687803,-0.24979859986280267,-0.21858114333629852,-0.6040302242810942,0.014965410213722202,-0.7306074243577496,0.0,-0.200546274577401,1.0,0.0,0.0,0.0,1.0,0.0,0.0,0.0,0.0,1.0,0,0.0,window_01_0pct,1783692078.034362
-0.3886622385996267,-0.18249533849686497,-0.4118967527883412,-0.23018571542821972,-0.37858425204275703,-0.12386505068759714,-0.17345739452219539,-0.18082888160028657,-0.11783602237198926,-0.7306074243577496,0.0,-0.200546274577401,1.0,0.0,0.0,1.0,0.0,0.0,0.0,0.0,0.0,1.0,0,0.0,window_01_0pct,1783692078.032358
-0.38867934028744366,-0.27617236063582973,-0.5940211061129143,-0.3180207911559465,-0.53134378536528,-0.1857900094765411,-0.19553159482231874,-0.12463319105682827,-0.051435306079133526,-0.7306074243577496,0.0,-0.200546274577401,1.0,0.0,0.0,1.0,0.0,0.0,0.0,0.0,0.0,1.0,0,0.0,window_01_0pct,1783692078.033967
-0.38842932684882187,0.09603211040183861,-0.3334216144259275,-0.1599176548460383,-0.276744563161075,0.006531880020456908,-0.1701177000999106,0.2441598059696061,-0.1510363805184171,-0.7306074243577496,0.0,-0.200546274577401,1.0,0.0,0.0,1.0,0.0,0.0,0.0,0.0,0.0,1.0,0,0.0,window_01_0pct,1783692078.010555
-0.3886811657485027,-0.27617236063582973,-0.5815509095187786,-0.3004537760104012,-0.5058838631448596,-0.18567676447684062,-0.19082411103677374,-0.1628625156734081,-0.018234947932705664,-0.7306074243577496,0.0,-0.200546274577401,1.0,0.0,0.0,1.0,0.0,0.0,0.0,0.0,0.0,1.0,0,0.0,window_01_0pct,1783692078.034149
-0.38970961556390915,-0.36317306939295285,-0.7368866463097827,-0.4585569123203094,-0.7095632409082235,1.1613754552109534,1.1937435354660932,4.119297628905474,-0.21743709681127285,-0.7306074243577496,0.0,-0.200546274577401,0.0,1.0,1.0,0.0,0.0,0.0,0.0,0.0,0.0,1.0,0,0.0,window_01_0pct,1783692073.762006
1.1537957457036894,1.0822487777757501,2.028076722202192,1.122474450778773,1.8109690589134062,-0.2491341662997895,-0.23688053003785392,-0.21740892356884828,-3.2054693299897807,-2.6801783019663556,0.0,-0.200546274577401,1.0,0.0,0.0,1.0,0.0,0.0,0.0,0.0,0.0,1.0,0,0.0,window_01_0pct,1783691936.569666
1.1538165730401004,0.7306991512631542,0.7090613281080103,0.5076289206846853,0.6652725589944836,-0.24929503093286942,-0.23698894774694462,-0.0439030427718751,-3.2386696881362087,-2.6801783019663556,0.0,-0.200546274577401,1.0,0.0,0.0,1.0,0.0,0.0,0.0,0.0,0.0,1.0,0,0.0,window_01_0pct,1783691936.567743
1.1537866077231829,-0.006824842637158297,-0.15295428892817312,-0.08964959426385685,-0.12398502983855199,-0.24963249048863784,-0.2370942627894032,-0.14700245522117403,-3.139068613696925,-2.6801783019663556,0.0,-0.200546274577401,1.0,0.0,0.0,1.0,0.0,0.0,0.0,0.0,0.0,1.0,0,0.0,window_01_0pct,1783691936.570581
1.1537907176793687,0.6388998422628324,2.238094377278213,1.0170723599055007,1.9128087477950881,-0.24933702705502497,-0.2368991146719008,-0.3544042707871976,-3.1722689718433528,-2.6801783019663556,0.0,-0.200546274577401,1.0,0.0,0.0,1.0,0.0,0.0,0.0,0.0,0.0,1.0,0,0.0,window_01_0pct,1783691936.570227
1.3976122777903024,1.0050539042982067,1.621297634664699,0.8765362387411378,1.4290702256070986,-0.24925530795980447,-0.2369564328545868,-0.17484436732398478,-3.4378718370147756,-2.6801783019663556,0.0,-0.200546274577401,1.0,0.0,0.0,1.0,0.0,0.0,0.0,0.0,0.0,1.0,0,0.0,window_01_0pct,1783691913.73027
1.3975535534552956,0.8218725558839284,1.092132171354097,0.6481650418490482,0.9453317034191091,-0.24932767644630588,-0.23699120259091822,-0.12445988278830517,-3.404671478868348,-2.6801783019663556,0.0,-0.200546274577401,1.0,0.0,0.0,1.0,0.0,0.0,0.0,0.0,0.0,1.0,0,0.0,window_01_0pct,1783691913.735786
-0.3853276229795467,0.4567616678144667,-0.6461112629252148,0.05088652690050602,-0.174904874279393,-0.11667250041644611,-0.20445467470176423,6.0261281425191,-0.08463566422556139,1.2189634532508564,0.0,-0.200546274577401,1.0,0.0,0.0,0.0,0.0,1.0,0.0,0.0,0.0,1.0,0,0.0,window_01_0pct,1783692082.099485
0.15182901477888275,-0.2811795956722109,-0.5815509095187786,-0.3004537760104012,-0.5058838631448596,-0.2496829598281256,-0.2370741223846504,-0.18644386312682565,0.44657006611728445,-0.7306074243577496,0.0,-0.200546274577401,1.0,0.0,0.0,1.0,0.0,0.0,0.0,0.0,0.0,1.0,0,0.0,window_01_0pct,1783692031.890606
0.15186835293094603,0.07349955273812327,-0.07900411116976432,0.0157524966094153,-0.04760526317729048,-0.24922044168740715,-0.23691522264034623,-0.10851918123106184,0.3469689916780009,-0.7306074243577496,0.0,-0.200546274577401,1.0,0.0,0.0,1.0,0.0,0.0,0.0,0.0,0.0,1.0,0,0.0,window_01_0pct,1783692031.886934
0.1518648834874126,0.25229957049556817,0.8685821223590564,0.4022268298114132,0.7416523256557451,-0.24898726869870277,-0.236721001176118,-0.3188274975399033,0.38016934982442874,-0.7306074243577496,0.0,-0.200546274577401,1.0,0.0,0.0,1.0,0.0,0.0,0.0,0.0,0.0,1.0,0,0.0,window_01_0pct,1783692031.887269
0.15182349569486198,-0.2811795956722109,-0.5573540544579261,-0.3180207911559465,-0.5058838631448596,-0.24968295864957693,-0.23708295033596785,-0.24240043552149762,0.4797704242637123,-0.7306074243577496,0.0,-0.200546274577401,1.0,0.0,0.0,1.0,0.0,0.0,0.0,0.0,0.0,1.0,0,0.0,window_01_0pct,1783692031.891161
0.15196955393001235,0.35119246246409663,0.070553272173872,0.06845354204605138,0.054234425704391534,-0.24885848628534238,-0.23688878941012928,0.05277012779771697,0.31376863353157297,-0.7306074243577496,0.0,-0.200546274577401,1.0,0.0,0.0,1.0,0.0,0.0,0.0,0.0,0.0,1.0,0,0.0,window_01_0pct,1783692031.877498
0.1518328151539532,-0.2811795956722109,-0.5940211061129143,-0.3180207911559465,-0.53134378536528,-0.24968296063964612,-0.23708295170338886,-0.1502579767971009,0.4133697079708566,-0.7306074243577496,0.0,-0.200546274577401,1.0,0.0,0.0,1.0,0.0,0.0,0.0,0.0,0.0,1.0,0,0.0,window_01_0pct,1783692031.890376
-0.34118989610826334,-0.09445145577382909,-0.33380400546288563,-0.17748466999158366,-0.276744563161075,-0.24579014360980053,-0.2354873413031343,-0.10216267325058645,0.1145664846530058,-0.7306074243577496,0.0,-0.200546274577401,1.0,0.0,0.0,1.0,0.0,0.0,0.0,0.0,0.0,1.0,0,0.0,window_01_0pct,1783692079.299579
-0.3411090207106972,0.4573875721940143,0.672925375115464,0.4022268298114132,0.6143527145536426,-0.23777808265188108,-0.23224393519603315,-0.17222208345359305,0.04816576836015007,-0.7306074243577496,0.0,-0.200546274577401,1.0,0.0,0.0,1.0,0.0,0.0,0.0,0.0,0.0,1.0,0,0.0,window_01_0pct,1783692079.292022
-0.34122215659551847,0.2846379634388634,1.6289879432968575,0.6130310115579575,1.352690458945837,-0.24026610517796199,-0.23104927162868177,-0.40039113342540844,0.14776684279943367,-0.7306074243577496,0.0,-0.200546274577401,1.0,0.0,0.0,1.0,0.0,0.0,0.0,0.0,0.0,1.0,0,0.0,window_01_0pct,1783692079.302628
-0.34118748351060624,0.08956443181317958,-0.014741173014295584,-0.0018145185361300583,-0.02214534095686998,-0.24311209847969806,-0.23450213904835565,-0.13619120492345851,0.08136612650657793,-0.7306074243577496,0.0,-0.200546274577401,1.0,0.0,0.0,1.0,0.0,0.0,0.0,0.0,0.0,1.0,0,0.0,window_01_0pct,1783692079.29945
-0.34122884995273517,-0.09445145577382909,-0.2822024594200316,-0.14235063970049294,-0.2512846409406545,-0.24578692307442787,-0.23528877025822162,-0.15898890304049426,0.2141675590922894,-0.7306074243577496,0.0,-0.200546274577401,1.0,0.0,0.0,1.0,0.0,0.0,0.0,0.0,0.0,1.0,0,0.0,window_01_0pct,1783692079.303331
-0.34122596764579977,-0.09445145577382909,-0.28772588550942724,-0.1599176548460383,-0.2512846409406545,-0.24578716154837738,-0.23538748839240273,-0.15352878868023773,0.18096720094586152,-0.7306074243577496,0.0,-0.200546274577401,1.0,0.0,0.0,1.0,0.0,0.0,0.0,0.0,0.0,1.0,0,0.0,window_01_0pct,1783692079.303074
-0.3260110165984033,-0.36984938277479446,-0.7379063557416712,-0.4058558668836733,-0.684103318687803,-0.24979859986280267,-0.23686219027361402,-0.6040302242810942,0.014965410213722202,-0.7306074243577496,0.0,-0.200546274577401,1.0,0.0,0.0,0.0,1.0,0.0,0.0,0.0,0.0,1.0,0,0.0,window_01_0pct,1783692078.729527
-0.3259778487182241,-0.18249533849686497,-0.4767545214457448,-0.2477527305737651,-0.42950409648359805,-0.24772249629708246,-0.23618720366208465,-0.07573422573527061,-0.11783602237198926,-0.7306074243577496,0.0,-0.200546274577401,1.0,0.0,0.0,1.0,0.0,0.0,0.0,0.0,0.0,1.0,0,0.0,window_01_0pct,1783692078.726459
-0.3259905628943726,-0.27617236063582973,-0.5306929016033433,-0.3180207911559465,-0.480423940924439,-0.2487603409632229,-0.23648713244190042,-0.2711306340134184,-0.051435306079133526,-0.7306074243577496,0.0,-0.200546274577401,1.0,0.0,0.0,1.0,0.0,0.0,0.0,0.0,0.0,1.0,0,0.0,window_01_0pct,1783692078.727659
-0.3260014195838294,-0.27617236063582973,-0.5940211061129143,-0.3180207911559465,-0.53134378536528,-0.2487601640399383,-0.23648701737202435,-0.12463319105682827,-0.018234947932705664,-0.7306074243577496,0.0,-0.200546274577401,1.0,0.0,0.0,1.0,0.0,0.0,0.0,0.0,0.0,1.0,0,0.0,window_01_0pct,1783692078.72868
-0.3259860366049629,-0.18249533849686497,-0.45427842605120405,-0.2477527305737651,-0.37858425204275703,-0.24772222955108605,-0.23618707836371824,-0.1175959068662983,-0.08463566422556139,-0.7306074243577496,0.0,-0.200546274577401,1.0,0.0,0.0,1.0,0.0,0.0,0.0,0.0,0.0,1.0,0,0.0,window_01_0pct,1783692078.727266
-0.3257698635848053,0.0038155318151517274,-0.3410694351650907,-0.14235063970049294,-0.3022044853814955,-0.24567142044611337,-0.23574174445229318,0.08937907036955352,-0.1510363805184171,-0.7306074243577496,0.0,-0.200546274577401,1.0,0.0,0.0,1.0,0.0,0.0,0.0,0.0,0.0,1.0,0,0.0,window_01_0pct,1783692078.707029
0.2725106724049718,-0.36984938277479446,-0.7379063557416712,-0.38828885173812794,-0.6331834742469621,-0.24979859986280267,-0.23712631082565105,-0.6040302242810942,0.04816576836015007,-0.7306074243577496,0.0,-0.200546274577401,1.0,0.0,0.0,0.0,1.0,0.0,0.0,0.0,0.0,1.0,0,0.0,window_01_0pct,1783692024.65192
0.2725095942086737,-0.36984938277479446,-0.7379063557416712,-0.38828885173812794,-0.6331834742469621,-0.24979859986280267,-0.23712631076687626,-0.6040302242810942,0.08136612650657793,-0.7306074243577496,0.0,-0.200546274577401,1.0,0.0,0.0,0.0,1.0,0.0,0.0,0.0,0.0,1.0,0,0.0,window_01_0pct,1783692024.65207
-0.31920264465973797,-0.00953709494853144,-0.6511248342986663,-0.3004537760104012,-0.5568037075857005,-0.24618956477244072,-0.2364843326261229,2.4529186018952314,0.04816576836015007,1.2189634532508564,0.0,-0.200546274577401,1.0,0.0,0.0,1.0,0.0,0.0,0.0,0.0,0.0,1.0,0,0.0,window_01_0pct,1783692084.545264
-0.19563898967932994,-0.36984938277479446,-0.7379063557416712,-0.4058558668836733,-0.684103318687803,-0.24979859986280267,-0.23706386726447734,-0.6040302242810942,-0.1510363805184171,-0.7306074243577496,0.0,-0.200546274577401,1.0,0.0,0.0,0.0,1.0,0.0,0.0,0.0,0.0,1.0,0,0.0,window_01_0pct,1783692073.76643
0.47938230660331044,0.09478030164274331,1.4939401754111337,0.5076289206846853,1.2763106922845755,-0.24942102398651644,-0.23685433778007678,-0.4507164597168738,-0.6490417527148351,-0.7306074243577496,0.0,-0.200546274577401,1.0,0.0,0.0,1.0,0.0,0.0,0.0,0.0,0.0,1.0,0,0.0,window_01_0pct,1783692010.533843
0.46074659098409715,0.08101040529269504,1.5501941457369788,0.6130310115579575,1.301770614504996,-0.24942418549099338,-0.23681385611986014,-0.4589176552726754,-0.5162403201291237,-0.7306074243577496,0.0,-0.200546274577401,1.0,0.0,0.0,1.0,0.0,0.0,0.0,0.0,0.0,1.0,0,0.0,window_01_0pct,1783692012.279546
-0.1956381570128819,-0.2790932477403854,-0.5815509095187786,-0.3180207911559465,-0.5058838631448596,-0.24946832804641197,-0.2369406898014857,-0.17661830168790169,-0.184236738664845,-0.7306074243577496,0.0,-0.200546274577401,1.0,0.0,0.0,1.0,0.0,0.0,0.0,0.0,0.0,1.0,0,0.0,window_01_0pct,1783692073.766381
0.47933099086464886,0.7129651938426375,0.8096939026674996,0.6130310115579575,0.7161924034353246,-0.24891861130848314,-0.2368213099024091,-0.0887636206675578,-0.6158413945684073,-0.7306074243577496,0.0,-0.200546274577401,1.0,0.0,0.0,1.0,0.0,0.0,0.0,0.0,0.0,1.0,0,0.0,window_01_0pct,1783692010.538674
0.46079372204009683,0.17280971429301684,0.12253720925368423,0.1035875723371421,0.13061419236565305,-0.24934797616321083,-0.23697689966513197,-0.13958272252141085,-0.5494406782755515,-0.7306074243577496,0.0,-0.200546274577401,1.0,0.0,0.0,1.0,0.0,0.0,0.0,0.0,0.0,1.0,0,0.0,window_01_0pct,1783692012.275157
-0.38844032231602,-0.36984938277479446,-0.7379063557416712,-0.4058558668836733,-0.684103318687803,-0.24979859986280267,-0.22213486085134557,-0.6040302242810942,-0.21743709681127285,1.2189634532508564,0.0,-0.200546274577401,1.0,0.0,0.0,0.0,1.0,0.0,0.0,0.0,0.0,1.0,0,0.0,window_01_0pct,1783692094.336556
-0.38835371433021565,-0.0053643990848804505,-0.3967498189354985,-0.17748466999158366,-0.35312432982233655,-0.060412831273624866,-0.1773647980533915,0.1827284817749646,-0.3502385293969843,1.2189634532508564,0.0,-0.200546274577401,1.0,0.0,0.0,1.0,0.0,0.0,0.0,0.0,0.0,1.0,0,0.0,window_01_0pct,1783692094.328453
-0.38841643119408853,-0.2784673433608377,-0.6106338722740966,-0.3355878063014919,-0.53134378536528,-0.20001980456036797,-0.20766113799183805,-0.07534582015324605,-0.2838378131041286,1.2189634532508564,0.0,-0.200546274577401,1.0,0.0,0.0,1.0,0.0,0.0,0.0,0.0,0.0,1.0,0,0.0,window_01_0pct,1783692094.334341
-0.38841396522037713,-0.18917165187870658,1.1531235417489236,0.3143917540836864,0.9453317034191091,-0.1515643515957424,-0.07153278020511057,-0.5336672789531058,-0.31703817125055644,1.2189634532508564,0.0,-0.200546274577401,1.0,0.0,0.0,1.0,0.0,0.0,0.0,0.0,0.0,1.0,0,0.0,window_01_0pct,1783692094.334116
-0.38843769621414553,-0.2784673433608377,-0.5573540544579261,-0.3004537760104012,-0.5058838631448596,-0.19918974127355693,-0.19967090146336586,-0.23133881845355705,-0.25063745495770073,1.2189634532508564,0.0,-0.200546274577401,1.0,0.0,0.0,1.0,0.0,0.0,0.0,0.0,0.0,1.0,0,0.0,window_01_0pct,1783692094.336344
-0.3041867115686278,-0.36984938277479446,-0.7379063557416712,-0.4058558668836733,-0.684103318687803,-0.24979859986280267,-0.23693879935155576,-0.6040302242810942,-0.31703817125055644,1.2189634532508564,0.0,-0.200546274577401,1.0,0.0,0.0,0.0,1.0,0.0,0.0,0.0,0.0,1.0,0,0.0,window_01_0pct,1783692086.714587
0.358369557312027,0.09790982354048156,-0.025044487065668256,0.03331951175496066,-0.02214534095686998,-0.2493569912757095,-0.23697706520589568,-0.12080825187651956,-0.018234947932705664,-0.7306074243577496,0.0,-0.200546274577401,1.0,0.0,0.0,1.0,0.0,0.0,0.0,0.0,0.0,1.0,0,0.0,window_01_0pct,1783692024.64966
0.3583476090784741,0.2963215118570861,1.641606847516477,0.7184331024312297,1.3781503811662577,-0.24916965356936144,-0.2367277956680542,-0.39785507643547474,0.014965410213722202,-0.7306074243577496,0.0,-0.200546274577401,1.0,0.0,0.0,1.0,0.0,0.0,0.0,0.0,0.0,1.0,0,0.0,window_01_0pct,1783692024.651721
0.358374062251015,0.578395752239893,0.43943315915951137,0.3143917540836864,0.41067333679027856,-0.2489033728594013,-0.23687480774334824,-0.010894990376124455,-0.051435306079133526,-0.7306074243577496,0.0,-0.200546274577401,1.0,0.0,0.0,1.0,0.0,0.0,0.0,0.0,0.0,1.0,0,0.0,window_01_0pct,1783692024.649259
0.3585038941656399,0.6616410347197303,2.269917809131731,1.0873404204876822,1.9382686700155087,-0.24882495095256088,-0.2365936953534684,-0.3514773340762088,-0.08463566422556139,-0.7306074243577496,0.0,-0.200546274577401,1.0,0.0,0.0,1.0,0.0,0.0,0.0,0.0,0.0,1.0,0,0.0,window_01_0pct,1783692024.637107
-0.38971194275987925,-0.36317306939295285,-0.7368866463097827,-0.4585569123203094,-0.7095632409082235,4.399648550011783,4.477296126105185,4.119297628905474,-0.41663924568984007,1.2189634532508564,0.0,-0.200546274577401,0.0,1.0,1.0,0.0,0.0,0.0,0.0,0.0,0.0,1.0,0,0.0,window_01_0pct,1783692090.336037
0.25263085703552723,-0.36984938277479446,-0.7379063557416712,-0.38828885173812794,-0.6331834742469621,-0.24979859986280267,-0.23712519359711415,-0.6040302242810942,0.6125718568494237,-0.7306074243577496,0.0,-0.200546274577401,1.0,0.0,0.0,0.0,1.0,0.0,0.0,0.0,0.0,1.0,0,0.0,window_01_0pct,1783692036.196043
0.2526503926714229,0.16905428801573094,1.4318866076914232,0.5076289206846853,1.1999309256233142,-0.24920609071868619,-0.2367455990060356,-0.42112283538253775,0.5129707824101402,-0.7306074243577496,0.0,-0.200546274577401,1.0,0.0,0.0,1.0,0.0,0.0,0.0,0.0,0.0,1.0,0,0.0,window_01_0pct,1783692036.194402
0.25264860991120736,-0.009328460155348892,-0.2156026871498185,-0.0720825791183115,-0.174904874279393,-0.24940221633877524,-0.23699121929280947,-0.0957158508507587,0.546171140556568,-0.7306074243577496,0.0,-0.200546274577401,1.0,0.0,0.0,1.0,0.0,0.0,0.0,0.0,0.0,1.0,0,0.0,window_01_0pct,1783692036.194591
0.3349946565526748,0.1696801923952786,-0.2709431677762635,-0.019381533681675417,-0.2003647964998135,-0.2492728040760871,-0.23699087907767277,0.2468246876762498,0.08136612650657793,-0.7306074243577496,0.0,-0.200546274577401,1.0,0.0,0.0,1.0,0.0,0.0,0.0,0.0,0.0,1.0,0,0.0,window_01_0pct,1783692028.48084
0.2526353299488826,-0.19021482584461932,1.3260280222935055,0.41979384495695854,1.098091236741632,-0.24960109218342336,-0.23678280537167148,-0.5399340381615919,0.5793714987029959,-0.7306074243577496,0.0,-0.200546274577401,1.0,0.0,0.0,1.0,0.0,0.0,0.0,0.0,0.0,1.0,0,0.0,window_01_0pct,1783692036.195859
-0.389073469072837,-0.10050186477612302,-0.5306291697638502,-0.23018571542821972,-0.45496401870401854,0.047672899169173825,-0.13249110502436742,0.3528545006392568,-0.5494406782755515,1.2189634532508564,0.0,-0.200546274577401,1.0,0.0,0.0,1.0,0.0,0.0,0.0,0.0,0.0,1.0,0,0.0,window_01_0pct,1783692100.636437
-0.38928608724777425,-0.36984938277479446,-0.7379063557416712,-0.4058558668836733,-0.684103318687803,-0.24979859986280267,-0.19236049328000288,-0.6040302242810942,-0.41663924568984007,1.2189634532508564,0.0,-0.200546274577401,1.0,0.0,0.0,0.0,1.0,0.0,0.0,0.0,0.0,1.0,0,0.0,window_01_0pct,1783692100.65637
-0.38925815022092236,-0.18958892146507167,-0.4767545214457448,-0.23018571542821972,-0.42950409648359805,0.030124222863427554,-0.08998773501198733,-0.0957365241211927,-0.4830399619826958,1.2189634532508564,0.0,-0.200546274577401,1.0,0.0,0.0,1.0,0.0,0.0,0.0,0.0,0.0,1.0,0,0.0,window_01_0pct,1783692100.653762
-0.38928213741975165,-0.27971915211993303,-0.5573540544579261,-0.3004537760104012,-0.5058838631448596,-0.10204440679309588,-0.12618449763134873,-0.23644418017722194,-0.4498396038362679,1.2189634532508564,0.0,-0.200546274577401,1.0,0.0,0.0,1.0,0.0,0.0,0.0,0.0,0.0,1.0,0,0.0,window_01_0pct,1783692100.65602
-0.3892547768542867,-0.19167526939689716,1.1531235417489236,0.3495257843747771,0.9453317034191091,0.024847287303236747,0.25328627042561686,-0.5346422851239325,-0.5162403201291237,1.2189634532508564,0.0,-0.200546274577401,1.0,0.0,0.0,1.0,0.0,0.0,0.0,0.0,0.0,1.0,0,0.0,window_01_0pct,1783692100.653465
-0.38838833403907347,-0.275129186669917,1.1454757210097604,0.27925772379259567,0.9198717811986885,-0.1992958518317081,-0.08195655654200236,-0.5669927030536857,-0.184236738664845,1.2189634532508564,0.0,-0.200546274577401,1.0,0.0,0.0,1.0,0.0,0.0,0.0,0.0,0.0,1.0,0,0.0,window_01_0pct,1783692106.892995
-0.3884040265990553,-0.2745032822903693,-0.6106338722740966,-0.3355878063014919,-0.53134378536528,-0.19835266281345343,-0.2079407184481376,-0.05241202180066818,-0.11783602237198926,1.2189634532508564,0.0,-0.200546274577401,1.0,0.0,0.0,1.0,0.0,0.0,0.0,0.0,0.0,1.0,0,0.0,window_01_0pct,1783692106.894476
-0.3883934901659246,-0.2745032822903693,-0.6191102069266692,-0.3180207911559465,-0.5568037075857005,-0.1987634777734271,-0.2045505213512536,-0.013060034890299886,-0.1510363805184171,1.2189634532508564,0.0,-0.200546274577401,1.0,0.0,0.0,1.0,0.0,0.0,0.0,0.0,0.0,1.0,0,0.0,window_01_0pct,1783692106.893492
-0.3882348672075779,-0.18020035577185695,-0.6579016532314248,-0.3180207911559465,-0.582263629806121,-0.15918059452113814,-0.2080503050676391,1.1412391040038714,-0.21743709681127285,1.2189634532508564,0.0,-0.200546274577401,1.0,0.0,0.0,1.0,0.0,0.0,0.0,0.0,0.0,1.0,0,0.0,window_01_0pct,1783692106.878636
-0.3884102288965719,0.009031401644715465,-0.47074248458690265,-0.21261870028267438,-0.4040441742631775,-0.04439242328137501,-0.18211087955786642,0.4402882879037312,-0.051435306079133526,1.2189634532508564,0.0,-0.200546274577401,1.0,0.0,0.0,1.0,0.0,0.0,0.0,0.0,0.0,1.0,0,0.0,window_01_0pct,1783692106.895073
-0.38840617231644053,-0.2745032822903693,-0.5955506702607468,-0.3355878063014919,-0.53134378536528,-0.1982681894867077,-0.20789273694289634,-0.11084964098316628,-0.08463566422556139,1.2189634532508564,0.0,-0.200546274577401,1.0,0.0,0.0,1.0,0.0,0.0,0.0,0.0,0.0,1.0,0,0.0,window_01_0pct,1783692106.894698
-0.3897120708624098,-0.36317306939295285,-0.7368866463097827,-0.4585569123203094,-0.7095632409082235,5.071857776499676,5.158904589155944,4.119297628905474,-0.25063745495770073,1.2189634532508564,0.0,-0.200546274577401,0.0,1.0,1.0,0.0,0.0,0.0,0.0,0.0,0.0,1.0,0,0.0,window_01_0pct,1783692106.87761
2.0807711805685436,1.330524181662984,2.952124663011588,1.5792168445629522,2.625686569966862,-0.24931249838201308,-0.23693597910236242,-0.26467504337726494,-3.5374729114540595,-2.6801783019663556,0.0,-0.200546274577401,1.0,0.0,0.0,1.0,0.0,0.0,0.0,0.0,0.0,1.0,0,0.0,window_01_0pct,1783691884.143926
2.080729867502469,0.8946860987046381,2.4820598588575193,1.1576084810698637,2.167407969999293,-0.24943708939099754,-0.2369824234552848,-0.31481610166320767,-3.4710721951612036,-2.6801783019663556,0.0,-0.200546274577401,1.0,0.0,0.0,1.0,0.0,0.0,0.0,0.0,0.0,1.0,0,0.0,window_01_0pct,1783691884.14782
2.0808682609362132,2.1398185444180937,4.256120586931912,2.2643304352392213,3.771383069885785,-0.2490811661272395,-0.23686051400118358,-0.23394121419612884,-3.5706732696004875,-2.6801783019663556,0.0,-0.200546274577401,1.0,0.0,0.0,1.0,0.0,0.0,0.0,0.0,0.0,1.0,0,0.0,window_01_0pct,1783691884.134868
0.75989107568728,-0.015796138744007926,-0.024130997366268205,0.0157524966094153,-0.02214534095686998,-0.24958108698779374,-0.2370459594198731,-0.23874108646857314,-0.9146446178862581,-0.7306074243577496,0.0,-0.200546274577401,1.0,0.0,0.0,1.0,0.0,0.0,0.0,0.0,0.0,1.0,0,0.0,window_01_0pct,1783692007.87737
2.0807699956201366,0.6935621580766604,1.0544454102672205,0.736000117576775,1.047171392300791,-0.24949459244734565,-0.23702887376386494,-0.16709643582115805,-3.5042725533076315,-2.6801783019663556,0.0,-0.200546274577401,1.0,0.0,0.0,1.0,0.0,0.0,0.0,0.0,0.0,1.0,0,0.0,window_01_0pct,1783691884.144119
0.7598896879098667,0.07287364835857561,-0.010896018698216298,0.06845354204605138,0.02877450348397103,-0.2495266123094981,-0.23703348241680347,-0.15557251353226217,-0.8814442597398302,-0.7306074243577496,0.0,-0.200546274577401,1.0,0.0,0.0,1.0,0.0,0.0,0.0,0.0,0.0,1.0,0,0.0,window_01_0pct,1783692007.87755
0.15919927644179474,-0.36984938277479446,-0.7379063557416712,-0.38828885173812794,-0.6586433964673826,-0.24979859986280267,-0.23711885891052686,-0.6040302242810942,-0.08463566422556139,-0.7306074243577496,0.0,-0.200546274577401,1.0,0.0,0.0,0.0,1.0,0.0,0.0,0.0,0.0,1.0,0,0.0,window_01_0pct,1783692071.801592
0.15921881207769045,-0.36984938277479446,-0.7379063557416712,-0.38828885173812794,-0.6586433964673826,-0.24979859986280267,-0.23711886046044292,-0.6040302242810942,-0.1510363805184171,-0.7306074243577496,0.0,-0.200546274577401,1.0,0.0,0.0,0.0,1.0,0.0,0.0,0.0,0.0,1.0,0,0.0,window_01_0pct,1783692071.799768
0.15921385877984584,-0.36984938277479446,-0.7379063557416712,-0.38828885173812794,-0.6586433964673826,-0.24979859986280267,-0.23711886006746918,-0.6040302242810942,-0.11783602237198926,-0.7306074243577496,0.0,-0.200546274577401,1.0,0.0,0.0,0.0,1.0,0.0,0.0,0.0,0.0,1.0,0,0.0,window_01_0pct,1783692071.800242
0.15942116069976886,0.08288811843133799,-0.2504640033525042,-0.036948548827220776,-0.174904874279393,-0.24921631873878675,-0.23694474255575554,0.07995534323248084,-0.25063745495770073,-0.7306074243577496,0.0,-0.200546274577401,1.0,0.0,0.0,1.0,0.0,0.0,0.0,0.0,0.0,1.0,0,0.0,window_01_0pct,1783692071.780829
0.15927400291789856,-0.09758097767156733,-0.25554130656544866,-0.054515563972766135,-0.2003647964998135,-0.24944833232622934,-0.23695339324073864,-0.18836380041948894,-0.21743709681127285,-0.7306074243577496,0.0,-0.200546274577401,1.0,0.0,0.0,1.0,0.0,0.0,0.0,0.0,0.0,1.0,0,0.0,window_01_0pct,1783692071.794622
0.15926518519371835,-0.18833711270597636,-0.4149983689770018,-0.21261870028267438,-0.35312432982233655,-0.24956508442107314,-0.23703177242564674,-0.19008651502400717,-0.184236738664845,-0.7306074243577496,0.0,-0.200546274577401,1.0,0.0,0.0,1.0,0.0,0.0,0.0,0.0,0.0,1.0,0,0.0,window_01_0pct,1783692071.79546
-0.38871455780811026,-0.10822135212387736,-0.6512947858706477,-0.3004537760104012,-0.5568037075857005,-0.06472487660546523,-0.1892742986962858,1.6200195800569837,0.08136612650657793,1.2189634532508564,0.0,-0.200546274577401,1.0,0.0,0.0,1.0,0.0,0.0,0.0,0.0,0.0,1.0,0,0.0,window_01_0pct,1783692124.297861
0.2707161908078139,-0.36984938277479446,-0.7379063557416712,-0.38828885173812794,-0.6331834742469621,-0.24979859986280267,-0.23712621273897988,-0.6040302242810942,0.04816576836015007,-0.7306074243577496,0.0,-0.200546274577401,1.0,0.0,0.0,0.0,1.0,0.0,0.0,0.0,0.0,1.0,0,0.0,window_01_0pct,1783692065.757786
-0.3897120388367771,-0.36317306939295285,-0.7368866463097827,-0.4585569123203094,-0.7095632409082235,4.886218600580054,4.970669693836692,4.119297628905474,0.04816576836015007,1.2189634532508564,0.0,-0.200546274577401,0.0,1.0,1.0,0.0,0.0,0.0,0.0,0.0,0.0,1.0,0,0.0,window_01_0pct,1783692124.296948
-0.35768326770884445,-0.36984938277479446,-0.7379063557416712,-0.4058558668836733,-0.684103318687803,-0.24979859986280267,-0.23656532087927779,-0.6040302242810942,0.08136612650657793,1.2189634532508564,0.0,-0.200546274577401,1.0,0.0,0.0,0.0,1.0,0.0,0.0,0.0,0.0,1.0,0,0.0,window_01_0pct,1783692126.663115
-0.3576645860898185,-0.1779053730468489,-0.4118967527883412,-0.23018571542821972,-0.37858425204275703,-0.24556866893772783,-0.2350738162797628,-0.1704609199755897,-0.051435306079133526,1.2189634532508564,0.0,-0.200546274577401,1.0,0.0,0.0,1.0,0.0,0.0,0.0,0.0,0.0,1.0,0,0.0,window_01_0pct,1783692126.661396
-0.3576812394187788,0.10959337195870432,0.326096704594412,0.12115458748268745,0.25791380346775555,-0.23922747496727118,-0.23208747387655632,-0.2721908861149189,0.04816576836015007,1.2189634532508564,0.0,-0.200546274577401,1.0,0.0,0.0,1.0,0.0,0.0,0.0,0.0,0.0,1.0,0,0.0,window_01_0pct,1783692126.662966
-0.3575959017830682,0.20368766368403415,-0.06591784012719613,0.0157524966094153,-0.04760526317729048,-0.23718641209621474,-0.2329941557370438,0.024503452132860266,-0.08463566422556139,1.2189634532508564,0.0,-0.200546274577401,1.0,0.0,0.0,1.0,0.0,0.0,0.0,0.0,0.0,1.0,0,0.0,window_01_0pct,1783692126.654978
-0.35767743904370836,-0.17853127742639655,-0.45319498477982256,-0.2477527305737651,-0.4040441742631775,-0.2455807706362851,-0.23522222343611895,-0.10919396927467764,0.014965410213722202,1.2189634532508564,0.0,-0.200546274577401,1.0,0.0,0.0,1.0,0.0,0.0,0.0,0.0,0.0,1.0,0,0.0,window_01_0pct,1783692126.66262
-0.35766951803724134,0.12148555517010964,1.4935152964811802,0.5603299661213215,1.2508507700641551,-0.2389692297050511,-0.22835912459096544,-0.44187366290315844,-0.018234947932705664,1.2189634532508564,0.0,-0.200546274577401,1.0,0.0,0.0,1.0,0.0,0.0,0.0,0.0,0.0,1.0,0,0.0,window_01_0pct,1783692126.661905
-0.07235339191650435,-0.36984938277479446,-0.7379063557416712,-0.4058558668836733,-0.684103318687803,-0.24979859986280267,-0.23710214844736385,-0.6040302242810942,-0.21743709681127285,1.2189634532508564,0.0,-0.200546274577401,1.0,0.0,0.0,0.0,1.0,0.0,0.0,0.0,0.0,1.0,0,0.0,window_01_0pct,1783692105.691068
-0.07235711756509867,-0.36984938277479446,-0.7379063557416712,-0.4058558668836733,-0.684103318687803,-0.24979859986280267,-0.23710214773991395,-0.6040302242810942,-0.184236738664845,1.2189634532508564,0.0,-0.200546274577401,1.0,0.0,0.0,0.0,1.0,0.0,0.0,0.0,0.0,1.0,0,0.0,window_01_0pct,1783692105.691439
-0.07235126754954084,-0.00974572974171399,-0.35007686848010516,-0.1599176548460383,-0.3022044853814955,-0.24899722134350924,-0.23689123484271601,0.07973273283022056,-0.25063745495770073,1.2189634532508564,0.0,-0.200546274577401,1.0,0.0,0.0,1.0,0.0,0.0,0.0,0.0,0.0,1.0,0,0.0,window_01_0pct,1783692105.690902
-0.07223797153655655,0.08226221405179034,-0.24411206334969918,-0.0720825791183115,-0.2003647964998135,-0.24879282493670438,-0.2368160320658952,0.07022381077336555,-0.3502385293969843,1.2189634532508564,0.0,-0.200546274577401,1.0,0.0,0.0,1.0,0.0,0.0,0.0,0.0,0.0,1.0,0,0.0,window_01_0pct,1783692105.680303
-0.07233019468327954,0.08267948363815544,-0.04140232586887848,-0.019381533681675417,-0.04760526317729048,-0.2487916041502188,-0.2367707385594591,-0.12556314170594854,-0.31703817125055644,1.2189634532508564,0.0,-0.200546274577401,1.0,0.0,0.0,1.0,0.0,0.0,0.0,0.0,0.0,1.0,0,0.0,window_01_0pct,1783692105.688952
-0.07233351467386073,-0.09883278643066262,1.509044621370981,0.5427629509757761,1.2508507700641551,-0.24919551036807153,-0.23628867226716554,-0.5152040740307934,-0.2838378131041286,1.2189634532508564,0.0,-0.200546274577401,1.0,0.0,0.0,1.0,0.0,0.0,0.0,0.0,0.0,1.0,0,0.0,window_01_0pct,1783692105.689271
1.5818155714112725,0.6883462882470966,0.5426150072987218,0.4022268298114132,0.5888927923332221,-0.24941952273261392,-0.2370411552273688,0.00454547119276815,-3.139068613696925,-2.6801783019663556,0.0,-0.200546274577401,1.0,0.0,0.0,1.0,0.0,0.0,0.0,0.0,0.0,1.0,0,0.0,window_01_0pct,1783691954.064812
1.5163328244527328,1.2406025858013052,2.392134233332859,1.368412662816408,2.0655682811176113,-0.24920186815065912,-0.23689902692339282,-0.2251189598588671,-2.8402653903790744,-2.6801783019663556,0.0,-0.200546274577401,1.0,0.0,0.0,1.0,0.0,0.0,0.0,0.0,0.0,1.0,0,0.0,window_01_0pct,1783691960.198995
1.5163355146058728,0.9683341806980781,4.351760834064448,1.9656911777649502,3.6950033032245235,-0.24930275431289572,-0.23681374146820963,-0.4104026743210343,-2.873465748525502,-2.6801783019663556,0.0,-0.200546274577401,1.0,0.0,0.0,1.0,0.0,0.0,0.0,0.0,0.0,1.0,0,0.0,window_01_0pct,1783691960.198824
1.5163201850030605,0.8700671931090973,1.6410545049075373,0.8765362387411378,1.4290702256070986,-0.2493391621011361,-0.23696926112857689,-0.2201957774675704,-2.7406643159397905,-2.6801783019663556,0.0,-0.200546274577401,1.0,0.0,0.0,1.0,0.0,0.0,0.0,0.0,0.0,1.0,0,0.0,window_01_0pct,1783691960.200275
1.5163246472412049,1.2385162378694796,2.062045792651975,1.2278765416520452,1.8364289811338266,-0.24920263866257703,-0.236919093161243,-0.18099791928375278,-2.8070650322326465,-2.6801783019663556,0.0,-0.200546274577401,1.0,0.0,0.0,1.0,0.0,0.0,0.0,0.0,0.0,1.0,0,0.0,window_01_0pct,1783691960.199866
1.5163215194044195,0.8994846989478368,1.4493491317125125,0.8941032538866832,1.301770614504996,-0.24932826208978132,-0.23696675283870686,-0.17664956483793462,-2.7738646740862185,-2.6801783019663556,0.0,-0.200546274577401,1.0,0.0,0.0,1.0,0.0,0.0,0.0,0.0,0.0,1.0,0,0.0,window_01_0pct,1783691960.200168
-0.3895567785698551,-0.2784673433608377,-0.5573540544579261,-0.3180207911559465,-0.5058838631448596,0.16344365899374536,0.038357894061959524,-0.23133881845355705,-0.31703817125055644,1.2189634532508564,0.0,-0.200546274577401,1.0,0.0,0.0,1.0,0.0,0.0,0.0,0.0,0.0,1.0,0,0.0,window_01_0pct,1783692139.692416
-0.3895597142528448,-0.36984938277479446,-0.7379063557416712,-0.4058558668836733,-0.684103318687803,-0.24979859986280267,-0.11236308963933639,-0.6040302242810942,-0.2838378131041286,1.2189634532508564,0.0,-0.200546274577401,1.0,0.0,0.0,0.0,1.0,0.0,0.0,0.0,0.0,1.0,0,0.0,window_01_0pct,1783692139.692821
-0.38943270059389007,-0.09674643849883713,-0.5306291697638502,-0.26531974571931044,-0.45496401870401854,0.43843465005465226,-0.032443607148402866,0.3661960382446528,-0.41663924568984007,1.2189634532508564,0.0,-0.200546274577401,1.0,0.0,0.0,1.0,0.0,0.0,0.0,0.0,0.0,1.0,0,0.0,window_01_0pct,1783692139.680942
-0.389531937354156,-0.18708530394688108,-0.4767545214457448,-0.26531974571931044,-0.42950409648359805,0.46326789150610664,0.07978532434126479,-0.08867688939674961,-0.3502385293969843,1.2189634532508564,0.0,-0.200546274577401,1.0,0.0,0.0,1.0,0.0,0.0,0.0,0.0,0.0,1.0,0,0.0,window_01_0pct,1783692139.690251
-0.38951218821404276,-0.18917165187870658,1.1531235417489236,0.3495257843747771,0.9453317034191091,0.3857859182358146,0.8821047439197379,-0.5336672789531058,-0.3834388875434122,1.2189634532508564,0.0,-0.200546274577401,1.0,0.0,0.0,1.0,0.0,0.0,0.0,0.0,0.0,1.0,0,0.0,window_01_0pct,1783692139.68988
-0.388155891997547,-0.36984938277479446,-0.7379063557416712,-0.4058558668836733,-0.684103318687803,-0.24979859986280267,-0.22487995552841092,-0.6040302242810942,-0.051435306079133526,1.2189634532508564,0.0,-0.200546274577401,1.0,0.0,0.0,0.0,1.0,0.0,0.0,0.0,0.0,1.0,0,0.0,window_01_0pct,1783692140.685483
-0.3878270848274792,-0.09674643849883713,-0.5391055044164228,-0.26531974571931044,-0.480423940924439,-0.14752140192732846,-0.2067394893909154,0.407559461553529,-0.21743709681127285,1.2189634532508564,0.0,-0.200546274577401,1.0,0.0,0.0,1.0,0.0,0.0,0.0,0.0,0.0,1.0,0,0.0,window_01_0pct,1783692140.654706
-0.38815227310106143,-0.2784673433608377,-0.5573540544579261,-0.3180207911559465,-0.5058838631448596,-0.20844525986901827,-0.20959096839062058,-0.23133881845355705,-0.08463566422556139,1.2189634532508564,0.0,-0.200546274577401,1.0,0.0,0.0,1.0,0.0,0.0,0.0,0.0,0.0,1.0,0,0.0,window_01_0pct,1783692140.685174
-0.38814497125682496,-0.2784673433608377,-0.6106338722740966,-0.3180207911559465,-0.53134378536528,-0.2086378353863129,-0.20971936393570814,-0.07534582015324605,-0.1510363805184171,1.2189634532508564,0.0,-0.200546274577401,1.0,0.0,0.0,1.0,0.0,0.0,0.0,0.0,0.0,1.0,0,0.0,window_01_0pct,1783692140.684512
-0.38814102142880236,-0.18917165187870658,1.1531235417489236,0.3143917540836864,0.9453317034191091,-0.1686213037365917,-0.10029196265202635,-0.5336672789531058,-0.184236738664845,1.2189634532508564,0.0,-0.200546274577401,1.0,0.0,0.0,1.0,0.0,0.0,0.0,0.0,0.0,1.0,0,0.0,window_01_0pct,1783692140.684146
-0.3881506184433762,-0.2784673433608377,-0.5955506702607468,-0.3180207911559465,-0.53134378536528,-0.20848905679491636,-0.20962016904007405,-0.1313538665469751,-0.11783602237198926,1.2189634532508564,0.0,-0.200546274577401,1.0,0.0,0.0,1.0,0.0,0.0,0.0,0.0,0.0,1.0,0,0.0,window_01_0pct,1783692140.685067
-0.10876812680724383,0.2844293286456808,0.5210311576570834,0.2265566783559596,0.4615931812311196,-0.24815382517297055,-0.23648168635271716,-0.2212989571790407,0.04816576836015007,1.2189634532508564,0.0,-0.200546274577401,1.0,0.0,0.0,1.0,0.0,0.0,0.0,0.0,0.0,1.0,0,0.0,window_01_0pct,1783692115.055341
-0.10880777454042234,-0.2765896302221948,-0.5815509095187786,-0.3180207911559465,-0.5058838631448596,-0.24956412344171539,-0.23700922555835724,-0.16482762796119288,0.18096720094586152,1.2189634532508564,0.0,-0.200546274577401,1.0,0.0,0.0,1.0,0.0,0.0,0.0,0.0,0.0,1.0,0,0.0,window_01_0pct,1783692115.059061
-0.10877167097725332,-0.09007012511699555,-0.325922501312248,-0.14235063970049294,-0.276744563161075,-0.249095260996731,-0.23683906218629464,-0.10393169202718164,0.08136612650657793,1.2189634532508564,0.0,-0.200546274577401,1.0,0.0,0.0,1.0,0.0,0.0,0.0,0.0,0.0,1.0,0,0.0,window_01_0pct,1783692115.055698
-0.10879912761961606,-0.2765896302221948,-0.5940211061129143,-0.3355878063014919,-0.53134378536528,-0.2495641306592278,-0.23702625024273388,-0.12676858986851766,0.14776684279943367,1.2189634532508564,0.0,-0.200546274577401,1.0,0.0,0.0,1.0,0.0,0.0,0.0,0.0,0.0,1.0,0,0.0,window_01_0pct,1783692115.058286
-0.108794462552465,0.10917610237233923,-0.15416519387854064,-0.054515563972766135,-0.14944495205897249,-0.24859427692890018,-0.23675393751981233,0.000287250875959396,0.1145664846530058,1.2189634532508564,0.0,-0.200546274577401,1.0,0.0,0.0,1.0,0.0,0.0,0.0,0.0,0.0,1.0,0,0.0,window_01_0pct,1783692115.05786
-0.1084848814371776,0.1886659585748906,-0.06991170206875916,0.03331951175496066,-0.04760526317729048,-0.24839597639374683,-0.23666938241936486,0.011700699242162311,0.014965410213722202,1.2189634532508564,0.0,-0.200546274577401,1.0,0.0,0.0,1.0,0.0,0.0,0.0,0.0,0.0,1.0,0,0.0,window_01_0pct,1783692115.028871
-0.26578998500176415,-0.17561039032184084,-0.6607270981156157,-0.3180207911559465,-0.582263629806121,-0.24869159566961088,-0.23681517572850108,1.2488995133919074,0.08136612650657793,1.2189634532508564,0.0,-0.200546274577401,1.0,0.0,0.0,1.0,0.0,0.0,0.0,0.0,0.0,1.0,0,0.0,window_01_0pct,1783692132.818544
-0.2658387386898165,-0.2765896302221948,-0.17761851081197452,-0.1599176548460383,-0.174904874279393,-0.24926688597774455,-0.23646766813625478,-0.48145315085888407,0.1145664846530058,1.2189634532508564,0.0,-0.200546274577401,1.0,0.0,0.0,1.0,0.0,0.0,0.0,0.0,0.0,1.0,0,0.0,window_01_0pct,1783692132.823132
-0.38971182533255966,-0.36317306939295285,-0.7368866463097827,-0.4585569123203094,-0.7095632409082235,3.9171587514398927,3.9880598629248833,4.119297628905474,-0.4498396038362679,1.2189634532508564,0.0,-0.200546274577401,0.0,1.0,1.0,0.0,0.0,0.0,0.0,0.0,0.0,1.0,0,0.0,window_01_0pct,1783692139.679826
-0.3077021652608791,-0.1948047912946354,-0.6579016532314248,-0.3180207911559465,-0.582263629806121,-0.24829115178712413,-0.23663771926313296,1.0068399258081095,-0.051435306079133526,1.2189634532508564,0.0,-0.200546274577401,1.0,0.0,0.0,1.0,0.0,0.0,0.0,0.0,0.0,1.0,0,0.0,window_01_0pct,1783692137.832615
-0.3079353332167449,-0.28180550005175853,-0.6106338722740966,-0.3180207911559465,-0.53134378536528,-0.2490382221666459,-0.23663622324184863,-0.09465849245015377,0.04816576836015007,1.2189634532508564,0.0,-0.200546274577401,1.0,0.0,0.0,1.0,0.0,0.0,0.0,0.0,0.0,1.0,0,0.0,window_01_0pct,1783692137.854582
-0.3079405427196504,-0.28180550005175853,-0.5955506702607468,-0.3180207911559465,-0.53134378536528,-0.24903817372500628,-0.23663618971989075,-0.14862058281123522,0.08136612650657793,1.2189634532508564,0.0,-0.200546274577401,1.0,0.0,0.0,1.0,0.0,0.0,0.0,0.0,0.0,1.0,0,0.0,window_01_0pct,1783692137.855108
-0.30790665960034275,-0.28180550005175853,-0.6191102069266692,-0.3355878063014919,-0.5568037075857005,-0.24903848868376133,-0.23669485237606055,-0.0583203338589603,0.014965410213722202,1.2189634532508564,0.0,-0.200546274577401,1.0,0.0,0.0,1.0,0.0,0.0,0.0,0.0,0.0,1.0,0,0.0,window_01_0pct,1783692137.852067
-0.30794240020634217,-0.28180550005175853,-0.5573540544579261,-0.3180207911559465,-0.5058838631448596,-0.24903815645128957,-0.23663617776635637,-0.24495311638333006,0.1145664846530058,1.2189634532508564,0.0,-0.200546274577401,1.0,0.0,0.0,1.0,0.0,0.0,0.0,0.0,0.0,1.0,0,0.0,window_01_0pct,1783692137.855508
-0.30789393474898336,0.23832103935233737,1.3112209915846256,0.47249489039359466,1.098091236741632,-0.24454888543667266,-0.23400688689906668,-0.3854582376684288,-0.018234947932705664,1.2189634532508564,0.0,-0.200546274577401,1.0,0.0,0.0,1.0,0.0,0.0,0.0,0.0,0.0,1.0,0,0.0,window_01_0pct,1783692137.850973
0.02562006389482018,-0.08881831635790025,-0.34075077596762554,-0.17748466999158366,-0.3022044853814955,-0.2493207158080513,-0.23696671291440463,-0.08293980337910813,0.1145664846530058,1.2189634532508564,0.0,-0.200546274577401,1.0,0.0,0.0,1.0,0.0,0.0,0.0,0.0,0.0,1.0,0,0.0,window_01_0pct,1783692110.29448
0.025578590700582503,-0.36984938277479446,-0.7379063557416712,-0.4058558668836733,-0.684103318687803,-0.24979859986280267,-0.23711635902534775,-0.6040302242810942,0.18096720094586152,1.2189634532508564,0.0,-0.200546274577401,1.0,0.0,0.0,0.0,1.0,0.0,0.0,0.0,0.0,1.0,0,0.0,window_01_0pct,1783692110.298391
0.025576124726871083,-0.36984938277479446,-0.7379063557416712,-0.4058558668836733,-0.684103318687803,-0.24979859986280267,-0.23711635875189854,-0.6040302242810942,0.2141675590922894,1.2189634532508564,0.0,-0.200546274577401,1.0,0.0,0.0,0.0,1.0,0.0,0.0,0.0,0.0,1.0,0,0.0,window_01_0pct,1783692110.298635
0.025749757031703863,0.20389629847721671,-0.2558812097094115,-0.054515563972766135,-0.225824718720234,-0.24882326882455816,-0.23688621800774234,0.27251282722733694,0.08136612650657793,1.2189634532508564,0.0,-0.200546274577401,1.0,0.0,0.0,1.0,0.0,0.0,0.0,0.0,0.0,1.0,0,0.0,window_01_0pct,1783692110.28238
0.025617021459721688,0.007362323299255069,0.3235686749611886,0.17385563291932354,0.28337372568817604,-0.2491571591054209,-0.2367364779337506,-0.342326836814426,0.14776684279943367,1.2189634532508564,0.0,-0.200546274577401,1.0,0.0,0.0,1.0,0.0,0.0,0.0,0.0,0.0,1.0,0,0.0,window_01_0pct,1783692110.294822
-0.38966341325125525,-0.2663665253562499,-0.7164074818860234,-0.3707218365925826,-0.6331834742469621,1.225381518256208,0.3418596467973849,2.937299987461451,0.08136612650657793,-0.7306074243577496,0.0,-0.200546274577401,1.0,0.0,0.0,1.0,0.0,0.0,0.0,0.0,0.0,1.0,0,0.0,window_01_0pct,1783692150.281802
-0.3894094499846109,-0.28180550005175853,-0.6191102069266692,-0.3355878063014919,-0.5568037075857005,-0.04492063188938441,-0.11113840495081047,-0.0583203338589603,0.38016934982442874,-0.7306074243577496,0.0,-0.200546274577401,1.0,0.0,0.0,1.0,0.0,0.0,0.0,0.0,0.0,1.0,0,0.0,window_01_0pct,1783692150.313856
-0.38940384549890306,-0.19584796526054815,1.1531235417489236,0.3670927995203225,0.9453317034191091,0.14776116504404252,0.5052720051381326,-0.5362672954086435,0.3469689916780009,-0.7306074243577496,0.0,-0.200546274577401,1.0,0.0,0.0,1.0,0.0,0.0,0.0,0.0,0.0,1.0,0,0.0,window_01_0pct,1783692150.313345
-0.3892765009084112,-0.1067609085715995,-0.5306291697638502,-0.2477527305737651,-0.45496401870401854,0.17592333461746676,-0.09475428251430512,0.3306186046302633,0.31376863353157297,-0.7306074243577496,0.0,-0.200546274577401,1.0,0.0,0.0,1.0,0.0,0.0,0.0,0.0,0.0,1.0,0,0.0,window_01_0pct,1783692150.301421
-0.38942949803062843,-0.36984938277479446,-0.7379063557416712,-0.4058558668836733,-0.684103318687803,-0.24979859986280267,-0.16969379086742029,-0.6040302242810942,0.4797704242637123,-0.7306074243577496,0.0,-0.200546274577401,1.0,0.0,0.0,0.0,1.0,0.0,0.0,0.0,0.0,1.0,0,0.0,window_01_0pct,1783692150.315763
-0.3894244593310968,-0.28180550005175853,-0.5955506702607468,-0.3180207911559465,-0.53134378536528,-0.03426167081739082,-0.08800932772516783,-0.14862058281123522,0.4133697079708566,-0.7306074243577496,0.0,-0.200546274577401,1.0,0.0,0.0,1.0,0.0,0.0,0.0,0.0,0.0,1.0,0,0.0,window_01_0pct,1783692150.315304
-0.38942777932167805,-0.28180550005175853,-0.5573540544579261,-0.3180207911559465,-0.5058838631448596,-0.03175242529320414,-0.08627291204102482,-0.24495311638333006,0.44657006611728445,-0.7306074243577496,0.0,-0.200546274577401,1.0,0.0,0.0,1.0,0.0,0.0,0.0,0.0,0.0,1.0,0,0.0,window_01_0pct,1783692150.315624
-0.3157875806505267,0.08768671867453663,-0.44248803574499407,-0.17748466999158366,-0.37858425204275703,-0.24542744198066202,-0.2360629301672408,0.536480492264236,-0.11783602237198926,-0.7306074243577496,0.0,-0.200546274577401,1.0,0.0,0.0,1.0,0.0,0.0,0.0,0.0,0.0,1.0,0,0.0,window_01_0pct,1783692149.80222
-0.316894429214577,-0.09132193387609085,0.17662429703676635,0.05088652690050602,0.15607411458607354,-0.24709718815974316,-0.2351926593602171,-0.3797441532037138,0.014965410213722202,-0.7306074243577496,0.0,-0.200546274577401,1.0,0.0,0.0,1.0,0.0,0.0,0.0,0.0,0.0,1.0,0,0.0,window_01_0pct,1783692149.905911
-0.3168910344975197,-0.0024435119803247573,-0.12659055132455768,-0.054515563972766135,-0.09852510761813149,-0.24623533076556114,-0.23558668294595828,-0.16143366591458652,-0.018234947932705664,-0.7306074243577496,0.0,-0.200546274577401,1.0,0.0,0.0,1.0,0.0,0.0,0.0,0.0,0.0,1.0,0,0.0,window_01_0pct,1783692149.905611
-0.31688067954297383,0.1799032972612235,1.644793439491128,0.6305980267035028,1.3781503811662577,-0.2444676065882814,-0.2330267145673661,-0.43411323188067746,-0.08463566422556139,-0.7306074243577496,0.0,-0.200546274577401,1.0,0.0,0.0,1.0,0.0,0.0,0.0,0.0,0.0,1.0,0,0.0,window_01_0pct,1783692149.904657
-0.3168827078330395,0.17927739288167585,-0.07891913538377361,-0.0018145185361300583,-0.04760526317729048,-0.24447352773357775,-0.23538991973626333,0.009624786205516959,-0.051435306079133526,-0.7306074243577496,0.0,-0.200546274577401,1.0,0.0,0.0,1.0,0.0,0.0,0.0,0.0,0.0,1.0,0,0.0,window_01_0pct,1783692149.904859
-0.31689908360651714,0.37768908119828043,0.2891534816349541,0.26169070864705035,0.23245388124733507,-0.24254783069349997,-0.23440458283200913,-0.06802197842276403,0.04816576836015007,-0.7306074243577496,0.0,-0.200546274577401,1.0,0.0,0.0,1.0,0.0,0.0,0.0,0.0,0.0,1.0,0,0.0,window_01_0pct,1783692149.906404
-0.38902794997367895,-0.36984938277479446,-0.7379063557416712,-0.4058558668836733,-0.684103318687803,-0.24979859986280267,-0.2092435993158308,-0.6040302242810942,0.8449743638744188,-0.7306074243577496,0.0,-0.200546274577401,1.0,0.0,0.0,0.0,1.0,0.0,0.0,0.0,0.0,1.0,0,0.0,window_01_0pct,1783692158.017715
-0.3890245766070434,-0.27971915211993303,-0.5573540544579261,-0.3180207911559465,-0.5058838631448596,-0.1573273516506236,-0.17465291851946096,-0.23644418017722194,0.811774005727991,-0.7306074243577496,0.0,-0.200546274577401,1.0,0.0,0.0,1.0,0.0,0.0,0.0,0.0,0.0,1.0,0,0.0,window_01_0pct,1783692158.017424
-0.38889049595849134,-0.10050186477612302,-0.5391055044164228,-0.2477527305737651,-0.480423940924439,-0.01850566753826708,-0.16159057712007377,0.39364913737856866,0.6789725731422795,-0.7306074243577496,0.0,-0.200546274577401,1.0,0.0,0.0,1.0,0.0,0.0,0.0,0.0,0.0,1.0,0,0.0,window_01_0pct,1783692158.00487
-0.38901661289973294,-0.27971915211993303,-0.6106338722740966,-0.3180207911559465,-0.53134378536528,-0.1583848949767969,-0.17536780554447126,-0.08258807226458642,0.7453732894351353,-0.7306074243577496,0.0,-0.200546274577401,1.0,0.0,0.0,1.0,0.0,0.0,0.0,0.0,0.0,1.0,0,0.0,window_01_0pct,1783692158.016696
-0.3890112966447187,-0.19167526939689716,1.1531235417489236,0.29682473893814104,0.9453317034191091,-0.07045644009578689,0.06265557748132117,-0.5346422851239325,0.7121729312887074,-0.7306074243577496,0.0,-0.200546274577401,1.0,0.0,0.0,1.0,0.0,0.0,0.0,0.0,0.0,1.0,0,0.0,window_01_0pct,1783692158.016202
-0.3890228472228821,-0.27971915211993303,-0.5955506702607468,-0.3180207911559465,-0.53134378536528,-0.15755908048474127,-0.17480956452415086,-0.1378288851460726,0.7785736475815631,-0.7306074243577496,0.0,-0.200546274577401,1.0,0.0,0.0,1.0,0.0,0.0,0.0,0.0,0.0,1.0,0,0.0,window_01_0pct,1783692158.017293
0.4370012817579089,-0.09570326453292438,-0.23134445150459615,-0.14235063970049294,-0.225824718720234,-0.24956439745665632,-0.23705252710627944,-0.205488294875651,0.014965410213722202,1.2189634532508564,0.0,-0.200546274577401,1.0,0.0,0.0,1.0,0.0,0.0,0.0,0.0,0.0,1.0,0,0.0,window_01_0pct,1783692082.808646
0.43700715312388855,0.2671126408115292,1.797792342167388,0.7008660872856843,1.5054499922683602,-0.24925444851737394,-0.23677493097914415,-0.4190373881886949,-0.018234947932705664,1.2189634532508564,0.0,-0.200546274577401,1.0,0.0,0.0,1.0,0.0,0.0,0.0,0.0,0.0,1.0,0,0.0,window_01_0pct,1783692082.80824
0.43704192228569866,0.177816949329398,0.11637646476935831,0.1035875723371421,0.13061419236565305,-0.24933075275814232,-0.23697157014807732,-0.13191693264438015,-0.051435306079133526,1.2189634532508564,0.0,-0.200546274577401,1.0,0.0,0.0,1.0,0.0,0.0,0.0,0.0,0.0,1.0,0,0.0,window_01_0pct,1783692082.805139
0.772858393111214,0.5414673938465818,0.8011325922289364,0.47249489039359466,0.6652725589944836,-0.24924497648779376,-0.23694033174309057,-0.167960016459675,1.0773768708994138,-0.7306074243577496,0.0,-0.200546274577401,1.0,0.0,0.0,1.0,0.0,0.0,0.0,0.0,0.0,1.0,0,0.0,window_01_0pct,1783692051.347568
0.7729105735419561,0.551064594332979,3.5483360214688537,1.5792168445629522,3.0075854032731697,-0.24923917131418635,-0.23668126204382126,-0.44580240488964096,1.044176512752986,-0.7306074243577496,0.0,-0.200546274577401,1.0,0.0,0.0,1.0,0.0,0.0,0.0,0.0,0.0,1.0,0,0.0,window_01_0pct,1783692051.342699
-0.389712049511988,-0.36317306939295285,-0.7368866463097827,-0.4585569123203094,-0.7095632409082235,4.94664233234997,5.031938306822959,4.119297628905474,0.4133697079708566,-0.7306074243577496,0.0,-0.200546274577401,0.0,1.0,1.0,0.0,0.0,0.0,0.0,0.0,0.0,1.0,0,0.0,window_01_0pct,1783692157.315017
0.19282658567133007,-0.2778414389812901,-0.6106338722740966,-0.2828867608648558,-0.5058838631448596,-0.24968705114464448,-0.23707212841339,-0.07172469409757591,-0.051435306079133526,1.2189634532508564,0.0,-0.200546274577401,1.0,0.0,0.0,1.0,0.0,0.0,0.0,0.0,0.0,1.0,0,0.0,window_01_0pct,1783692107.876685
0.19281861128880873,-0.2778414389812901,-0.5955506702607468,-0.3004537760104012,-0.5058838631448596,-0.2496870496176334,-0.23708033470645298,-0.12811635724742632,0.014965410213722202,1.2189634532508564,0.0,-0.200546274577401,1.0,0.0,0.0,1.0,0.0,0.0,0.0,0.0,0.0,1.0,0,0.0,window_01_0pct,1783692107.877455
0.19281952935694374,-0.18583349518778577,-0.3868076519745863,-0.23018571542821972,-0.35312432982233655,-0.24957549972406934,-0.2370475047717662,-0.21807006735228956,-0.018234947932705664,1.2189634532508564,0.0,-0.200546274577401,1.0,0.0,0.0,1.0,0.0,0.0,0.0,0.0,0.0,1.0,0,0.0,window_01_0pct,1783692107.877375
0.19281364731575326,0.09165077974500507,0.9234127482695572,0.3495257843747771,0.7671122478761656,-0.24923907323020486,-0.23677665284833121,-0.39945364979258924,0.04816576836015007,1.2189634532508564,0.0,-0.200546274577401,1.0,0.0,0.0,1.0,0.0,0.0,0.0,0.0,0.0,1.0,0,0.0,window_01_0pct,1783692107.877935
0.19291692998093968,0.6666482697561115,0.32021213141455585,0.3495257843747771,0.28337372568817604,-0.24854216426201073,-0.23677672123141147,0.11735618803703139,-0.11783602237198926,1.2189634532508564,0.0,-0.200546274577401,1.0,0.0,0.0,1.0,0.0,0.0,0.0,0.0,0.0,1.0,0,0.0,window_01_0pct,1783692107.86827
0.19283115466158335,0.18470189750442215,0.5135108005969062,0.26169070864705035,0.4615931812311196,-0.24912627748776126,-0.23681770120268508,-0.27768678076815617,-0.08463566422556139,1.2189634532508564,0.0,-0.200546274577401,1.0,0.0,0.0,1.0,0.0,0.0,0.0,0.0,0.0,1.0,0,0.0,window_01_0pct,1783692107.876319
-0.25083903191923174,0.48304965175546793,1.8891200681608955,0.7184331024312297,1.6072896811500421,-0.2454610789467095,-0.23482130931696535,-0.36493421560427114,0.2141675590922894,-0.7306074243577496,0.0,-0.200546274577401,1.0,0.0,0.0,1.0,0.0,0.0,0.0,0.0,0.0,1.0,0,0.0,window_01_0pct,1783692150.28927
-0.2508400460642646,0.19096094129989863,0.22435944481704345,0.08602055719159674,0.18153403680649405,-0.2469465104874782,-0.23606070751342534,-0.17483585282788736,0.24736791723871726,-0.7306074243577496,0.0,-0.200546274577401,1.0,0.0,0.0,1.0,0.0,0.0,0.0,0.0,0.0,1.0,0,0.0,window_01_0pct,1783692150.289395
-0.250831836827104,0.003606897021969178,-0.21407312300198586,-0.08964959426385685,-0.2003647964998135,-0.24789944130177377,-0.23640503431017962,-0.07901516131854273,0.18096720094586152,-0.7306074243577496,0.0,-0.200546274577401,1.0,0.0,0.0,1.0,0.0,0.0,0.0,0.0,0.0,1.0,0,0.0,window_01_0pct,1783692150.288658
-0.25084383576412417,0.09874436271321176,0.2026268875499213,0.12115458748268745,0.18153403680649405,-0.2474154274114304,-0.23599181916404308,-0.23712391107060773,0.2805682753851451,-0.7306074243577496,0.0,-0.200546274577401,1.0,0.0,0.0,1.0,0.0,0.0,0.0,0.0,0.0,1.0,0,0.0,window_01_0pct,1783692150.289791
-0.250827086358266,0.285263867818411,0.0015954218424169633,0.0157524966094153,0.02877450348397103,-0.24646722896323378,-0.23619851027545272,0.048359845929548,0.1145664846530058,-0.7306074243577496,0.0,-0.200546274577401,1.0,0.0,0.0,1.0,0.0,0.0,0.0,0.0,0.0,1.0,0,0.0,window_01_0pct,1783692150.288248
-0.2508296804345079,0.47074019895769753,2.385293682560607,0.9995053447599554,2.0401083588971907,-0.24552396799859416,-0.2342706568231096,-0.40582098060010297,0.14776684279943367,-0.7306074243577496,0.0,-0.200546274577401,1.0,0.0,0.0,1.0,0.0,0.0,0.0,0.0,0.0,1.0,0,0.0,window_01_0pct,1783692150.288506
0.9245394219560615,-0.08255927256242376,-0.30408372431263747,-0.12478362455494757,-0.225824718720234,-0.24964421433975575,-0.23708965160057066,-0.11635593271125336,0.7785736475815631,-0.7306074243577496,0.0,-0.200546274577401,1.0,0.0,0.0,1.0,0.0,0.0,0.0,0.0,0.0,1.0,0,0.0,window_01_0pct,1783692040.245878
1.132423365050968,0.2927747203729828,-0.11280323004756622,0.03331951175496066,-0.04760526317729048,-0.24949114713586945,-0.23707131881404808,0.17659657453660357,0.1145664846530058,-0.7306074243577496,0.0,-0.200546274577401,1.0,0.0,0.0,1.0,0.0,0.0,0.0,0.0,0.0,1.0,0,0.0,window_01_0pct,1783692029.843457
1.1321957055039125,0.2783789196433869,1.5830797749153804,0.683299072140139,1.3781503811662577,-0.24949778168977635,-0.23695506801904126,-0.39834924790910825,0.14776684279943367,-0.7306074243577496,0.0,-0.200546274577401,1.0,0.0,0.0,1.0,0.0,0.0,0.0,0.0,0.0,1.0,0,0.0,window_01_0pct,1783692029.864783
-0.23171455177024491,-0.009119825362166342,1.4344996131106373,0.5076289206846853,1.1744710034028936,-0.24818612224464986,-0.2354678099563662,-0.4817435451433306,0.8781747220208467,-0.7306074243577496,0.0,-0.200546274577401,1.0,0.0,0.0,1.0,0.0,0.0,0.0,0.0,0.0,1.0,0,0.0,window_01_0pct,1783692159.302697
-0.02381785179834629,0.35119246246409663,-0.04798794928315792,0.08602055719159674,-0.02214534095686998,-0.24840682643921347,-0.23674426657586703,0.165617557196977,-0.25063745495770073,1.2189634532508564,0.0,-0.200546274577401,1.0,0.0,0.0,1.0,0.0,0.0,0.0,0.0,0.0,1.0,0,0.0,window_01_0pct,1783692139.827996
-0.23174364171987102,-0.09820688205111498,-0.2822024594200316,-0.1599176548460383,-0.2512846409406545,-0.2485841218579074,-0.236617616821199,-0.16505764833013883,0.9445754383137024,-0.7306074243577496,0.0,-0.200546274577401,1.0,0.0,0.0,1.0,0.0,0.0,0.0,0.0,0.0,1.0,0,0.0,window_01_0pct,1783692159.305452
-0.23172320936626206,-0.09820688205111498,-0.33227444131505296,-0.14235063970049294,-0.276744563161075,-0.2485842789228083,-0.23658742490448018,-0.11087286898913849,0.9113750801672745,-0.7306074243577496,0.0,-0.200546274577401,1.0,0.0,0.0,1.0,0.0,0.0,0.0,0.0,0.0,1.0,0,0.0,window_01_0pct,1783692159.303541
-0.23175201108519466,-0.2790932477403854,-0.5573540544579261,-0.3180207911559465,-0.5058838631448596,-0.24939281958373824,-0.2368899989759512,-0.23389149931538947,0.9777757964601304,-0.7306074243577496,0.0,-0.200546274577401,1.0,0.0,0.0,1.0,0.0,0.0,0.0,0.0,0.0,1.0,0,0.0,window_01_0pct,1783692159.306248
0.2544869879754708,-0.36984938277479446,-0.7379063557416712,-0.38828885173812794,-0.6331834742469621,-0.24979859986280267,-0.23712530082858754,-0.6040302242810942,-0.08463566422556139,1.2189634532508564,0.0,-0.200546274577401,1.0,0.0,0.0,0.0,1.0,0.0,0.0,0.0,0.0,1.0,0,0.0,window_01_0pct,1783692114.480214
0.2544840949933244,-0.36984938277479446,-0.7379063557416712,-0.38828885173812794,-0.6331834742469621,-0.24979859986280267,-0.23712530066193643,-0.6040302242810942,-0.051435306079133526,1.2189634532508564,0.0,-0.200546274577401,1.0,0.0,0.0,0.0,1.0,0.0,0.0,0.0,0.0,1.0,0,0.0,window_01_0pct,1783692114.480538
0.2544801878661453,-0.36984938277479446,-0.7379063557416712,-0.38828885173812794,-0.6331834742469621,-0.24979859986280267,-0.2371253004368628,-0.6040302242810942,-0.018234947932705664,1.2189634532508564,0.0,-0.200546274577401,1.0,0.0,0.0,0.0,1.0,0.0,0.0,0.0,0.0,1.0,0,0.0,window_01_0pct,1783692114.480904
0.2969739749639874,-0.36984938277479446,-0.7379063557416712,-0.38828885173812794,-0.6331834742469621,-0.24979859986280267,-0.2371275968628288,-0.6040302242810942,0.18096720094586152,1.2189634532508564,0.0,-0.200546274577401,1.0,0.0,0.0,0.0,1.0,0.0,0.0,0.0,0.0,1.0,0,0.0,window_01_0pct,1783692111.138659
0.4045467618699802,0.4411140583257755,0.19030539858126944,0.2265566783559596,0.15607411458607354,-0.24907748672495955,-0.23692162504387623,0.03937847664285502,-0.3834388875434122,1.2189634532508564,0.0,-0.200546274577401,1.0,0.0,0.0,1.0,0.0,0.0,0.0,0.0,0.0,1.0,0,0.0,window_01_0pct,1783692101.061867
0.2970029795119266,-0.09820688205111498,-0.33380400546288563,-0.17748466999158366,-0.276744563161075,-0.24951922632774004,-0.2370440503427887,-0.10900632167372967,0.1145664846530058,1.2189634532508564,0.0,-0.200546274577401,1.0,0.0,0.0,1.0,0.0,0.0,0.0,0.0,0.0,1.0,0,0.0,window_01_0pct,1783692111.136036
0.29701941933666953,-0.009119825362166342,1.3696418444532334,0.5251959358302307,1.1235511589620526,-0.2494276127056545,-0.236765566541703,-0.4779803281506727,0.04816576836015007,1.2189634532508564,0.0,-0.200546274577401,1.0,0.0,0.0,1.0,0.0,0.0,0.0,0.0,0.0,1.0,0,0.0,window_01_0pct,1783692111.134519
0.2969867211657685,-0.08485425528743182,-0.4804722120828381,-0.21261870028267438,-0.42950409648359805,-0.24950548674125428,-0.23705797253525057,0.21119593537829845,0.14776684279943367,1.2189634532508564,0.0,-0.200546274577401,1.0,0.0,0.0,1.0,0.0,0.0,0.0,0.0,0.0,1.0,0,0.0,window_01_0pct,1783692111.137595
0.29700914978381066,-0.09570326453292438,0.2218951470233131,0.05088652690050602,0.18153403680649405,-0.2495166539897859,-0.23695354189654355,-0.3936844849525668,0.08136612650657793,1.2189634532508564,0.0,-0.200546274577401,1.0,0.0,0.0,1.0,0.0,0.0,0.0,0.0,0.0,1.0,0,0.0,window_01_0pct,1783692111.135505
1.0822030418025725,0.12273736392920495,-0.21902296253594428,-0.0720825791183115,-0.14944495205897249,-0.24956224509561106,-0.23708770034646237,0.09506740223279066,0.8449743638744188,-0.7306074243577496,0.0,-0.200546274577401,1.0,0.0,0.0,1.0,0.0,0.0,0.0,0.0,0.0,1.0,0,0.0,window_01_0pct,1783692040.246499
-0.38925376270925394,-0.09173920346245594,-0.5306291697638502,-0.23018571542821972,-0.45496401870401854,0.177946619700408,-0.09139396054769315,0.38398475505184754,-0.11783602237198926,-0.7306074243577496,0.0,-0.200546274577401,1.0,0.0,0.0,1.0,0.0,0.0,0.0,0.0,0.0,1.0,0,0.0,window_01_0pct,1783692179.048105
-0.38954577242744604,-0.36984938277479446,-0.7379063557416712,-0.4058558668836733,-0.684103318687803,-0.24979859986280267,-0.12277033773241258,-0.6040302242810942,0.014965410213722202,-0.7306074243577496,0.0,-0.200546274577401,1.0,0.0,0.0,0.0,1.0,0.0,0.0,0.0,0.0,1.0,0,0.0,window_01_0pct,1783692179.075467
-0.3895413849157776,-0.27679826501537735,-0.5573540544579261,-0.3004537760104012,-0.5058838631448596,0.133237650565322,0.04150456420121882,-0.2245316694886705,-0.018234947932705664,-0.7306074243577496,0.0,-0.200546274577401,1.0,0.0,0.0,1.0,0.0,0.0,0.0,0.0,0.0,1.0,0,0.0,window_01_0pct,1783692179.075073
-0.38952024799825113,-0.18374714725596028,-0.4767545214457448,-0.2477527305737651,-0.42950409648359805,0.4322486654685534,0.08537006796138508,-0.07926404309749215,-0.051435306079133526,-0.7306074243577496,0.0,-0.200546274577401,1.0,0.0,0.0,1.0,0.0,0.0,0.0,0.0,0.0,1.0,0,0.0,window_01_0pct,1783692179.073097
-0.3895161380420654,-0.18583349518778577,1.1531235417489236,0.3495257843747771,0.9453317034191091,0.4105196065427806,0.9045665786514614,-0.5323672707253371,-0.08463566422556139,-0.7306074243577496,0.0,-0.200546274577401,1.0,0.0,0.0,1.0,0.0,0.0,0.0,0.0,0.0,1.0,0,0.0,window_01_0pct,1783692179.072718
0.6049610997896001,0.1886659585748906,-0.08892503418417882,0.03331951175496066,-0.02214534095686998,-0.24940203065889754,-0.23702301438628162,0.029739297492680006,-0.2838378131041286,1.2189634532508564,0.0,-0.200546274577401,1.0,0.0,0.0,1.0,0.0,0.0,0.0,0.0,0.0,1.0,0,0.0,window_01_0pct,1783692087.892395
0.5368170761367306,-0.36984938277479446,-0.7379063557416712,-0.38828885173812794,-0.6331834742469621,-0.24979859986280267,-0.2371366086481985,-0.6040302242810942,-0.3834388875434122,1.2189634532508564,0.0,-0.200546274577401,1.0,0.0,0.0,0.0,1.0,0.0,0.0,0.0,0.0,1.0,0,0.0,window_01_0pct,1783692094.276053
-0.032785733494725994,-0.001817607600777109,-0.19839509048670126,-0.10721660940940221,-0.174904874279393,-0.24907036693475645,-0.23688110884468133,-0.10167565691335123,-0.2838378131041286,-0.7306074243577496,0.0,-0.200546274577401,1.0,0.0,0.0,1.0,0.0,0.0,0.0,0.0,0.0,1.0,0,0.0,window_01_0pct,1783692149.076788
-0.03281972336614235,-0.001817607600777109,-0.1047092864319518,-0.054515563972766135,-0.07306518539771098,-0.24907029757915863,-0.23684089234808833,-0.17599993114731466,-0.21743709681127285,-0.7306074243577496,0.0,-0.200546274577401,1.0,0.0,0.0,1.0,0.0,0.0,0.0,0.0,0.0,1.0,0,0.0,window_01_0pct,1783692149.080001
-0.03284105243746457,0.4724092773031579,0.6870525995364183,0.38465981466586785,0.5888927923332221,-0.24813174496334825,-0.23650593889882784,-0.1687396009012497,-0.184236738664845,-0.7306074243577496,0.0,-0.200546274577401,1.0,0.0,0.0,1.0,0.0,0.0,0.0,0.0,0.0,1.0,0,0.0,window_01_0pct,1783692149.082018
-0.03260788448159881,0.45863938095310963,0.5809603307270264,0.3670927995203225,0.5379729478923811,-0.2481600665590183,-0.23651975615630116,-0.14141343992326416,-0.31703817125055644,-0.7306074243577496,0.0,-0.200546274577401,1.0,0.0,0.0,1.0,0.0,0.0,0.0,0.0,0.0,1.0,0,0.0,window_01_0pct,1783692149.06059
-0.03284793794847698,0.2996596685480069,-0.07681598468050373,0.0157524966094153,-0.07306518539771098,-0.2484735960042183,-0.23678727641686112,0.14177311256308672,-0.1510363805184171,-0.7306074243577496,0.0,-0.200546274577401,1.0,0.0,0.0,1.0,0.0,0.0,0.0,0.0,0.0,1.0,0,0.0,window_01_0pct,1783692149.083307
-0.03279812741454832,0.18470189750442215,0.5913698645108874,0.3495257843747771,0.5379729478923811,-0.24870125840121637,-0.236532809366677,-0.2968012346136633,-0.25063745495770073,-0.7306074243577496,0.0,-0.200546274577401,1.0,0.0,0.0,1.0,0.0,0.0,0.0,0.0,0.0,1.0,0,0.0,window_01_0pct,1783692149.078797
-0.3897120388367771,-0.36317306939295285,-0.7368866463097827,-0.4585569123203094,-0.7095632409082235,4.886218600580054,4.970669693836692,4.119297628905474,-0.21743709681127285,-0.7306074243577496,0.0,-0.200546274577401,0.0,1.0,1.0,0.0,0.0,0.0,0.0,0.0,0.0,1.0,0,0.0,window_01_0pct,1783692178.137479
0.8834122646788394,1.0246655748573665,0.41874155527077533,0.3670927995203225,0.3852134145698581,-0.24902499939391226,-0.23698214890135394,0.28385469428894405,-0.11783602237198926,-0.7306074243577496,0.0,-0.200546274577401,1.0,0.0,0.0,1.0,0.0,0.0,0.0,0.0,0.0,1.0,0,0.0,window_01_0pct,1783692065.737347
0.11474247819275885,-0.27679826501537735,-0.5573540544579261,-0.2828867608648558,-0.5058838631448596,-0.24966832414997617,-0.2370581538255449,-0.2245316694886705,-0.08463566422556139,1.2189634532508564,0.0,-0.200546274577401,1.0,0.0,0.0,1.0,0.0,0.0,0.0,0.0,0.0,1.0,0,0.0,window_01_0pct,1783692137.742473
0.883202582186892,0.28234298071385533,1.8846800833428812,0.7008660872856843,1.5818297589296217,-0.24943673968642283,-0.23691075410394924,-0.42088945383387605,0.014965410213722202,-0.7306074243577496,0.0,-0.200546274577401,1.0,0.0,0.0,1.0,0.0,0.0,0.0,0.0,0.0,1.0,0,0.0,window_01_0pct,1783692065.757003
0.8832176022085888,0.3770631768187328,0.29527173822628466,0.27925772379259567,0.28337372568817604,-0.24938419034725967,-0.23700090140383231,-0.07164217297674311,-0.08463566422556139,-0.7306074243577496,0.0,-0.200546274577401,1.0,0.0,0.0,1.0,0.0,0.0,0.0,0.0,0.0,1.0,0,0.0,window_01_0pct,1783692065.755611
0.8832089339373609,0.6535042777856109,2.17213192340293,0.929237284177774,1.8618889033542472,-0.24923080865728361,-0.23686192684818316,-0.34505004223429697,-0.051435306079133526,-0.7306074243577496,0.0,-0.200546274577401,1.0,0.0,0.0,1.0,0.0,0.0,0.0,0.0,0.0,1.0,0,0.0,window_01_0pct,1783692065.756435
0.8832047492546989,0.09665801478138626,1.77867279031948,0.7008660872856843,1.5309099144887806,-0.24953976493736854,-0.23691075453237864,-0.46751316266362064,-0.018234947932705664,-0.7306074243577496,0.0,-0.200546274577401,1.0,0.0,0.0,1.0,0.0,0.0,0.0,0.0,0.0,1.0,0,0.0,window_01_0pct,1783692065.756836
-0.3896037494976917,-0.36984938277479446,-0.7379063557416712,-0.4058558668836733,-0.684103318687803,-0.24979859986280267,-0.06204078304394951,-0.6040302242810942,-0.018234947932705664,-0.7306074243577496,0.0,-0.200546274577401,1.0,0.0,0.0,0.0,1.0,0.0,0.0,0.0,0.0,1.0,0,0.0,window_01_0pct,1783692187.077808
-0.38952932192749234,-0.09674643849883713,-0.5306291697638502,-0.2477527305737651,-0.45496401870401854,0.8005552839927342,0.10130731980789646,0.3661960382446528,-0.1510363805184171,-0.7306074243577496,0.0,-0.200546274577401,1.0,0.0,0.0,1.0,0.0,0.0,0.0,0.0,0.0,1.0,0,0.0,window_01_0pct,1783692187.070844
-0.38960564968522693,-0.36984938277479446,-0.7379063557416712,-0.4058558668836733,-0.684103318687803,-0.24979859986280267,-0.058939743489886,-0.6040302242810942,0.014965410213722202,-0.7306074243577496,0.0,-0.200546274577401,1.0,0.0,0.0,0.0,1.0,0.0,0.0,0.0,0.0,1.0,0,0.0,window_01_0pct,1783692187.078019
-0.38957785143611634,-0.18708530394688108,-0.4767545214457448,-0.2477527305737651,-0.42950409648359805,0.7055955605466945,0.22288470537111063,-0.08867688939674961,-0.08463566422556139,-0.7306074243577496,0.0,-0.200546274577401,1.0,0.0,0.0,1.0,0.0,0.0,0.0,0.0,0.0,1.0,0,0.0,window_01_0pct,1783692187.075436
-0.38960159310509557,-0.2784673433608377,-0.5573540544579261,-0.3180207911559465,-0.5058838631448596,0.32973880879050427,0.14923157470180584,-0.23133881845355705,-0.051435306079133526,-0.7306074243577496,0.0,-0.200546274577401,1.0,0.0,0.0,1.0,0.0,0.0,0.0,0.0,0.0,1.0,0,0.0,window_01_0pct,1783692187.077672
-0.3895757697699963,-0.2790932477403854,1.1454757210097604,0.3319587692292318,0.9198717811986885,0.21742769446392113,1.3659956168317224,-0.5685427314750969,-0.11783602237198926,-0.7306074243577496,0.0,-0.200546274577401,1.0,0.0,0.0,1.0,0.0,0.0,0.0,0.0,0.0,1.0,0,0.0,window_01_0pct,1783692187.075264
-0.38917162763680496,-0.09674643849883713,-0.5306291697638502,-0.2477527305737651,-0.45496401870401854,0.10651265672050493,-0.12234341746824125,0.3661960382446528,0.08136612650657793,-0.7306074243577496,0.0,-0.200546274577401,1.0,0.0,0.0,1.0,0.0,0.0,0.0,0.0,0.0,1.0,0,0.0,window_01_0pct,1783692188.780538
-0.38942346653648574,-0.36984938277479446,-0.7379063557416712,-0.4058558668836733,-0.684103318687803,-0.24979859986280267,-0.17109949076444766,-0.6040302242810942,0.24736791723871726,-0.7306074243577496,0.0,-0.200546274577401,1.0,0.0,0.0,0.0,1.0,0.0,0.0,0.0,0.0,1.0,0,0.0,window_01_0pct,1783692188.804133
-0.3894131329323617,-0.2784673433608377,-0.6191102069266692,-0.3355878063014919,-0.5568037075857005,-0.03454066896942881,-0.10959036387196142,-0.037629911473286974,0.14776684279943367,-0.7306074243577496,0.0,-0.200546274577401,1.0,0.0,0.0,1.0,0.0,0.0,0.0,0.0,0.0,1.0,0,0.0,window_01_0pct,1783692188.803175
-0.38940476356703807,-0.18917165187870658,1.1531235417489236,0.3143917540836864,0.9453317034191091,0.16424497588644205,0.4609432443800003,-0.5336672789531058,0.1145664846530058,-0.7306074243577496,0.0,-0.200546274577401,1.0,0.0,0.0,1.0,0.0,0.0,0.0,0.0,0.0,1.0,0,0.0,window_01_0pct,1783692188.802403
-0.3894185345890629,-0.2784673433608377,-0.5955506702607468,-0.3355878063014919,-0.53134378536528,-0.030591411789151545,-0.1072498469996369,-0.1313538665469751,0.18096720094586152,-0.7306074243577496,0.0,-0.200546274577401,1.0,0.0,0.0,1.0,0.0,0.0,0.0,0.0,0.0,1.0,0,0.0,window_01_0pct,1783692188.803696
-0.38941963413578273,-0.2784673433608377,-0.5573540544579261,-0.3004537760104012,-0.5058838631448596,-0.029769693975285918,-0.07416297012633122,-0.23133881845355705,0.2141675590922894,-0.7306074243577496,0.0,-0.200546274577401,1.0,0.0,0.0,1.0,0.0,0.0,0.0,0.0,0.0,1.0,0,0.0,window_01_0pct,1783692188.803802
-0.3893752572841879,-0.36984938277479446,-0.7379063557416712,-0.4058558668836733,-0.684103318687803,-0.24979859986280267,-0.18053048726344303,-0.6040302242810942,0.4133697079708566,-0.7306074243577496,0.0,-0.200546274577401,1.0,0.0,0.0,0.0,1.0,0.0,0.0,0.0,0.0,1.0,0,0.0,window_01_0pct,1783692190.650263
-0.3893768585658187,-0.36984938277479446,-0.7379063557416712,-0.4058558668836733,-0.684103318687803,-0.24979859986280267,-0.1802606743931004,-0.6040302242810942,0.44657006611728445,-0.7306074243577496,0.0,-0.200546274577401,1.0,0.0,0.0,0.0,1.0,0.0,0.0,0.0,0.0,1.0,0,0.0,window_01_0pct,1783692190.65043
-0.3893504267436997,-0.18708530394688108,-0.4767545214457448,-0.26531974571931044,-0.42950409648359805,0.10625170915199704,-0.07890320118684893,-0.08867688939674961,0.3469689916780009,-0.7306074243577496,0.0,-0.200546274577401,1.0,0.0,0.0,1.0,0.0,0.0,0.0,0.0,0.0,1.0,0,0.0,window_01_0pct,1783692190.647966
-0.3893519105980109,-0.18708530394688108,-0.4300815709903515,-0.2477527305737651,-0.37858425204275703,0.10771503054855705,-0.06501030650738764,-0.16681030163475288,0.38016934982442874,-0.7306074243577496,0.0,-0.200546274577401,1.0,0.0,0.0,1.0,0.0,0.0,0.0,0.0,0.0,1.0,0,0.0,window_01_0pct,1783692190.648108
-0.3890544992231176,-0.007450747016705945,1.23312824425917,0.41979384495695854,1.0217114700803707,0.1389092890315463,0.1331550557943757,-0.46862660222607944,0.31376863353157297,-0.7306074243577496,0.0,-0.200546274577401,1.0,0.0,0.0,1.0,0.0,0.0,0.0,0.0,0.0,1.0,0,0.0,window_01_0pct,1783692190.620256
0.26037891441119854,0.2587672490842272,1.4572943677026433,0.5603299661213215,1.2508507700641551,-0.2491156704760673,-0.23672849049904615,-0.3931430906111183,0.1145664846530058,1.2189634532508564,0.0,-0.200546274577401,1.0,0.0,0.0,1.0,0.0,0.0,0.0,0.0,0.0,1.0,0,0.0,window_01_0pct,1783692130.447099
0.1952787136342562,-0.36984938277479446,-0.7379063557416712,-0.38828885173812794,-0.6586433964673826,-0.24979859986280267,-0.23712154492936843,-0.6040302242810942,-0.11783602237198926,1.2189634532508564,0.0,-0.200546274577401,1.0,0.0,0.0,0.0,1.0,0.0,0.0,0.0,0.0,1.0,0,0.0,window_01_0pct,1783692136.545383
0.2602916125366875,0.08539173594952858,0.2132488607987591,0.15628861777377817,0.18153403680649405,-0.2493039592841061,-0.23689760999672577,-0.2515595050809157,0.24736791723871726,1.2189634532508564,0.0,-0.200546274577401,1.0,0.0,0.0,1.0,0.0,0.0,0.0,0.0,0.0,1.0,0,0.0,window_01_0pct,1783692130.455316
0.2603183752903435,-0.09820688205111498,-0.3228633730165827,-0.17748466999158366,-0.276744563161075,-0.24950345984533198,-0.2370373707001084,-0.12205460245184377,0.18096720094586152,1.2189634532508564,0.0,-0.200546274577401,1.0,0.0,0.0,1.0,0.0,0.0,0.0,0.0,0.0,1.0,0,0.0,window_01_0pct,1783692130.452819
0.2602980283384215,0.17406152305211212,0.1867576595161576,0.17385563291932354,0.18153403680649405,-0.24920762128322557,-0.23689025712744952,-0.17084215283290421,0.2141675590922894,1.2189634532508564,0.0,-0.200546274577401,1.0,0.0,0.0,1.0,0.0,0.0,0.0,0.0,0.0,1.0,0,0.0,window_01_0pct,1783692130.454734
0.26032128962291157,0.5491868811943361,0.549413070177978,0.38465981466586785,0.48705310345154007,-0.24880006994867912,-0.2368020042297537,-0.07827715669271741,0.14776684279943367,1.2189634532508564,0.0,-0.200546274577401,1.0,0.0,0.0,1.0,0.0,0.0,0.0,0.0,0.0,1.0,0,0.0,window_01_0pct,1783692130.452564
1.2400951858882203,0.30070284251391965,0.31496487662962996,0.26169070864705035,0.3088336479085966,-0.24950802315820655,-0.2370392003539646,-0.13501035378622178,0.811774005727991,-0.7306074243577496,0.0,-0.200546274577401,1.0,0.0,0.0,1.0,0.0,0.0,0.0,0.0,0.0,1.0,0,0.0,window_01_0pct,1783692040.246213
1.24011122005495,0.39500576903243206,1.9903687171688174,0.8414022084500472,1.7091293700317243,-0.24946716124453663,-0.23694239494268501,-0.3975728896719106,0.7121729312887074,-0.7306074243577496,0.0,-0.200546274577401,1.0,0.0,0.0,1.0,0.0,0.0,0.0,0.0,0.0,1.0,0,0.0,window_01_0pct,1783692040.244732
1.2401140703362528,1.0803710646371072,3.0452156365644023,1.4386807233985894,2.600226647746442,-0.24917016947366646,-0.23684265534442517,-0.3217217622140623,0.7453732894351353,-0.7306074243577496,0.0,-0.200546274577401,1.0,0.0,0.0,1.0,0.0,0.0,0.0,0.0,0.0,1.0,0,0.0,window_01_0pct,1783692040.244883
1.357974077575082,0.9689600850776258,1.2061271882606244,0.736000117576775,1.1235511589620526,-0.24925757181536723,-0.23697364680301972,-0.09686095403591462,0.08136612650657793,-0.7306074243577496,0.0,-0.200546274577401,1.0,0.0,0.0,1.0,0.0,0.0,0.0,0.0,0.0,1.0,0,0.0,window_01_0pct,1783692029.204361
-0.2319476129740019,-0.36984938277479446,-0.7379063557416712,-0.4058558668836733,-0.684103318687803,-0.24979859986280267,-0.23704118832356197,-0.6040302242810942,-0.184236738664845,-0.7306074243577496,0.0,-0.200546274577401,1.0,0.0,0.0,0.0,1.0,0.0,0.0,0.0,0.0,1.0,0,0.0,window_01_0pct,1783692178.140233
-0.2319480720080694,-0.36984938277479446,-0.7379063557416712,-0.4058558668836733,-0.684103318687803,-0.24979859986280267,-0.23704118797085433,-0.6040302242810942,-0.1510363805184171,-0.7306074243577496,0.0,-0.200546274577401,1.0,0.0,0.0,0.0,1.0,0.0,0.0,0.0,0.0,1.0,0,0.0,window_01_0pct,1783692178.140287
0.7852480214988109,-0.016422043123555573,-0.18528757549763542,-0.0720825791183115,-0.12398502983855199,-0.24958615738041257,-0.23706881852325962,-0.13305239529765708,-0.31703817125055644,1.2189634532508564,0.0,-0.200546274577401,1.0,0.0,0.0,1.0,0.0,0.0,0.0,0.0,0.0,1.0,0,0.0,window_01_0pct,1783692090.340787
-0.3897121669393076,-0.36317306939295285,-0.7368866463097827,-0.4585569123203094,-0.7095632409082235,5.719086254705923,5.815183007971708,4.119297628905474,0.3469689916780009,-0.7306074243577496,0.0,-0.200546274577401,0.0,1.0,1.0,0.0,0.0,0.0,0.0,0.0,0.0,1.0,0,0.0,window_01_0pct,1783692200.418389
0.6138890668725294,0.08288811843133799,-0.25894033800507676,-0.054515563972766135,-0.174904874279393,-0.2494799970464883,-0.23704807436259975,0.09205940325988654,-0.184236738664845,1.2189634532508564,0.0,-0.200546274577401,1.0,0.0,0.0,1.0,0.0,0.0,0.0,0.0,0.0,1.0,0,0.0,window_01_0pct,1783692114.466639
1.4367050814820734,0.1874141498157953,1.733210744814454,0.736000117576775,1.5054499922683602,-0.2495831108630438,-0.23698178377679213,-0.4379544749341293,0.811774005727991,-0.7306074243577496,0.0,-0.200546274577401,1.0,0.0,0.0,1.0,0.0,0.0,0.0,0.0,0.0,1.0,0,0.0,window_01_0pct,1783692047.78741
0.30380033463297207,0.8715276366613751,1.5613047297552631,0.8414022084500472,1.3781503811662577,-0.2485344062790859,-0.23664535306649956,-0.20641454598125134,0.4797704242637123,-0.7306074243577496,0.0,-0.200546274577401,1.0,0.0,0.0,1.0,0.0,0.0,0.0,0.0,0.0,1.0,0,0.0,window_01_0pct,1783692157.923264
0.3037075457000729,0.08622627512225878,-0.21902296253594428,-0.08964959426385685,-0.2003647964998135,-0.2493340793634945,-0.23701071966779505,0.043249492601308226,0.6457722149958517,-0.7306074243577496,0.0,-0.200546274577401,1.0,0.0,0.0,1.0,0.0,0.0,0.0,0.0,0.0,1.0,0,0.0,window_01_0pct,1783692157.931969
0.3037293124550408,0.16154343546115915,0.06955480668848125,0.08602055719159674,0.07969434792481203,-0.24925738459571692,-0.2369417764444363,-0.11938351448330808,0.5129707824101402,-0.7306074243577496,0.0,-0.200546274577401,1.0,0.0,0.0,1.0,0.0,0.0,0.0,0.0,0.0,1.0,0,0.0,window_01_0pct,1783692157.929937
0.3037191923551342,0.8045558680497767,2.1252040455895647,0.9643713144688647,1.8109690589134062,-0.2486024690423388,-0.23659702826909704,-0.3019520666352917,0.546171140556568,-0.7306074243577496,0.0,-0.200546274577401,1.0,0.0,0.0,1.0,0.0,0.0,0.0,0.0,0.0,1.0,0,0.0,window_01_0pct,1783692157.930897
0.30370967006703636,-0.015796138744007926,-0.16650792679369017,-0.0720825791183115,-0.12398502983855199,-0.24943799196146701,-0.2370038251387228,-0.14772436397546898,0.6125718568494237,-0.7306074243577496,0.0,-0.200546274577401,1.0,0.0,0.0,1.0,0.0,0.0,0.0,0.0,0.0,1.0,0,0.0,window_01_0pct,1783692157.931792
0.30371672638142283,0.16404705297934974,0.6196668012457913,0.24412369350150498,0.5379729478923811,-0.24925482483087313,-0.23687971812719152,-0.3144094968150719,0.5793714987029959,-0.7306074243577496,0.0,-0.200546274577401,1.0,0.0,0.0,1.0,0.0,0.0,0.0,0.0,0.0,1.0,0,0.0,window_01_0pct,1783692157.931136
-0.042629089234716644,-0.36984938277479446,-0.7379063557416712,-0.4058558668836733,-0.684103318687803,-0.24979859986280267,-0.2371073092533692,-0.6040302242810942,0.4133697079708566,-0.7306074243577496,0.0,-0.200546274577401,1.0,0.0,0.0,0.0,1.0,0.0,0.0,0.0,0.0,1.0,0,0.0,window_01_0pct,1783692190.385669
-0.04263296433626318,-0.36984938277479446,-0.7379063557416712,-0.4058558668836733,-0.684103318687803,-0.24979859986280267,-0.23710730863817683,-0.6040302242810942,0.44657006611728445,-0.7306074243577496,0.0,-0.200546274577401,1.0,0.0,0.0,0.0,1.0,0.0,0.0,0.0,0.0,1.0,0,0.0,window_01_0pct,1783692190.386043
-0.04238806432364916,0.447373102121252,0.6662547759151939,0.4022268298114132,0.5888927923332221,-0.2481368369334229,-0.23647412867644085,-0.17542304022973415,0.2805682753851451,-0.7306074243577496,0.0,-0.200546274577401,1.0,0.0,0.0,1.0,0.0,0.0,0.0,0.0,0.0,1.0,0,0.0,window_01_0pct,1783692190.363113
-0.042625203457959275,-0.2790932477403854,-0.5940211061129143,-0.3355878063014919,-0.53134378536528,-0.24961392772718438,-0.2370522097445893,-0.13958098273865396,0.38016934982442874,-0.7306074243577496,0.0,-0.200546274577401,1.0,0.0,0.0,1.0,0.0,0.0,0.0,0.0,0.0,1.0,0,0.0,window_01_0pct,1783692190.385337
-0.042561984859175436,0.4724092773031579,0.2455609034217237,0.1914226480648689,0.20699395902691456,-0.24808506964010518,-0.2366390541262814,0.026664000677320894,0.3469689916780009,-0.7306074243577496,0.0,-0.200546274577401,1.0,0.0,0.0,1.0,0.0,0.0,0.0,0.0,0.0,1.0,0,0.0,window_01_0pct,1783692190.379426
-0.04255361549385177,0.2679471799842594,0.8106286363133973,0.41979384495695854,0.7416523256557451,-0.24850106812982137,-0.23646002826230575,-0.3007124575957465,0.31376863353157297,-0.7306074243577496,0.0,-0.200546274577401,1.0,0.0,0.0,1.0,0.0,0.0,0.0,0.0,0.0,1.0,0,0.0,window_01_0pct,1783692190.37865
-0.389712295041838,-0.36317306939295285,-0.7368866463097827,-0.4585569123203094,-0.7095632409082235,6.874354291074063,6.986604701771888,4.119297628905474,-1.2134478412041088,-0.7306074243577496,0.0,-0.200546274577401,0.0,1.0,1.0,0.0,0.0,0.0,0.0,0.0,0.0,1.0,0,0.0,window_01_0pct,1783692218.898239
1.518958253788955,0.5577409077148207,0.30676471328152716,0.1914226480648689,0.3088336479085966,-0.2494553663062388,-0.23706722152244655,0.04986844207044571,0.8781747220208467,-0.7306074243577496,0.0,-0.200546274577401,1.0,0.0,0.0,1.0,0.0,0.0,0.0,0.0,0.0,1.0,0,0.0,window_01_0pct,1783692047.791751
1.6182761243070747,1.0263346532028268,1.6713696165597203,0.9819383296144101,1.5309099144887806,-0.2493075269376395,-0.2369647819239175,-0.17725917978290262,0.6789725731422795,-0.7306074243577496,0.0,-0.200546274577401,1.0,0.0,0.0,1.0,0.0,0.0,0.0,0.0,0.0,1.0,0,0.0,window_01_0pct,1783692038.488182
-0.30766055328890013,-0.36984938277479446,-0.7379063557416712,-0.4058558668836733,-0.684103318687803,-0.24979859986280267,-0.2369293323773884,-0.6040302242810942,-1.180247483057681,-0.7306074243577496,0.0,-0.200546274577401,1.0,0.0,0.0,0.0,1.0,0.0,0.0,0.0,0.0,1.0,0,0.0,window_01_0pct,1783692218.900348
-0.30766047856242407,-0.36984938277479446,-0.7379063557416712,-0.4058558668836733,-0.684103318687803,-0.24979859986280267,-0.23692933258965582,-0.6040302242810942,-1.147047124911253,-0.7306074243577496,0.0,-0.200546274577401,1.0,0.0,0.0,0.0,1.0,0.0,0.0,0.0,0.0,1.0,0,0.0,window_01_0pct,1783692218.900457
1.6183380725557646,0.9583197106253157,2.3759675900481274,1.1049074356332276,2.091028203338032,-0.2493314639095103,-0.2369481211071631,-0.289912793937715,0.6457722149958517,-0.7306074243577496,0.0,-0.200546274577401,1.0,0.0,0.0,1.0,0.0,0.0,0.0,0.0,0.0,1.0,0,0.0,window_01_0pct,1783692038.482642
1.5189701139482334,0.28422069385249826,0.8482304216142832,0.4549278752480493,0.7925721700965861,-0.24955657770500767,-0.2370296479499932,-0.3003472210234774,0.8449743638744188,-0.7306074243577496,0.0,-0.200546274577401,1.0,0.0,0.0,1.0,0.0,0.0,0.0,0.0,0.0,1.0,0,0.0,window_01_0pct,1783692047.791058
-0.3848094268933991,0.4567616678144667,-0.6461112629252148,0.05088652690050602,-0.174904874279393,-0.13074102320211822,-0.2079111683657932,6.0261281425191,-0.9810453341791138,1.2189634532508564,0.0,-0.200546274577401,1.0,0.0,0.0,0.0,0.0,1.0,0.0,0.0,0.0,1.0,0,0.0,window_01_0pct,1783692232.554682
0.9062884302614636,0.005901879746977223,-0.3375854279394719,-0.12478362455494757,-0.2512846409406545,-0.24959383301184906,-0.2370886269775402,0.08718256378580255,-0.11783602237198926,1.2189634532508564,0.0,-0.200546274577401,1.0,0.0,0.0,1.0,0.0,0.0,0.0,0.0,0.0,1.0,0,0.0,window_01_0pct,1783692114.477511
0.9062969384045286,0.17573060139757252,1.1128662631358284,0.4373608601025039,0.9707916256395296,-0.24950128625925974,-0.23697057540754965,-0.38693861660754936,-0.1510363805184171,1.2189634532508564,0.0,-0.200546274577401,1.0,0.0,0.0,1.0,0.0,0.0,0.0,0.0,0.0,1.0,0,0.0,window_01_0pct,1783692114.47732
1.1784727019330967,0.1609175310816115,0.11578163426742338,0.06845354204605138,0.10515427014523254,-0.24955955961293166,-0.23706789600446956,-0.14616620068859248,-0.2838378131041286,1.2189634532508564,0.0,-0.200546274577401,1.0,0.0,0.0,1.0,0.0,0.0,0.0,0.0,0.0,1.0,0,0.0,window_01_0pct,1783692090.341741
1.1784676418831435,0.1617520702543417,1.0746059154935146,0.4549278752480493,0.894411858978268,-0.249559182990958,-0.23700082103754372,-0.38803568565956303,-0.21743709681127285,1.2189634532508564,0.0,-0.200546274577401,1.0,0.0,0.0,1.0,0.0,0.0,0.0,0.0,0.0,1.0,0,0.0,window_01_0pct,1783692090.342235
0.0033547979295558304,-0.36984938277479446,-0.7379063557416712,-0.4058558668836733,-0.684103318687803,-0.24979859986280267,-0.23711375533370993,-0.6040302242810942,0.38016934982442874,-0.7306074243577496,0.0,-0.200546274577401,1.0,0.0,0.0,0.0,1.0,0.0,0.0,0.0,0.0,1.0,0,0.0,window_01_0pct,1783692200.420892
1.1784697876005288,-0.10446592584659146,-0.3063993144808841,-0.12478362455494757,-0.2512846409406545,-0.24967907951574933,-0.23710143311391366,-0.15112509820202474,-0.25063745495770073,1.2189634532508564,0.0,-0.200546274577401,1.0,0.0,0.0,1.0,0.0,0.0,0.0,0.0,0.0,1.0,0,0.0,window_01_0pct,1783692090.342046
1.1784847969470147,0.9796004595299358,3.948147094555109,1.5967838597084976,3.3385643921386365,-0.24919085599036175,-0.23680264983552743,-0.3919548721524656,-0.3502385293969843,1.2189634532508564,0.0,-0.200546274577401,1.0,0.0,0.0,1.0,0.0,0.0,0.0,0.0,0.0,1.0,0,0.0,window_01_0pct,1783692090.340652
1.1785213702194621,0.3384657400799611,0.6558027542383374,0.3670927995203225,0.5888927923332221,-0.24947960754240853,-0.23701607029272634,-0.22975557475549277,-0.3834388875434122,1.2189634532508564,0.0,-0.200546274577401,1.0,0.0,0.0,1.0,0.0,0.0,0.0,0.0,0.0,1.0,0,0.0,window_01_0pct,1783692090.337236
0.2926579872084464,0.8325129303362384,0.5437621804095963,0.49006190553914,0.5125130256719606,-0.24855414399834813,-0.23677704341317649,0.08683779687568997,-0.31703817125055644,-0.7306074243577496,0.0,-0.200546274577401,1.0,0.0,0.0,1.0,0.0,0.0,0.0,0.0,0.0,1.0,0,0.0,window_01_0pct,1783692177.862622
0.2925827162965881,-0.007450747016705945,-0.15078740638541022,-0.036948548827220776,-0.14944495205897249,-0.24942347261889736,-0.2369872240429909,-0.14947421945048472,-0.25063745495770073,-0.7306074243577496,0.0,-0.200546274577401,1.0,0.0,0.0,1.0,0.0,0.0,0.0,0.0,0.0,1.0,0,0.0,window_01_0pct,1783692177.869682
0.2925852356463539,0.266278101638799,0.8843026427673364,0.41979384495695854,0.7161924034353246,-0.24914013196217893,-0.23680503197157401,-0.315245429244817,-0.2838378131041286,-0.7306074243577496,0.0,-0.200546274577401,1.0,0.0,0.0,1.0,0.0,0.0,0.0,0.0,0.0,1.0,0,0.0,window_01_0pct,1783692177.869449
0.29267237739270185,0.26481765808652113,0.31279799408686704,0.1914226480648689,0.3088336479085966,-0.2491417275900332,-0.23689616233532806,-0.15919487555214443,-0.3502385293969843,-0.7306074243577496,0.0,-0.200546274577401,1.0,0.0,0.0,1.0,0.0,0.0,0.0,0.0,0.0,1.0,0,0.0,window_01_0pct,1783692177.86129
0.13349608016563141,-0.2790932477403854,-0.5573540544579261,-0.3180207911559465,-0.5058838631448596,-0.2496760915876496,-0.23708016695475287,-0.23389149931538947,0.4797704242637123,-0.7306074243577496,0.0,-0.200546274577401,1.0,0.0,0.0,1.0,0.0,0.0,0.0,0.0,0.0,1.0,0,0.0,window_01_0pct,1783692192.772128
0.29285853171988746,0.6276335634309748,2.6126463979787315,1.1576084810698637,2.269247658880975,-0.24876649932321102,-0.23651098158853845,-0.3847856158243285,-0.3834388875434122,-0.7306074243577496,0.0,-0.200546274577401,1.0,0.0,0.0,1.0,0.0,0.0,0.0,0.0,0.0,1.0,0,0.0,window_01_0pct,1783692177.843867
0.6165215631983486,-0.0923651078420036,-0.47734935194767975,-0.21261870028267438,-0.37858425204275703,-0.2496038380385548,-0.23709113717711372,0.1801987322658868,0.3469689916780009,-0.7306074243577496,0.0,-0.200546274577401,1.0,0.0,0.0,1.0,0.0,0.0,0.0,0.0,0.0,1.0,0,0.0,window_01_0pct,1783692152.33628
0.6165462229354628,0.0008946447105960346,1.4344996131106373,0.5954639964124121,1.1999309256233142,-0.24953838687013835,-0.23687257430250355,-0.4783486575790664,0.2805682753851451,-0.7306074243577496,0.0,-0.200546274577401,1.0,0.0,0.0,1.0,0.0,0.0,0.0,0.0,0.0,1.0,0,0.0,window_01_0pct,1783692152.334099
0.616516609900504,0.27942209360929965,0.09162726709956621,0.15628861777377817,0.10515427014523254,-0.2493428842382457,-0.23699135438877914,-0.027630366348822176,0.38016934982442874,-0.7306074243577496,0.0,-0.200546274577401,1.0,0.0,0.0,1.0,0.0,0.0,0.0,0.0,0.0,1.0,0,0.0,window_01_0pct,1783692152.336902
0.6948125776140405,0.5623308731648368,1.5626430983846167,0.7711341478678657,1.3781503811662577,-0.24919154940945334,-0.23684940558669948,-0.3056246216700524,-0.1510363805184171,-0.7306074243577496,0.0,-0.200546274577401,1.0,0.0,0.0,1.0,0.0,0.0,0.0,0.0,0.0,1.0,0,0.0,window_01_0pct,1783692145.002551
0.6165354302972713,0.0019378186765087822,-0.14537020002850293,-0.019381533681675417,-0.09852510761813149,-0.24953765190197366,-0.23703887214583752,-0.14196140158751436,0.31376863353157297,-0.7306074243577496,0.0,-0.200546274577401,1.0,0.0,0.0,1.0,0.0,0.0,0.0,0.0,0.0,1.0,0,0.0,window_01_0pct,1783692152.335177
0.6948627511051387,0.664561921824286,2.1938432367235543,1.0697734053421368,1.8873488255746678,-0.24912500610417262,-0.2367744788158956,-0.3441902920076143,-0.184236738664845,-0.7306074243577496,0.0,-0.200546274577401,1.0,0.0,0.0,1.0,0.0,0.0,0.0,0.0,0.0,1.0,0,0.0,window_01_0pct,1783692144.997881
-0.1700887157989077,-0.2778414389812901,-0.5573540544579261,-0.3004537760104012,-0.5058838631448596,-0.24950272387514483,-0.23694471341181975,-0.2287861375917246,-0.9146446178862581,-0.7306074243577496,0.0,-0.200546274577401,1.0,0.0,0.0,1.0,0.0,0.0,0.0,0.0,0.0,1.0,0,0.0,window_01_0pct,1783692228.002009
-0.17008348494558043,-0.2778414389812901,-0.5940211061129143,-0.3004537760104012,-0.53134378536528,-0.24950273092193995,-0.23694471859663802,-0.1331747863035858,-0.9810453341791138,-0.7306074243577496,0.0,-0.200546274577401,1.0,0.0,0.0,1.0,0.0,0.0,0.0,0.0,0.0,1.0,0,0.0,window_01_0pct,1783692228.00153
-0.1700854705348026,-0.2778414389812901,-0.5815509095187786,-0.3180207911559465,-0.5058838631448596,-0.24950272824707356,-0.23696648596528677,-0.1707229648245473,-0.9478449760326859,-0.7306074243577496,0.0,-0.200546274577401,1.0,0.0,0.0,1.0,0.0,0.0,0.0,0.0,0.0,1.0,0,0.0,window_01_0pct,1783692228.001724
-0.17004158474290787,-0.18583349518778577,-0.48463602559638247,-0.2477527305737651,-0.42950409648359805,-0.2492069748493901,-0.23687946515616512,-0.06900133275049929,-1.0474460504719696,-0.7306074243577496,0.0,-0.200546274577401,1.0,0.0,0.0,1.0,0.0,0.0,0.0,0.0,0.0,1.0,0,0.0,window_01_0pct,1783692227.997619
-0.17004460582758463,-0.18583349518778577,-0.4034204181357686,-0.195051685137129,-0.35312432982233655,-0.24920696671280942,-0.23681416540383077,-0.19890197115526645,-1.0142456923255416,-0.7306074243577496,0.0,-0.200546274577401,1.0,0.0,0.0,1.0,0.0,0.0,0.0,0.0,0.0,1.0,0,0.0,window_01_0pct,1783692227.997919
0.2666090101769288,0.3593292193982161,-0.34799496172333294,-0.0720825791183115,-0.276744563161075,-0.24901393962640234,-0.23699486063175093,0.7731379715399792,0.04816576836015007,-0.7306074243577496,0.0,-0.200546274577401,1.0,0.0,0.0,1.0,0.0,0.0,0.0,0.0,0.0,1.0,0,0.0,window_01_0pct,1783692187.09442
-0.38971201748635537,-0.36317306939295285,-0.7368866463097827,-0.4585569123203094,-0.7095632409082235,4.769490936933626,4.852309873295044,4.119297628905474,-1.4458503482291039,1.2189634532508564,0.0,-0.200546274577401,0.0,1.0,1.0,0.0,0.0,0.0,0.0,0.0,0.0,1.0,0,0.0,window_01_0pct,1783692245.010754
0.205260900491637,0.377897715991463,0.004697038031077603,0.1035875723371421,0.003314581263550526,-0.24891099122004737,-0.23689722561280652,0.1374986042307313,0.4797704242637123,-0.7306074243577496,0.0,-0.200546274577401,1.0,0.0,0.0,1.0,0.0,0.0,0.0,0.0,0.0,1.0,0,0.0,window_01_0pct,1783692194.953166
0.2049715595761629,-0.2778414389812901,-0.5940211061129143,-0.3355878063014919,-0.53134378536528,-0.24968932925384962,-0.23709809159412945,-0.1331747863035858,0.6125718568494237,-0.7306074243577496,0.0,-0.200546274577401,1.0,0.0,0.0,1.0,0.0,0.0,0.0,0.0,0.0,1.0,0,0.0,window_01_0pct,1783692194.980297
-0.15632732281426162,-0.36984938277479446,-0.7379063557416712,-0.4058558668836733,-0.684103318687803,-0.24979859986280267,-0.2370804658826596,-0.6040302242810942,-0.8814442597398302,-0.7306074243577496,0.0,-0.200546274577401,1.0,0.0,0.0,0.0,1.0,0.0,0.0,0.0,0.0,1.0,0,0.0,window_01_0pct,1783692228.824965
0.20505239227288555,0.09019033619272722,-0.05712284627715843,0.1035875723371421,-0.02214534095686998,-0.2492523210711693,-0.23689713264652423,-0.10639008060779533,0.5129707824101402,-0.7306074243577496,0.0,-0.200546274577401,1.0,0.0,0.0,1.0,0.0,0.0,0.0,0.0,0.0,1.0,0,0.0,window_01_0pct,1783692194.972739
0.20498950460563867,-0.2778414389812901,-0.5306929016033433,-0.3004537760104012,-0.480423940924439,-0.2496893325510687,-0.2370820144196817,-0.27706202983110534,0.5793714987029959,-0.7306074243577496,0.0,-0.200546274577401,1.0,0.0,0.0,1.0,0.0,0.0,0.0,0.0,0.0,1.0,0,0.0,window_01_0pct,1783692194.97864
0.20504087372035462,0.3676746111255181,0.874572915271401,0.41979384495695854,0.7671122478761656,-0.2489228026166325,-0.2367524279705662,-0.26719387751012724,0.546171140556568,-0.7306074243577496,0.0,-0.200546274577401,1.0,0.0,0.0,1.0,0.0,0.0,0.0,0.0,0.0,1.0,0,0.0,window_01_0pct,1783692194.973836
0.706290233412055,-0.1893802866718891,-0.6560959177791224,-0.3004537760104012,-0.53134378536528,-0.24968230629510835,-0.23711878653978594,1.0201118695769071,0.4133697079708566,-0.7306074243577496,0.0,-0.200546274577401,1.0,0.0,0.0,1.0,0.0,0.0,0.0,0.0,0.0,1.0,0,0.0,window_01_0pct,1783692153.166182
0.7061983305216583,-0.2790932477403854,-0.5306929016033433,-0.23018571542821972,-0.42950409648359805,-0.24974011206601532,-0.23710133203578657,-0.28151057669437046,0.546171140556568,-0.7306074243577496,0.0,-0.200546274577401,1.0,0.0,0.0,1.0,0.0,0.0,0.0,0.0,0.0,1.0,0,0.0,window_01_0pct,1783692153.174893
0.7061963876332794,-0.2790932477403854,-0.5955506702607468,-0.3004537760104012,-0.480423940924439,-0.2497401119623249,-0.23711878280418755,-0.13459137584652386,0.5793714987029959,-0.7306074243577496,0.0,-0.200546274577401,1.0,0.0,0.0,1.0,0.0,0.0,0.0,0.0,0.0,1.0,0,0.0,window_01_0pct,1783692153.175075
0.2860386625791129,-0.36984938277479446,-0.7379063557416712,-0.38828885173812794,-0.6331834742469621,-0.24979859986280267,-0.2371270335012708,-0.6040302242810942,0.7785736475815631,-0.7306074243577496,0.0,-0.200546274577401,1.0,0.0,0.0,0.0,1.0,0.0,0.0,0.0,0.0,1.0,0,0.0,window_01_0pct,1783692196.777845
0.28604809946552373,-0.2778414389812901,-0.5955506702607468,-0.3004537760104012,-0.5058838631448596,-0.24970243933588526,-0.23709165799469897,-0.12811635724742632,0.7121729312887074,-0.7306074243577496,0.0,-0.200546274577401,1.0,0.0,0.0,1.0,0.0,0.0,0.0,0.0,0.0,1.0,0,0.0,window_01_0pct,1783692196.777098
0.2860644859142122,-0.18583349518778577,-0.4118967527883412,-0.21261870028267438,-0.35312432982233655,-0.24960628347242492,-0.23705628456752337,-0.18836921732733883,0.6457722149958517,-0.7306074243577496,0.0,-0.200546274577401,1.0,0.0,0.0,1.0,0.0,0.0,0.0,0.0,0.0,1.0,0,0.0,window_01_0pct,1783692196.77557
0.28606320488890763,-0.18583349518778577,-0.4667486226453396,-0.21261870028267438,-0.37858425204275703,-0.24960628310786312,-0.23705628436634824,-0.10429270185890202,0.6789725731422795,-0.7306074243577496,0.0,-0.200546274577401,1.0,0.0,0.0,1.0,0.0,0.0,0.0,0.0,0.0,1.0,0,0.0,window_01_0pct,1783692196.775711
0.28604490757747303,-0.08109882901014592,-0.4800898210458799,-0.2477527305737651,-0.42950409648359805,-0.24949681574063592,-0.23707043195989114,0.22071333284716105,0.7453732894351353,-0.7306074243577496,0.0,-0.200546274577401,1.0,0.0,0.0,1.0,0.0,0.0,0.0,0.0,0.0,1.0,0,0.0,window_01_0pct,1783692196.777432
0.28613619130563933,0.09165077974500507,0.2505532308486775,0.1035875723371421,0.23245388124733507,-0.24931633373859252,-0.23692895882451281,-0.2601982480351335,0.6125718568494237,-0.7306074243577496,0.0,-0.200546274577401,1.0,0.0,0.0,1.0,0.0,0.0,0.0,0.0,0.0,1.0,0,0.0,window_01_0pct,1783692196.768893
2.071907713109703,1.3223874247288645,1.9826571645901612,1.3332786325253172,1.8364289811338266,-0.24931308259959678,-0.23696235565331972,-0.14595001178904524,0.2141675590922894,-0.7306074243577496,0.0,-0.200546274577401,1.0,0.0,0.0,1.0,0.0,0.0,0.0,0.0,0.0,1.0,0,0.0,window_01_0pct,1783692029.865578
2.071903112093817,0.9499743188980138,2.0718817398803986,1.175175496215409,1.7855091366929856,-0.2494199304080163,-0.23697983578860599,-0.25810540064152365,0.24736791723871726,-0.7306074243577496,0.0,-0.200546274577401,1.0,0.0,0.0,1.0,0.0,0.0,0.0,0.0,0.0,1.0,0,0.0,window_01_0pct,1783692029.866023
2.071903282897191,0.7613684658609889,0.9072673489313238,0.7184331024312297,0.8689519367578475,-0.24947404316956986,-0.2370303350465951,-0.09765606143757503,0.2805682753851451,-0.7306074243577496,0.0,-0.200546274577401,1.0,0.0,0.0,1.0,0.0,0.0,0.0,0.0,0.0,1.0,0,0.0,window_01_0pct,1783692029.866023
2.071910510014951,0.8448223831340088,1.7161518557768205,0.9643713144688647,1.5309099144887806,-0.2494501005045609,-0.23700314361286243,-0.23951726448082392,0.18096720094586152,-0.7306074243577496,0.0,-0.200546274577401,1.0,0.0,0.0,1.0,0.0,0.0,0.0,0.0,0.0,1.0,0,0.0,window_01_0pct,1783692029.865361
-0.22482537916048947,-0.36984938277479446,-0.7379063557416712,-0.4058558668836733,-0.684103318687803,-0.24979859986280267,-0.23704642443112955,-0.6040302242810942,-1.412649990082676,1.2189634532508564,0.0,-0.200546274577401,1.0,0.0,0.0,0.0,1.0,0.0,0.0,0.0,0.0,1.0,0,0.0,window_01_0pct,1783692245.012185
0.13326473767082472,0.0972839191609339,-0.07112260701912666,0.0157524966094153,-0.04760526317729048,-0.24916775534635985,-0.23690642957229094,-0.08810751685613129,-0.6158413945684073,-0.7306074243577496,0.0,-0.200546274577401,1.0,0.0,0.0,1.0,0.0,0.0,0.0,0.0,0.0,1.0,0,0.0,window_01_0pct,1783692212.965096
0.13329744651693648,0.09561484081547351,1.4969143279208081,0.5603299661213215,1.2508507700641551,-0.24917004868052964,-0.23662305640777986,-0.45064548512527336,-0.682242110861263,-0.7306074243577496,0.0,-0.200546274577401,1.0,0.0,0.0,1.0,0.0,0.0,0.0,0.0,0.0,1.0,0,0.0,window_01_0pct,1783692212.962053
0.13326210089373933,-0.27679826501537735,-0.5955506702607468,-0.3355878063014919,-0.53134378536528,-0.24967293748098052,-0.23708927236325944,-0.12272050841484512,-0.5826410364219794,-0.7306074243577496,0.0,-0.200546274577401,1.0,0.0,0.0,1.0,0.0,0.0,0.0,0.0,0.0,1.0,0,0.0,window_01_0pct,1783692212.965379
0.13329515134659903,0.10938473716552177,1.5225557713435027,0.5251959358302307,1.2508507700641551,-0.24915145131884092,-0.2366413372935914,-0.4478992495652336,-0.6490417527148351,-0.7306074243577496,0.0,-0.200546274577401,1.0,0.0,0.0,1.0,0.0,0.0,0.0,0.0,0.0,1.0,0,0.0,window_01_0pct,1783692212.96231
0.3322138495222113,0.8416928612362705,1.3632899044504285,0.7887011630134111,1.1744710034028936,-0.24861334959310816,-0.23668557160198575,-0.17940067927973388,0.44657006611728445,-0.7306074243577496,0.0,-0.200546274577401,1.0,0.0,0.0,1.0,0.0,0.0,0.0,0.0,0.0,1.0,0,0.0,window_01_0pct,1783692194.328636
-0.33201195828755575,-0.36984938277479446,-0.7379063557416712,-0.4058558668836733,-0.684103318687803,-0.24979859986280267,-0.236830967225651,-0.6040302242810942,-2.1098575111576614,1.2189634532508564,0.0,-0.200546274577401,1.0,0.0,0.0,0.0,1.0,0.0,0.0,0.0,0.0,1.0,0,0.0,window_01_0pct,1783692256.549983
-0.3727011009874899,-0.007868016603071045,-0.38646774883062346,-0.17748466999158366,-0.327664407601916,-0.23477066900097857,-0.23238459736851586,0.15446552462835947,-2.3090596600362283,1.2189634532508564,0.0,-0.200546274577401,1.0,0.0,0.0,1.0,0.0,0.0,0.0,0.0,0.0,1.0,0,0.0,window_01_0pct,1783692263.812106
-0.3729283762269543,-0.36984938277479446,-0.7379063557416712,-0.4058558668836733,-0.684103318687803,-0.24979859986280267,-0.2360229964356425,-0.6040302242810942,-2.176258227450517,1.2189634532508564,0.0,-0.200546274577401,1.0,0.0,0.0,0.0,1.0,0.0,0.0,0.0,0.0,1.0,0,0.0,window_01_0pct,1783692263.833403
-0.3728960837140665,-0.18833711270597636,-0.4595469247826276,-0.2477527305737651,-0.4040441742631775,-0.24217560884079736,-0.23346642677211596,-0.12384414946294856,-2.242658943743373,1.2189634532508564,0.0,-0.200546274577401,1.0,0.0,0.0,1.0,0.0,0.0,0.0,0.0,0.0,1.0,0,0.0,window_01_0pct,1783692263.830661
-0.3729190887934956,-0.2790932477403854,-0.5573540544579261,-0.3180207911559465,-0.5058838631448596,-0.24598188317485659,-0.23460014726543435,-0.23389149931538947,-2.209458585596945,1.2189634532508564,0.0,-0.200546274577401,1.0,0.0,0.0,1.0,0.0,0.0,0.0,0.0,0.0,1.0,0,0.0,window_01_0pct,1783692263.832832
-0.3728817789314981,-0.09758097767156733,-0.25554130656544866,-0.0720825791183115,-0.225824718720234,-0.23837383147571972,-0.2306289202762474,-0.18836380041948894,-2.2758593018898003,1.2189634532508564,0.0,-0.200546274577401,1.0,0.0,0.0,1.0,0.0,0.0,0.0,0.0,0.0,1.0,0,0.0,window_01_0pct,1783692263.829342
-0.3897124124691576,-0.36317306939295285,-0.7368866463097827,-0.4585569123203094,-0.7095632409082235,8.410936287158487,8.544672118035528,4.119297628905474,-2.3422600181826563,1.2189634532508564,0.0,-0.200546274577401,0.0,1.0,1.0,0.0,0.0,0.0,0.0,0.0,0.0,1.0,0,0.0,window_01_0pct,1783692263.809832
-0.24304296812026915,-0.2784673433608377,-0.5955506702607468,-0.3355878063014919,-0.53134378536528,-0.24935856786649435,-0.2369016261915729,-0.1313538665469751,-2.209458585596945,1.2189634532508564,0.0,-0.200546274577401,1.0,0.0,0.0,1.0,0.0,0.0,0.0,0.0,0.0,1.0,0,0.0,window_01_0pct,1783692255.940108
-0.24304665106801998,-0.36984938277479446,-0.7379063557416712,-0.4058558668836733,-0.684103318687803,-0.24979859986280267,-0.23703201481945427,-0.6040302242810942,-2.176258227450517,1.2189634532508564,0.0,-0.200546274577401,1.0,0.0,0.0,0.0,1.0,0.0,0.0,0.0,0.0,1.0,0,0.0,window_01_0pct,1783692255.94046
-0.24305082507547093,-0.36984938277479446,-0.7379063557416712,-0.4058558668836733,-0.684103318687803,-0.24979859986280267,-0.23703201110840474,-0.6040302242810942,-2.143057869304089,1.2189634532508564,0.0,-0.200546274577401,1.0,0.0,0.0,0.0,1.0,0.0,0.0,0.0,0.0,1.0,0,0.0,window_01_0pct,1783692255.940865
-0.24303321097753217,-0.2784673433608377,-0.6106338722740966,-0.3180207911559465,-0.53134378536528,-0.24935859713744082,-0.2368690477318006,-0.07534582015324605,-2.242658943743373,1.2189634532508564,0.0,-0.200546274577401,1.0,0.0,0.0,1.0,0.0,0.0,0.0,0.0,0.0,1.0,0,0.0,window_01_0pct,1783692255.939227
-0.16862702322547285,0.08914716222681447,0.9222443312121851,0.3143917540836864,0.7416523256557451,-0.24833233315504105,-0.23618925214623002,-0.40042027002222325,-1.7778539296933826,1.2189634532508564,0.0,-0.200546274577401,1.0,0.0,0.0,1.0,0.0,0.0,0.0,0.0,0.0,1.0,0,0.0,window_01_0pct,1783692248.969243
-0.16856090096933182,-0.08235063776924122,1.2228886620472903,0.4022268298114132,0.9962515478599501,-0.24888045831310615,-0.23608144679013202,-0.4960506253838626,-1.8110542878398104,1.2189634532508564,0.0,-0.200546274577401,1.0,0.0,0.0,1.0,0.0,0.0,0.0,0.0,0.0,1.0,0,0.0,window_01_0pct,1783692248.963058
0.6893665654116462,-0.09445145577382909,-0.30408372431263747,-0.14235063970049294,-0.225824718720234,-0.24961835126903123,-0.23707822551500024,-0.13654288595706382,0.2805682753851451,-0.7306074243577496,0.0,-0.200546274577401,1.0,0.0,0.0,1.0,0.0,0.0,0.0,0.0,0.0,1.0,0,0.0,window_01_0pct,1783692169.45536
0.6893786177247206,-0.004112590325785153,1.3696418444532334,0.4549278752480493,1.1744710034028936,-0.24955922694176813,-0.2369275822246262,-0.47623064769542117,0.18096720094586152,-0.7306074243577496,0.0,-0.200546274577401,1.0,0.0,0.0,1.0,0.0,0.0,0.0,0.0,0.0,1.0,0,0.0,window_01_0pct,1783692169.454303
0.07249787186709046,0.49869726124415914,0.24615573392365864,0.24412369350150498,0.20699395902691456,-0.2484714569264492,-0.2367383028119425,0.04595566204155356,-1.0474460504719696,-0.7306074243577496,0.0,-0.200546274577401,1.0,0.0,0.0,1.0,0.0,0.0,0.0,0.0,0.0,1.0,0,0.0,window_01_0pct,1783692230.195771
1.591436637235276,0.6704036960333974,2.2539636053119763,1.0522063901965915,1.9128087477950881,-0.2494277600020136,-0.23695245129780898,-0.34797368623936475,-0.25063745495770073,1.2189634532508564,0.0,-0.200546274577401,1.0,0.0,0.0,1.0,0.0,0.0,0.0,0.0,0.0,1.0,0,0.0,window_01_0pct,1783692087.909247
0.07249731675612507,0.19471636757718452,0.6119340047206373,0.3670927995203225,0.5634328701128016,-0.2489359399783841,-0.2366658936720292,-0.29601800905518705,-1.0142456923255416,-0.7306074243577496,0.0,-0.200546274577401,1.0,0.0,0.0,1.0,0.0,0.0,0.0,0.0,0.0,1.0,0,0.0,window_01_0pct,1783692230.19584
1.5914012062103922,0.0972839191609339,-0.06432454413987047,0.0157524966094153,0.02877450348397103,-0.249632068515449,-0.23709483587306845,-0.09331425541977419,-0.1510363805184171,1.2189634532508564,0.0,-0.200546274577401,1.0,0.0,0.0,1.0,0.0,0.0,0.0,0.0,0.0,1.0,0,0.0,window_01_0pct,1783692087.912577
1.5914320041937577,1.4112658466246306,3.462850380762207,1.7373199808728605,3.0075854032731697,-0.24916364854007225,-0.23685833117031796,-0.29177842832269674,-0.21743709681127285,1.2189634532508564,0.0,-0.200546274577401,1.0,0.0,0.0,1.0,0.0,0.0,0.0,0.0,0.0,1.0,0,0.0,window_01_0pct,1783692087.9097
1.5914046116026601,0.5773525782739803,2.039909600401397,0.8765362387411378,1.7600492144725652,-0.24946092634007447,-0.2369765814775463,-0.35291187052057776,-0.184236738664845,1.2189634532508564,0.0,-0.200546274577401,1.0,0.0,0.0,1.0,0.0,0.0,0.0,0.0,0.0,1.0,0,0.0,window_01_0pct,1783692087.912277
-0.38971200681114443,-0.36317306939295285,-0.7368866463097827,-0.4585569123203094,-0.7095632409082235,4.713094425284227,4.795124791460313,4.119297628905474,-2.2758593018898003,1.2189634532508564,0.0,-0.200546274577401,0.0,1.0,1.0,0.0,0.0,0.0,0.0,0.0,0.0,1.0,0,0.0,window_01_0pct,1783692280.734793
0.4849655059406205,-0.09758097767156733,-0.3047210427075677,-0.1599176548460383,-0.225824718720234,-0.2495787564366796,-0.23706401886317674,-0.14117530634143788,0.24736791723871726,-0.7306074243577496,0.0,-0.200546274577401,1.0,0.0,0.0,1.0,0.0,0.0,0.0,0.0,0.0,1.0,0,0.0,window_01_0pct,1783692206.217121
0.7619988960739523,0.5506473247466139,2.449535376769578,1.122474450778773,2.116488125558452,-0.2492341269942763,-0.23678463827530158,-0.39135360548925197,0.04816576836015007,-0.7306074243577496,0.0,-0.200546274577401,1.0,0.0,0.0,1.0,0.0,0.0,0.0,0.0,0.0,1.0,0,0.0,window_01_0pct,1783692180.266982
0.4849787325268909,0.458013476573562,0.278743947851093,0.2265566783559596,0.25791380346775555,-0.24913015118552265,-0.2369437663405519,-0.004349090153138344,0.18096720094586152,-0.7306074243577496,0.0,-0.200546274577401,1.0,0.0,0.0,1.0,0.0,0.0,0.0,0.0,0.0,1.0,0,0.0,window_01_0pct,1783692206.21687
0.4849858422173317,0.26732127560471175,0.6879448452893207,0.3319587692292318,0.6143527145536426,-0.249284127668436,-0.23691097183599616,-0.2749379032179652,0.14776684279943367,-0.7306074243577496,0.0,-0.200546274577401,1.0,0.0,0.0,1.0,0.0,0.0,0.0,0.0,0.0,1.0,0,0.0,window_01_0pct,1783692206.216743
0.48498419823485733,0.27817028485020434,0.06621950708834617,0.12115458748268745,0.10515427014523254,-0.24927536684412838,-0.23697656405015374,-0.010564911683779854,0.2141675590922894,-0.7306074243577496,0.0,-0.200546274577401,1.0,0.0,0.0,1.0,0.0,0.0,0.0,0.0,0.0,1.0,0,0.0,window_01_0pct,1783692206.216907
0.7619212872909129,0.8231243646430236,1.4317803879589348,0.8062681781589565,1.301770614504996,-0.24906698758392995,-0.23685934192948208,-0.19910740166208304,0.08136612650657793,-0.7306074243577496,0.0,-0.200546274577401,1.0,0.0,0.0,1.0,0.0,0.0,0.0,0.0,0.0,1.0,0,0.0,window_01_0pct,1783692180.274838
0.44713976437766645,0.16112616587479406,-0.11598982202221755,-0.019381533681675417,-0.07306518539771098,-0.24935048416379751,-0.23701386562336982,0.0247085463113182,-1.2466481993505367,-0.7306074243577496,0.0,-0.200546274577401,1.0,0.0,0.0,1.0,0.0,0.0,0.0,0.0,0.0,1.0,0,0.0,window_01_0pct,1783692227.559954
0.44706449346580807,-0.193135712949175,-0.46275476070377664,-0.2477527305737651,-0.4040441742631775,-0.24964944931694785,-0.23708813112860286,-0.13108892716169593,-1.1138467667648253,-0.7306074243577496,0.0,-0.200546274577401,1.0,0.0,0.0,1.0,0.0,0.0,0.0,0.0,0.0,1.0,0,0.0,window_01_0pct,1783692227.567041
0.44709223833886436,-0.015796138744007926,-0.19712045369684073,-0.0720825791183115,-0.14944495205897249,-0.2494997804007914,-0.23703099789558393,-0.12189505397427454,-1.180247483057681,-0.7306074243577496,0.0,-0.200546274577401,1.0,0.0,0.0,1.0,0.0,0.0,0.0,0.0,0.0,1.0,0,0.0,window_01_0pct,1783692227.565211
0.44707668455662386,0.5243593408056128,0.14715894324449028,0.17385563291932354,0.13061419236565305,-0.24904387739970904,-0.23695100399205643,0.14000898298848838,-1.147047124911253,-0.7306074243577496,0.0,-0.200546274577401,1.0,0.0,0.0,1.0,0.0,0.0,0.0,0.0,0.0,1.0,0,0.0,window_01_0pct,1783692227.566854
0.4470995295078899,0.3403434532186041,0.7094649630914661,0.3495257843747771,0.6143527145536426,-0.24919920529240905,-0.23689387456546987,-0.24267644017445802,-1.2134478412041088,-0.7306074243577496,0.0,-0.200546274577401,1.0,0.0,0.0,1.0,0.0,0.0,0.0,0.0,0.0,1.0,0,0.0,window_01_0pct,1783692227.564952
0.4470769087360522,-0.19376161732872266,1.3260280222935055,0.4549278752480493,1.0726313145212116,-0.24964997980022688,-0.23685958526071335,-0.5411995842289921,-1.0806464086183973,-0.7306074243577496,0.0,-0.200546274577401,1.0,0.0,0.0,1.0,0.0,0.0,0.0,0.0,0.0,1.0,0,0.0,window_01_0pct,1783692227.567102
1.214286070169785,0.18073783643395372,-0.40114731586051733,0.15628861777377817,-0.225824718720234,-0.24955616967678798,-0.23705510244361966,0.5999576802626203,0.44657006611728445,-0.7306074243577496,0.0,-0.200546274577401,1.0,0.0,0.0,1.0,0.0,0.0,0.0,0.0,0.0,1.0,0,0.0,window_01_0pct,1783692157.31682
5.532891771724198,4.204051188166239,2.1255227047870298,4.302104192122483,2.7784461032893852,-0.24925317034216854,-0.23694283239113137,0.57232835972452,-3.603873627746915,-2.6801783019663556,0.0,-0.200546274577401,1.0,0.0,0.0,1.0,0.0,0.0,0.0,0.0,0.0,1.0,0,0.0,window_01_0pct,1783691752.772749
18.753996577528174,16.89092432680389,10.01554567797025,17.336829430117138,12.224077247065392,-0.24916180605428273,-0.23690916332371428,0.5780696071521204,-3.603873627746915,-2.6801783019663556,0.0,-0.200546274577401,1.0,0.0,0.0,1.0,0.0,0.0,0.0,0.0,0.0,1.0,0,0.0,window_01_0pct,1783690514.286332
9.98126092777629,10.040400892654878,5.808182074105595,10.345157402190086,7.132092802981291,-0.24908966505643207,-0.23687842652701394,0.567141423005048,-3.603873627746915,-2.6801783019663556,0.0,-0.200546274577401,1.0,0.0,0.0,1.0,0.0,0.0,0.0,0.0,0.0,1.0,0,0.0,window_01_0pct,1783691336.072193
22.87551636516074,20.785927280728906,12.487045169563334,21.37724291359257,15.126508380193329,-0.24915637619681547,-0.23690676050570353,0.5740553656275479,-3.603873627746915,-2.6801783019663556,0.0,-0.200546274577401,1.0,0.0,0.0,1.0,0.0,0.0,0.0,0.0,0.0,1.0,0,0.0,window_01_0pct,1783690128.203363
18.55559988648899,18.396224359615985,10.990579090374068,18.91786079321622,13.344313824763894,-0.24909902159986047,-0.2368837984047303,0.5743171959464943,-3.5706732696004875,-2.6801783019663556,0.0,-0.200546274577401,1.0,0.0,0.0,1.0,0.0,0.0,0.0,0.0,0.0,1.0,0,0.0,window_01_0pct,1783690532.871634
7.133880730939743,6.120779033134321,3.314270218957464,6.269609888423564,4.178741825412513,-0.24918930701144107,-0.23691838305297105,0.5755806433974993,-3.603873627746915,-2.6801783019663556,0.0,-0.200546274577401,1.0,0.0,0.0,1.0,0.0,0.0,0.0,0.0,0.0,1.0,0,0.0,window_01_0pct,1783691602.800804
6.195868291631249,3.9924955078791333,2.0032000608534135,4.091300010375939,2.625686569966862,-0.24933076718310135,-0.23697364949368924,0.5679853771130522,-3.603873627746915,-2.6801783019663556,0.0,-0.200546274577401,1.0,0.0,0.0,1.0,0.0,0.0,0.0,0.0,0.0,1.0,0,0.0,window_01_0pct,1783691690.669164
31.401499202024404,31.798297569283417,19.381598053811974,32.725534697614876,23.375523179609573,-0.24908396594280668,-0.23687816907262177,0.5734427919998317,-3.603873627746915,-2.6801783019663556,0.0,-0.200546274577401,1.0,0.0,0.0,1.0,0.0,0.0,0.0,0.0,0.0,1.0,0,0.0,window_01_0pct,1783689329.532616
4.333773154074355,5.322125044831521,1.690064289477675,4.583176434451209,3.2621846254773748,-0.2489475304802845,-0.2368708944408085,1.1224371085691416,-3.603873627746915,-2.6801783019663556,0.0,-0.200546274577401,1.0,0.0,0.0,1.0,0.0,0.0,0.0,0.0,0.0,1.0,0,0.0,window_01_0pct,1783691865.100986
9.759816349712397,12.96608659745377,4.903296173037102,11.2410751746129,8.303249225120634,-0.2488706120570525,-0.23684820591576886,1.1369459641248947,-3.5706732696004875,-2.6801783019663556,0.0,-0.200546274577401,1.0,0.0,0.0,1.0,0.0,0.0,0.0,0.0,0.0,1.0,0,0.0,window_01_0pct,1783691356.816683
21.098607147217532,37.36863791246431,15.27117057781621,32.497163500722785,24.979498279496063,-0.2485582428900367,-0.23674477806508962,1.132011970887649,-3.603873627746915,-2.6801783019663556,0.0,-0.200546274577401,1.0,0.0,0.0,1.0,0.0,0.0,0.0,0.0,0.0,1.0,0,0.0,window_01_0pct,1783690294.655906
11.176821401565604,1.8299958765420075,0.6517451604572815,1.8778561020372233,0.9962515478599501,-0.2496642758832334,-0.23710701973197837,0.5617649274979125,-3.603873627746915,-2.6801783019663556,0.0,-0.200546274577401,1.0,0.0,0.0,1.0,0.0,0.0,0.0,0.0,0.0,1.0,0,0.0,window_01_0pct,1783691224.079655
31.048535919265625,5.108483016612591,2.709030183238686,5.250723009981932,3.465864003240739,-0.24967552915413807,-0.23711283175187237,0.56642572104598,-3.5706732696004875,-2.6801783019663556,0.0,-0.200546274577401,1.0,0.0,0.0,1.0,0.0,0.0,0.0,0.0,0.0,1.0,0,0.0,window_01_0pct,1783689362.597704
1.8031841312985475,0.033650307240256305,-0.481067042584773,0.0157524966094153,-0.35312432982233655,-0.24966864587112186,-0.23710136196381368,0.5528501188849959,-0.3502385293969843,1.2189634532508564,0.0,-0.200546274577401,1.0,0.0,0.0,1.0,0.0,0.0,0.0,0.0,0.0,1.0,0,0.0,window_01_0pct,1783692102.155485
0.26154218146470715,-0.36984938277479446,-0.7379063557416712,-0.38828885173812794,-0.6331834742469621,-0.24979859986280267,-0.237125702840549,-0.6040302242810942,-2.2758593018898003,1.2189634532508564,0.0,-0.200546274577401,1.0,0.0,0.0,0.0,1.0,0.0,0.0,0.0,0.0,1.0,0,0.0,window_01_0pct,1783692255.842611
-0.3897121669393076,-0.36317306939295285,-0.7368866463097827,-0.4585569123203094,-0.7095632409082235,5.719086254705923,5.815183007971708,4.119297628905474,-2.973066822964786,-0.7306074243577496,0.0,-0.200546274577401,0.0,1.0,1.0,0.0,0.0,0.0,0.0,0.0,0.0,1.0,0,0.0,window_01_0pct,1783692324.605565
0.3107890535841087,-0.36984938277479446,-0.7379063557416712,-0.38828885173812794,-0.6331834742469621,-0.24979859986280267,-0.23712828343640477,-0.6040302242810942,-2.0766571530112334,1.2189634532508564,0.0,-0.200546274577401,1.0,0.0,0.0,0.0,1.0,0.0,0.0,0.0,0.0,1.0,0,0.0,window_01_0pct,1783692280.757087
0.06758348516612069,-0.36984938277479446,-0.7379063557416712,-0.4058558668836733,-0.684103318687803,-0.24979859986280267,-0.23712058903017602,-0.6040302242810942,-2.4750614507683677,-0.7306074243577496,0.0,-0.200546274577401,1.0,0.0,0.0,0.0,1.0,0.0,0.0,0.0,0.0,1.0,0,0.0,window_01_0pct,1783692305.319408
0.3900456301479603,0.08497446636316348,-0.45166542063198994,-0.17748466999158366,-0.37858425204275703,-0.24938664680340797,-0.2370581732983243,0.5660669029855783,-2.209458585596945,1.2189634532508564,0.0,-0.200546274577401,1.0,0.0,0.0,1.0,0.0,0.0,0.0,0.0,0.0,1.0,0,0.0,window_01_0pct,1783692275.112794
0.06759753374362816,-0.18708530394688108,-0.4767545214457448,-0.26531974571931044,-0.42950409648359805,-0.24951634310603377,-0.23703695095295646,-0.08867688939674961,-2.5414621670612236,-0.7306074243577496,0.0,-0.200546274577401,1.0,0.0,0.0,1.0,0.0,0.0,0.0,0.0,0.0,1.0,0,0.0,window_01_0pct,1783692305.318123
0.06758540670407764,-0.2784673433608377,-0.5573540544579261,-0.3180207911559465,-0.5058838631448596,-0.24965746774185196,-0.23706831321841648,-0.23133881845355705,-2.5082618089147957,-0.7306074243577496,0.0,-0.200546274577401,1.0,0.0,0.0,1.0,0.0,0.0,0.0,0.0,0.0,1.0,0,0.0,window_01_0pct,1783692305.319269
0.06759970081143515,-0.09653780370565458,1.224609421713602,0.3319587692292318,0.9962515478599501,-0.24937650557147548,-0.23668148594359426,-0.5014690865417167,-2.574662525207651,-0.7306074243577496,0.0,-0.200546274577401,1.0,0.0,0.0,1.0,0.0,0.0,0.0,0.0,0.0,1.0,0,0.0,window_01_0pct,1783692305.318005
1.6205850443161531,0.8227070950566585,2.7156582945459604,1.280577587088681,2.3201675033218163,-0.24937962961438476,-0.23692457736093303,-0.34972730211315783,0.31376863353157297,-0.7306074243577496,0.0,-0.200546274577401,1.0,0.0,0.0,1.0,0.0,0.0,0.0,0.0,0.0,1.0,0,0.0,window_01_0pct,1783692169.455965
1.6207900403905278,1.1917820441965885,2.7239221897335564,1.4386807233985894,2.3965472699830777,-0.24925002173902053,-0.23690319885631833,-0.27182001313759246,0.14776684279943367,-0.7306074243577496,0.0,-0.200546274577401,1.0,0.0,0.0,1.0,0.0,0.0,0.0,0.0,0.0,1.0,0,0.0,window_01_0pct,1783692169.436902
0.3624060680469396,0.10291705857686274,-0.1539315104670662,0.05088652690050602,-0.14944495205897249,-0.24935465939413393,-0.23697170302472667,-0.007847538701431877,-2.0434567948648055,1.2189634532508564,0.0,-0.200546274577401,1.0,0.0,0.0,1.0,0.0,0.0,0.0,0.0,0.0,1.0,0,0.0,window_01_0pct,1783692287.316181
1.6206053378920209,0.8364769914067068,0.9101140377620123,0.6657320569945936,0.8434920145374271,-0.249374796237529,-0.23700782034372314,-0.06496750244137693,0.2141675590922894,-0.7306074243577496,0.0,-0.200546274577401,1.0,0.0,0.0,1.0,0.0,0.0,0.0,0.0,0.0,1.0,0,0.0,window_01_0pct,1783692169.454845
1.6206049429092186,1.2013792446829858,3.114130999002862,1.5440828142718614,2.702066336628124,-0.24924659956376646,-0.23688890517292963,-0.30363767618805443,0.24736791723871726,-0.7306074243577496,0.0,-0.200546274577401,1.0,0.0,0.0,1.0,0.0,0.0,0.0,0.0,0.0,1.0,0,0.0,window_01_0pct,1783692169.455089
0.12091955018608795,-0.36984938277479446,-0.7379063557416712,-0.38828885173812794,-0.6586433964673826,-0.24979859986280267,-0.23711559408973518,-0.6040302242810942,-2.939866464818358,-0.7306074243577496,0.0,-0.200546274577401,1.0,0.0,0.0,0.0,1.0,0.0,0.0,0.0,0.0,1.0,0,0.0,window_01_0pct,1783692324.607211
1.9510154762739529,1.814974171432864,4.465670875184984,2.4224335715491296,3.8986826809878874,-0.2491393804197932,-0.23682538291259234,-0.29481900152574136,0.4797704242637123,-0.7306074243577496,0.0,-0.200546274577401,1.0,0.0,0.0,1.0,0.0,0.0,0.0,0.0,0.0,1.0,0,0.0,window_01_0pct,1783692153.173062
1.9510170241795295,1.1840625568488343,3.502236657568898,1.667051920290679,3.0330453254935903,-0.24932974356365445,-0.23691321437788077,-0.33414048143496905,0.44657006611728445,-0.7306074243577496,0.0,-0.200546274577401,1.0,0.0,0.0,1.0,0.0,0.0,0.0,0.0,0.0,1.0,0,0.0,window_01_0pct,1783692153.172936
0.8550214132622814,0.4440349454303312,0.33886431643951503,0.29682473893814104,0.33429357012901706,-0.24933680332383598,-0.23699340175434166,-0.04739132043940447,-2.3422600181826563,1.2189634532508564,0.0,-0.200546274577401,1.0,0.0,0.0,1.0,0.0,0.0,0.0,0.0,0.0,1.0,0,0.0,window_01_0pct,1783692255.842545
0.8550216267664988,0.2637744841206084,0.1030565103153157,0.15628861777377817,0.13061419236565305,-0.249439082854784,-0.23702413054925187,-0.049166421283698705,-2.3090596600362283,1.2189634532508564,0.0,-0.200546274577401,1.0,0.0,0.0,1.0,0.0,0.0,0.0,0.0,0.0,1.0,0,0.0,window_01_0pct,1783692255.842545
1.9510220415286392,1.5447921142614625,4.017274896458545,1.9481241626194048,3.51678384768158,-0.24922090316107223,-0.23688053358955558,-0.307505365101972,0.5129707824101402,-0.7306074243577496,0.0,-0.200546274577401,1.0,0.0,0.0,1.0,0.0,0.0,0.0,0.0,0.0,1.0,0,0.0,window_01_0pct,1783692153.174756
-0.3851113859081239,0.4567616678144667,-0.6461112629252148,0.05088652690050602,-0.174904874279393,-0.12292836344546676,-0.20599167693378712,6.0261281425191,-3.5374729114540595,1.2189634532508564,0.0,-0.200546274577401,1.0,0.0,0.0,0.0,0.0,1.0,0.0,0.0,0.0,1.0,0,0.0,window_01_0pct,1783692383.04888
0.838891126933878,-0.0024435119803247573,-0.21347829250005096,-0.036948548827220776,-0.12398502983855199,-0.24958739748350955,-0.2370651218464871,-0.08810681681510031,-2.176258227450517,1.2189634532508564,0.0,-0.200546274577401,1.0,0.0,0.0,1.0,0.0,0.0,0.0,0.0,0.0,1.0,0,0.0,window_01_0pct,1783692280.751297
1.0747532284682428,0.4546753198826412,0.4091180475073283,0.3670927995203225,0.4361332590106991,-0.24940096084472327,-0.23700570105428712,-0.07465254336176032,-2.176258227450517,1.2189634532508564,0.0,-0.200546274577401,1.0,0.0,0.0,1.0,0.0,0.0,0.0,0.0,0.0,1.0,0,0.0,window_01_0pct,1783692269.781334
1.0748366232155746,0.5450141853306851,1.9976341468710224,0.9468042993233193,1.7600492144725652,-0.2493574187375267,-0.23689797871510046,-0.3577369978506908,-2.2758593018898003,1.2189634532508564,0.0,-0.200546274577401,1.0,0.0,0.0,1.0,0.0,0.0,0.0,0.0,0.0,1.0,0,0.0,window_01_0pct,1783692269.774745
1.0747593560392832,0.1836587235385094,0.37344946133773094,0.17385563291932354,0.3597534923494376,-0.24953166365304724,-0.23704161402550294,-0.2372505895380149,-2.1098575111576614,1.2189634532508564,0.0,-0.200546274577401,1.0,0.0,0.0,1.0,0.0,0.0,0.0,0.0,0.0,1.0,0,0.0,window_01_0pct,1783692269.782231
1.0747824892212428,0.2723285106410929,0.2843523497264794,0.2265566783559596,0.28337372568817604,-0.24948890643077912,-0.23703182182043772,-0.14140621821221028,-2.209458585596945,1.2189634532508564,0.0,-0.200546274577401,1.0,0.0,0.0,1.0,0.0,0.0,0.0,0.0,0.0,1.0,0,0.0,window_01_0pct,1783692269.780071
1.074766455054513,0.01090911478335841,-0.3238193506089781,-0.10721660940940221,-0.2512846409406545,-0.2496149752034289,-0.23709385045314968,0.07310963565453782,-2.143057869304089,1.2189634532508564,0.0,-0.200546274577401,1.0,0.0,0.0,1.0,0.0,0.0,0.0,0.0,0.0,1.0,0,0.0,window_01_0pct,1783692269.781595
1.0747865458013741,0.929945378752489,3.060107643059273,1.508948783980771,2.625686569966862,-0.24917176921393772,-0.2367934994220908,-0.35199662090130357,-2.242658943743373,1.2189634532508564,0.0,-0.200546274577401,1.0,0.0,0.0,1.0,0.0,0.0,0.0,0.0,0.0,1.0,0,0.0,window_01_0pct,1783692269.779739
1.2423313329847843,0.6405689206082928,1.0919834637286132,0.7535671327223203,1.0217114700803707,-0.24936134571918234,-0.23695734195236487,-0.1973866832277319,-2.209458585596945,1.2189634532508564,0.0,-0.200546274577401,1.0,0.0,0.0,1.0,0.0,0.0,0.0,0.0,0.0,1.0,0,0.0,window_01_0pct,1783692280.75009
1.2424628515827274,0.5458487245034154,2.0819726144667947,0.929237284177774,1.8109690589134062,-0.24940236740418303,-0.23692806540227815,-0.36488526419161493,-2.242658943743373,1.2189634532508564,0.0,-0.200546274577401,1.0,0.0,0.0,1.0,0.0,0.0,0.0,0.0,0.0,1.0,0,0.0,window_01_0pct,1783692280.737799
1.2422699291718486,0.7402963517495514,1.967149083646858,0.8941032538866832,1.658209525590883,-0.24931817102978956,-0.23693389700699105,-0.30179639733937974,-2.143057869304089,1.2189634532508564,0.0,-0.200546274577401,1.0,0.0,0.0,1.0,0.0,0.0,0.0,0.0,0.0,1.0,0,0.0,window_01_0pct,1783692280.755878
1.2422646342672563,-0.003069416359872406,-0.11564991887825475,-0.054515563972766135,-0.09852510761813149,-0.24963987093427464,-0.23709209807887774,-0.1699559591989074,-2.1098575111576614,1.2189634532508564,0.0,-0.200546274577401,1.0,0.0,0.0,1.0,0.0,0.0,0.0,0.0,0.0,1.0,0,0.0,window_01_0pct,1783692280.756388
-0.38472679008603916,0.4567616678144667,-0.6461112629252148,0.05088652690050602,-0.12398502983855199,-0.1327141898418737,-0.2083959554391975,6.0261281425191,-3.603873627746915,-2.6801783019663556,0.0,-0.200546274577401,1.0,0.0,0.0,0.0,0.0,1.0,0.0,0.0,0.0,1.0,0,0.0,window_01_0pct,1783692533.532759
-0.384904500321425,0.4567616678144667,-0.6461112629252148,0.05088652690050602,-0.12398502983855199,-0.12838700133479958,-0.2073328090175282,6.0261281425191,-3.603873627746915,-2.6801783019663556,0.0,-0.200546274577401,1.0,0.0,0.0,0.0,0.0,1.0,0.0,0.0,0.0,1.0,0,0.0,window_01_0pct,1783692684.052996
-0.384340721084854,0.4567616678144667,-0.6461112629252148,0.05088652690050602,-0.174904874279393,-0.14112831437869264,-0.21046322068039858,6.0261281425191,-3.603873627746915,-2.6801783019663556,0.0,-0.200546274577401,1.0,0.0,0.0,0.0,0.0,1.0,0.0,0.0,0.0,1.0,0,0.0,window_01_0pct,1783692834.568678
